{"type":"FeatureCollection","features":[{"type":"Feature","geometry":{"type":"Polygon","coordinates":[[[-74.164083,40.613929],[-74.164839,40.610495],[-74.165224,40.609269],[-74.165436,40.608349],[-74.165504,40.607624],[-74.165701,40.606901],[-74.165824,40.606763],[-74.165065,40.606905],[-74.16242,40.607189],[-74.162322,40.606693],[-74.162233,40.605932],[-74.162215,40.605306],[-74.162233,40.605132],[-74.162315,40.604787],[-74.162472,40.604398],[-74.163211,40.602368],[-74.163292,40.601682],[-74.163171,40.601138],[-74.162944,40.600442],[-74.162351,40.597359],[-74.161899,40.595299],[-74.161888,40.594837],[-74.161944,40.594535],[-74.162089,40.594082],[-74.162315,40.593606],[-74.16261,40.593155],[-74.162833,40.592921],[-74.16323,40.592571],[-74.163782,40.592188],[-74.165786,40.590708],[-74.16765,40.588888],[-74.167757,40.588751],[-74.167843,40.588606],[-74.167963,40.588304],[-74.168419,40.586578],[-74.168954,40.583098],[-74.169559,40.578915],[-74.169673,40.577942],[-74.169954,40.57345],[-74.16997,40.572927],[-74.169965,40.572402],[-74.16994,40.571878],[-74.169894,40.571356],[-74.169745,40.570198],[-74.169683,40.56956],[-74.169643,40.568921],[-74.169626,40.568281],[-74.169631,40.567641],[-74.169662,40.5669],[-74.169886,40.566902],[-74.169974,40.566952],[-74.169989,40.566984],[-74.170007,40.567217],[-74.170056,40.567344],[-74.170133,40.567472],[-74.170113,40.567552],[-74.170216,40.567541],[-74.170244,40.56756],[-74.170181,40.567633],[-74.170235,40.567764],[-74.170219,40.567861],[-74.170123,40.567851],[-74.170056,40.567871],[-74.170107,40.568089],[-74.170154,40.568099],[-74.17015,40.568136],[-74.170195,40.568219],[-74.170227,40.568191],[-74.170413,40.568203],[-74.170469,40.568221],[-74.170467,40.568294],[-74.170497,40.568314],[-74.170514,40.568298],[-74.170527,40.56816],[-74.170377,40.56807],[-74.170304,40.568084],[-74.170221,40.568018],[-74.170221,40.567973],[-74.170375,40.567922],[-74.170378,40.567809],[-74.170354,40.567754],[-74.170365,40.567645],[-74.170381,40.567628],[-74.170492,40.567635],[-74.17049,40.567676],[-74.170468,40.567715],[-74.17047,40.567764],[-74.170532,40.567815],[-74.170524,40.567715],[-74.170591,40.567649],[-74.170597,40.567619],[-74.170593,40.567585],[-74.170522,40.567543],[-74.170392,40.567546],[-74.170347,40.567466],[-74.170368,40.567444],[-74.170353,40.567406],[-74.170249,40.567316],[-74.170319,40.567245],[-74.170407,40.567245],[-74.170493,40.567268],[-74.170585,40.56724],[-74.170682,40.567263],[-74.170722,40.567306],[-74.170737,40.567273],[-74.170793,40.56725],[-74.170864,40.567254],[-74.170922,40.56729],[-74.17102,40.567275],[-74.171097,40.567295],[-74.171144,40.567339],[-74.171174,40.567338],[-74.171181,40.567305],[-74.17143,40.567328],[-74.171508,40.567532],[-74.171557,40.567578],[-74.171598,40.567593],[-74.171658,40.567575],[-74.171633,40.567556],[-74.171618,40.567515],[-74.17168,40.567379],[-74.17174,40.567314],[-74.171949,40.567339],[-74.172086,40.567314],[-74.172329,40.56734],[-74.172373,40.567326],[-74.172436,40.567271],[-74.172544,40.567274],[-74.17262,40.567219],[-74.172769,40.567214],[-74.172812,40.567234],[-74.172879,40.567235],[-74.173105,40.567122],[-74.173121,40.567096],[-74.173378,40.56707],[-74.173472,40.567045],[-74.173588,40.567087],[-74.173564,40.5672],[-74.173597,40.567221],[-74.173645,40.567188],[-74.173677,40.567092],[-74.173659,40.567018],[-74.173667,40.566989],[-74.173859,40.56695],[-74.174027,40.566944],[-74.174192,40.566965],[-74.174272,40.566985],[-74.174322,40.567043],[-74.174464,40.567022],[-74.174799,40.567239],[-74.174893,40.567348],[-74.174865,40.567415],[-74.174898,40.567461],[-74.174964,40.567473],[-74.175096,40.567724],[-74.175201,40.567761],[-74.175163,40.567891],[-74.175179,40.567941],[-74.175272,40.567945],[-74.1753,40.568074],[-74.175273,40.568141],[-74.175322,40.56815],[-74.175388,40.568262],[-74.175361,40.568296],[-74.175422,40.568375],[-74.175427,40.568459],[-74.175526,40.568505],[-74.175461,40.568726],[-74.175587,40.568789],[-74.175549,40.569073],[-74.175593,40.569086],[-74.175632,40.569203],[-74.175599,40.569274],[-74.175651,40.569337],[-74.175638,40.569374],[-74.175687,40.569401],[-74.175658,40.569478],[-74.175752,40.56952],[-74.175691,40.569584],[-74.175793,40.569615],[-74.175826,40.569678],[-74.175695,40.569864],[-74.175548,40.569883],[-74.175592,40.569984],[-74.175753,40.56996],[-74.175874,40.569979],[-74.175925,40.570014],[-74.175955,40.570122],[-74.175898,40.570163],[-74.175897,40.570182],[-74.175934,40.57019],[-74.176038,40.570169],[-74.17613,40.570223],[-74.176196,40.570293],[-74.176254,40.570324],[-74.176247,40.570393],[-74.176259,40.570416],[-74.176515,40.570666],[-74.176509,40.570722],[-74.176552,40.570753],[-74.176584,40.570731],[-74.176629,40.570765],[-74.176637,40.570783],[-74.17662,40.570803],[-74.176614,40.570865],[-74.176577,40.570948],[-74.176613,40.571005],[-74.176744,40.571001],[-74.17682,40.571078],[-74.17691,40.571103],[-74.176972,40.571152],[-74.177035,40.571156],[-74.177087,40.571213],[-74.177121,40.57129],[-74.177125,40.571339],[-74.177191,40.571431],[-74.177314,40.571442],[-74.177433,40.571502],[-74.177518,40.571566],[-74.177539,40.571652],[-74.177604,40.571687],[-74.177738,40.571827],[-74.177902,40.571916],[-74.178049,40.571945],[-74.178155,40.572001],[-74.178256,40.572082],[-74.178326,40.572168],[-74.178382,40.572284],[-74.178375,40.572372],[-74.178272,40.572486],[-74.178315,40.572542],[-74.178387,40.572546],[-74.178461,40.572473],[-74.178611,40.572367],[-74.178704,40.572363],[-74.178884,40.57245],[-74.17904,40.572572],[-74.179149,40.572618],[-74.179179,40.57265],[-74.179215,40.572803],[-74.179246,40.572843],[-74.179317,40.572864],[-74.179387,40.572817],[-74.17948,40.572823],[-74.179796,40.572926],[-74.179953,40.573038],[-74.179973,40.573024],[-74.180033,40.573039],[-74.180101,40.57311],[-74.180094,40.57318],[-74.180131,40.573213],[-74.180284,40.573184],[-74.180483,40.573186],[-74.18084,40.573284],[-74.180936,40.573346],[-74.181101,40.573364],[-74.181384,40.573475],[-74.181516,40.573502],[-74.181924,40.573667],[-74.182118,40.573697],[-74.1822,40.573729],[-74.182346,40.573828],[-74.182389,40.573814],[-74.182505,40.573821],[-74.182689,40.573901],[-74.182886,40.573953],[-74.182948,40.574006],[-74.182949,40.574026],[-74.182909,40.574066],[-74.182914,40.574085],[-74.183166,40.574166],[-74.183249,40.574234],[-74.183292,40.574309],[-74.183281,40.574336],[-74.183065,40.574332],[-74.183033,40.574345],[-74.183031,40.574377],[-74.183112,40.574425],[-74.183368,40.574476],[-74.183498,40.574555],[-74.183603,40.574702],[-74.183692,40.574871],[-74.183716,40.574941],[-74.183711,40.575044],[-74.18373,40.575099],[-74.183847,40.575211],[-74.183954,40.575198],[-74.183982,40.575223],[-74.184409,40.575915],[-74.184548,40.576086],[-74.184685,40.576209],[-74.184742,40.576289],[-74.184771,40.576366],[-74.184914,40.576538],[-74.185397,40.576521],[-74.186876,40.577055],[-74.188556,40.578327],[-74.188849,40.578223],[-74.189129,40.578099],[-74.189392,40.577955],[-74.18975,40.577706],[-74.189976,40.577621],[-74.190336,40.577539],[-74.190907,40.577467],[-74.191075,40.577456],[-74.191244,40.577465],[-74.191493,40.577522],[-74.191614,40.57758],[-74.19167,40.577567],[-74.191742,40.57758],[-74.191815,40.577548],[-74.191916,40.577566],[-74.191987,40.57763],[-74.192057,40.577725],[-74.192157,40.577798],[-74.192224,40.577825],[-74.192261,40.577807],[-74.192336,40.577816],[-74.192563,40.577924],[-74.192578,40.577937],[-74.19261,40.578101],[-74.192741,40.578302],[-74.192818,40.578349],[-74.193203,40.578681],[-74.193636,40.578977],[-74.193948,40.579153],[-74.194301,40.57932],[-74.194506,40.579336],[-74.194829,40.579445],[-74.194994,40.579573],[-74.195057,40.579668],[-74.19513,40.579715],[-74.195712,40.579904],[-74.195867,40.579884],[-74.196038,40.579895],[-74.1961,40.57986],[-74.196209,40.57988],[-74.196367,40.579946],[-74.196448,40.57994],[-74.196958,40.579982],[-74.197167,40.579948],[-74.197364,40.579886],[-74.197396,40.579915],[-74.197425,40.579996],[-74.197446,40.580005],[-74.197771,40.579972],[-74.197908,40.579999],[-74.198071,40.579971],[-74.198278,40.580006],[-74.198313,40.58],[-74.19841,40.579919],[-74.198572,40.579839],[-74.198579,40.579894],[-74.198616,40.579902],[-74.198849,40.579871],[-74.198925,40.579894],[-74.199092,40.579991],[-74.199272,40.580003],[-74.199341,40.579993],[-74.199458,40.579947],[-74.199706,40.579936],[-74.199835,40.579988],[-74.199979,40.579989],[-74.200077,40.57997],[-74.200341,40.579868],[-74.20042,40.579882],[-74.200488,40.57995],[-74.200538,40.579967],[-74.200693,40.579918],[-74.200798,40.579905],[-74.201319,40.579947],[-74.201586,40.580103],[-74.2018,40.580125],[-74.201953,40.580186],[-74.202144,40.580192],[-74.202549,40.580287],[-74.203274,40.580374],[-74.203507,40.580436],[-74.203759,40.580401],[-74.203946,40.580345],[-74.204613,40.580271],[-74.204673,40.580236],[-74.204705,40.580184],[-74.204899,40.580076],[-74.205049,40.58003],[-74.205304,40.580001],[-74.205438,40.579902],[-74.205556,40.579856],[-74.205685,40.579835],[-74.205838,40.579841],[-74.205933,40.579892],[-74.205962,40.580047],[-74.205986,40.580077],[-74.206013,40.580253],[-74.205986,40.580339],[-74.205993,40.58041],[-74.205922,40.580469],[-74.205918,40.580512],[-74.205891,40.580555],[-74.205765,40.580656],[-74.205753,40.580746],[-74.205774,40.580809],[-74.205743,40.580868],[-74.205724,40.580966],[-74.205417,40.581069],[-74.205393,40.581138],[-74.205357,40.581146],[-74.205288,40.581203],[-74.205272,40.581229],[-74.205267,40.581374],[-74.205213,40.581443],[-74.205138,40.581505],[-74.205112,40.581572],[-74.205081,40.581599],[-74.205068,40.58166],[-74.205122,40.581723],[-74.205124,40.581781],[-74.20507,40.581915],[-74.205125,40.58202],[-74.205132,40.582067],[-74.205097,40.582129],[-74.205089,40.582208],[-74.205056,40.582257],[-74.205035,40.582366],[-74.205002,40.582415],[-74.204966,40.582564],[-74.204864,40.58267],[-74.20477,40.582691],[-74.204756,40.582764],[-74.204709,40.582798],[-74.204703,40.582841],[-74.204751,40.582953],[-74.204703,40.583014],[-74.204711,40.583046],[-74.204754,40.583093],[-74.204739,40.583176],[-74.204664,40.583182],[-74.204624,40.583207],[-74.204619,40.583262],[-74.204543,40.583382],[-74.2045,40.58357],[-74.204427,40.583654],[-74.204401,40.583713],[-74.204402,40.583851],[-74.204468,40.584043],[-74.204615,40.584252],[-74.204634,40.584323],[-74.204603,40.584378],[-74.204421,40.584519],[-74.204364,40.584634],[-74.204367,40.584723],[-74.204425,40.58485],[-74.204419,40.58499],[-74.204442,40.58505],[-74.204412,40.585127],[-74.204422,40.585196],[-74.2044,40.585457],[-74.204415,40.585524],[-74.204404,40.585549],[-74.204341,40.58557],[-74.204319,40.585601],[-74.204351,40.585679],[-74.204336,40.585751],[-74.204308,40.585781],[-74.204245,40.585809],[-74.20414,40.585836],[-74.20412,40.585859],[-74.204119,40.585896],[-74.204275,40.58611],[-74.204254,40.586306],[-74.20422,40.586335],[-74.204202,40.586414],[-74.204246,40.58683],[-74.204265,40.587321],[-74.204354,40.58748],[-74.204378,40.587561],[-74.204386,40.587928],[-74.204398,40.587953],[-74.204542,40.587993],[-74.204565,40.588027],[-74.204581,40.588218],[-74.204551,40.588287],[-74.204498,40.588343],[-74.204434,40.588373],[-74.204405,40.58842],[-74.204328,40.588438],[-74.204273,40.588483],[-74.204253,40.588542],[-74.204261,40.588627],[-74.204181,40.588666],[-74.20413,40.588773],[-74.204122,40.588881],[-74.204147,40.588988],[-74.204204,40.589087],[-74.204323,40.589137],[-74.204574,40.588719],[-74.204705,40.588772],[-74.204435,40.589218],[-74.204646,40.589286],[-74.204409,40.589707],[-74.204203,40.589643],[-74.203859,40.59025],[-74.2037,40.5902],[-74.203942,40.589807],[-74.203886,40.589786],[-74.202659,40.590722],[-74.202605,40.590677],[-74.202535,40.590648],[-74.202378,40.590645],[-74.202275,40.590691],[-74.202154,40.5908],[-74.202014,40.590896],[-74.202468,40.590839],[-74.202586,40.590877],[-74.203053,40.591141],[-74.202963,40.591231],[-74.202455,40.590951],[-74.202027,40.590999],[-74.202067,40.591145],[-74.202124,40.591253],[-74.202071,40.59132],[-74.201899,40.591393],[-74.201851,40.591471],[-74.201828,40.591544],[-74.201841,40.591636],[-74.201882,40.591691],[-74.202003,40.591781],[-74.202303,40.591469],[-74.202317,40.591477],[-74.202287,40.591509],[-74.202316,40.591524],[-74.202281,40.591516],[-74.20202,40.591787],[-74.20206,40.591809],[-74.202009,40.59186],[-74.201944,40.591824],[-74.201755,40.592017],[-74.201824,40.592053],[-74.201782,40.592095],[-74.201722,40.592053],[-74.201303,40.592531],[-74.201289,40.592524],[-74.200925,40.592866],[-74.200749,40.59275],[-74.200575,40.592769],[-74.200471,40.592812],[-74.200427,40.592841],[-74.200411,40.592975],[-74.200331,40.593095],[-74.200157,40.593201],[-74.199937,40.593375],[-74.199652,40.593665],[-74.199493,40.593874],[-74.199362,40.594094],[-74.199423,40.594179],[-74.199494,40.594241],[-74.199483,40.594321],[-74.1994,40.594414],[-74.199291,40.594469],[-74.199025,40.594676],[-74.198949,40.59478],[-74.198874,40.594945],[-74.198797,40.59495],[-74.198732,40.595012],[-74.198697,40.595064],[-74.198632,40.595226],[-74.198628,40.595386],[-74.198561,40.595553],[-74.198403,40.595793],[-74.198253,40.59591],[-74.198009,40.596262],[-74.19795,40.59647],[-74.1978,40.596641],[-74.197637,40.596777],[-74.197549,40.596803],[-74.197514,40.596799],[-74.197522,40.597365],[-74.197477,40.597396],[-74.197458,40.597442],[-74.197452,40.597558],[-74.197455,40.597615],[-74.197497,40.597724],[-74.197384,40.597806],[-74.197344,40.597947],[-74.197299,40.59802],[-74.197334,40.598112],[-74.197418,40.598204],[-74.197439,40.598461],[-74.198382,40.600862],[-74.19876,40.601712],[-74.199183,40.602359],[-74.200149,40.603683],[-74.201385,40.604637],[-74.202218,40.60597],[-74.202816,40.608271],[-74.202739,40.608832],[-74.202673,40.609828],[-74.202302,40.611876],[-74.202444,40.613285],[-74.200642,40.616033],[-74.200103,40.616078],[-74.197967,40.615161],[-74.197285,40.613621],[-74.195438,40.613723],[-74.195259,40.613792],[-74.195126,40.613799],[-74.194832,40.613773],[-74.194364,40.613802],[-74.194214,40.61384],[-74.194097,40.613774],[-74.193781,40.613864],[-74.193616,40.613887],[-74.191375,40.613819],[-74.189957,40.61347],[-74.188134,40.613172],[-74.187679,40.61438],[-74.180985,40.612456],[-74.180316,40.6122],[-74.178386,40.615224],[-74.176799,40.617649],[-74.176358,40.618382],[-74.17578,40.61906],[-74.175194,40.619594],[-74.174775,40.619903],[-74.174395,40.620144],[-74.173684,40.620529],[-74.172844,40.620853],[-74.172323,40.620999],[-74.171793,40.62112],[-74.171485,40.621164],[-74.170907,40.621208],[-74.170592,40.621212],[-74.170204,40.621194],[-74.169517,40.62115],[-74.168579,40.620944],[-74.168196,40.620836],[-74.166735,40.620252],[-74.165391,40.619666],[-74.163661,40.618546],[-74.163529,40.618476],[-74.163301,40.618295],[-74.16321,40.618186],[-74.163139,40.618068],[-74.16309,40.617944],[-74.163063,40.617818],[-74.163059,40.617694],[-74.163075,40.617574],[-74.163389,40.616456],[-74.163603,40.615994],[-74.164083,40.613929]]]},"properties":{"co":"Q8","bn":"22","div":"8"}},{"type":"Feature","geometry":{"type":"Polygon","coordinates":[[[-74.232747,40.537607],[-74.228481,40.536831],[-74.227744,40.536682],[-74.22737,40.536627],[-74.226613,40.536557],[-74.225804,40.536708],[-74.224567,40.537021],[-74.2233,40.53729],[-74.2178,40.537749],[-74.217868,40.537367],[-74.218315,40.535312],[-74.218225,40.533664],[-74.218161,40.533092],[-74.21807,40.532521],[-74.218014,40.532237],[-74.217781,40.531428],[-74.217283,40.529873],[-74.217014,40.529122],[-74.216827,40.528647],[-74.216664,40.528283],[-74.216194,40.52735],[-74.215693,40.526305],[-74.215653,40.526145],[-74.215608,40.525495],[-74.215597,40.524061],[-74.216567,40.522662],[-74.216733,40.522366],[-74.217318,40.521006],[-74.220137,40.519621],[-74.22282,40.518456],[-74.223225,40.518316],[-74.223651,40.518219],[-74.223796,40.518196],[-74.224376,40.518258],[-74.224945,40.518362],[-74.225499,40.518505],[-74.22568,40.518562],[-74.225927,40.518779],[-74.226221,40.518964],[-74.226382,40.519042],[-74.226723,40.519163],[-74.228565,40.519207],[-74.229779,40.51905],[-74.230062,40.518966],[-74.230192,40.518907],[-74.230508,40.518719],[-74.230766,40.518508],[-74.231593,40.517533],[-74.232822,40.516337],[-74.234571,40.515052],[-74.235637,40.514388],[-74.237461,40.513466],[-74.238172,40.512982],[-74.238799,40.512524],[-74.239702,40.511946],[-74.240585,40.511493],[-74.241982,40.510816],[-74.243137,40.510226],[-74.243741,40.509992],[-74.251849,40.507581],[-74.255572,40.507763],[-74.255453,40.508033],[-74.255248,40.508243],[-74.255043,40.508397],[-74.254899,40.508434],[-74.254487,40.508804],[-74.254345,40.508792],[-74.25412,40.508991],[-74.254038,40.508949],[-74.254012,40.508956],[-74.253977,40.50902],[-74.254111,40.509167],[-74.253892,40.509424],[-74.253734,40.509377],[-74.253648,40.509471],[-74.253607,40.509481],[-74.253503,40.509602],[-74.253478,40.509673],[-74.253316,40.509862],[-74.253244,40.510052],[-74.25315,40.510388],[-74.253127,40.510713],[-74.253064,40.511055],[-74.25326,40.511079],[-74.253258,40.511089],[-74.253063,40.511068],[-74.253008,40.511194],[-74.25302,40.511285],[-74.253082,40.511393],[-74.253434,40.511637],[-74.253486,40.511595],[-74.253459,40.51163],[-74.253487,40.511649],[-74.253532,40.511623],[-74.253495,40.511656],[-74.253527,40.511678],[-74.253502,40.511701],[-74.253093,40.511411],[-74.253036,40.511433],[-74.252997,40.511859],[-74.253019,40.511938],[-74.2531,40.512037],[-74.25309,40.512122],[-74.252166,40.512783],[-74.251952,40.512997],[-74.251929,40.513209],[-74.251995,40.513347],[-74.25209,40.513461],[-74.252144,40.513553],[-74.252126,40.51371],[-74.251756,40.514037],[-74.25149,40.514213],[-74.251353,40.514393],[-74.25127,40.514402],[-74.251103,40.514455],[-74.25088,40.514571],[-74.250612,40.514681],[-74.250425,40.514801],[-74.250351,40.514886],[-74.250255,40.514947],[-74.250193,40.515013],[-74.250112,40.515045],[-74.250062,40.515139],[-74.250076,40.515219],[-74.250179,40.515329],[-74.249844,40.515518],[-74.249357,40.515006],[-74.249215,40.515085],[-74.249525,40.51541],[-74.249632,40.515545],[-74.249623,40.515575],[-74.249056,40.515904],[-74.249031,40.515881],[-74.248648,40.516113],[-74.248843,40.516306],[-74.24883,40.516313],[-74.248682,40.516182],[-74.248625,40.516216],[-74.24876,40.516356],[-74.248737,40.516365],[-74.248546,40.51617],[-74.24855,40.516196],[-74.248512,40.516226],[-74.248575,40.516289],[-74.248222,40.516486],[-74.247518,40.515736],[-74.24693,40.516066],[-74.246871,40.516037],[-74.246595,40.516072],[-74.24644,40.515965],[-74.246126,40.516117],[-74.246301,40.516141],[-74.24653,40.516378],[-74.246599,40.516358],[-74.24675,40.516496],[-74.246593,40.516587],[-74.246479,40.516687],[-74.245982,40.516943],[-74.245953,40.516932],[-74.245209,40.51729],[-74.24567,40.51779],[-74.245599,40.517857],[-74.245713,40.517984],[-74.245635,40.518076],[-74.245566,40.51809],[-74.245491,40.51806],[-74.245306,40.518029],[-74.245088,40.518067],[-74.244861,40.518155],[-74.244692,40.518259],[-74.244513,40.518417],[-74.244408,40.518477],[-74.244298,40.518515],[-74.244193,40.518508],[-74.244,40.518441],[-74.243821,40.518329],[-74.243652,40.518295],[-74.242823,40.518308],[-74.242637,40.518243],[-74.242325,40.518327],[-74.242091,40.518485],[-74.24187,40.518742],[-74.24126,40.51918],[-74.241091,40.519346],[-74.241031,40.519543],[-74.24087,40.519494],[-74.240759,40.51932],[-74.240596,40.51921],[-74.240491,40.519192],[-74.240396,40.519279],[-74.240244,40.519517],[-74.240097,40.519868],[-74.239916,40.52001],[-74.23985,40.520002],[-74.239823,40.520091],[-74.239918,40.520114],[-74.239919,40.520162],[-74.240031,40.520313],[-74.240334,40.520409],[-74.240556,40.520448],[-74.240847,40.520654],[-74.24094,40.520754],[-74.240922,40.520807],[-74.240974,40.520887],[-74.241173,40.52106],[-74.241219,40.521032],[-74.24124,40.520948],[-74.241332,40.520895],[-74.241572,40.520947],[-74.241891,40.520978],[-74.242932,40.521227],[-74.242899,40.521459],[-74.242811,40.521656],[-74.242595,40.522062],[-74.242584,40.522199],[-74.242643,40.522411],[-74.242708,40.522573],[-74.242715,40.522657],[-74.242732,40.522701],[-74.242762,40.522727],[-74.242748,40.5228],[-74.242655,40.522884],[-74.242623,40.522947],[-74.242614,40.523081],[-74.242617,40.523099],[-74.242694,40.523152],[-74.24274,40.523267],[-74.242754,40.523367],[-74.24274,40.523564],[-74.242766,40.523638],[-74.242759,40.5237],[-74.242817,40.523804],[-74.242802,40.524007],[-74.24299,40.524254],[-74.243113,40.524511],[-74.243301,40.524774],[-74.243408,40.524845],[-74.243489,40.524861],[-74.243608,40.524845],[-74.243965,40.524905],[-74.243968,40.524999],[-74.243339,40.525854],[-74.243074,40.526694],[-74.243051,40.526812],[-74.24306,40.526941],[-74.243035,40.527068],[-74.242976,40.527188],[-74.242887,40.527297],[-74.242876,40.527586],[-74.242946,40.527698],[-74.242948,40.527726],[-74.24294,40.5278],[-74.242857,40.527944],[-74.242842,40.528003],[-74.242887,40.528049],[-74.242887,40.5282],[-74.242613,40.528418],[-74.242551,40.528418],[-74.24251,40.528446],[-74.242533,40.528528],[-74.242499,40.528584],[-74.242484,40.528662],[-74.24242,40.528734],[-74.242413,40.528833],[-74.242455,40.528955],[-74.242375,40.529029],[-74.242284,40.529261],[-74.242188,40.529438],[-74.242168,40.529705],[-74.242245,40.529823],[-74.241991,40.530111],[-74.241818,40.530417],[-74.241689,40.530574],[-74.241588,40.530781],[-74.241549,40.530875],[-74.241502,40.53108],[-74.241531,40.53147],[-74.241719,40.53161],[-74.241668,40.531923],[-74.241811,40.532563],[-74.242178,40.532576],[-74.242282,40.533387],[-74.242205,40.533437],[-74.24207,40.533479],[-74.241988,40.533572],[-74.241963,40.533653],[-74.242015,40.533772],[-74.241989,40.533916],[-74.241987,40.534067],[-74.242041,40.534328],[-74.242065,40.534381],[-74.242125,40.534433],[-74.242212,40.534604],[-74.242349,40.534695],[-74.2424,40.534753],[-74.242557,40.534754],[-74.242633,40.534783],[-74.24263,40.534929],[-74.242866,40.535172],[-74.2429,40.535262],[-74.242956,40.535313],[-74.242946,40.535384],[-74.242956,40.535407],[-74.24308,40.535465],[-74.243092,40.535511],[-74.243218,40.535619],[-74.243325,40.53565],[-74.243337,40.535704],[-74.243409,40.53582],[-74.243526,40.535897],[-74.243652,40.536011],[-74.243714,40.536095],[-74.243885,40.536176],[-74.244091,40.53618],[-74.244125,40.536196],[-74.244127,40.536221],[-74.244054,40.536283],[-74.243986,40.536386],[-74.243979,40.536518],[-74.244111,40.536826],[-74.244164,40.536894],[-74.244257,40.536933],[-74.244482,40.536909],[-74.244588,40.536933],[-74.244729,40.536876],[-74.244801,40.536753],[-74.244906,40.536671],[-74.244937,40.536664],[-74.245214,40.536766],[-74.245342,40.536917],[-74.24536,40.537013],[-74.245341,40.537058],[-74.245259,40.537146],[-74.244962,40.537243],[-74.244801,40.537385],[-74.244591,40.537712],[-74.244486,40.537797],[-74.244439,40.537906],[-74.244427,40.538016],[-74.24447,40.538159],[-74.244681,40.53834],[-74.24466,40.538429],[-74.244684,40.538497],[-74.244904,40.538689],[-74.245114,40.538939],[-74.245213,40.539113],[-74.245323,40.539384],[-74.245297,40.539444],[-74.245394,40.539552],[-74.2454,40.539586],[-74.245363,40.539635],[-74.245405,40.539693],[-74.243289,40.539329],[-74.239646,40.538731],[-74.237412,40.538422],[-74.237395,40.538352],[-74.235792,40.538137],[-74.233689,40.537758],[-74.232747,40.537607]]]},"properties":{"co":"L76","bn":"23","div":"8"}},{"type":"Feature","geometry":{"type":"Polygon","coordinates":[[[-74.076939,40.637782],[-74.07684,40.63775],[-74.074965,40.637788],[-74.072581,40.637942],[-74.072573,40.637872],[-74.073484,40.637787],[-74.073456,40.637654],[-74.073534,40.637642],[-74.073487,40.637234],[-74.073373,40.636611],[-74.07251,40.636693],[-74.072504,40.636677],[-74.072396,40.636684],[-74.072396,40.636698],[-74.072104,40.636725],[-74.072095,40.636647],[-74.072411,40.636617],[-74.072411,40.636629],[-74.072507,40.636626],[-74.072504,40.63661],[-74.072823,40.63658],[-74.072829,40.636599],[-74.072901,40.636589],[-74.072901,40.636573],[-74.073223,40.636546],[-74.073231,40.636566],[-74.073316,40.636559],[-74.073358,40.636536],[-74.073039,40.634798],[-74.072908,40.633634],[-74.073328,40.632058],[-74.072985,40.630309],[-74.068022,40.628788],[-74.06813,40.628539],[-74.072912,40.629996],[-74.072928,40.629957],[-74.072513,40.627769],[-74.072458,40.627709],[-74.072455,40.627645],[-74.072399,40.627631],[-74.07237,40.6275],[-74.074218,40.627302],[-74.07638,40.627138],[-74.077662,40.626996],[-74.077901,40.626931],[-74.078136,40.626507],[-74.07997,40.624483],[-74.08525,40.622801],[-74.085489,40.621653],[-74.085617,40.6211],[-74.085813,40.620376],[-74.085899,40.619909],[-74.086391,40.619998],[-74.086489,40.620449],[-74.087071,40.620081],[-74.086977,40.62047],[-74.087111,40.620468],[-74.087745,40.620114],[-74.087918,40.62023],[-74.088018,40.620272],[-74.088137,40.620119],[-74.087593,40.619695],[-74.087715,40.619553],[-74.087926,40.619622],[-74.088022,40.619671],[-74.088184,40.619795],[-74.088675,40.619585],[-74.088711,40.619838],[-74.08942,40.620307],[-74.088717,40.620927],[-74.08863,40.621458],[-74.088545,40.622619],[-74.088486,40.623571],[-74.088498,40.623937],[-74.088924,40.627709],[-74.088518,40.62892],[-74.086822,40.630318],[-74.088078,40.631081],[-74.085749,40.633956],[-74.085201,40.633762],[-74.084913,40.63364],[-74.083437,40.63228],[-74.081406,40.630301],[-74.080356,40.631212],[-74.079365,40.632225],[-74.079088,40.632886],[-74.078455,40.634864],[-74.078304,40.635287],[-74.07796,40.636764],[-74.077982,40.637864],[-74.077929,40.638104],[-74.076939,40.637782]]]},"properties":{"co":"L77","bn":"21","div":"8"}},{"type":"Feature","geometry":{"type":"Polygon","coordinates":[[[-74.071588,40.643435],[-74.071578,40.643406],[-74.071518,40.643415],[-74.071482,40.643293],[-74.071443,40.643271],[-74.071417,40.643193],[-74.071143,40.643251],[-74.071131,40.643205],[-74.071503,40.643129],[-74.071478,40.642808],[-74.071645,40.6428],[-74.071649,40.64268],[-74.071703,40.64268],[-74.071704,40.642796],[-74.072184,40.642714],[-74.07211,40.642463],[-74.070374,40.642691],[-74.070329,40.642526],[-74.073238,40.642185],[-74.073144,40.641853],[-74.070247,40.642207],[-74.070194,40.642008],[-74.073087,40.641637],[-74.07289,40.640923],[-74.071963,40.640996],[-74.071982,40.641012],[-74.071805,40.641029],[-74.071811,40.641123],[-74.070018,40.641278],[-74.069984,40.641069],[-74.071776,40.640926],[-74.071786,40.640904],[-74.071818,40.64089],[-74.071836,40.640902],[-74.07285,40.640804],[-74.072777,40.640529],[-74.073077,40.640513],[-74.07309,40.638619],[-74.073033,40.638591],[-74.072929,40.638593],[-74.072926,40.638441],[-74.073016,40.638427],[-74.073014,40.638409],[-74.072932,40.638414],[-74.072923,40.638376],[-74.07267,40.638376],[-74.072588,40.638302],[-74.072582,40.638259],[-74.072609,40.638227],[-74.072389,40.638245],[-74.072379,40.638163],[-74.072606,40.638136],[-74.072581,40.637942],[-74.074965,40.637788],[-74.07684,40.63775],[-74.077929,40.638104],[-74.077982,40.637864],[-74.07796,40.636764],[-74.078304,40.635287],[-74.078455,40.634864],[-74.079088,40.632886],[-74.079365,40.632225],[-74.080356,40.631212],[-74.081406,40.630301],[-74.083437,40.63228],[-74.084913,40.63364],[-74.085201,40.633762],[-74.085749,40.633956],[-74.088078,40.631081],[-74.086822,40.630318],[-74.088518,40.62892],[-74.088924,40.627709],[-74.088719,40.625899],[-74.090495,40.625903],[-74.090831,40.626094],[-74.092466,40.624207],[-74.093239,40.624079],[-74.09396,40.624339],[-74.096404,40.622335],[-74.096582,40.622495],[-74.096644,40.622592],[-74.096684,40.622696],[-74.0967,40.622802],[-74.096685,40.622996],[-74.096695,40.62309],[-74.096773,40.623273],[-74.096922,40.623429],[-74.097452,40.623728],[-74.0976,40.623845],[-74.097732,40.623974],[-74.097844,40.624113],[-74.097936,40.624259],[-74.098005,40.624411],[-74.098053,40.624564],[-74.098791,40.625536],[-74.098855,40.625668],[-74.098901,40.625807],[-74.098925,40.625952],[-74.098927,40.6261],[-74.098905,40.626247],[-74.098861,40.626391],[-74.098794,40.626528],[-74.098608,40.626774],[-74.098268,40.627115],[-74.09806,40.627363],[-74.097873,40.62762],[-74.097706,40.627885],[-74.0975,40.628258],[-74.097417,40.628354],[-74.097313,40.62844],[-74.097192,40.628512],[-74.096921,40.628606],[-74.09661,40.628912],[-74.096351,40.629245],[-74.096242,40.629419],[-74.096096,40.629717],[-74.096,40.629859],[-74.095889,40.629995],[-74.095628,40.630243],[-74.095587,40.63037],[-74.095566,40.630502],[-74.095564,40.630637],[-74.095583,40.630771],[-74.095681,40.631028],[-74.095893,40.63132],[-74.095933,40.631419],[-74.09595,40.631523],[-74.095946,40.631625],[-74.09592,40.631723],[-74.097155,40.631898],[-74.097267,40.633998],[-74.096001,40.633242],[-74.095888,40.633195],[-74.095765,40.633166],[-74.095508,40.633166],[-74.095048,40.633283],[-74.094842,40.633317],[-74.094423,40.633345],[-74.093422,40.633139],[-74.093191,40.633124],[-74.092961,40.633151],[-74.092569,40.633327],[-74.092331,40.633364],[-74.0922,40.633361],[-74.09209,40.63334],[-74.091962,40.633292],[-74.091285,40.632773],[-74.091064,40.632671],[-74.090815,40.63262],[-74.090562,40.63262],[-74.090402,40.63264],[-74.090175,40.632706],[-74.090037,40.632771],[-74.090008,40.632907],[-74.089953,40.633038],[-74.089825,40.63322],[-74.089648,40.633377],[-74.089507,40.633463],[-74.089073,40.63351],[-74.08865,40.6336],[-74.088437,40.633811],[-74.088273,40.634046],[-74.088098,40.634175],[-74.087878,40.634254],[-74.086695,40.634533],[-74.085975,40.63535],[-74.085541,40.635733],[-74.085135,40.63636],[-74.086035,40.636762],[-74.086318,40.636939],[-74.087278,40.637812],[-74.087368,40.637928],[-74.087494,40.638182],[-74.087541,40.63845],[-74.087399,40.63916],[-74.087206,40.639895],[-74.081307,40.640742],[-74.08148,40.64155],[-74.080555,40.641692],[-74.078198,40.642115],[-74.077899,40.641585],[-74.077044,40.641963],[-74.076393,40.642274],[-74.076149,40.641931],[-74.07603,40.641932],[-74.075793,40.641955],[-74.075451,40.642037],[-74.075238,40.642121],[-74.075191,40.642189],[-74.074947,40.642147],[-74.073264,40.642472],[-74.073056,40.642525],[-74.07286,40.642601],[-74.07268,40.642698],[-74.07252,40.642813],[-74.072449,40.642876],[-74.07239,40.642988],[-74.072367,40.643108],[-74.072381,40.643228],[-74.071597,40.64346],[-74.071588,40.643435]]]},"properties":{"co":"L78","bn":"21","div":"8"}},{"type":"Feature","geometry":{"type":"Polygon","coordinates":[[[-74.111766,40.644706],[-74.111725,40.644659],[-74.110923,40.645082],[-74.110816,40.64464],[-74.110654,40.643819],[-74.108932,40.63472],[-74.112252,40.634747],[-74.111954,40.633257],[-74.120437,40.63224],[-74.120225,40.630936],[-74.119903,40.630171],[-74.119469,40.629392],[-74.119008,40.628708],[-74.118132,40.627872],[-74.117833,40.627624],[-74.117862,40.627447],[-74.117964,40.627287],[-74.119674,40.626191],[-74.119165,40.625824],[-74.118459,40.625269],[-74.118067,40.625001],[-74.117784,40.624843],[-74.117486,40.624702],[-74.117014,40.624524],[-74.118406,40.623761],[-74.118304,40.623457],[-74.118283,40.623298],[-74.118281,40.623137],[-74.118306,40.622965],[-74.11835,40.6228],[-74.118465,40.622526],[-74.118594,40.622367],[-74.118736,40.622231],[-74.119072,40.621992],[-74.119262,40.621894],[-74.119669,40.621745],[-74.120078,40.621667],[-74.120773,40.622292],[-74.121471,40.622873],[-74.121802,40.623517],[-74.122045,40.624184],[-74.122266,40.624864],[-74.122261,40.625566],[-74.122157,40.625586],[-74.122185,40.62571],[-74.122197,40.626016],[-74.122337,40.626592],[-74.122573,40.627132],[-74.122673,40.627303],[-74.122707,40.627407],[-74.125133,40.627103],[-74.130698,40.626341],[-74.13131,40.626328],[-74.130692,40.628337],[-74.130248,40.629609],[-74.130141,40.629965],[-74.130474,40.630886],[-74.127227,40.631199],[-74.126859,40.631249],[-74.126258,40.631363],[-74.124892,40.631728],[-74.125596,40.632829],[-74.125792,40.63323],[-74.12592,40.633647],[-74.125957,40.633859],[-74.12632,40.635252],[-74.126889,40.63721],[-74.127847,40.637277],[-74.127856,40.637377],[-74.127811,40.637376],[-74.127747,40.637463],[-74.127616,40.637559],[-74.127555,40.63766],[-74.127451,40.637763],[-74.127253,40.637912],[-74.127121,40.638045],[-74.127079,40.638122],[-74.126982,40.638397],[-74.126991,40.639111],[-74.127061,40.639515],[-74.127099,40.639627],[-74.127124,40.639863],[-74.127088,40.640043],[-74.127082,40.640161],[-74.127054,40.640242],[-74.126448,40.640378],[-74.126346,40.640376],[-74.126223,40.640339],[-74.12607,40.640254],[-74.1262,40.641264],[-74.126342,40.641253],[-74.126368,40.641332],[-74.12564,40.641418],[-74.125633,40.641342],[-74.126133,40.641264],[-74.125995,40.640231],[-74.125698,40.640156],[-74.125578,40.640147],[-74.124878,40.64024],[-74.124697,40.640239],[-74.124481,40.640183],[-74.124156,40.640135],[-74.123951,40.640229],[-74.123637,40.640343],[-74.123544,40.640406],[-74.123548,40.640491],[-74.123407,40.640589],[-74.122856,40.640821],[-74.12278,40.640771],[-74.122652,40.640627],[-74.122604,40.640597],[-74.122573,40.640622],[-74.122797,40.640901],[-74.12288,40.640956],[-74.122907,40.641019],[-74.122906,40.641073],[-74.122857,40.641138],[-74.122859,40.64123],[-74.122826,40.641294],[-74.122782,40.641339],[-74.121959,40.641447],[-74.121902,40.641401],[-74.121841,40.641406],[-74.121866,40.641556],[-74.121948,40.641546],[-74.121943,40.641506],[-74.121981,40.641501],[-74.121991,40.641555],[-74.121853,40.641581],[-74.121846,40.641549],[-74.121834,40.641552],[-74.121807,40.641412],[-74.121758,40.641423],[-74.121788,40.641557],[-74.121771,40.64156],[-74.121779,40.641593],[-74.121559,40.641622],[-74.121553,40.641612],[-74.121761,40.641574],[-74.121724,40.641429],[-74.121448,40.641503],[-74.121387,40.641485],[-74.121326,40.641607],[-74.121305,40.641601],[-74.121373,40.641476],[-74.121312,40.641453],[-74.121195,40.641675],[-74.121172,40.641669],[-74.121281,40.641432],[-74.121215,40.641397],[-74.121101,40.641613],[-74.121077,40.641607],[-74.12118,40.641383],[-74.120713,40.641046],[-74.120528,40.641063],[-74.119935,40.641198],[-74.119971,40.641315],[-74.119607,40.64138],[-74.119957,40.642209],[-74.119854,40.642236],[-74.11953,40.64147],[-74.119466,40.641479],[-74.11945,40.641435],[-74.119426,40.641424],[-74.119097,40.641473],[-74.119481,40.642355],[-74.1194,40.642379],[-74.119003,40.641465],[-74.118616,40.64153],[-74.118605,40.641563],[-74.118688,40.641798],[-74.118652,40.641809],[-74.118875,40.642387],[-74.118899,40.642384],[-74.118961,40.642505],[-74.118836,40.642542],[-74.118645,40.64204],[-74.118584,40.641997],[-74.118402,40.64153],[-74.118155,40.641594],[-74.118208,40.64175],[-74.117917,40.641826],[-74.117796,40.641783],[-74.117699,40.641543],[-74.117121,40.641668],[-74.117224,40.641844],[-74.116722,40.642032],[-74.117225,40.643027],[-74.117149,40.64305],[-74.116958,40.642654],[-74.11674,40.642282],[-74.116666,40.642107],[-74.11661,40.642125],[-74.1166,40.64211],[-74.1163,40.642203],[-74.116332,40.642271],[-74.116305,40.64228],[-74.116753,40.643162],[-74.11667,40.64319],[-74.116246,40.642347],[-74.116219,40.642355],[-74.116142,40.642216],[-74.115351,40.642471],[-74.115117,40.642785],[-74.114807,40.642977],[-74.114781,40.642958],[-74.113797,40.64361],[-74.114041,40.644043],[-74.113951,40.644137],[-74.112888,40.644532],[-74.112851,40.644474],[-74.113857,40.644076],[-74.113871,40.644045],[-74.113654,40.643688],[-74.113434,40.643821],[-74.11333,40.643723],[-74.111808,40.644611],[-74.111903,40.644706],[-74.111161,40.645096],[-74.111116,40.645047],[-74.111766,40.644706]]]},"properties":{"co":"L79","bn":"22","div":"8"}},{"type":"Feature","geometry":{"type":"Polygon","coordinates":[[[-74.134353,40.641887],[-74.134303,40.641754],[-74.133497,40.641717],[-74.133467,40.641596],[-74.133415,40.641547],[-74.133228,40.641457],[-74.132992,40.641417],[-74.132825,40.64142],[-74.132562,40.641532],[-74.132515,40.641589],[-74.13242,40.641623],[-74.132403,40.641704],[-74.131256,40.641597],[-74.131462,40.64131],[-74.131081,40.641027],[-74.131509,40.640393],[-74.131711,40.640159],[-74.133199,40.638212],[-74.134282,40.636735],[-74.13477,40.636025],[-74.135674,40.634614],[-74.136541,40.633343],[-74.13894,40.631042],[-74.140787,40.629512],[-74.141855,40.62854],[-74.14204,40.628252],[-74.142106,40.628098],[-74.142153,40.62794],[-74.14219,40.62762],[-74.142318,40.627181],[-74.142689,40.626229],[-74.142948,40.625754],[-74.143102,40.625602],[-74.1432,40.625545],[-74.14404,40.625366],[-74.145767,40.624957],[-74.146228,40.624925],[-74.1467,40.624914],[-74.148768,40.625105],[-74.15135,40.625422],[-74.154519,40.625738],[-74.157826,40.626218],[-74.158141,40.632802],[-74.158115,40.633829],[-74.15794,40.636817],[-74.157841,40.638874],[-74.157734,40.638879],[-74.157774,40.637957],[-74.157071,40.637947],[-74.156368,40.637906],[-74.156366,40.637951],[-74.156103,40.63794],[-74.156115,40.637531],[-74.155699,40.637518],[-74.155685,40.637787],[-74.155589,40.637786],[-74.155586,40.637731],[-74.154829,40.637724],[-74.154759,40.639196],[-74.154693,40.639194],[-74.154778,40.637722],[-74.154597,40.637343],[-74.154454,40.63723],[-74.154383,40.637194],[-74.154253,40.637172],[-74.153881,40.637198],[-74.153511,40.637273],[-74.153414,40.637273],[-74.153276,40.637267],[-74.153137,40.637206],[-74.152921,40.63714],[-74.152797,40.637133],[-74.152701,40.637192],[-74.152696,40.637266],[-74.152725,40.637382],[-74.152725,40.63757],[-74.152697,40.637642],[-74.152218,40.637693],[-74.152298,40.638274],[-74.152137,40.638291],[-74.152046,40.637667],[-74.151195,40.637731],[-74.151263,40.638487],[-74.151395,40.639397],[-74.151248,40.639409],[-74.15113,40.638501],[-74.150556,40.638559],[-74.15044,40.63843],[-74.150393,40.638338],[-74.150309,40.638281],[-74.150114,40.638267],[-74.149968,40.63815],[-74.149794,40.637893],[-74.149679,40.637518],[-74.149447,40.637405],[-74.149399,40.637401],[-74.14936,40.637419],[-74.149312,40.637526],[-74.149452,40.637885],[-74.149419,40.638292],[-74.149317,40.63839],[-74.149282,40.638571],[-74.149194,40.638668],[-74.148882,40.638705],[-74.148558,40.637438],[-74.148528,40.637445],[-74.148516,40.637547],[-74.148778,40.638876],[-74.147612,40.639037],[-74.147499,40.63891],[-74.146022,40.639095],[-74.146057,40.639229],[-74.145193,40.639378],[-74.144842,40.639354],[-74.144671,40.639304],[-74.144591,40.639201],[-74.144339,40.639096],[-74.144261,40.639039],[-74.144093,40.638965],[-74.144024,40.638901],[-74.143953,40.638881],[-74.143862,40.638888],[-74.143794,40.638915],[-74.14375,40.638962],[-74.143842,40.639088],[-74.143817,40.639207],[-74.143743,40.639229],[-74.143573,40.639227],[-74.143488,40.639326],[-74.143425,40.639466],[-74.143455,40.639477],[-74.143361,40.63971],[-74.143263,40.639714],[-74.142937,40.639632],[-74.142922,40.639597],[-74.14286,40.639569],[-74.142578,40.639534],[-74.142475,40.63957],[-74.142388,40.639641],[-74.142322,40.639748],[-74.14232,40.639792],[-74.142386,40.640055],[-74.142405,40.640198],[-74.142381,40.640252],[-74.142298,40.640306],[-74.142154,40.640343],[-74.142054,40.640297],[-74.141556,40.640367],[-74.14148,40.640092],[-74.141286,40.640145],[-74.141192,40.640389],[-74.141024,40.640507],[-74.140763,40.640589],[-74.139938,40.640734],[-74.139297,40.640806],[-74.139257,40.640736],[-74.139204,40.640746],[-74.139183,40.640855],[-74.137576,40.641001],[-74.137439,40.641054],[-74.137345,40.641147],[-74.13737,40.641295],[-74.135707,40.641621],[-74.13571,40.641646],[-74.134999,40.641785],[-74.134997,40.641761],[-74.134353,40.641887]]]},"properties":{"co":"L80","bn":"22","div":"8"}},{"type":"Feature","geometry":{"type":"Polygon","coordinates":[[[-74.08491,40.595705],[-74.08407,40.595496],[-74.083769,40.595521],[-74.083302,40.594716],[-74.083042,40.59423],[-74.082396,40.593191],[-74.08228,40.593171],[-74.081697,40.59224],[-74.081733,40.592156],[-74.081291,40.591592],[-74.080559,40.590423],[-74.080254,40.590057],[-74.078575,40.589158],[-74.078049,40.589734],[-74.077498,40.590305],[-74.07584,40.590785],[-74.07498,40.591146],[-74.074177,40.591505],[-74.073859,40.591678],[-74.072657,40.592385],[-74.072146,40.592589],[-74.071634,40.592753],[-74.071252,40.59281],[-74.068318,40.592786],[-74.067952,40.592084],[-74.067515,40.591335],[-74.067284,40.590986],[-74.066626,40.590342],[-74.065636,40.589628],[-74.065033,40.588991],[-74.065033,40.588909],[-74.06436,40.588268],[-74.064409,40.588239],[-74.064588,40.588403],[-74.064706,40.588473],[-74.064778,40.588488],[-74.065938,40.587606],[-74.067223,40.586734],[-74.069335,40.584777],[-74.069808,40.584304],[-74.070212,40.583981],[-74.070963,40.583182],[-74.071448,40.582434],[-74.071492,40.582169],[-74.070595,40.581691],[-74.070658,40.581626],[-74.071467,40.582027],[-74.071776,40.581877],[-74.073354,40.580679],[-74.073833,40.580277],[-74.074994,40.579237],[-74.074929,40.579171],[-74.074823,40.579099],[-74.074589,40.579024],[-74.07441,40.578878],[-74.07415,40.578792],[-74.073972,40.578647],[-74.073709,40.578559],[-74.07359,40.578454],[-74.073506,40.578402],[-74.073452,40.578381],[-74.073378,40.578459],[-74.07332,40.578457],[-74.073303,40.578424],[-74.073348,40.578363],[-74.073341,40.578309],[-74.073361,40.578275],[-74.073442,40.57825],[-74.073503,40.578197],[-74.073551,40.578198],[-74.073575,40.578236],[-74.073497,40.578328],[-74.075083,40.57916],[-74.075798,40.578309],[-74.075235,40.577999],[-74.075346,40.577888],[-74.076016,40.578245],[-74.076399,40.577995],[-74.076408,40.577975],[-74.076305,40.57792],[-74.076297,40.577899],[-74.076455,40.577963],[-74.076493,40.577961],[-74.076584,40.577849],[-74.076723,40.577731],[-74.076882,40.577637],[-74.076916,40.57758],[-74.076737,40.577373],[-74.076748,40.577367],[-74.076898,40.577516],[-74.076939,40.577534],[-74.077375,40.577282],[-74.078302,40.576465],[-74.078774,40.576011],[-74.079263,40.575671],[-74.078679,40.575082],[-74.078752,40.575042],[-74.079336,40.575627],[-74.080179,40.57518],[-74.080503,40.57498],[-74.080907,40.57469],[-74.081338,40.57432],[-74.082592,40.57315],[-74.083006,40.572786],[-74.083599,40.572371],[-74.084691,40.571478],[-74.085953,40.570298],[-74.086549,40.569632],[-74.086913,40.568986],[-74.086192,40.568565],[-74.086216,40.568533],[-74.087251,40.569082],[-74.088304,40.56833],[-74.088523,40.56807],[-74.089203,40.567174],[-74.08914,40.567133],[-74.089249,40.567016],[-74.089983,40.56738],[-74.09055,40.567084],[-74.090999,40.566737],[-74.091746,40.56728],[-74.092529,40.567742],[-74.092771,40.567943],[-74.093873,40.568409],[-74.099788,40.571504],[-74.100541,40.571882],[-74.09856,40.574001],[-74.098367,40.573896],[-74.098174,40.574142],[-74.096597,40.575928],[-74.096082,40.576553],[-74.095966,40.576487],[-74.095177,40.577021],[-74.09495,40.577327],[-74.093443,40.579049],[-74.093071,40.579709],[-74.092534,40.580341],[-74.092003,40.58089],[-74.089121,40.584143],[-74.088496,40.584788],[-74.091076,40.586107],[-74.091979,40.58654],[-74.091938,40.586584],[-74.092051,40.586571],[-74.092162,40.586534],[-74.093686,40.587302],[-74.10091,40.591022],[-74.100976,40.591832],[-74.100974,40.592041],[-74.100948,40.592248],[-74.100864,40.592554],[-74.100745,40.592835],[-74.100537,40.593185],[-74.100409,40.59335],[-74.100094,40.593661],[-74.099796,40.593871],[-74.097987,40.59493],[-74.097221,40.595365],[-74.097003,40.595474],[-74.096556,40.595678],[-74.096096,40.595864],[-74.094902,40.596296],[-74.094277,40.596449],[-74.093755,40.596745],[-74.093382,40.59702],[-74.092633,40.596796],[-74.089811,40.596081],[-74.08829,40.596056],[-74.087148,40.595967],[-74.085788,40.595884],[-74.08491,40.595705]]]},"properties":{"co":"L81","bn":"21","div":"8"}},{"type":"Feature","geometry":{"type":"Polygon","coordinates":[[[-74.146222,40.560257],[-74.144219,40.558336],[-74.145903,40.556996],[-74.146261,40.556631],[-74.146551,40.556235],[-74.146363,40.555759],[-74.146071,40.554642],[-74.145557,40.553195],[-74.145599,40.552081],[-74.145293,40.551563],[-74.145896,40.551361],[-74.147546,40.551599],[-74.1481,40.55165],[-74.148472,40.551653],[-74.148843,40.551632],[-74.149154,40.551541],[-74.149343,40.551451],[-74.149512,40.551341],[-74.14972,40.551143],[-74.150331,40.550627],[-74.150623,40.550311],[-74.150924,40.549838],[-74.151032,40.549724],[-74.151234,40.54958],[-74.15139,40.549505],[-74.151647,40.549428],[-74.151828,40.549403],[-74.152655,40.549375],[-74.152898,40.549345],[-74.15337,40.549241],[-74.153611,40.549148],[-74.155032,40.548468],[-74.155411,40.548228],[-74.156054,40.547733],[-74.15634,40.547542],[-74.157071,40.547211],[-74.159295,40.546022],[-74.15895,40.545395],[-74.15919,40.54523],[-74.158078,40.544077],[-74.151784,40.537702],[-74.150705,40.537103],[-74.15051,40.537263],[-74.147638,40.535573],[-74.147019,40.535243],[-74.147943,40.534923],[-74.149217,40.534242],[-74.149777,40.533888],[-74.149778,40.533826],[-74.149718,40.533492],[-74.149758,40.533424],[-74.149862,40.533299],[-74.150129,40.533087],[-74.1503,40.532923],[-74.150263,40.532903],[-74.150242,40.532918],[-74.150215,40.532897],[-74.150268,40.532857],[-74.150293,40.532876],[-74.150279,40.532892],[-74.150315,40.532908],[-74.150465,40.532734],[-74.150696,40.532546],[-74.151104,40.532742],[-74.15125,40.532683],[-74.152845,40.533624],[-74.153974,40.534268],[-74.157043,40.535967],[-74.157389,40.53619],[-74.157713,40.536431],[-74.158013,40.536689],[-74.158288,40.536964],[-74.158536,40.537253],[-74.163592,40.542642],[-74.16427,40.543336],[-74.165261,40.54424],[-74.165401,40.544433],[-74.165742,40.545398],[-74.166197,40.54711],[-74.166292,40.547327],[-74.166541,40.547567],[-74.166833,40.547779],[-74.166888,40.547837],[-74.167018,40.548026],[-74.167073,40.548163],[-74.1671,40.548304],[-74.167099,40.548447],[-74.169167,40.557701],[-74.169473,40.559127],[-74.169775,40.560388],[-74.169834,40.560809],[-74.169826,40.56109],[-74.16689,40.560477],[-74.164941,40.560112],[-74.163779,40.560317],[-74.161933,40.561111],[-74.161531,40.561269],[-74.160968,40.56146],[-74.159158,40.561936],[-74.158258,40.562202],[-74.15726,40.562553],[-74.156981,40.5627],[-74.156751,40.562887],[-74.155851,40.563774],[-74.155029,40.565093],[-74.154804,40.565382],[-74.15451,40.565634],[-74.154163,40.565837],[-74.15358,40.566253],[-74.152956,40.566776],[-74.150356,40.56427],[-74.14975,40.563719],[-74.149096,40.563049],[-74.14717,40.561199],[-74.146222,40.560257]]]},"properties":{"co":"L82","bn":"23","div":"8"}},{"type":"Feature","geometry":{"type":"Polygon","coordinates":[[[-74.122276,40.62636],[-74.122197,40.626016],[-74.122185,40.62571],[-74.122157,40.625586],[-74.122261,40.625566],[-74.122266,40.624864],[-74.122045,40.624184],[-74.121802,40.623517],[-74.121471,40.622873],[-74.120773,40.622292],[-74.120078,40.621667],[-74.119669,40.621745],[-74.119262,40.621894],[-74.119072,40.621992],[-74.118736,40.622231],[-74.118594,40.622367],[-74.118465,40.622526],[-74.11835,40.6228],[-74.118306,40.622965],[-74.118281,40.623137],[-74.118283,40.623298],[-74.118304,40.623457],[-74.118406,40.623761],[-74.117014,40.624524],[-74.115419,40.623911],[-74.113262,40.623054],[-74.112351,40.622265],[-74.111534,40.621604],[-74.110944,40.621194],[-74.110016,40.620688],[-74.107341,40.619543],[-74.106089,40.618984],[-74.105884,40.618869],[-74.105695,40.618738],[-74.105187,40.618281],[-74.103509,40.616416],[-74.102568,40.615187],[-74.102094,40.6146],[-74.100552,40.613461],[-74.099877,40.612919],[-74.09935,40.612419],[-74.098622,40.611519],[-74.09766,40.610508],[-74.097489,40.61026],[-74.101628,40.610066],[-74.103768,40.60991],[-74.103617,40.609861],[-74.10342,40.609747],[-74.101855,40.608333],[-74.101534,40.607895],[-74.101438,40.607182],[-74.101339,40.606722],[-74.101345,40.606478],[-74.101376,40.606355],[-74.101492,40.606123],[-74.101672,40.60592],[-74.101739,40.60573],[-74.101786,40.605536],[-74.101822,40.605142],[-74.102616,40.603442],[-74.102724,40.603285],[-74.102802,40.603216],[-74.102994,40.603112],[-74.10324,40.603043],[-74.103539,40.603016],[-74.103835,40.603053],[-74.10476,40.603357],[-74.105122,40.603453],[-74.105471,40.603571],[-74.105806,40.603712],[-74.106536,40.604141],[-74.106863,40.604257],[-74.107096,40.604304],[-74.107674,40.604203],[-74.108456,40.604007],[-74.110073,40.603778],[-74.111362,40.603504],[-74.11195,40.60333],[-74.112917,40.602992],[-74.114194,40.602469],[-74.115,40.602074],[-74.116844,40.601895],[-74.119576,40.601817],[-74.120595,40.60181],[-74.120921,40.606359],[-74.121169,40.608834],[-74.121352,40.609765],[-74.123506,40.609234],[-74.124526,40.609022],[-74.126509,40.608663],[-74.128749,40.608392],[-74.13094,40.608214],[-74.140886,40.607693],[-74.141204,40.611305],[-74.141037,40.611986],[-74.140232,40.614979],[-74.140048,40.615657],[-74.139822,40.6163],[-74.139646,40.617015],[-74.138367,40.621737],[-74.137561,40.621633],[-74.13725,40.62393],[-74.137232,40.624287],[-74.137003,40.624347],[-74.136182,40.624838],[-74.133994,40.626231],[-74.133745,40.626335],[-74.133608,40.626368],[-74.13333,40.626393],[-74.13131,40.626328],[-74.130698,40.626341],[-74.125133,40.627103],[-74.122707,40.627407],[-74.122673,40.627303],[-74.122573,40.627132],[-74.122337,40.626592],[-74.122276,40.62636]]]},"properties":{"co":"L83","bn":"22","div":"8"}},{"type":"Feature","geometry":{"type":"Polygon","coordinates":[[[-74.194742,40.556001],[-74.192751,40.554087],[-74.190732,40.552116],[-74.190146,40.551601],[-74.189565,40.551199],[-74.189255,40.551015],[-74.187573,40.550148],[-74.188076,40.549523],[-74.188588,40.548944],[-74.189299,40.548378],[-74.191527,40.546908],[-74.192739,40.54614],[-74.193061,40.545971],[-74.19514,40.544682],[-74.195862,40.544318],[-74.197308,40.543262],[-74.197022,40.542527],[-74.196093,40.540498],[-74.195077,40.538486],[-74.194441,40.537157],[-74.194097,40.536507],[-74.192374,40.533041],[-74.191744,40.531917],[-74.192509,40.531497],[-74.193134,40.531195],[-74.193985,40.530871],[-74.194785,40.530518],[-74.196084,40.529912],[-74.197797,40.529025],[-74.199098,40.5283],[-74.199844,40.527857],[-74.200711,40.527226],[-74.201033,40.526919],[-74.201171,40.526754],[-74.201333,40.526503],[-74.201527,40.526265],[-74.202175,40.526066],[-74.20277,40.525907],[-74.20526,40.525576],[-74.206666,40.525354],[-74.207544,40.525246],[-74.207772,40.525229],[-74.208117,40.525237],[-74.208992,40.525379],[-74.209231,40.52537],[-74.209427,40.525317],[-74.209612,40.525227],[-74.209834,40.524991],[-74.209971,40.524888],[-74.210282,40.524721],[-74.211425,40.524414],[-74.212293,40.524277],[-74.213519,40.524149],[-74.215672,40.523958],[-74.215597,40.524061],[-74.215608,40.525495],[-74.215645,40.526063],[-74.215669,40.526225],[-74.215725,40.526383],[-74.216664,40.528283],[-74.205679,40.531325],[-74.202987,40.532097],[-74.203093,40.532484],[-74.206273,40.539188],[-74.206534,40.539878],[-74.206749,40.540578],[-74.20699,40.541747],[-74.207973,40.541671],[-74.208772,40.543665],[-74.209085,40.54438],[-74.209885,40.54643],[-74.210528,40.548142],[-74.211072,40.549524],[-74.211426,40.550375],[-74.211474,40.550543],[-74.211694,40.551132],[-74.212009,40.551959],[-74.212241,40.552516],[-74.212287,40.552687],[-74.212916,40.554261],[-74.213125,40.554745],[-74.214058,40.554275],[-74.214948,40.553756],[-74.21579,40.553192],[-74.216776,40.552446],[-74.216897,40.55234],[-74.217241,40.551913],[-74.219177,40.550014],[-74.22057,40.548391],[-74.221093,40.549774],[-74.221681,40.551049],[-74.220384,40.552352],[-74.22137,40.554672],[-74.221522,40.554757],[-74.223187,40.555299],[-74.22385,40.555566],[-74.224571,40.555595],[-74.225598,40.555803],[-74.22572,40.555812],[-74.225842,40.5558],[-74.226002,40.555735],[-74.226116,40.555634],[-74.226169,40.555515],[-74.226187,40.556229],[-74.226114,40.556252],[-74.226069,40.556212],[-74.223195,40.555796],[-74.22313,40.555768],[-74.223097,40.555637],[-74.223002,40.555576],[-74.222971,40.555537],[-74.222972,40.555503],[-74.22274,40.555434],[-74.222575,40.555406],[-74.222422,40.555479],[-74.222371,40.555487],[-74.222217,40.555465],[-74.222122,40.555417],[-74.222011,40.555403],[-74.221902,40.555393],[-74.221799,40.555417],[-74.221749,40.555439],[-74.221654,40.555589],[-74.22157,40.555649],[-74.221499,40.555592],[-74.221494,40.555562],[-74.221453,40.555529],[-74.221462,40.555451],[-74.221432,40.555379],[-74.221347,40.555358],[-74.221299,40.555366],[-74.221214,40.555431],[-74.221183,40.555683],[-74.22116,40.5557],[-74.221053,40.555702],[-74.22104,40.555714],[-74.220979,40.555912],[-74.220943,40.555938],[-74.220867,40.55594],[-74.22077,40.55591],[-74.220553,40.555885],[-74.220423,40.555707],[-74.220418,40.55565],[-74.220297,40.555598],[-74.220267,40.555499],[-74.220219,40.555473],[-74.220185,40.555426],[-74.220179,40.555209],[-74.220135,40.555067],[-74.220145,40.555006],[-74.220051,40.554842],[-74.219993,40.554765],[-74.219865,40.554651],[-74.219744,40.554613],[-74.2196,40.554655],[-74.21953,40.554719],[-74.219409,40.554725],[-74.219323,40.554755],[-74.219256,40.554745],[-74.219176,40.554759],[-74.21911,40.554801],[-74.219081,40.554847],[-74.21909,40.554928],[-74.219173,40.555071],[-74.219235,40.555118],[-74.219258,40.555156],[-74.219196,40.555395],[-74.21921,40.555456],[-74.219295,40.555489],[-74.21931,40.555512],[-74.219337,40.555691],[-74.219286,40.555795],[-74.219217,40.555797],[-74.219182,40.555753],[-74.219178,40.555528],[-74.219169,40.555517],[-74.219092,40.555529],[-74.219075,40.555507],[-74.219068,40.555353],[-74.218958,40.554858],[-74.218914,40.554778],[-74.218781,40.554672],[-74.218593,40.554674],[-74.21854,40.554707],[-74.218533,40.554739],[-74.218565,40.55482],[-74.218536,40.554933],[-74.218819,40.555875],[-74.218754,40.555893],[-74.218802,40.555955],[-74.21875,40.556028],[-74.21867,40.55605],[-74.218415,40.555728],[-74.21827,40.555691],[-74.218174,40.555601],[-74.218122,40.55551],[-74.218129,40.555465],[-74.218071,40.555293],[-74.217915,40.555095],[-74.217753,40.555005],[-74.217191,40.555159],[-74.216547,40.555394],[-74.216042,40.555544],[-74.215568,40.555813],[-74.214741,40.556242],[-74.214912,40.556524],[-74.215018,40.556756],[-74.214993,40.556795],[-74.214623,40.556913],[-74.214584,40.556899],[-74.214475,40.556689],[-74.214344,40.556727],[-74.214227,40.556557],[-74.214166,40.556589],[-74.214092,40.556465],[-74.213502,40.555668],[-74.2122,40.556443],[-74.210508,40.557064],[-74.206999,40.557567],[-74.206714,40.557577],[-74.206139,40.557545],[-74.205854,40.557502],[-74.205305,40.557369],[-74.205063,40.557278],[-74.204605,40.557069],[-74.204313,40.556897],[-74.20414,40.556763],[-74.203584,40.55625],[-74.203453,40.556169],[-74.203307,40.556106],[-74.202748,40.555971],[-74.202208,40.555893],[-74.201815,40.555872],[-74.201552,40.555884],[-74.201165,40.555942],[-74.200794,40.556044],[-74.200467,40.55623],[-74.200319,40.556338],[-74.200183,40.556454],[-74.199467,40.557181],[-74.197695,40.558887],[-74.194742,40.556001]]]},"properties":{"co":"L84","bn":"23","div":"8"}},{"type":"Feature","geometry":{"type":"Polygon","coordinates":[[[-74.107223,40.590809],[-74.106879,40.590376],[-74.105336,40.590545],[-74.10418,40.590604],[-74.102462,40.591037],[-74.102041,40.591096],[-74.101614,40.591101],[-74.101262,40.591032],[-74.10091,40.591022],[-74.100883,40.590179],[-74.101495,40.589344],[-74.10208,40.588742],[-74.104549,40.586501],[-74.105884,40.585407],[-74.107909,40.583686],[-74.109248,40.582678],[-74.109489,40.582535],[-74.109875,40.582349],[-74.110287,40.582199],[-74.111277,40.581791],[-74.11221,40.581266],[-74.108945,40.579519],[-74.111674,40.577496],[-74.116447,40.574025],[-74.119786,40.575816],[-74.121537,40.575153],[-74.121726,40.574907],[-74.121853,40.574653],[-74.121831,40.574217],[-74.121393,40.572976],[-74.12136,40.572827],[-74.121343,40.572524],[-74.121388,40.572224],[-74.121387,40.572092],[-74.121445,40.571776],[-74.121626,40.571501],[-74.122169,40.570939],[-74.123098,40.570168],[-74.124186,40.569425],[-74.125995,40.568226],[-74.126764,40.567805],[-74.127144,40.567578],[-74.127762,40.566946],[-74.128221,40.566568],[-74.128466,40.566379],[-74.130343,40.565087],[-74.130585,40.56502],[-74.13102,40.564958],[-74.131196,40.564913],[-74.131435,40.564805],[-74.131633,40.564657],[-74.132644,40.563503],[-74.13311,40.562868],[-74.133407,40.56213],[-74.133671,40.561841],[-74.13481,40.560829],[-74.135194,40.559748],[-74.135239,40.559586],[-74.135388,40.559269],[-74.135492,40.55912],[-74.135749,40.55885],[-74.1366,40.558389],[-74.137394,40.558021],[-74.13818,40.557594],[-74.138851,40.556951],[-74.139218,40.556633],[-74.139532,40.556281],[-74.139783,40.555903],[-74.140428,40.55436],[-74.141549,40.553839],[-74.142121,40.553594],[-74.142726,40.553356],[-74.143483,40.553103],[-74.144204,40.552907],[-74.144639,40.552808],[-74.145576,40.55266],[-74.145557,40.553195],[-74.146071,40.554642],[-74.146363,40.555759],[-74.146551,40.556235],[-74.146261,40.556631],[-74.145903,40.556996],[-74.144219,40.558336],[-74.146222,40.560257],[-74.14717,40.561199],[-74.149096,40.563049],[-74.14975,40.563719],[-74.150356,40.56427],[-74.152956,40.566776],[-74.151715,40.567887],[-74.150751,40.568588],[-74.150331,40.568913],[-74.149835,40.569357],[-74.147901,40.57089],[-74.147236,40.571461],[-74.146556,40.572981],[-74.146563,40.573085],[-74.146635,40.573174],[-74.146711,40.573213],[-74.146961,40.573267],[-74.147076,40.573416],[-74.147119,40.573585],[-74.147105,40.5737],[-74.147056,40.573809],[-74.146842,40.574069],[-74.146819,40.574132],[-74.146823,40.574197],[-74.146853,40.574258],[-74.147125,40.574546],[-74.147404,40.574993],[-74.14757,40.575209],[-74.147755,40.575417],[-74.148656,40.576283],[-74.14938,40.576937],[-74.15013,40.577573],[-74.150354,40.577844],[-74.150462,40.578041],[-74.150535,40.578248],[-74.150616,40.578841],[-74.150679,40.579093],[-74.150771,40.579343],[-74.150926,40.579634],[-74.151062,40.579789],[-74.151322,40.579982],[-74.151906,40.580321],[-74.152528,40.580617],[-74.151228,40.582061],[-74.149616,40.583355],[-74.148819,40.584045],[-74.148193,40.584524],[-74.14762,40.585019],[-74.146946,40.585526],[-74.146321,40.586069],[-74.146039,40.587312],[-74.145834,40.588563],[-74.144166,40.588571],[-74.142739,40.588698],[-74.142126,40.588737],[-74.13862,40.589064],[-74.134085,40.586382],[-74.133728,40.586111],[-74.133581,40.585939],[-74.133522,40.585809],[-74.133497,40.585673],[-74.133505,40.585536],[-74.133713,40.584932],[-74.133728,40.584774],[-74.13371,40.584616],[-74.133658,40.584462],[-74.133573,40.584317],[-74.13352,40.584249],[-74.13335,40.584099],[-74.133055,40.583904],[-74.132721,40.583751],[-74.132357,40.583645],[-74.131819,40.583551],[-74.131517,40.58346],[-74.131231,40.583343],[-74.130838,40.583124],[-74.130606,40.582951],[-74.1304,40.582759],[-74.129425,40.583675],[-74.129325,40.583786],[-74.129243,40.583906],[-74.129181,40.584033],[-74.128937,40.585014],[-74.128906,40.585417],[-74.129118,40.586166],[-74.129101,40.586291],[-74.129069,40.58635],[-74.127868,40.587363],[-74.127764,40.587486],[-74.127727,40.587632],[-74.127875,40.589075],[-74.127857,40.58927],[-74.127823,40.589365],[-74.127708,40.589537],[-74.127397,40.589847],[-74.126735,40.590441],[-74.126385,40.590726],[-74.126321,40.590869],[-74.126273,40.591017],[-74.126229,40.591321],[-74.126386,40.593146],[-74.126285,40.593456],[-74.122979,40.598801],[-74.122591,40.599493],[-74.120704,40.600706],[-74.120642,40.600783],[-74.120596,40.600867],[-74.120556,40.601045],[-74.120595,40.60181],[-74.119576,40.601817],[-74.116844,40.601895],[-74.115,40.602074],[-74.114871,40.602137],[-74.113383,40.600571],[-74.113008,40.600136],[-74.112443,40.599326],[-74.111904,40.598668],[-74.111674,40.598463],[-74.111404,40.598277],[-74.111324,40.5982],[-74.111298,40.598155],[-74.111265,40.598058],[-74.111258,40.597959],[-74.111364,40.597354],[-74.111343,40.597153],[-74.11131,40.597057],[-74.110786,40.596127],[-74.110378,40.5953],[-74.110181,40.594859],[-74.110158,40.594601],[-74.110646,40.593262],[-74.109229,40.592474],[-74.108286,40.591978],[-74.108125,40.591875],[-74.10793,40.591688],[-74.107223,40.590809]]]},"properties":{"co":"L85","bn":"23","div":"8"}},{"type":"Feature","geometry":{"type":"Polygon","coordinates":[[[-74.151228,40.582061],[-74.152528,40.580617],[-74.153359,40.581056],[-74.153937,40.581385],[-74.155085,40.581974],[-74.156385,40.582695],[-74.160334,40.584795],[-74.163952,40.586842],[-74.16759,40.588953],[-74.165786,40.590708],[-74.163782,40.592188],[-74.16323,40.592571],[-74.162833,40.592921],[-74.16261,40.593155],[-74.162315,40.593606],[-74.162089,40.594082],[-74.161944,40.594535],[-74.161888,40.594837],[-74.161899,40.595299],[-74.162351,40.597359],[-74.162944,40.600442],[-74.163171,40.601138],[-74.163292,40.601682],[-74.163211,40.602368],[-74.162472,40.604398],[-74.162315,40.604787],[-74.162233,40.605132],[-74.162215,40.605306],[-74.162233,40.605932],[-74.162322,40.606693],[-74.16242,40.607189],[-74.160403,40.607441],[-74.153081,40.608914],[-74.152801,40.608167],[-74.152577,40.607488],[-74.152399,40.607011],[-74.149905,40.606638],[-74.147502,40.606322],[-74.14751,40.606065],[-74.147447,40.605934],[-74.147364,40.605809],[-74.147261,40.605692],[-74.147007,40.605491],[-74.146477,40.605225],[-74.144105,40.604246],[-74.143033,40.60375],[-74.142028,40.603372],[-74.140462,40.60307],[-74.140271,40.601428],[-74.140073,40.599302],[-74.140022,40.598597],[-74.140761,40.597552],[-74.142723,40.594903],[-74.144167,40.593082],[-74.144542,40.592631],[-74.14542,40.591467],[-74.145514,40.591201],[-74.145834,40.588563],[-74.145927,40.587936],[-74.146039,40.587312],[-74.146321,40.586069],[-74.146946,40.585526],[-74.14762,40.585019],[-74.148193,40.584524],[-74.148819,40.584045],[-74.149616,40.583355],[-74.151228,40.582061]]]},"properties":{"co":"L86","bn":"22","div":"8"}},{"type":"Feature","geometry":{"type":"MultiPolygon","coordinates":[[[[-74.20313,40.579599],[-74.202754,40.579563],[-74.202491,40.579505],[-74.20242,40.579452],[-74.202409,40.579412],[-74.202484,40.579362],[-74.202509,40.579287],[-74.202554,40.579241],[-74.202543,40.579199],[-74.202601,40.579131],[-74.202609,40.579055],[-74.202687,40.578988],[-74.202814,40.579023],[-74.202743,40.578911],[-74.2027,40.578907],[-74.202508,40.579051],[-74.202371,40.579022],[-74.202146,40.578929],[-74.201973,40.578896],[-74.201751,40.578904],[-74.201703,40.578915],[-74.201664,40.578956],[-74.201478,40.579037],[-74.20131,40.579047],[-74.201249,40.579017],[-74.201091,40.579023],[-74.200975,40.578985],[-74.20057,40.578933],[-74.200539,40.578897],[-74.200521,40.578782],[-74.20046,40.578731],[-74.200589,40.578507],[-74.200642,40.578452],[-74.200712,40.578408],[-74.200739,40.578365],[-74.200736,40.578243],[-74.200763,40.578193],[-74.20077,40.57803],[-74.200849,40.578002],[-74.200861,40.577821],[-74.200836,40.577745],[-74.200881,40.577712],[-74.200968,40.577725],[-74.200989,40.577715],[-74.201008,40.57765],[-74.201011,40.577576],[-74.200958,40.577483],[-74.200935,40.577475],[-74.200923,40.577489],[-74.200949,40.577527],[-74.200938,40.577554],[-74.200876,40.577562],[-74.200834,40.577527],[-74.200837,40.577455],[-74.200799,40.577223],[-74.200832,40.577165],[-74.200952,40.577028],[-74.200941,40.577012],[-74.200837,40.576993],[-74.200801,40.576962],[-74.200837,40.576868],[-74.200832,40.576842],[-74.200748,40.57668],[-74.20075,40.576618],[-74.200726,40.576564],[-74.200738,40.576541],[-74.200762,40.576557],[-74.200772,40.57654],[-74.200772,40.576482],[-74.200727,40.576323],[-74.200646,40.576144],[-74.200686,40.576082],[-74.200687,40.576051],[-74.200679,40.576038],[-74.200641,40.576052],[-74.200576,40.575949],[-74.200541,40.575765],[-74.200565,40.575724],[-74.200575,40.575578],[-74.200618,40.575447],[-74.20071,40.575402],[-74.200823,40.575289],[-74.200818,40.575137],[-74.200785,40.575037],[-74.200789,40.575005],[-74.200905,40.574756],[-74.200969,40.574561],[-74.201086,40.574462],[-74.201149,40.574469],[-74.201152,40.574516],[-74.201175,40.574521],[-74.201211,40.574474],[-74.201181,40.574387],[-74.201194,40.57432],[-74.201293,40.574202],[-74.201422,40.574102],[-74.20144,40.574067],[-74.201559,40.573996],[-74.201879,40.573857],[-74.202052,40.573751],[-74.202411,40.573646],[-74.202674,40.573652],[-74.202925,40.573595],[-74.203177,40.573578],[-74.20332,40.573599],[-74.203401,40.573655],[-74.203515,40.573671],[-74.203575,40.57366],[-74.20377,40.573687],[-74.203895,40.573684],[-74.204236,40.573647],[-74.204485,40.573697],[-74.204599,40.573694],[-74.204677,40.573728],[-74.204868,40.573772],[-74.205099,40.573785],[-74.205617,40.573771],[-74.205849,40.573746],[-74.206148,40.573688],[-74.206311,40.573631],[-74.206453,40.573627],[-74.206701,40.573656],[-74.206997,40.573653],[-74.207058,40.573712],[-74.207115,40.573808],[-74.207184,40.573867],[-74.207193,40.57393],[-74.207273,40.574071],[-74.207263,40.574113],[-74.207078,40.574266],[-74.207081,40.574372],[-74.207118,40.574414],[-74.207205,40.574452],[-74.207227,40.574487],[-74.207119,40.574564],[-74.207091,40.574604],[-74.20707,40.574743],[-74.207154,40.574954],[-74.207228,40.575104],[-74.207272,40.575151],[-74.207284,40.575255],[-74.207106,40.575356],[-74.206974,40.575525],[-74.206874,40.575683],[-74.206812,40.575922],[-74.20685,40.576155],[-74.206887,40.576217],[-74.206928,40.576246],[-74.207095,40.576278],[-74.20704,40.576409],[-74.206981,40.576459],[-74.20694,40.576472],[-74.206927,40.576544],[-74.206884,40.576554],[-74.206825,40.576519],[-74.206703,40.576543],[-74.20658,40.576653],[-74.206536,40.576776],[-74.206531,40.576902],[-74.206548,40.576927],[-74.206693,40.576989],[-74.206693,40.577017],[-74.206747,40.577087],[-74.206816,40.577121],[-74.206808,40.57718],[-74.206716,40.577231],[-74.206635,40.577396],[-74.206597,40.577412],[-74.206505,40.577412],[-74.206395,40.577517],[-74.206323,40.577539],[-74.20623,40.577739],[-74.206181,40.577904],[-74.206151,40.578069],[-74.206174,40.578163],[-74.206109,40.578232],[-74.205977,40.578447],[-74.205917,40.578617],[-74.205637,40.578786],[-74.2055,40.578899],[-74.205307,40.579114],[-74.205171,40.579176],[-74.205063,40.579248],[-74.205001,40.579312],[-74.204755,40.579378],[-74.204447,40.579289],[-74.204219,40.579421],[-74.204167,40.579466],[-74.203607,40.57955],[-74.203499,40.579497],[-74.203482,40.579545],[-74.203346,40.579596],[-74.203221,40.57958],[-74.20313,40.579599]]],[[[-74.147901,40.57089],[-74.149835,40.569357],[-74.150331,40.568913],[-74.150751,40.568588],[-74.151715,40.567887],[-74.152956,40.566776],[-74.15358,40.566253],[-74.154163,40.565837],[-74.15451,40.565634],[-74.154664,40.565513],[-74.154804,40.565382],[-74.155029,40.565093],[-74.155851,40.563774],[-74.156751,40.562887],[-74.156981,40.5627],[-74.15726,40.562553],[-74.158258,40.562202],[-74.159158,40.561936],[-74.160968,40.56146],[-74.161531,40.561269],[-74.161933,40.561111],[-74.163779,40.560317],[-74.164941,40.560112],[-74.16689,40.560477],[-74.169826,40.56109],[-74.170467,40.561177],[-74.171251,40.56132],[-74.171852,40.561521],[-74.173465,40.562287],[-74.174895,40.562839],[-74.175219,40.562935],[-74.17603,40.563081],[-74.176594,40.563241],[-74.17758,40.563755],[-74.177945,40.563983],[-74.181596,40.565318],[-74.18203,40.565436],[-74.18226,40.565472],[-74.182493,40.565492],[-74.182958,40.56548],[-74.183624,40.565368],[-74.183836,40.56531],[-74.184213,40.565145],[-74.184576,40.564963],[-74.184923,40.564764],[-74.185254,40.564549],[-74.185526,40.564476],[-74.186275,40.564331],[-74.186778,40.564209],[-74.187274,40.564057],[-74.189099,40.563689],[-74.189478,40.563581],[-74.189825,40.563414],[-74.18998,40.563312],[-74.190119,40.563198],[-74.190433,40.562883],[-74.190657,40.56271],[-74.190917,40.56262],[-74.191328,40.562533],[-74.191754,40.562508],[-74.192179,40.562544],[-74.192586,40.56264],[-74.192883,40.562654],[-74.193174,40.562604],[-74.193354,40.562518],[-74.193862,40.562222],[-74.197695,40.558887],[-74.199467,40.557181],[-74.200183,40.556454],[-74.200319,40.556338],[-74.200626,40.556132],[-74.200794,40.556044],[-74.200915,40.556005],[-74.201165,40.555942],[-74.201422,40.555898],[-74.201683,40.555876],[-74.201946,40.555874],[-74.202612,40.555948],[-74.203229,40.556081],[-74.203382,40.556135],[-74.203584,40.55625],[-74.204224,40.556832],[-74.204407,40.556958],[-74.20471,40.557119],[-74.2052,40.557332],[-74.205576,40.557444],[-74.206139,40.557545],[-74.206426,40.557569],[-74.206999,40.557567],[-74.210508,40.557064],[-74.2122,40.556443],[-74.213502,40.555668],[-74.214092,40.556465],[-74.214166,40.556589],[-74.214123,40.55662],[-74.21401,40.556631],[-74.213955,40.556657],[-74.213869,40.556587],[-74.213864,40.556574],[-74.213901,40.556542],[-74.213888,40.556514],[-74.213847,40.556488],[-74.21379,40.556401],[-74.213765,40.556397],[-74.213629,40.556512],[-74.213396,40.55656],[-74.213275,40.556625],[-74.21324,40.556673],[-74.213244,40.556764],[-74.213171,40.556929],[-74.213141,40.557044],[-74.213051,40.557134],[-74.21294,40.557207],[-74.212877,40.557233],[-74.212779,40.557231],[-74.212643,40.55729],[-74.212631,40.557337],[-74.212672,40.557413],[-74.212681,40.557473],[-74.212673,40.557648],[-74.212523,40.557804],[-74.212261,40.557982],[-74.212216,40.558079],[-74.212109,40.5582],[-74.211968,40.558442],[-74.21188,40.558765],[-74.211756,40.559125],[-74.211784,40.559188],[-74.211926,40.559238],[-74.21197,40.559298],[-74.211968,40.559344],[-74.21188,40.559597],[-74.211762,40.559766],[-74.211593,40.559923],[-74.211416,40.560181],[-74.211226,40.560361],[-74.211169,40.560486],[-74.211173,40.56073],[-74.211196,40.560768],[-74.211268,40.560812],[-74.211297,40.560861],[-74.211321,40.560962],[-74.21134,40.56123],[-74.211309,40.561355],[-74.211193,40.561542],[-74.211185,40.561618],[-74.211103,40.561906],[-74.211096,40.562131],[-74.211109,40.562248],[-74.211344,40.562923],[-74.211351,40.5632],[-74.21138,40.563492],[-74.211098,40.564006],[-74.210963,40.56429],[-74.210847,40.564709],[-74.210743,40.565228],[-74.210623,40.56552],[-74.210476,40.565765],[-74.210334,40.566097],[-74.210115,40.566415],[-74.209976,40.5667],[-74.209628,40.567318],[-74.209541,40.567515],[-74.209524,40.567606],[-74.209572,40.567791],[-74.209535,40.567928],[-74.209514,40.567949],[-74.209385,40.567962],[-74.209322,40.568025],[-74.209303,40.568159],[-74.209269,40.56825],[-74.20927,40.568324],[-74.209242,40.56841],[-74.209219,40.568445],[-74.209058,40.568575],[-74.208993,40.568726],[-74.208867,40.56891],[-74.208846,40.568988],[-74.208843,40.56909],[-74.208892,40.569229],[-74.2089,40.569398],[-74.20888,40.569476],[-74.208926,40.569624],[-74.208827,40.56975],[-74.208758,40.569808],[-74.208682,40.569818],[-74.208619,40.569863],[-74.20844,40.570182],[-74.208256,40.570292],[-74.208076,40.570437],[-74.208034,40.57049],[-74.208005,40.570564],[-74.208014,40.570623],[-74.208147,40.570693],[-74.208169,40.570719],[-74.208037,40.570786],[-74.207949,40.570741],[-74.207887,40.570759],[-74.20777,40.570841],[-74.207606,40.570917],[-74.207431,40.570907],[-74.207336,40.570941],[-74.207271,40.570994],[-74.20708,40.571215],[-74.207055,40.57127],[-74.207097,40.571352],[-74.207072,40.5714],[-74.206911,40.571528],[-74.206802,40.571585],[-74.20673,40.571596],[-74.206587,40.571658],[-74.206413,40.571682],[-74.20619,40.571793],[-74.20548,40.571725],[-74.205262,40.571727],[-74.205081,40.571754],[-74.204991,40.571736],[-74.205045,40.572003],[-74.20506,40.572002],[-74.20506,40.572019],[-74.2014,40.572459],[-74.19969,40.57337],[-74.19952,40.573624],[-74.198911,40.574713],[-74.198714,40.576212],[-74.198599,40.576945],[-74.198382,40.576927],[-74.198372,40.576985],[-74.198591,40.577004],[-74.198537,40.577339],[-74.198195,40.577304],[-74.198148,40.577628],[-74.198171,40.577657],[-74.198483,40.577679],[-74.198412,40.578065],[-74.198383,40.578064],[-74.198384,40.57805],[-74.198096,40.578026],[-74.198,40.578175],[-74.197967,40.578199],[-74.197915,40.57821],[-74.197697,40.578199],[-74.197656,40.578329],[-74.19764,40.578325],[-74.197672,40.578189],[-74.197256,40.578023],[-74.197056,40.57798],[-74.196763,40.577982],[-74.196738,40.577944],[-74.196462,40.577888],[-74.196329,40.577818],[-74.196309,40.577767],[-74.196332,40.577723],[-74.196327,40.577662],[-74.196297,40.577651],[-74.196272,40.577657],[-74.19624,40.577703],[-74.196167,40.577746],[-74.195983,40.577733],[-74.196167,40.577804],[-74.196207,40.577801],[-74.196251,40.57782],[-74.19626,40.577846],[-74.197301,40.578244],[-74.197282,40.578266],[-74.196241,40.577862],[-74.196234,40.577872],[-74.192951,40.576597],[-74.192933,40.576565],[-74.191811,40.576126],[-74.191823,40.576105],[-74.19292,40.576534],[-74.192899,40.576483],[-74.191616,40.575884],[-74.190549,40.576298],[-74.190203,40.576339],[-74.189384,40.576388],[-74.189074,40.576468],[-74.188869,40.576481],[-74.188695,40.576553],[-74.188428,40.576604],[-74.188331,40.576583],[-74.187704,40.576676],[-74.187489,40.576629],[-74.187318,40.576562],[-74.187204,40.576573],[-74.187065,40.576542],[-74.186857,40.576548],[-74.186601,40.576458],[-74.186406,40.576356],[-74.186115,40.576128],[-74.186093,40.576091],[-74.186091,40.576025],[-74.185987,40.575951],[-74.185914,40.575877],[-74.185896,40.575837],[-74.185926,40.575775],[-74.185748,40.575535],[-74.185673,40.57547],[-74.18555,40.575163],[-74.185538,40.57505],[-74.185433,40.574963],[-74.185465,40.574958],[-74.185465,40.574944],[-74.185176,40.574577],[-74.185144,40.574462],[-74.184982,40.574405],[-74.184558,40.57392],[-74.184398,40.573787],[-74.184296,40.573724],[-74.184262,40.573673],[-74.184149,40.573581],[-74.183931,40.573452],[-74.183904,40.573399],[-74.183749,40.57335],[-74.183231,40.573095],[-74.183205,40.573025],[-74.183102,40.573039],[-74.18309,40.573001],[-74.183055,40.572975],[-74.182955,40.572961],[-74.182721,40.57287],[-74.182491,40.572835],[-74.182271,40.572759],[-74.182122,40.572727],[-74.181947,40.572634],[-74.181828,40.572614],[-74.181719,40.572564],[-74.181568,40.572526],[-74.181453,40.57241],[-74.18131,40.572447],[-74.181245,40.572443],[-74.181061,40.572352],[-74.180817,40.57229],[-74.180429,40.572115],[-74.180199,40.572056],[-74.179858,40.571859],[-74.179641,40.571771],[-74.179412,40.571605],[-74.179195,40.571501],[-74.179037,40.571397],[-74.179018,40.571381],[-74.17901,40.571343],[-74.178897,40.571312],[-74.178839,40.571247],[-74.178772,40.571235],[-74.178699,40.571164],[-74.178552,40.571084],[-74.178424,40.570961],[-74.178324,40.570906],[-74.178114,40.57071],[-74.178008,40.570637],[-74.177988,40.570613],[-74.178002,40.570605],[-74.177993,40.570596],[-74.177932,40.570569],[-74.177775,40.570433],[-74.177748,40.570361],[-74.177677,40.570326],[-74.177533,40.57016],[-74.177547,40.570093],[-74.177483,40.570058],[-74.177292,40.569735],[-74.177289,40.569572],[-74.177209,40.569561],[-74.177149,40.569454],[-74.176998,40.568998],[-74.176989,40.568873],[-74.176904,40.568775],[-74.176858,40.568672],[-74.176896,40.568595],[-74.176873,40.568419],[-74.17682,40.568381],[-74.176636,40.568361],[-74.176534,40.568325],[-74.176582,40.56826],[-74.176557,40.568185],[-74.176404,40.567865],[-74.176392,40.567796],[-74.176194,40.567385],[-74.176169,40.567278],[-74.17607,40.567212],[-74.176077,40.567133],[-74.17596,40.567033],[-74.175758,40.566896],[-74.175528,40.566644],[-74.175381,40.566599],[-74.175255,40.56654],[-74.175053,40.566509],[-74.174932,40.566415],[-74.174882,40.566328],[-74.17492,40.566255],[-74.174946,40.56616],[-74.174881,40.566024],[-74.174884,40.565998],[-74.17492,40.565961],[-74.175033,40.565927],[-74.175044,40.565889],[-74.17502,40.565829],[-74.175183,40.565646],[-74.175231,40.565565],[-74.175241,40.565506],[-74.175302,40.565416],[-74.175532,40.565226],[-74.17557,40.565057],[-74.175563,40.56493],[-74.175346,40.564958],[-74.175159,40.564812],[-74.175133,40.564754],[-74.175072,40.564475],[-74.175002,40.564415],[-74.174388,40.564359],[-74.174155,40.564366],[-74.174089,40.564396],[-74.174042,40.564445],[-74.174026,40.564491],[-74.174041,40.564512],[-74.174197,40.564512],[-74.17434,40.5646],[-74.174381,40.564651],[-74.174387,40.564783],[-74.174463,40.564877],[-74.174512,40.565177],[-74.174468,40.565264],[-74.174514,40.565355],[-74.174511,40.565391],[-74.17449,40.565453],[-74.174443,40.56551],[-74.174407,40.565524],[-74.174341,40.565511],[-74.174309,40.565492],[-74.17428,40.565447],[-74.174204,40.565449],[-74.173966,40.56529],[-74.173903,40.565225],[-74.173864,40.565134],[-74.173853,40.56506],[-74.1739,40.564977],[-74.173876,40.564844],[-74.173889,40.564773],[-74.173918,40.564734],[-74.173952,40.564735],[-74.174012,40.564776],[-74.174058,40.564873],[-74.174043,40.564959],[-74.174053,40.56498],[-74.174086,40.564993],[-74.174159,40.564978],[-74.174232,40.564997],[-74.174252,40.564977],[-74.174157,40.564854],[-74.174168,40.564779],[-74.174154,40.564733],[-74.174037,40.564636],[-74.173871,40.564644],[-74.17375,40.564628],[-74.173734,40.564531],[-74.17371,40.56449],[-74.173691,40.564331],[-74.17354,40.564125],[-74.173487,40.564017],[-74.172993,40.563827],[-74.172973,40.563909],[-74.172997,40.564005],[-74.172919,40.564081],[-74.172924,40.564135],[-74.173,40.564221],[-74.173051,40.56444],[-74.173085,40.564495],[-74.172643,40.564557],[-74.172482,40.56456],[-74.172432,40.564526],[-74.172407,40.564528],[-74.17237,40.564553],[-74.172248,40.564565],[-74.172161,40.564629],[-74.172213,40.564729],[-74.172322,40.564699],[-74.172418,40.564734],[-74.172715,40.564711],[-74.172968,40.564722],[-74.17306,40.564752],[-74.1731,40.56488],[-74.17318,40.564891],[-74.173195,40.564905],[-74.173178,40.564957],[-74.173086,40.564998],[-74.173071,40.565031],[-74.173108,40.56507],[-74.173211,40.565107],[-74.1731,40.565173],[-74.173055,40.565221],[-74.173018,40.565321],[-74.172905,40.565481],[-74.172786,40.565781],[-74.172722,40.565831],[-74.17255,40.565876],[-74.172344,40.565883],[-74.172211,40.565862],[-74.172127,40.565899],[-74.171928,40.565932],[-74.171794,40.565935],[-74.171693,40.565897],[-74.171661,40.565903],[-74.171456,40.566013],[-74.171446,40.566052],[-74.171476,40.56613],[-74.171453,40.566176],[-74.17126,40.566181],[-74.171167,40.566217],[-74.171058,40.566288],[-74.170982,40.566306],[-74.170904,40.566301],[-74.170854,40.566244],[-74.170776,40.56624],[-74.170276,40.565995],[-74.170099,40.565988],[-74.170043,40.566037],[-74.169903,40.566082],[-74.169139,40.566039],[-74.169024,40.566053],[-74.168923,40.566034],[-74.168777,40.566098],[-74.168676,40.566106],[-74.168531,40.566089],[-74.168315,40.566154],[-74.168218,40.566166],[-74.168034,40.566299],[-74.167808,40.566346],[-74.167668,40.56632],[-74.167571,40.566341],[-74.167491,40.566383],[-74.167412,40.566452],[-74.1673,40.566486],[-74.166998,40.566504],[-74.166901,40.566475],[-74.166778,40.566538],[-74.166716,40.566502],[-74.166653,40.566423],[-74.166574,40.566414],[-74.16654,40.56643],[-74.166558,40.566508],[-74.166555,40.566586],[-74.166525,40.566641],[-74.166462,40.5667],[-74.16631,40.566776],[-74.166209,40.56678],[-74.166141,40.566744],[-74.166045,40.566793],[-74.165959,40.56681],[-74.165746,40.566787],[-74.165512,40.566734],[-74.165235,40.566571],[-74.165146,40.566461],[-74.165018,40.56613],[-74.16471,40.566248],[-74.164722,40.566317],[-74.164779,40.566489],[-74.164778,40.566568],[-74.164846,40.566639],[-74.164859,40.56671],[-74.164895,40.566736],[-74.164899,40.566781],[-74.164947,40.566818],[-74.165068,40.566852],[-74.165137,40.566946],[-74.165236,40.567006],[-74.165264,40.56704],[-74.165276,40.567078],[-74.165196,40.567189],[-74.165197,40.567301],[-74.165231,40.567468],[-74.165308,40.567506],[-74.165325,40.567533],[-74.165312,40.567607],[-74.165098,40.56778],[-74.165061,40.567877],[-74.164997,40.56793],[-74.164957,40.568007],[-74.164858,40.568018],[-74.164805,40.568042],[-74.164727,40.568152],[-74.164642,40.568221],[-74.164567,40.568257],[-74.164364,40.568309],[-74.1643,40.568351],[-74.16421,40.568445],[-74.164125,40.568489],[-74.163927,40.568543],[-74.163627,40.568694],[-74.163396,40.568756],[-74.163238,40.568824],[-74.163142,40.56884],[-74.163021,40.568889],[-74.162775,40.568929],[-74.162589,40.568986],[-74.162372,40.568995],[-74.162206,40.568968],[-74.162121,40.568971],[-74.161896,40.569092],[-74.161653,40.569128],[-74.161471,40.56909],[-74.161323,40.569122],[-74.160772,40.569066],[-74.160691,40.569034],[-74.160617,40.568959],[-74.160532,40.568957],[-74.16034,40.568872],[-74.160228,40.568858],[-74.16013,40.568823],[-74.159844,40.568888],[-74.159615,40.568852],[-74.159411,40.568871],[-74.15927,40.568827],[-74.159238,40.568831],[-74.159158,40.568967],[-74.159075,40.569028],[-74.158898,40.56908],[-74.158698,40.569077],[-74.15863,40.569165],[-74.158531,40.569199],[-74.158461,40.569187],[-74.158358,40.569118],[-74.158213,40.569072],[-74.15809,40.568975],[-74.158078,40.568898],[-74.15791,40.568872],[-74.157846,40.568913],[-74.157799,40.56892],[-74.157764,40.568903],[-74.157718,40.568838],[-74.157646,40.568802],[-74.157496,40.568792],[-74.157354,40.568751],[-74.157302,40.568765],[-74.157228,40.568821],[-74.157074,40.568833],[-74.157016,40.568861],[-74.156972,40.568928],[-74.156951,40.569008],[-74.156974,40.569122],[-74.157029,40.569269],[-74.157111,40.56934],[-74.157369,40.569426],[-74.157499,40.569509],[-74.157529,40.569545],[-74.15762,40.569803],[-74.15769,40.569888],[-74.157735,40.569924],[-74.157787,40.569937],[-74.157895,40.569945],[-74.158002,40.569928],[-74.15821,40.569817],[-74.158343,40.569843],[-74.158421,40.569843],[-74.15859,40.569883],[-74.15885,40.569794],[-74.159192,40.569773],[-74.159487,40.569692],[-74.159599,40.56963],[-74.159666,40.56961],[-74.159942,40.569568],[-74.160323,40.569619],[-74.160442,40.569653],[-74.160619,40.569639],[-74.160673,40.569615],[-74.160737,40.56965],[-74.160939,40.569685],[-74.160966,40.569685],[-74.161001,40.569656],[-74.161059,40.569657],[-74.161248,40.569752],[-74.161342,40.569748],[-74.161538,40.569699],[-74.161688,40.569708],[-74.161756,40.569683],[-74.162225,40.569696],[-74.162266,40.569715],[-74.162287,40.569757],[-74.162283,40.56981],[-74.162345,40.569861],[-74.162389,40.569832],[-74.162492,40.56967],[-74.16258,40.569641],[-74.16271,40.569541],[-74.162847,40.569519],[-74.162985,40.569448],[-74.163139,40.569454],[-74.16336,40.569355],[-74.163558,40.569308],[-74.163707,40.569222],[-74.163908,40.569151],[-74.164193,40.56912],[-74.164222,40.569072],[-74.164322,40.569009],[-74.16446,40.568961],[-74.164569,40.568978],[-74.164625,40.568907],[-74.164903,40.568846],[-74.165206,40.568728],[-74.165247,40.568688],[-74.165313,40.568566],[-74.165355,40.56856],[-74.165379,40.568584],[-74.16541,40.568697],[-74.165447,40.568735],[-74.165519,40.568744],[-74.165586,40.568723],[-74.165613,40.568682],[-74.165615,40.568648],[-74.165565,40.568506],[-74.165629,40.568352],[-74.165714,40.568349],[-74.165754,40.568306],[-74.165771,40.568228],[-74.165888,40.568143],[-74.165968,40.568011],[-74.165973,40.567933],[-74.166009,40.567887],[-74.16619,40.56781],[-74.16633,40.567658],[-74.166435,40.567593],[-74.166413,40.567544],[-74.166462,40.567518],[-74.166829,40.56738],[-74.166913,40.567388],[-74.166975,40.56745],[-74.167016,40.567452],[-74.16704,40.567438],[-74.167087,40.567323],[-74.167256,40.567313],[-74.167446,40.567258],[-74.16773,40.567204],[-74.167823,40.56722],[-74.16784,40.567238],[-74.167843,40.567262],[-74.167792,40.567406],[-74.167844,40.567438],[-74.16791,40.567442],[-74.168061,40.56738],[-74.168046,40.567281],[-74.168095,40.567185],[-74.16815,40.567139],[-74.1683,40.567057],[-74.168591,40.566991],[-74.168861,40.566968],[-74.16897,40.56691],[-74.169158,40.56694],[-74.169338,40.566921],[-74.169398,40.5669],[-74.169662,40.5669],[-74.169631,40.567641],[-74.169626,40.568281],[-74.169643,40.568921],[-74.169683,40.56956],[-74.169745,40.570198],[-74.169894,40.571356],[-74.16994,40.571878],[-74.169965,40.572402],[-74.16997,40.572927],[-74.169954,40.57345],[-74.169673,40.577942],[-74.169559,40.578915],[-74.168954,40.583098],[-74.168419,40.586578],[-74.167925,40.588418],[-74.167802,40.588679],[-74.167706,40.588821],[-74.16759,40.588953],[-74.163952,40.586842],[-74.160334,40.584795],[-74.156385,40.582695],[-74.155085,40.581974],[-74.153937,40.581385],[-74.153359,40.581056],[-74.152528,40.580617],[-74.151906,40.580321],[-74.151229,40.579924],[-74.151062,40.579789],[-74.150872,40.579551],[-74.150722,40.579219],[-74.150616,40.578841],[-74.150535,40.578248],[-74.150462,40.578041],[-74.150287,40.57775],[-74.15013,40.577573],[-74.14938,40.576937],[-74.148656,40.576283],[-74.147755,40.575417],[-74.14757,40.575209],[-74.147404,40.574993],[-74.147125,40.574546],[-74.146853,40.574258],[-74.146823,40.574197],[-74.146819,40.574132],[-74.146842,40.574069],[-74.14702,40.57386],[-74.147085,40.573756],[-74.147116,40.573643],[-74.147113,40.573528],[-74.147076,40.573416],[-74.146961,40.573267],[-74.146711,40.573213],[-74.146604,40.573147],[-74.146563,40.573085],[-74.146556,40.572981],[-74.147236,40.571461],[-74.147901,40.57089]],[[-74.204511,40.571748],[-74.204434,40.571828],[-74.204301,40.571843],[-74.204228,40.571798],[-74.204119,40.571767],[-74.203937,40.571844],[-74.203838,40.571844],[-74.203719,40.571895],[-74.203253,40.571893],[-74.203158,40.571907],[-74.203096,40.571972],[-74.203023,40.571982],[-74.202885,40.571947],[-74.202945,40.572245],[-74.205005,40.571998],[-74.204951,40.571728],[-74.204511,40.571748]],[[-74.202909,40.572257],[-74.202853,40.571949],[-74.202531,40.572067],[-74.202392,40.572062],[-74.20228,40.572089],[-74.202134,40.572079],[-74.201942,40.572147],[-74.201765,40.572155],[-74.201502,40.572303],[-74.201517,40.57242],[-74.202909,40.572257]],[[-74.201488,40.57242],[-74.201478,40.572328],[-74.201385,40.572409],[-74.200239,40.572946],[-74.200297,40.573015],[-74.201375,40.572433],[-74.201488,40.57242]],[[-74.200261,40.57303],[-74.200203,40.572962],[-74.199557,40.573328],[-74.199393,40.573576],[-74.199484,40.573608],[-74.199664,40.573344],[-74.200261,40.57303]],[[-74.199471,40.573636],[-74.199378,40.5736],[-74.199284,40.57379],[-74.199222,40.573963],[-74.199086,40.574232],[-74.199001,40.574226],[-74.19887,40.574441],[-74.199002,40.574483],[-74.199471,40.573636]],[[-74.198994,40.574511],[-74.198849,40.574465],[-74.198804,40.574618],[-74.198727,40.574749],[-74.198709,40.574888],[-74.198655,40.574962],[-74.198645,40.575039],[-74.198763,40.575055],[-74.198761,40.575069],[-74.198683,40.575117],[-74.198648,40.575173],[-74.198642,40.575364],[-74.198607,40.57546],[-74.198513,40.575606],[-74.198517,40.575719],[-74.198668,40.575734],[-74.198684,40.575664],[-74.198763,40.575655],[-74.198869,40.57471],[-74.198994,40.574511]],[[-74.198437,40.576328],[-74.198358,40.576383],[-74.198161,40.576437],[-74.198041,40.576498],[-74.197978,40.576604],[-74.197976,40.576703],[-74.198592,40.576766],[-74.198751,40.575764],[-74.198513,40.575744],[-74.198512,40.576039],[-74.198437,40.576328]],[[-74.198584,40.576789],[-74.197972,40.576738],[-74.198097,40.576804],[-74.198398,40.576853],[-74.198393,40.576901],[-74.198571,40.576914],[-74.198584,40.576789]],[[-74.198378,40.577299],[-74.198507,40.577306],[-74.198553,40.577027],[-74.198364,40.577006],[-74.198363,40.577075],[-74.198449,40.577103],[-74.198496,40.577155],[-74.198497,40.577238],[-74.198451,40.57729],[-74.198378,40.577299]],[[-74.198174,40.577953],[-74.198135,40.578003],[-74.198391,40.578029],[-74.198445,40.577703],[-74.198232,40.577687],[-74.198238,40.577837],[-74.198174,40.577953]]]]},"properties":{"co":"L87","bn":"23","div":"8"}},{"type":"Feature","geometry":{"type":"Polygon","coordinates":[[[-74.015976,40.634744],[-74.014754,40.633962],[-74.014109,40.634564],[-74.011759,40.636823],[-74.005565,40.633083],[-74.015708,40.626295],[-74.018615,40.624369],[-74.018651,40.624291],[-74.018785,40.624163],[-74.018849,40.624066],[-74.019387,40.622892],[-74.019705,40.622185],[-74.020595,40.61999],[-74.021729,40.620679],[-74.021802,40.620603],[-74.021866,40.620642],[-74.02174,40.620775],[-74.022555,40.621264],[-74.022625,40.621211],[-74.027734,40.624301],[-74.025361,40.630109],[-74.025086,40.630832],[-74.024792,40.631506],[-74.022626,40.636799],[-74.021087,40.638264],[-74.020859,40.638042],[-74.020588,40.637815],[-74.020057,40.637437],[-74.017951,40.63619],[-74.017217,40.63572],[-74.01681,40.635397],[-74.016561,40.635145],[-74.015976,40.634744]]]},"properties":{"co":"L109","bn":"40","div":"8"}},{"type":"Feature","geometry":{"type":"Polygon","coordinates":[[[-74.025416,40.651934],[-74.024178,40.651192],[-74.023823,40.651354],[-74.023654,40.651256],[-74.023594,40.651316],[-74.02306,40.650974],[-74.02302,40.651006],[-74.022942,40.650944],[-74.020294,40.649303],[-74.002672,40.638667],[-74.007356,40.634164],[-74.011759,40.636823],[-74.014109,40.634564],[-74.014754,40.633962],[-74.015976,40.634744],[-74.016561,40.635145],[-74.01681,40.635397],[-74.017217,40.63572],[-74.017458,40.635884],[-74.020057,40.637437],[-74.020588,40.637815],[-74.020859,40.638042],[-74.021087,40.638264],[-74.021375,40.637999],[-74.023549,40.63932],[-74.024574,40.639924],[-74.026335,40.641007],[-74.027133,40.641569],[-74.031598,40.644202],[-74.030518,40.645274],[-74.029081,40.644404],[-74.028998,40.644472],[-74.029154,40.644581],[-74.028862,40.644866],[-74.028822,40.644842],[-74.029091,40.644601],[-74.029087,40.644583],[-74.028501,40.644178],[-74.028231,40.644438],[-74.028191,40.644414],[-74.028457,40.644156],[-74.028206,40.644016],[-74.027753,40.644506],[-74.027034,40.645198],[-74.026049,40.646261],[-74.029741,40.648486],[-74.02939,40.648804],[-74.025718,40.646615],[-74.025381,40.646912],[-74.025071,40.646726],[-74.024355,40.647399],[-74.024146,40.647615],[-74.025129,40.648323],[-74.024968,40.648606],[-74.025539,40.649782],[-74.024844,40.6506],[-74.025206,40.650818],[-74.025416,40.650619],[-74.026051,40.650994],[-74.025871,40.651161],[-74.025928,40.651197],[-74.025776,40.651334],[-74.025691,40.65132],[-74.02553,40.651479],[-74.024911,40.651106],[-74.02509,40.650924],[-74.025077,40.650914],[-74.025103,40.650893],[-74.024772,40.650688],[-74.024523,40.650938],[-74.024488,40.650918],[-74.024289,40.651112],[-74.024272,40.651103],[-74.02424,40.651134],[-74.025501,40.65184],[-74.025416,40.651934]]]},"properties":{"co":"L114","bn":"40","div":"8"}},{"type":"Feature","geometry":{"type":"Polygon","coordinates":[[[-73.996582,40.616555],[-74.010751,40.602916],[-74.010017,40.60247],[-74.011241,40.601293],[-74.010398,40.600911],[-74.008971,40.600098],[-74.009217,40.599844],[-74.009616,40.60004],[-74.010412,40.600475],[-74.011243,40.600871],[-74.01237,40.601349],[-74.012999,40.601559],[-74.014728,40.602066],[-74.015789,40.602286],[-74.016086,40.602335],[-74.016986,40.602451],[-74.017591,40.602503],[-74.017992,40.602492],[-74.018293,40.602447],[-74.018323,40.602418],[-74.019136,40.602613],[-74.019134,40.602649],[-74.019328,40.602811],[-74.019428,40.602872],[-74.019232,40.603102],[-74.018714,40.603582],[-74.018231,40.604108],[-74.018215,40.604182],[-74.018176,40.604253],[-74.018119,40.604315],[-74.017509,40.60485],[-74.017467,40.604965],[-74.015499,40.606842],[-74.017019,40.607654],[-74.015224,40.609356],[-74.011712,40.612735],[-74.013907,40.614052],[-74.013289,40.614669],[-74.010383,40.617464],[-74.008177,40.616133],[-74.002276,40.621814],[-73.995418,40.617672],[-73.996582,40.616555]]]},"properties":{"co":"L149","bn":"42","div":"8"}},{"type":"Feature","geometry":{"type":"Polygon","coordinates":[[[-74.205461,40.525544],[-74.204791,40.521444],[-74.204566,40.520277],[-74.204524,40.519943],[-74.204461,40.519611],[-74.204377,40.519282],[-74.204273,40.518955],[-74.20415,40.518634],[-74.203688,40.517645],[-74.203065,40.516962],[-74.201987,40.515655],[-74.20145,40.515277],[-74.200978,40.514852],[-74.200688,40.514384],[-74.200275,40.513325],[-74.199815,40.513215],[-74.199685,40.513201],[-74.199418,40.513215],[-74.199168,40.513282],[-74.196851,40.513201],[-74.197707,40.510665],[-74.197882,40.510807],[-74.198081,40.510931],[-74.198721,40.511244],[-74.199081,40.511348],[-74.199333,40.511385],[-74.199557,40.511386],[-74.199647,40.511412],[-74.199768,40.511533],[-74.199862,40.511676],[-74.199949,40.511906],[-74.19993,40.512011],[-74.199944,40.512116],[-74.200025,40.512262],[-74.200068,40.512379],[-74.200074,40.51256],[-74.200037,40.512678],[-74.199902,40.512722],[-74.198926,40.512777],[-74.199073,40.513084],[-74.199187,40.513093],[-74.199254,40.513042],[-74.199286,40.512996],[-74.199438,40.513017],[-74.199593,40.51301],[-74.199814,40.512947],[-74.199957,40.51293],[-74.2001,40.51294],[-74.200273,40.512996],[-74.200455,40.51303],[-74.200642,40.513042],[-74.200829,40.513031],[-74.202681,40.512739],[-74.204797,40.512294],[-74.20491,40.51228],[-74.205196,40.512331],[-74.205305,40.512326],[-74.207569,40.511856],[-74.207996,40.511718],[-74.208606,40.511463],[-74.209173,40.511155],[-74.209688,40.510797],[-74.209278,40.510483],[-74.209221,40.510524],[-74.20919,40.510499],[-74.209322,40.510399],[-74.209358,40.510422],[-74.209302,40.510462],[-74.209714,40.510778],[-74.209853,40.510672],[-74.210135,40.510417],[-74.210519,40.509991],[-74.210841,40.509536],[-74.211106,40.50904],[-74.211165,40.508989],[-74.211309,40.508914],[-74.211357,40.508838],[-74.211599,40.508567],[-74.211803,40.508296],[-74.211819,40.508262],[-74.211784,40.508198],[-74.211792,40.508173],[-74.211893,40.508175],[-74.211987,40.508104],[-74.212121,40.507966],[-74.21223,40.507815],[-74.212273,40.507735],[-74.212257,40.507702],[-74.212271,40.507668],[-74.212412,40.507629],[-74.212521,40.507477],[-74.212632,40.507359],[-74.21296,40.507122],[-74.213382,40.506766],[-74.213532,40.506592],[-74.213514,40.506474],[-74.213531,40.506397],[-74.213608,40.506425],[-74.213808,40.506596],[-74.213855,40.506607],[-74.214343,40.506519],[-74.214663,40.50635],[-74.215108,40.50606],[-74.215658,40.505617],[-74.215912,40.505371],[-74.216137,40.50511],[-74.216416,40.504692],[-74.217355,40.503643],[-74.217526,40.50338],[-74.217582,40.503341],[-74.217666,40.503333],[-74.217792,40.503372],[-74.217946,40.50336],[-74.218038,40.503324],[-74.218176,40.503228],[-74.218287,40.503182],[-74.219016,40.502995],[-74.219598,40.502786],[-74.21977,40.502743],[-74.220039,40.502717],[-74.220428,40.50275],[-74.220638,40.502749],[-74.220846,40.502721],[-74.221045,40.502669],[-74.221271,40.502651],[-74.22154,40.502561],[-74.221663,40.502537],[-74.221841,40.502538],[-74.221995,40.502589],[-74.222113,40.502602],[-74.222286,40.502574],[-74.222472,40.502502],[-74.222721,40.502527],[-74.223047,40.502478],[-74.22316,40.502439],[-74.2233,40.502338],[-74.223361,40.502313],[-74.223678,40.502299],[-74.22384,40.50227],[-74.223993,40.502221],[-74.224444,40.501963],[-74.224756,40.501858],[-74.224872,40.501802],[-74.225002,40.50177],[-74.225207,40.501774],[-74.225488,40.501844],[-74.225911,40.50197],[-74.22636,40.502142],[-74.226616,40.502219],[-74.227019,40.502286],[-74.227294,40.502297],[-74.227949,40.502244],[-74.228439,40.502257],[-74.229716,40.502086],[-74.23033,40.501863],[-74.230327,40.501812],[-74.230339,40.501804],[-74.23041,40.501911],[-74.230554,40.501947],[-74.230765,40.501925],[-74.231145,40.501851],[-74.231225,40.501816],[-74.231244,40.501827],[-74.232146,40.501501],[-74.233047,40.501102],[-74.233144,40.501079],[-74.23321,40.501096],[-74.233599,40.500913],[-74.234414,40.500774],[-74.235265,40.500606],[-74.235439,40.500545],[-74.235732,40.500402],[-74.235954,40.500344],[-74.236428,40.500077],[-74.236473,40.500113],[-74.23662,40.500072],[-74.236788,40.500001],[-74.237006,40.499855],[-74.237404,40.4995],[-74.237689,40.499173],[-74.237668,40.499123],[-74.237748,40.499101],[-74.237771,40.49918],[-74.237987,40.499166],[-74.238096,40.499126],[-74.238513,40.498896],[-74.239668,40.497703],[-74.239763,40.497626],[-74.239849,40.497583],[-74.239981,40.497569],[-74.24013,40.497619],[-74.240251,40.49764],[-74.240636,40.497609],[-74.240959,40.497643],[-74.241105,40.497618],[-74.241365,40.497627],[-74.241624,40.497608],[-74.241999,40.497528],[-74.242134,40.497523],[-74.242267,40.497539],[-74.242597,40.497623],[-74.242784,40.497637],[-74.243411,40.497577],[-74.243975,40.497582],[-74.244328,40.497547],[-74.244661,40.49745],[-74.245135,40.497235],[-74.245489,40.497045],[-74.245907,40.496785],[-74.246305,40.496438],[-74.246761,40.496134],[-74.247171,40.496143],[-74.247579,40.496179],[-74.247981,40.496242],[-74.248374,40.496331],[-74.248756,40.496445],[-74.249124,40.496585],[-74.249474,40.496748],[-74.249717,40.496886],[-74.249926,40.497083],[-74.250327,40.497539],[-74.250855,40.498006],[-74.250959,40.498223],[-74.250988,40.49836],[-74.251003,40.498618],[-74.251104,40.498934],[-74.25131,40.4991],[-74.251471,40.499191],[-74.2526,40.499643],[-74.252907,40.499866],[-74.253161,40.500125],[-74.253298,40.500315],[-74.253406,40.500514],[-74.253743,40.501415],[-74.253846,40.501636],[-74.254058,40.501948],[-74.254235,40.50214],[-74.254274,40.502161],[-74.255234,40.503935],[-74.255343,40.504302],[-74.255369,40.504553],[-74.255307,40.506536],[-74.255353,40.506863],[-74.255492,40.507357],[-74.255578,40.507578],[-74.255591,40.507713],[-74.255572,40.507763],[-74.251849,40.507581],[-74.243741,40.509992],[-74.243137,40.510226],[-74.241982,40.510816],[-74.240585,40.511493],[-74.239702,40.511946],[-74.238799,40.512524],[-74.238172,40.512982],[-74.237461,40.513466],[-74.235637,40.514388],[-74.234571,40.515052],[-74.232822,40.516337],[-74.231593,40.517533],[-74.230766,40.518508],[-74.230508,40.518719],[-74.230192,40.518907],[-74.230062,40.518966],[-74.229779,40.51905],[-74.228565,40.519207],[-74.226723,40.519163],[-74.226382,40.519042],[-74.226068,40.518876],[-74.225927,40.518779],[-74.22568,40.518562],[-74.225132,40.518405],[-74.224567,40.518288],[-74.223796,40.518196],[-74.223507,40.518246],[-74.223225,40.518316],[-74.22282,40.518456],[-74.220137,40.519621],[-74.217318,40.521006],[-74.216733,40.522366],[-74.216567,40.522662],[-74.215672,40.523958],[-74.213519,40.524149],[-74.212293,40.524277],[-74.211425,40.524414],[-74.210282,40.524721],[-74.209971,40.524888],[-74.209834,40.524991],[-74.209612,40.525227],[-74.209427,40.525317],[-74.209231,40.52537],[-74.208992,40.525379],[-74.20823,40.525249],[-74.207772,40.525229],[-74.206666,40.525354],[-74.205461,40.525544]]]},"properties":{"co":"E151","bn":"23","div":"8"}},{"type":"Feature","geometry":{"type":"Polygon","coordinates":[[[-74.070027,40.621454],[-74.069983,40.621418],[-74.069904,40.621439],[-74.06988,40.621405],[-74.069906,40.621388],[-74.069898,40.621351],[-74.069878,40.621351],[-74.069858,40.621319],[-74.06984,40.621323],[-74.069771,40.621269],[-74.069784,40.621247],[-74.069755,40.621208],[-74.069463,40.621087],[-74.069213,40.620903],[-74.069225,40.620892],[-74.066692,40.619086],[-74.066657,40.619016],[-74.066493,40.618898],[-74.065961,40.619359],[-74.06591,40.619316],[-74.06641,40.618864],[-74.066199,40.618722],[-74.065573,40.619275],[-74.065446,40.619203],[-74.066682,40.618067],[-74.066416,40.617872],[-74.06605,40.618195],[-74.065699,40.617956],[-74.065465,40.618107],[-74.064962,40.617772],[-74.064357,40.618246],[-74.064257,40.618172],[-74.065099,40.617511],[-74.064437,40.617062],[-74.064012,40.617402],[-74.063909,40.617329],[-74.064327,40.616989],[-74.064198,40.616901],[-74.063868,40.616858],[-74.063761,40.616799],[-74.063736,40.616771],[-74.06373,40.616728],[-74.063767,40.616604],[-74.06356,40.616444],[-74.06288,40.615744],[-74.061833,40.614787],[-74.06144,40.614378],[-74.061039,40.613591],[-74.060809,40.613032],[-74.060738,40.613047],[-74.060649,40.612808],[-74.060674,40.612578],[-74.060595,40.612252],[-74.06054,40.612149],[-74.060337,40.611902],[-74.059854,40.612103],[-74.060047,40.612722],[-74.060004,40.612727],[-74.060016,40.612764],[-74.060198,40.612786],[-74.060196,40.612802],[-74.059999,40.612784],[-74.059769,40.612057],[-74.060272,40.61182],[-74.060078,40.61183],[-74.059901,40.611749],[-74.059533,40.611714],[-74.059476,40.611691],[-74.059431,40.611654],[-74.059114,40.611254],[-74.058922,40.611056],[-74.058901,40.611002],[-74.058927,40.610938],[-74.059046,40.61089],[-74.059123,40.610822],[-74.059122,40.610738],[-74.059086,40.610634],[-74.058579,40.610049],[-74.05848,40.610011],[-74.058477,40.609927],[-74.058327,40.609768],[-74.057762,40.609326],[-74.057164,40.608743],[-74.057134,40.608636],[-74.057033,40.608474],[-74.056966,40.60827],[-74.056772,40.6079],[-74.05666,40.607556],[-74.056496,40.607248],[-74.056407,40.607189],[-74.05601,40.606781],[-74.055521,40.606483],[-74.055379,40.606494],[-74.055287,40.606539],[-74.05516,40.60673],[-74.054989,40.606661],[-74.054999,40.606646],[-74.055034,40.60666],[-74.055052,40.606634],[-74.05502,40.606621],[-74.055056,40.606569],[-74.055104,40.606588],[-74.055182,40.606475],[-74.05518,40.606402],[-74.055153,40.606329],[-74.05506,40.606265],[-74.053811,40.605913],[-74.053607,40.605239],[-74.05402,40.604935],[-74.053696,40.604148],[-74.053671,40.604005],[-74.05354,40.603634],[-74.053205,40.60206],[-74.053087,40.601802],[-74.053047,40.601623],[-74.053033,40.601466],[-74.053048,40.601336],[-74.053096,40.601211],[-74.053319,40.601011],[-74.053388,40.600869],[-74.053427,40.600699],[-74.053422,40.600516],[-74.05319,40.600281],[-74.0528,40.600061],[-74.052403,40.599869],[-74.052254,40.599851],[-74.05223,40.599824],[-74.052228,40.599776],[-74.052291,40.59972],[-74.052372,40.599719],[-74.052492,40.599737],[-74.052607,40.599815],[-74.05291,40.599845],[-74.053097,40.599731],[-74.054341,40.598819],[-74.054312,40.598778],[-74.054336,40.59876],[-74.054474,40.598756],[-74.057194,40.596395],[-74.059727,40.593908],[-74.059747,40.593849],[-74.059641,40.593709],[-74.059663,40.593703],[-74.059767,40.593835],[-74.060554,40.59338],[-74.060903,40.593711],[-74.061767,40.594137],[-74.062863,40.595298],[-74.062588,40.595624],[-74.062337,40.595887],[-74.061961,40.596118],[-74.061894,40.596176],[-74.061808,40.596314],[-74.061844,40.596454],[-74.061897,40.596591],[-74.062056,40.596849],[-74.062482,40.597348],[-74.063626,40.598752],[-74.064637,40.600182],[-74.064947,40.600747],[-74.065393,40.60228],[-74.065507,40.60272],[-74.066629,40.603105],[-74.06914,40.60404],[-74.071515,40.604978],[-74.073352,40.605563],[-74.074,40.605726],[-74.075432,40.605988],[-74.076567,40.606122],[-74.076254,40.607742],[-74.076086,40.608188],[-74.075722,40.608684],[-74.075783,40.608756],[-74.075712,40.60883],[-74.07533,40.609164],[-74.07497,40.609513],[-74.074582,40.609784],[-74.074299,40.609942],[-74.070677,40.611776],[-74.072458,40.614078],[-74.073454,40.615415],[-74.073941,40.616038],[-74.074878,40.617421],[-74.075562,40.618493],[-74.076045,40.619142],[-74.076956,40.620161],[-74.072536,40.622464],[-74.071235,40.623093],[-74.071147,40.62292],[-74.070989,40.622709],[-74.070917,40.622656],[-74.07072,40.622577],[-74.070587,40.622381],[-74.070568,40.622281],[-74.070506,40.622204],[-74.070448,40.622089],[-74.070337,40.621978],[-74.070243,40.621792],[-74.070168,40.621721],[-74.070087,40.621608],[-74.070065,40.62151],[-74.070027,40.621454]]]},"properties":{"co":"E152","bn":"21","div":"8"}},{"type":"Feature","geometry":{"type":"Polygon","coordinates":[[[-74.073138,40.627075],[-74.073462,40.626988],[-74.073549,40.626926],[-74.073516,40.626864],[-74.073527,40.626863],[-74.073487,40.626848],[-74.072881,40.626929],[-74.072705,40.626874],[-74.072255,40.624609],[-74.071235,40.623093],[-74.072536,40.622464],[-74.076956,40.620161],[-74.076045,40.619142],[-74.075562,40.618493],[-74.074878,40.617421],[-74.073941,40.616038],[-74.073454,40.615415],[-74.072458,40.614078],[-74.070677,40.611776],[-74.074299,40.609942],[-74.074582,40.609784],[-74.07497,40.609513],[-74.07533,40.609164],[-74.075783,40.608756],[-74.075722,40.608684],[-74.076086,40.608188],[-74.076254,40.607742],[-74.076567,40.606122],[-74.077018,40.60363],[-74.077318,40.603645],[-74.077155,40.602962],[-74.076702,40.602121],[-74.076445,40.601237],[-74.076437,40.601002],[-74.076773,40.601175],[-74.076952,40.601242],[-74.077328,40.60133],[-74.079219,40.601385],[-74.080248,40.601707],[-74.080684,40.601811],[-74.081139,40.601855],[-74.081701,40.601845],[-74.081869,40.601863],[-74.082187,40.601941],[-74.082342,40.602086],[-74.084029,40.604474],[-74.084128,40.604596],[-74.08734,40.606447],[-74.090176,40.608125],[-74.09096,40.60863],[-74.090362,40.609181],[-74.089588,40.609848],[-74.088997,40.610664],[-74.087487,40.612932],[-74.08721,40.613307],[-74.087428,40.614419],[-74.087472,40.614561],[-74.087618,40.614833],[-74.087823,40.615088],[-74.087848,40.615165],[-74.087851,40.615243],[-74.087834,40.615318],[-74.087692,40.615535],[-74.086985,40.616533],[-74.086572,40.617169],[-74.086224,40.617944],[-74.086154,40.618172],[-74.086108,40.618403],[-74.085899,40.619909],[-74.085813,40.620376],[-74.085605,40.621146],[-74.08525,40.622801],[-74.07997,40.624483],[-74.078136,40.626507],[-74.077901,40.626931],[-74.077662,40.626996],[-74.07638,40.627138],[-74.074218,40.627302],[-74.07237,40.6275],[-74.072295,40.627138],[-74.072975,40.627109],[-74.073138,40.627075]]]},"properties":{"co":"E153","bn":"21","div":"8"}},{"type":"Feature","geometry":{"type":"MultiPolygon","coordinates":[[[[-74.071597,40.64346],[-74.071356,40.643497],[-74.071341,40.643456],[-74.071491,40.643429],[-74.071473,40.64336],[-74.071502,40.643355],[-74.071518,40.643415],[-74.071578,40.643406],[-74.071597,40.64346]]],[[[-74.071597,40.64346],[-74.072381,40.643228],[-74.072374,40.643048],[-74.072449,40.642876],[-74.072598,40.642753],[-74.072768,40.642647],[-74.072956,40.642561],[-74.073159,40.642496],[-74.074947,40.642147],[-74.075191,40.642189],[-74.075238,40.642121],[-74.075451,40.642037],[-74.075676,40.641976],[-74.07603,40.641932],[-74.076149,40.641931],[-74.076393,40.642274],[-74.077044,40.641963],[-74.077899,40.641585],[-74.078198,40.642115],[-74.080555,40.641692],[-74.08148,40.64155],[-74.081307,40.640742],[-74.087206,40.639895],[-74.087399,40.63916],[-74.087541,40.63845],[-74.087494,40.638182],[-74.087368,40.637928],[-74.087278,40.637812],[-74.086318,40.636939],[-74.086035,40.636762],[-74.085135,40.63636],[-74.085541,40.635733],[-74.085975,40.63535],[-74.086695,40.634533],[-74.087878,40.634254],[-74.088098,40.634175],[-74.088273,40.634046],[-74.088437,40.633811],[-74.08865,40.6336],[-74.089073,40.63351],[-74.089507,40.633463],[-74.089648,40.633377],[-74.089825,40.63322],[-74.089953,40.633038],[-74.090008,40.632907],[-74.090037,40.632771],[-74.090175,40.632706],[-74.090324,40.632657],[-74.090562,40.63262],[-74.090815,40.63262],[-74.091064,40.632671],[-74.091285,40.632773],[-74.091962,40.633292],[-74.09209,40.63334],[-74.0922,40.633361],[-74.092331,40.633364],[-74.092569,40.633327],[-74.092961,40.633151],[-74.093191,40.633124],[-74.093422,40.633139],[-74.094423,40.633345],[-74.094842,40.633317],[-74.095048,40.633283],[-74.095508,40.633166],[-74.095765,40.633166],[-74.095888,40.633195],[-74.096001,40.633242],[-74.097267,40.633998],[-74.096864,40.634563],[-74.096454,40.635334],[-74.096299,40.635456],[-74.09609,40.635553],[-74.095852,40.635597],[-74.095607,40.635585],[-74.093861,40.634981],[-74.093699,40.63495],[-74.093532,40.634943],[-74.093285,40.634978],[-74.093133,40.63503],[-74.092996,40.635103],[-74.092731,40.635371],[-74.092439,40.635596],[-74.093389,40.6366],[-74.093863,40.638025],[-74.094093,40.639267],[-74.094305,40.640156],[-74.0944,40.640489],[-74.094754,40.640773],[-74.095357,40.642716],[-74.095968,40.644811],[-74.096046,40.645373],[-74.094685,40.645556],[-74.093627,40.645839],[-74.092988,40.645973],[-74.093005,40.646076],[-74.091357,40.646701],[-74.09096,40.646819],[-74.089923,40.647176],[-74.089398,40.64731],[-74.08836,40.647908],[-74.088274,40.647921],[-74.088241,40.647902],[-74.087674,40.648235],[-74.086345,40.6487],[-74.085708,40.648881],[-74.085227,40.648926],[-74.084761,40.648875],[-74.083903,40.648582],[-74.082566,40.648316],[-74.082124,40.648278],[-74.081866,40.648373],[-74.081652,40.648424],[-74.081422,40.648505],[-74.080728,40.648275],[-74.080518,40.648246],[-74.07981,40.648383],[-74.079233,40.648186],[-74.078995,40.648143],[-74.077087,40.6472],[-74.076993,40.647206],[-74.076829,40.647081],[-74.076507,40.646969],[-74.075992,40.646552],[-74.075308,40.645913],[-74.074453,40.645067],[-74.074078,40.645084],[-74.073958,40.645193],[-74.073591,40.644999],[-74.073499,40.645083],[-74.073759,40.645313],[-74.073801,40.645286],[-74.073829,40.645312],[-74.073779,40.645356],[-74.073857,40.645425],[-74.073338,40.645783],[-74.073245,40.645705],[-74.073487,40.64555],[-74.073418,40.645488],[-74.07369,40.645306],[-74.073464,40.645108],[-74.073333,40.645034],[-74.073349,40.645022],[-74.073239,40.644964],[-74.073057,40.645145],[-74.073025,40.645131],[-74.073202,40.644944],[-74.073012,40.644839],[-74.073056,40.644808],[-74.073414,40.645016],[-74.073426,40.645001],[-74.073273,40.644916],[-74.073345,40.64485],[-74.073122,40.644715],[-74.072926,40.644864],[-74.07288,40.644844],[-74.072799,40.64491],[-74.072588,40.644791],[-74.072703,40.644646],[-74.072692,40.644637],[-74.072596,40.644735],[-74.072565,40.64472],[-74.072612,40.644675],[-74.072599,40.644667],[-74.072573,40.644694],[-74.072526,40.64467],[-74.072576,40.644618],[-74.072627,40.644644],[-74.072623,40.644654],[-74.072666,40.644621],[-74.072532,40.644557],[-74.072586,40.64453],[-74.072599,40.644537],[-74.072584,40.644547],[-74.072725,40.644621],[-74.07279,40.644552],[-74.072746,40.644524],[-74.072783,40.644492],[-74.072698,40.644441],[-74.072331,40.6446],[-74.071707,40.645023],[-74.071716,40.645032],[-74.071687,40.64505],[-74.071658,40.645034],[-74.071682,40.645004],[-74.071687,40.645013],[-74.072309,40.644578],[-74.072256,40.644546],[-74.072161,40.644582],[-74.072018,40.644412],[-74.072113,40.644364],[-74.072098,40.644338],[-74.072292,40.644266],[-74.072185,40.64411],[-74.071977,40.644181],[-74.071962,40.64417],[-74.071861,40.644202],[-74.071756,40.644012],[-74.07187,40.643975],[-74.071863,40.643958],[-74.071938,40.643927],[-74.071948,40.643936],[-74.072058,40.6439],[-74.072001,40.643781],[-74.071793,40.643816],[-74.071771,40.643772],[-74.07165,40.643787],[-74.071589,40.643591],[-74.071628,40.643578],[-74.071597,40.64346]]]]},"properties":{"co":"E155","bn":"21","div":"8"}},{"type":"Feature","geometry":{"type":"Polygon","coordinates":[[[-74.103836,40.645613],[-74.103728,40.645616],[-74.10365,40.645655],[-74.103073,40.645638],[-74.102317,40.645543],[-74.101683,40.645407],[-74.100605,40.645132],[-74.100132,40.645064],[-74.098801,40.645047],[-74.0985,40.64537],[-74.096046,40.645373],[-74.095968,40.644811],[-74.095357,40.642716],[-74.094754,40.640773],[-74.0944,40.640489],[-74.094305,40.640156],[-74.094093,40.639267],[-74.093863,40.638025],[-74.093389,40.6366],[-74.092439,40.635596],[-74.092731,40.635371],[-74.092996,40.635103],[-74.093133,40.63503],[-74.093285,40.634978],[-74.093532,40.634943],[-74.093699,40.63495],[-74.093861,40.634981],[-74.095607,40.635585],[-74.095852,40.635597],[-74.09609,40.635553],[-74.096299,40.635456],[-74.096454,40.635334],[-74.096864,40.634563],[-74.097267,40.633998],[-74.097155,40.631898],[-74.09592,40.631723],[-74.095946,40.631625],[-74.09595,40.631523],[-74.095933,40.631419],[-74.095893,40.63132],[-74.095681,40.631028],[-74.095583,40.630771],[-74.095564,40.630637],[-74.095566,40.630502],[-74.095587,40.63037],[-74.095628,40.630243],[-74.095889,40.629995],[-74.096,40.629859],[-74.096096,40.629717],[-74.096242,40.629419],[-74.096351,40.629245],[-74.09661,40.628912],[-74.096921,40.628606],[-74.097192,40.628512],[-74.097313,40.62844],[-74.097417,40.628354],[-74.0975,40.628258],[-74.097706,40.627885],[-74.097873,40.62762],[-74.09806,40.627363],[-74.098268,40.627115],[-74.098608,40.626774],[-74.098794,40.626528],[-74.098861,40.626391],[-74.098905,40.626247],[-74.098927,40.6261],[-74.098925,40.625952],[-74.098901,40.625807],[-74.098855,40.625668],[-74.098791,40.625536],[-74.098053,40.624564],[-74.098005,40.624411],[-74.097936,40.624259],[-74.097844,40.624113],[-74.097732,40.623974],[-74.0976,40.623845],[-74.097452,40.623728],[-74.096922,40.623429],[-74.096773,40.623273],[-74.096695,40.62309],[-74.096685,40.622996],[-74.0967,40.622802],[-74.096684,40.622696],[-74.096644,40.622592],[-74.096582,40.622495],[-74.096404,40.622335],[-74.10007,40.619335],[-74.100743,40.618698],[-74.101349,40.618024],[-74.101898,40.617452],[-74.102549,40.616854],[-74.103509,40.616416],[-74.105187,40.618281],[-74.105608,40.618667],[-74.105884,40.618869],[-74.106089,40.618984],[-74.107341,40.619543],[-74.110016,40.620688],[-74.110944,40.621194],[-74.111534,40.621604],[-74.112351,40.622265],[-74.113262,40.623054],[-74.115419,40.623911],[-74.117331,40.624638],[-74.117637,40.62477],[-74.118067,40.625001],[-74.118333,40.625176],[-74.119165,40.625824],[-74.119674,40.626191],[-74.117964,40.627287],[-74.117862,40.627447],[-74.117833,40.627624],[-74.118132,40.627872],[-74.119008,40.628708],[-74.119469,40.629392],[-74.119903,40.630171],[-74.120225,40.630936],[-74.120437,40.63224],[-74.111954,40.633257],[-74.112252,40.634747],[-74.108932,40.63472],[-74.110654,40.643819],[-74.110816,40.64464],[-74.110923,40.645082],[-74.109739,40.645464],[-74.108865,40.645579],[-74.108236,40.645563],[-74.104722,40.645564],[-74.104646,40.64563],[-74.104396,40.64567],[-74.104341,40.645721],[-74.104124,40.64574],[-74.104022,40.645638],[-74.103986,40.645623],[-74.103836,40.645613]]]},"properties":{"co":"E156","bn":"22","div":"8"}},{"type":"Feature","geometry":{"type":"Polygon","coordinates":[[[-74.129977,40.64073],[-74.129878,40.640687],[-74.129921,40.640629],[-74.129307,40.640337],[-74.12923,40.640484],[-74.128933,40.640414],[-74.128918,40.640498],[-74.128995,40.641189],[-74.128907,40.641195],[-74.128812,40.640227],[-74.128132,40.64025],[-74.128109,40.64014],[-74.127527,40.640155],[-74.127396,40.639975],[-74.127391,40.63983],[-74.127245,40.639767],[-74.127148,40.639311],[-74.127077,40.638728],[-74.127101,40.638225],[-74.127916,40.63738],[-74.127856,40.637377],[-74.127847,40.637277],[-74.126889,40.63721],[-74.12632,40.635252],[-74.125957,40.633859],[-74.12592,40.633647],[-74.125792,40.63323],[-74.125596,40.632829],[-74.124892,40.631728],[-74.126258,40.631363],[-74.126859,40.631249],[-74.127227,40.631199],[-74.130474,40.630886],[-74.130141,40.629965],[-74.130248,40.629609],[-74.130692,40.628337],[-74.13131,40.626328],[-74.13333,40.626393],[-74.133608,40.626368],[-74.133745,40.626335],[-74.133994,40.626231],[-74.13473,40.625772],[-74.13581,40.625064],[-74.137003,40.624347],[-74.137232,40.624287],[-74.13725,40.62393],[-74.137561,40.621633],[-74.143404,40.622399],[-74.145656,40.622659],[-74.146006,40.62261],[-74.146339,40.622502],[-74.146633,40.622344],[-74.146913,40.62215],[-74.147298,40.622346],[-74.147439,40.622397],[-74.147124,40.622859],[-74.146839,40.623316],[-74.146525,40.623912],[-74.146386,40.624201],[-74.146112,40.624933],[-74.145767,40.624957],[-74.14404,40.625366],[-74.1432,40.625545],[-74.143016,40.625673],[-74.142948,40.625754],[-74.142689,40.626229],[-74.142318,40.627181],[-74.14219,40.62762],[-74.142153,40.62794],[-74.142106,40.628098],[-74.14204,40.628251],[-74.141855,40.62854],[-74.140787,40.629512],[-74.13894,40.631042],[-74.136541,40.633343],[-74.135674,40.634614],[-74.13477,40.636025],[-74.134282,40.636735],[-74.133199,40.638212],[-74.131711,40.640159],[-74.131509,40.640393],[-74.131081,40.641027],[-74.130736,40.640935],[-74.130325,40.640778],[-74.130176,40.641034],[-74.130123,40.641017],[-74.130279,40.640761],[-74.130184,40.640724],[-74.129678,40.641385],[-74.129491,40.641355],[-74.129977,40.64073]]]},"properties":{"co":"E157","bn":"22","div":"8"}},{"type":"Feature","geometry":{"type":"Polygon","coordinates":[[[-74.179896,40.645269],[-74.179884,40.64511],[-74.179844,40.64511],[-74.179848,40.645165],[-74.179775,40.645167],[-74.17973,40.644381],[-74.179331,40.644401],[-74.179332,40.644487],[-74.179298,40.644583],[-74.179335,40.644722],[-74.179292,40.644787],[-74.179281,40.644859],[-74.179293,40.644909],[-74.17934,40.644976],[-74.179251,40.645042],[-74.179212,40.64505],[-74.179154,40.645015],[-74.179106,40.644877],[-74.179075,40.644647],[-74.179081,40.644506],[-74.179046,40.644262],[-74.17906,40.64407],[-74.179002,40.643718],[-74.179036,40.643395],[-74.179114,40.643301],[-74.179179,40.643294],[-74.17927,40.643242],[-74.179339,40.643229],[-74.179405,40.643129],[-74.179406,40.643094],[-74.179371,40.643063],[-74.179373,40.643048],[-74.179435,40.643011],[-74.179408,40.642957],[-74.179417,40.642903],[-74.179405,40.642829],[-74.179385,40.642799],[-74.179428,40.642611],[-74.179484,40.642523],[-74.179543,40.642356],[-74.179556,40.642243],[-74.179601,40.64215],[-74.179612,40.642044],[-74.179602,40.641931],[-74.179587,40.641918],[-74.179558,40.641924],[-74.179534,40.642148],[-74.179486,40.642264],[-74.179462,40.642373],[-74.179322,40.642727],[-74.179304,40.642885],[-74.179244,40.642968],[-74.179187,40.642988],[-74.17914,40.64299],[-74.179039,40.642949],[-74.178984,40.64286],[-74.178932,40.642727],[-74.178889,40.642687],[-74.178791,40.642499],[-74.178641,40.642572],[-74.178514,40.642548],[-74.178483,40.642521],[-74.17837,40.64228],[-74.178257,40.642129],[-74.178236,40.642147],[-74.178239,40.642181],[-74.178368,40.642545],[-74.178341,40.642589],[-74.178289,40.642604],[-74.178202,40.642581],[-74.17811,40.642529],[-74.178008,40.642543],[-74.17796,40.642578],[-74.177931,40.642625],[-74.177891,40.64263],[-74.177812,40.6426],[-74.177785,40.642651],[-74.17776,40.642849],[-74.177743,40.64289],[-74.177686,40.642949],[-74.177459,40.643035],[-74.177386,40.643012],[-74.177328,40.643064],[-74.177211,40.643123],[-74.177135,40.64309],[-74.177155,40.64305],[-74.177145,40.64301],[-74.177099,40.643022],[-74.177087,40.643051],[-74.177058,40.643059],[-74.176824,40.642859],[-74.176736,40.642464],[-74.176705,40.642417],[-74.176683,40.642473],[-74.176358,40.642327],[-74.176359,40.642349],[-74.176652,40.642512],[-74.176687,40.642552],[-74.176724,40.642971],[-74.176708,40.643281],[-74.176668,40.643387],[-74.176585,40.643427],[-74.176497,40.643405],[-74.176337,40.64346],[-74.175982,40.643464],[-74.17578,40.643416],[-74.175707,40.643378],[-74.175665,40.64331],[-74.175603,40.643311],[-74.175532,40.643375],[-74.175484,40.643462],[-74.175506,40.643689],[-74.175572,40.643734],[-74.175586,40.643779],[-74.175532,40.643819],[-74.175484,40.643911],[-74.175477,40.644008],[-74.175493,40.644092],[-74.175472,40.644123],[-74.175494,40.64417],[-74.175547,40.644177],[-74.175708,40.644572],[-74.175709,40.644646],[-74.175685,40.64471],[-74.175669,40.644718],[-74.175559,40.644616],[-74.175499,40.644623],[-74.175467,40.644647],[-74.175375,40.644787],[-74.175351,40.644856],[-74.175327,40.64503],[-74.175297,40.645075],[-74.174953,40.64515],[-74.174896,40.645146],[-74.174788,40.645115],[-74.17472,40.645063],[-74.174586,40.645017],[-74.174523,40.645037],[-74.174448,40.645123],[-74.174366,40.645136],[-74.174154,40.64508],[-74.174059,40.645025],[-74.173787,40.644815],[-74.173641,40.644733],[-74.173431,40.644584],[-74.173155,40.644345],[-74.173,40.64426],[-74.172941,40.644205],[-74.172923,40.644171],[-74.17291,40.644064],[-74.172877,40.644009],[-74.172889,40.643975],[-74.172954,40.643926],[-74.173002,40.643828],[-74.173028,40.643707],[-74.173002,40.643585],[-74.172948,40.643515],[-74.172847,40.643453],[-74.172784,40.643486],[-74.172715,40.643498],[-74.172448,40.643422],[-74.172362,40.643256],[-74.17237,40.643234],[-74.172423,40.6432],[-74.172545,40.643192],[-74.17249,40.643154],[-74.172549,40.643135],[-74.172571,40.643066],[-74.17272,40.643001],[-74.172734,40.642986],[-74.172721,40.642948],[-74.172572,40.642987],[-74.172539,40.642891],[-74.17244,40.642812],[-74.172394,40.642818],[-74.172327,40.642862],[-74.172281,40.64285],[-74.172227,40.642861],[-74.172148,40.642842],[-74.172007,40.642877],[-74.171963,40.642858],[-74.17184,40.643012],[-74.17175,40.643092],[-74.171572,40.643138],[-74.171508,40.643134],[-74.171446,40.643093],[-74.171424,40.643041],[-74.171433,40.643019],[-74.171491,40.642984],[-74.171432,40.642974],[-74.171336,40.642856],[-74.171646,40.642651],[-74.17182,40.642563],[-74.17186,40.642523],[-74.17175,40.642517],[-74.171823,40.642439],[-74.171849,40.64238],[-74.171803,40.642312],[-74.171723,40.642283],[-74.17177,40.642197],[-74.171746,40.642167],[-74.171696,40.642144],[-74.171671,40.642044],[-74.171722,40.64194],[-74.171698,40.641908],[-74.171604,40.641865],[-74.171562,40.641877],[-74.171495,40.64177],[-74.171479,40.641703],[-74.171488,40.641667],[-74.171452,40.641455],[-74.171491,40.641414],[-74.171493,40.641249],[-74.171516,40.641212],[-74.171577,40.641191],[-74.171602,40.641146],[-74.1716,40.641108],[-74.171573,40.641077],[-74.171587,40.64103],[-74.171601,40.641015],[-74.171913,40.641006],[-74.172023,40.640989],[-74.172392,40.640788],[-74.172461,40.640707],[-74.17251,40.640677],[-74.172796,40.64063],[-74.172939,40.64058],[-74.172999,40.640523],[-74.172999,40.640498],[-74.17298,40.640486],[-74.172799,40.640606],[-74.172557,40.640644],[-74.172461,40.640674],[-74.172308,40.640801],[-74.172062,40.640942],[-74.171966,40.640969],[-74.171601,40.640996],[-74.17157,40.641012],[-74.171547,40.64107],[-74.171565,40.641148],[-74.171456,40.641213],[-74.17144,40.641359],[-74.171387,40.641423],[-74.171386,40.64148],[-74.171402,40.641499],[-74.171374,40.642085],[-74.171327,40.642085],[-74.171154,40.642399],[-74.171177,40.642404],[-74.17105,40.642594],[-74.170992,40.642572],[-74.171275,40.642112],[-74.171211,40.642068],[-74.171193,40.64174],[-74.170286,40.641775],[-74.170079,40.642086],[-74.169153,40.641873],[-74.169064,40.64213],[-74.168402,40.641991],[-74.168243,40.641941],[-74.168204,40.641868],[-74.168125,40.641825],[-74.168017,40.641838],[-74.167741,40.641728],[-74.167576,40.641845],[-74.166774,40.641582],[-74.166717,40.641479],[-74.166534,40.641423],[-74.16648,40.641435],[-74.166216,40.642424],[-74.1661,40.642407],[-74.166319,40.641437],[-74.166116,40.641371],[-74.166045,40.641301],[-74.165801,40.641225],[-74.165634,40.641214],[-74.165443,40.642281],[-74.164941,40.642209],[-74.16519,40.640642],[-74.164734,40.640391],[-74.164571,40.641419],[-74.164415,40.641397],[-74.164597,40.640316],[-74.164236,40.640106],[-74.164169,40.639994],[-74.164002,40.641066],[-74.163862,40.641053],[-74.164047,40.639947],[-74.16385,40.639892],[-74.163654,40.639862],[-74.163454,40.639857],[-74.163246,40.640957],[-74.162871,40.640937],[-74.162858,40.641028],[-74.162805,40.641038],[-74.162646,40.640967],[-74.16251,40.64093],[-74.162435,40.64093],[-74.162069,40.640788],[-74.162069,40.640728],[-74.161675,40.640611],[-74.162285,40.638766],[-74.161819,40.638646],[-74.161449,40.639428],[-74.161302,40.639394],[-74.16166,40.638665],[-74.16124,40.638595],[-74.161158,40.638694],[-74.160905,40.639386],[-74.160737,40.639351],[-74.161064,40.638681],[-74.161082,40.638568],[-74.160892,40.638541],[-74.160811,40.638633],[-74.160762,40.638624],[-74.160751,40.638518],[-74.160348,40.638444],[-74.159949,40.63994],[-74.159864,40.639928],[-74.160207,40.63861],[-74.160235,40.63841],[-74.160225,40.638339],[-74.160165,40.638565],[-74.160058,40.638722],[-74.159958,40.638744],[-74.159857,40.638729],[-74.15973,40.638578],[-74.159737,40.638524],[-74.15972,40.638453],[-74.159671,40.63844],[-74.159641,40.638414],[-74.159631,40.638214],[-74.159577,40.637993],[-74.159448,40.637928],[-74.15932,40.63781],[-74.159227,40.637796],[-74.159164,40.637848],[-74.159056,40.638039],[-74.159015,40.638269],[-74.158989,40.638579],[-74.159025,40.638584],[-74.15901,40.638823],[-74.158895,40.638815],[-74.158933,40.638264],[-74.158646,40.638249],[-74.158635,40.638128],[-74.158153,40.63811],[-74.158149,40.637968],[-74.157893,40.637965],[-74.15794,40.636817],[-74.158115,40.633829],[-74.158141,40.632802],[-74.157826,40.626218],[-74.15941,40.626416],[-74.161182,40.626598],[-74.164143,40.62693],[-74.164925,40.627049],[-74.166559,40.627366],[-74.166769,40.626569],[-74.167596,40.623125],[-74.167934,40.622401],[-74.16886,40.621016],[-74.169517,40.62115],[-74.170592,40.621212],[-74.171189,40.621193],[-74.171793,40.62112],[-74.17257,40.620937],[-74.172844,40.620853],[-74.173684,40.620529],[-74.174395,40.620144],[-74.174775,40.619903],[-74.175194,40.619594],[-74.17578,40.61906],[-74.176358,40.618382],[-74.176799,40.617649],[-74.178386,40.615224],[-74.180316,40.6122],[-74.180985,40.612456],[-74.187679,40.61438],[-74.188134,40.613172],[-74.189957,40.61347],[-74.191375,40.613819],[-74.193616,40.613887],[-74.193781,40.613864],[-74.194097,40.613774],[-74.194214,40.61384],[-74.194364,40.613802],[-74.194832,40.613773],[-74.195126,40.613799],[-74.195259,40.613792],[-74.195438,40.613723],[-74.197285,40.613621],[-74.197967,40.615161],[-74.200103,40.616078],[-74.200642,40.616033],[-74.200453,40.616328],[-74.20059,40.617029],[-74.200763,40.617053],[-74.200809,40.617073],[-74.200828,40.617094],[-74.200847,40.617203],[-74.200847,40.61737],[-74.200876,40.617485],[-74.200877,40.617595],[-74.200914,40.617799],[-74.20091,40.617838],[-74.200873,40.617883],[-74.2009,40.618002],[-74.200875,40.6181],[-74.200815,40.618119],[-74.200783,40.618112],[-74.200695,40.617979],[-74.200584,40.617979],[-74.200542,40.617998],[-74.200439,40.618076],[-74.200363,40.618235],[-74.200352,40.618342],[-74.200366,40.618399],[-74.200442,40.618542],[-74.200517,40.618634],[-74.200567,40.618672],[-74.200772,40.618745],[-74.20084,40.618804],[-74.200815,40.618861],[-74.200711,40.618925],[-74.200698,40.61895],[-74.200681,40.619168],[-74.200821,40.619569],[-74.200965,40.619768],[-74.200976,40.619914],[-74.201035,40.620095],[-74.200983,40.620173],[-74.200987,40.620322],[-74.201004,40.620353],[-74.20107,40.620382],[-74.200923,40.620401],[-74.200774,40.620395],[-74.20058,40.620308],[-74.200506,40.6203],[-74.200458,40.62035],[-74.200462,40.620378],[-74.200505,40.62043],[-74.200495,40.620458],[-74.200428,40.620495],[-74.200437,40.620536],[-74.200527,40.620573],[-74.200773,40.620567],[-74.200873,40.620591],[-74.200877,40.620665],[-74.20093,40.620692],[-74.200931,40.620744],[-74.20099,40.620784],[-74.201001,40.620894],[-74.201021,40.620934],[-74.201068,40.620965],[-74.201121,40.621073],[-74.201127,40.621138],[-74.201179,40.621242],[-74.201231,40.621412],[-74.201234,40.621506],[-74.201258,40.621555],[-74.201289,40.621586],[-74.201432,40.621613],[-74.201422,40.621645],[-74.201402,40.621653],[-74.201308,40.621658],[-74.20129,40.621861],[-74.201231,40.622074],[-74.201231,40.622185],[-74.201324,40.622516],[-74.201311,40.622624],[-74.201275,40.622688],[-74.201302,40.622705],[-74.20145,40.622685],[-74.201546,40.622698],[-74.201628,40.623064],[-74.201631,40.62329],[-74.201599,40.623457],[-74.201563,40.623519],[-74.201517,40.623537],[-74.201344,40.623553],[-74.201337,40.623594],[-74.201408,40.623662],[-74.201397,40.623736],[-74.201329,40.623834],[-74.201136,40.623987],[-74.201077,40.624078],[-74.201088,40.624252],[-74.201139,40.624356],[-74.201144,40.624468],[-74.201134,40.62458],[-74.201044,40.624914],[-74.200978,40.625362],[-74.200982,40.625401],[-74.201037,40.62546],[-74.201061,40.625558],[-74.201061,40.625895],[-74.201096,40.626001],[-74.201183,40.62611],[-74.201208,40.626112],[-74.201216,40.626054],[-74.201417,40.626071],[-74.200986,40.629344],[-74.200805,40.629333],[-74.200755,40.629595],[-74.200621,40.629588],[-74.20058,40.62963],[-74.200477,40.629657],[-74.200451,40.62971],[-74.200426,40.629821],[-74.200422,40.630149],[-74.200335,40.630655],[-74.200322,40.630824],[-74.200138,40.631482],[-74.200068,40.631578],[-74.19997,40.631664],[-74.199581,40.631944],[-74.198889,40.632514],[-74.198735,40.632667],[-74.198622,40.632738],[-74.19851,40.632782],[-74.198437,40.632784],[-74.198327,40.632746],[-74.19827,40.632751],[-74.198167,40.632708],[-74.19803,40.632771],[-74.197975,40.632813],[-74.198053,40.633018],[-74.198025,40.633029],[-74.197898,40.632943],[-74.197783,40.63297],[-74.197758,40.63305],[-74.197729,40.633058],[-74.197664,40.633053],[-74.197599,40.632995],[-74.197486,40.633007],[-74.197344,40.632998],[-74.197308,40.633048],[-74.197124,40.6331],[-74.197079,40.633127],[-74.197068,40.633173],[-74.197079,40.633201],[-74.197058,40.633233],[-74.196887,40.633298],[-74.196785,40.633392],[-74.196737,40.633452],[-74.196736,40.633513],[-74.196839,40.633634],[-74.196828,40.633703],[-74.196874,40.633732],[-74.196879,40.633761],[-74.196807,40.633794],[-74.19671,40.63387],[-74.196559,40.633924],[-74.196504,40.633897],[-74.196432,40.633942],[-74.19631,40.634054],[-74.196209,40.634237],[-74.196177,40.634381],[-74.196199,40.63473],[-74.196161,40.634778],[-74.196033,40.634877],[-74.196029,40.634996],[-74.195884,40.635067],[-74.195577,40.635004],[-74.195429,40.635176],[-74.195329,40.635212],[-74.195307,40.635234],[-74.195307,40.635287],[-74.195213,40.635377],[-74.195178,40.635443],[-74.195218,40.635511],[-74.195179,40.635553],[-74.195224,40.635627],[-74.195201,40.635708],[-74.194495,40.63645],[-74.194538,40.636475],[-74.194545,40.636516],[-74.194423,40.636582],[-74.194414,40.636634],[-74.19445,40.636804],[-74.194496,40.636919],[-74.194519,40.637034],[-74.194542,40.63707],[-74.194621,40.63709],[-74.19468,40.637035],[-74.194734,40.637041],[-74.194771,40.63708],[-74.194787,40.637132],[-74.194737,40.637267],[-74.194623,40.637391],[-74.1945,40.637422],[-74.194424,40.637419],[-74.194367,40.63739],[-74.194357,40.63733],[-74.194337,40.637316],[-74.194235,40.637337],[-74.194174,40.637311],[-74.193973,40.637309],[-74.193774,40.637367],[-74.193583,40.637469],[-74.19372,40.637567],[-74.186525,40.643389],[-74.186232,40.643187],[-74.186101,40.643271],[-74.186063,40.643448],[-74.185982,40.643513],[-74.185909,40.643631],[-74.185574,40.643802],[-74.185501,40.643815],[-74.185359,40.643793],[-74.185303,40.643767],[-74.185114,40.643806],[-74.185089,40.643836],[-74.185106,40.643865],[-74.185248,40.643944],[-74.185136,40.643973],[-74.184982,40.644072],[-74.184892,40.644072],[-74.184836,40.644128],[-74.184773,40.644045],[-74.184749,40.643939],[-74.18466,40.643912],[-74.184618,40.643817],[-74.184586,40.643791],[-74.184472,40.643772],[-74.184424,40.643651],[-74.184178,40.643584],[-74.184113,40.64353],[-74.18406,40.643384],[-74.184065,40.643324],[-74.184192,40.643172],[-74.184217,40.643182],[-74.18424,40.643234],[-74.184329,40.643227],[-74.184305,40.643195],[-74.184362,40.643172],[-74.184333,40.643124],[-74.18437,40.6431],[-74.184339,40.643092],[-74.184214,40.643117],[-74.184191,40.643074],[-74.184196,40.64301],[-74.184145,40.64295],[-74.18406,40.642701],[-74.183955,40.642494],[-74.183904,40.642432],[-74.183728,40.642307],[-74.183727,40.642273],[-74.183651,40.64224],[-74.183613,40.642323],[-74.183636,40.642396],[-74.183686,40.642487],[-74.183807,40.642614],[-74.183791,40.642718],[-74.183945,40.642882],[-74.183953,40.642947],[-74.184026,40.6431],[-74.18396,40.643157],[-74.183903,40.64326],[-74.183846,40.643266],[-74.18376,40.643217],[-74.183637,40.643087],[-74.183474,40.642949],[-74.183328,40.64291],[-74.183266,40.64293],[-74.183242,40.642964],[-74.183344,40.643134],[-74.183417,40.643223],[-74.183463,40.643337],[-74.183475,40.643411],[-74.183463,40.643473],[-74.183383,40.643522],[-74.183385,40.643588],[-74.183484,40.643705],[-74.183542,40.643852],[-74.183529,40.643885],[-74.183617,40.644028],[-74.1837,40.644209],[-74.183715,40.644296],[-74.183734,40.644304],[-74.1838,40.644432],[-74.183762,40.644515],[-74.18367,40.644584],[-74.183667,40.64461],[-74.183288,40.644679],[-74.183183,40.644734],[-74.18298,40.644794],[-74.182889,40.6448],[-74.182221,40.644747],[-74.1819,40.644682],[-74.181749,40.644711],[-74.181668,40.644709],[-74.181295,40.64459],[-74.181184,40.644586],[-74.181087,40.644627],[-74.180963,40.644814],[-74.180916,40.644845],[-74.180872,40.644851],[-74.180807,40.644819],[-74.180805,40.644643],[-74.180788,40.644578],[-74.180713,40.644538],[-74.180527,40.644485],[-74.180503,40.644457],[-74.180482,40.644279],[-74.180041,40.644288],[-74.180048,40.644372],[-74.179907,40.644379],[-74.179924,40.644655],[-74.179937,40.644655],[-74.179965,40.645267],[-74.179896,40.645269]]]},"properties":{"co":"E158","bn":"22","div":"8"}},{"type":"Feature","geometry":{"type":"Polygon","coordinates":[[[-74.093686,40.587302],[-74.092162,40.586534],[-74.092051,40.586571],[-74.091938,40.586584],[-74.091979,40.58654],[-74.091076,40.586107],[-74.088496,40.584788],[-74.089121,40.584143],[-74.092003,40.58089],[-74.092534,40.580341],[-74.093071,40.579709],[-74.093443,40.579049],[-74.09495,40.577327],[-74.095177,40.577021],[-74.095966,40.576487],[-74.096082,40.576553],[-74.096597,40.575928],[-74.098174,40.574142],[-74.098367,40.573896],[-74.09856,40.574001],[-74.100541,40.571882],[-74.099788,40.571504],[-74.093873,40.568409],[-74.092771,40.567943],[-74.092529,40.567742],[-74.091746,40.56728],[-74.090999,40.566737],[-74.091238,40.566507],[-74.09405,40.562982],[-74.093996,40.562806],[-74.094071,40.562732],[-74.09763,40.564482],[-74.10307,40.567123],[-74.106604,40.568778],[-74.114029,40.572753],[-74.116447,40.574025],[-74.111674,40.577496],[-74.108945,40.579519],[-74.11221,40.581266],[-74.111277,40.581791],[-74.110287,40.582199],[-74.109875,40.582349],[-74.109614,40.58247],[-74.109248,40.582678],[-74.107909,40.583686],[-74.105884,40.585407],[-74.104549,40.586501],[-74.10208,40.588742],[-74.101495,40.589344],[-74.100883,40.590179],[-74.10091,40.591022],[-74.093686,40.587302]]]},"properties":{"co":"E159","bn":"21","div":"8"}},{"type":"Feature","geometry":{"type":"Polygon","coordinates":[[[-74.08849,40.623815],[-74.08849,40.623449],[-74.08863,40.621458],[-74.088717,40.620927],[-74.08942,40.620307],[-74.088711,40.619838],[-74.088675,40.619585],[-74.088184,40.619795],[-74.088022,40.619671],[-74.087926,40.619622],[-74.087715,40.619553],[-74.087593,40.619695],[-74.088137,40.620119],[-74.088018,40.620272],[-74.087918,40.62023],[-74.087745,40.620114],[-74.087111,40.620468],[-74.086977,40.62047],[-74.087071,40.620081],[-74.086489,40.620449],[-74.086391,40.619998],[-74.085899,40.619909],[-74.086108,40.618403],[-74.086154,40.618172],[-74.086224,40.617944],[-74.086572,40.617169],[-74.086985,40.616533],[-74.087692,40.615535],[-74.087834,40.615318],[-74.087851,40.615243],[-74.087848,40.615165],[-74.087823,40.615088],[-74.087618,40.614833],[-74.087472,40.614561],[-74.087428,40.614419],[-74.08721,40.613307],[-74.087487,40.612932],[-74.088997,40.610664],[-74.089588,40.609848],[-74.090362,40.609181],[-74.09096,40.60863],[-74.090176,40.608125],[-74.08734,40.606447],[-74.084128,40.604596],[-74.084029,40.604474],[-74.082342,40.602086],[-74.082187,40.601941],[-74.082815,40.601974],[-74.083838,40.601926],[-74.084328,40.601873],[-74.084572,40.601822],[-74.086475,40.601269],[-74.087007,40.60114],[-74.088307,40.601108],[-74.089615,40.600896],[-74.089837,40.600774],[-74.090361,40.6004],[-74.090604,40.600199],[-74.091477,40.599408],[-74.091613,40.599262],[-74.091721,40.599221],[-74.091729,40.598968],[-74.091783,40.598719],[-74.091928,40.598504],[-74.092286,40.598082],[-74.092723,40.597464],[-74.093382,40.59702],[-74.093755,40.596745],[-74.094277,40.596449],[-74.094902,40.596296],[-74.096096,40.595864],[-74.096556,40.595678],[-74.097003,40.595474],[-74.097221,40.595365],[-74.097987,40.59493],[-74.099796,40.593871],[-74.100094,40.593661],[-74.100409,40.59335],[-74.100537,40.593185],[-74.100745,40.592835],[-74.100898,40.592453],[-74.100964,40.592144],[-74.100978,40.591936],[-74.10091,40.591022],[-74.101262,40.591032],[-74.101614,40.591101],[-74.102041,40.591096],[-74.102462,40.591037],[-74.10418,40.590604],[-74.105336,40.590545],[-74.106879,40.590376],[-74.10793,40.591688],[-74.108125,40.591875],[-74.108286,40.591978],[-74.109229,40.592474],[-74.110646,40.593262],[-74.110158,40.594601],[-74.110181,40.594859],[-74.110378,40.5953],[-74.110786,40.596127],[-74.11131,40.597057],[-74.111343,40.597153],[-74.111364,40.597354],[-74.111258,40.597959],[-74.111265,40.598058],[-74.111298,40.598155],[-74.111324,40.5982],[-74.111404,40.598277],[-74.111674,40.598463],[-74.111904,40.598668],[-74.112443,40.599326],[-74.113008,40.600136],[-74.113383,40.600571],[-74.114871,40.602137],[-74.114194,40.602469],[-74.112917,40.602992],[-74.11195,40.60333],[-74.111362,40.603504],[-74.110073,40.603778],[-74.108456,40.604007],[-74.107674,40.604203],[-74.107096,40.604304],[-74.106751,40.604224],[-74.106536,40.604141],[-74.105806,40.603712],[-74.105471,40.603571],[-74.105122,40.603453],[-74.10476,40.603357],[-74.103835,40.603053],[-74.103539,40.603016],[-74.10324,40.603043],[-74.102994,40.603112],[-74.102802,40.603216],[-74.102724,40.603285],[-74.102616,40.603442],[-74.101822,40.605142],[-74.101786,40.605536],[-74.101739,40.60573],[-74.101672,40.60592],[-74.101492,40.606123],[-74.101376,40.606355],[-74.101345,40.606478],[-74.101339,40.606722],[-74.101438,40.607182],[-74.101534,40.607895],[-74.101855,40.608333],[-74.10342,40.609747],[-74.103546,40.609828],[-74.103768,40.60991],[-74.101628,40.610066],[-74.097489,40.61026],[-74.09766,40.610508],[-74.098622,40.611519],[-74.09935,40.612419],[-74.099877,40.612919],[-74.100552,40.613461],[-74.102094,40.6146],[-74.102568,40.615187],[-74.103509,40.616416],[-74.102549,40.616854],[-74.101898,40.617452],[-74.101349,40.618024],[-74.100743,40.618698],[-74.10007,40.619335],[-74.09396,40.624339],[-74.093239,40.624079],[-74.092466,40.624207],[-74.090831,40.626094],[-74.090495,40.625903],[-74.088719,40.625899],[-74.08849,40.623815]]]},"properties":{"co":"E160","bn":"21","div":"8"}},{"type":"Feature","geometry":{"type":"Polygon","coordinates":[[[-74.068981,40.603982],[-74.066629,40.603105],[-74.065507,40.60272],[-74.065393,40.60228],[-74.064947,40.600747],[-74.064637,40.600182],[-74.063626,40.598752],[-74.062482,40.597348],[-74.062056,40.596849],[-74.061897,40.596591],[-74.061844,40.596454],[-74.061808,40.596314],[-74.061894,40.596176],[-74.061961,40.596118],[-74.062337,40.595887],[-74.062588,40.595624],[-74.062863,40.595298],[-74.061767,40.594137],[-74.060903,40.593711],[-74.060554,40.59338],[-74.062153,40.592025],[-74.065033,40.588991],[-74.065636,40.589628],[-74.066626,40.590342],[-74.067284,40.590986],[-74.067515,40.591335],[-74.067952,40.592084],[-74.068318,40.592786],[-74.069231,40.592799],[-74.071252,40.59281],[-74.071634,40.592753],[-74.072146,40.592589],[-74.072657,40.592385],[-74.073859,40.591678],[-74.074177,40.591505],[-74.07498,40.591146],[-74.07584,40.590785],[-74.077498,40.590305],[-74.078049,40.589734],[-74.078575,40.589158],[-74.080254,40.590057],[-74.080559,40.590423],[-74.081291,40.591592],[-74.081733,40.592156],[-74.081697,40.59224],[-74.08228,40.593171],[-74.082396,40.593191],[-74.083042,40.59423],[-74.083302,40.594716],[-74.083769,40.595521],[-74.08407,40.595496],[-74.08491,40.595705],[-74.085788,40.595884],[-74.087148,40.595967],[-74.08829,40.596056],[-74.089811,40.596081],[-74.092633,40.596796],[-74.093382,40.59702],[-74.092723,40.597464],[-74.092286,40.598082],[-74.091928,40.598504],[-74.091783,40.598719],[-74.091729,40.598968],[-74.091721,40.599221],[-74.091613,40.599262],[-74.091477,40.599408],[-74.090604,40.600199],[-74.090361,40.6004],[-74.089837,40.600774],[-74.089615,40.600896],[-74.088307,40.601108],[-74.087007,40.60114],[-74.086475,40.601269],[-74.084572,40.601822],[-74.084328,40.601873],[-74.083838,40.601926],[-74.082815,40.601974],[-74.082187,40.601941],[-74.081869,40.601863],[-74.081701,40.601845],[-74.081139,40.601855],[-74.080684,40.601811],[-74.080248,40.601707],[-74.079219,40.601385],[-74.077328,40.60133],[-74.076952,40.601242],[-74.076773,40.601175],[-74.076437,40.601002],[-74.076445,40.601237],[-74.076702,40.602121],[-74.077155,40.602962],[-74.077318,40.603645],[-74.077018,40.60363],[-74.076567,40.606122],[-74.075432,40.605988],[-74.074,40.605726],[-74.073352,40.605563],[-74.071515,40.604978],[-74.068981,40.603982]]]},"properties":{"co":"E161","bn":"21","div":"8"}},{"type":"Feature","geometry":{"type":"Polygon","coordinates":[[[-73.985747,40.59704],[-73.985266,40.596744],[-73.985491,40.59793],[-73.980784,40.598447],[-73.97985,40.598517],[-73.97892,40.598606],[-73.977933,40.598762],[-73.972911,40.599316],[-73.974193,40.590106],[-73.974243,40.589577],[-73.974494,40.585241],[-73.97459,40.583139],[-73.974592,40.583006],[-73.974569,40.582848],[-73.975045,40.582773],[-73.975935,40.582676],[-73.976383,40.582647],[-73.97728,40.58263],[-73.97779,40.582638],[-73.978806,40.582706],[-73.979814,40.582823],[-73.980627,40.58295],[-73.980461,40.583384],[-73.980397,40.583619],[-73.980354,40.583859],[-73.980333,40.584102],[-73.980333,40.584345],[-73.980355,40.584587],[-73.980399,40.584827],[-73.980463,40.585062],[-73.980763,40.586742],[-73.980918,40.58937],[-73.983803,40.589042],[-73.984015,40.590153],[-73.988731,40.593002],[-73.990364,40.591432],[-73.994021,40.593645],[-73.994189,40.593601],[-73.9945,40.593871],[-73.99484,40.594031],[-73.998027,40.596718],[-73.998656,40.597269],[-73.993811,40.60195],[-73.991598,40.60058],[-73.985747,40.59704]]]},"properties":{"co":"L161","bn":"43","div":"8"}},{"type":"Feature","geometry":{"type":"Polygon","coordinates":[[[-74.128179,40.556574],[-74.128117,40.556534],[-74.127301,40.557295],[-74.125727,40.556328],[-74.12402,40.555231],[-74.119459,40.552222],[-74.119609,40.551787],[-74.119575,40.551631],[-74.116763,40.548991],[-74.116598,40.54882],[-74.116363,40.548723],[-74.115968,40.548812],[-74.115267,40.549097],[-74.114778,40.549226],[-74.114799,40.549135],[-74.114653,40.549163],[-74.114535,40.549126],[-74.113857,40.548441],[-74.113601,40.548196],[-74.113452,40.548092],[-74.113438,40.548065],[-74.113748,40.548019],[-74.113874,40.548091],[-74.114738,40.547997],[-74.114972,40.547895],[-74.115268,40.547571],[-74.115359,40.54753],[-74.115462,40.547515],[-74.115614,40.547544],[-74.115698,40.547648],[-74.115807,40.547739],[-74.115937,40.547812],[-74.11608,40.547865],[-74.116312,40.547899],[-74.116545,40.547872],[-74.11708,40.547567],[-74.1173,40.547464],[-74.11766,40.547356],[-74.118041,40.547307],[-74.118295,40.547109],[-74.118633,40.546785],[-74.118827,40.546552],[-74.119077,40.546183],[-74.119344,40.54585],[-74.119551,40.54563],[-74.119778,40.54547],[-74.12005,40.545358],[-74.120468,40.545279],[-74.121065,40.545327],[-74.121335,40.545316],[-74.121601,40.545278],[-74.121858,40.545212],[-74.1221,40.545119],[-74.122214,40.545063],[-74.1225,40.544858],[-74.124244,40.54311],[-74.125751,40.541305],[-74.126382,40.540521],[-74.127624,40.538718],[-74.130712,40.534535],[-74.133564,40.531511],[-74.136188,40.529621],[-74.136908,40.529282],[-74.137285,40.52974],[-74.137438,40.529676],[-74.13804,40.52967],[-74.138251,40.529691],[-74.138555,40.529766],[-74.138743,40.529843],[-74.13883,40.529889],[-74.138929,40.530035],[-74.138996,40.530191],[-74.139031,40.530352],[-74.139032,40.530516],[-74.138999,40.530678],[-74.139016,40.531044],[-74.139068,40.531285],[-74.139151,40.53152],[-74.139204,40.531635],[-74.14027,40.5333],[-74.140611,40.534131],[-74.140628,40.534359],[-74.140609,40.534587],[-74.140452,40.535159],[-74.14037,40.535307],[-74.140256,40.535444],[-74.140152,40.535476],[-74.140041,40.535488],[-74.139068,40.535288],[-74.138648,40.535236],[-74.138012,40.535203],[-74.135768,40.535232],[-74.135296,40.535263],[-74.134826,40.5353],[-74.1341,40.535494],[-74.133671,40.535724],[-74.133407,40.535898],[-74.133026,40.53624],[-74.133383,40.536324],[-74.133369,40.536356],[-74.133012,40.536256],[-74.132971,40.536295],[-74.133172,40.536355],[-74.133161,40.536374],[-74.133091,40.536353],[-74.133076,40.536397],[-74.132943,40.536322],[-74.131195,40.537872],[-74.131283,40.537933],[-74.131513,40.537711],[-74.131526,40.537719],[-74.131354,40.537872],[-74.131377,40.537887],[-74.131293,40.537957],[-74.131814,40.538307],[-74.132112,40.538052],[-74.131766,40.537817],[-74.131695,40.537879],[-74.131684,40.537871],[-74.131698,40.537857],[-74.131846,40.537735],[-74.131857,40.537743],[-74.131785,40.537802],[-74.132136,40.538033],[-74.132424,40.537775],[-74.131998,40.537481],[-74.131922,40.53754],[-74.131912,40.537533],[-74.13208,40.537395],[-74.132093,40.537405],[-74.132018,40.537465],[-74.132453,40.53776],[-74.132755,40.537505],[-74.132322,40.537205],[-74.132247,40.53727],[-74.132236,40.537263],[-74.132398,40.537119],[-74.132409,40.537126],[-74.132338,40.537188],[-74.132776,40.537484],[-74.133074,40.537229],[-74.132647,40.536937],[-74.132558,40.536991],[-74.132736,40.536855],[-74.132743,40.536861],[-74.132667,40.53692],[-74.133095,40.537212],[-74.133392,40.536958],[-74.132956,40.536661],[-74.132886,40.536726],[-74.132874,40.53672],[-74.133035,40.536575],[-74.133044,40.536581],[-74.132973,40.536643],[-74.13341,40.53694],[-74.13369,40.536703],[-74.133666,40.536688],[-74.133808,40.536562],[-74.133861,40.536598],[-74.131048,40.538998],[-74.130076,40.539845],[-74.130083,40.539859],[-74.129969,40.539968],[-74.129938,40.539947],[-74.130209,40.539703],[-74.129764,40.539415],[-74.129694,40.539478],[-74.129684,40.539472],[-74.129846,40.539327],[-74.129858,40.539335],[-74.129784,40.539399],[-74.130228,40.539684],[-74.130522,40.539426],[-74.130084,40.539118],[-74.130011,40.53918],[-74.130003,40.539172],[-74.130169,40.539033],[-74.130178,40.53904],[-74.130105,40.539102],[-74.130542,40.539409],[-74.130839,40.539148],[-74.130407,40.538847],[-74.130334,40.538909],[-74.130322,40.5389],[-74.130485,40.538759],[-74.130496,40.538766],[-74.130425,40.53883],[-74.130859,40.539131],[-74.131153,40.538874],[-74.130719,40.538581],[-74.130648,40.538642],[-74.130638,40.538635],[-74.130654,40.538617],[-74.1308,40.538492],[-74.130811,40.5385],[-74.130738,40.538564],[-74.131174,40.538855],[-74.131474,40.538598],[-74.131039,40.538305],[-74.130967,40.538368],[-74.130957,40.538361],[-74.130975,40.538342],[-74.13112,40.538219],[-74.131131,40.538227],[-74.131059,40.538289],[-74.131497,40.538581],[-74.131794,40.538326],[-74.131165,40.5379],[-74.128816,40.539986],[-74.128787,40.539963],[-74.128286,40.540399],[-74.127987,40.540711],[-74.127794,40.541],[-74.127563,40.541454],[-74.127502,40.541609],[-74.127429,40.541881],[-74.127392,40.542157],[-74.127393,40.542434],[-74.127443,40.542737],[-74.127541,40.543062],[-74.12767,40.543381],[-74.1277,40.543374],[-74.127731,40.543423],[-74.127898,40.543366],[-74.127868,40.543315],[-74.127886,40.543308],[-74.127928,40.543373],[-74.127567,40.543499],[-74.12763,40.543609],[-74.12799,40.543484],[-74.128031,40.543551],[-74.128011,40.543557],[-74.12798,40.543509],[-74.127819,40.543564],[-74.12823,40.544155],[-74.128542,40.544531],[-74.129019,40.545059],[-74.129546,40.545576],[-74.129758,40.545748],[-74.130114,40.545976],[-74.130567,40.546194],[-74.131327,40.546459],[-74.132004,40.546641],[-74.132746,40.546788],[-74.133259,40.546847],[-74.133822,40.546846],[-74.134355,40.546789],[-74.13498,40.546677],[-74.135423,40.546574],[-74.135857,40.546452],[-74.136412,40.546252],[-74.136491,40.546073],[-74.136459,40.545975],[-74.136516,40.545915],[-74.136806,40.54597],[-74.136971,40.545975],[-74.137064,40.545957],[-74.137009,40.545895],[-74.137023,40.545885],[-74.137096,40.545952],[-74.137133,40.545931],[-74.137063,40.545864],[-74.13718,40.545793],[-74.137143,40.545774],[-74.136261,40.544963],[-74.136134,40.545039],[-74.136115,40.54502],[-74.136384,40.544855],[-74.136403,40.544874],[-74.136284,40.544947],[-74.137193,40.545784],[-74.137508,40.545578],[-74.13748,40.545565],[-74.136734,40.544804],[-74.136612,40.544862],[-74.136589,40.544845],[-74.136873,40.544683],[-74.136891,40.544699],[-74.136749,40.544783],[-74.137424,40.545466],[-74.137433,40.545461],[-74.137416,40.545443],[-74.137472,40.545411],[-74.137488,40.545428],[-74.137503,40.54542],[-74.13753,40.545448],[-74.137447,40.545494],[-74.137885,40.545894],[-74.13795,40.546],[-74.138225,40.545795],[-74.138293,40.545706],[-74.138411,40.545606],[-74.13856,40.545532],[-74.138686,40.545436],[-74.138784,40.545323],[-74.13887,40.54513],[-74.138695,40.544991],[-74.138743,40.544945],[-74.138722,40.544929],[-74.138104,40.544499],[-74.138041,40.544548],[-74.137624,40.544254],[-74.137756,40.544145],[-74.13778,40.544163],[-74.137679,40.544259],[-74.138028,40.544506],[-74.138101,40.544459],[-74.138735,40.544905],[-74.138755,40.544934],[-74.13902,40.544716],[-74.13799,40.54399],[-74.137894,40.54407],[-74.137868,40.544053],[-74.138043,40.543905],[-74.138066,40.54392],[-74.13801,40.543971],[-74.139033,40.544705],[-74.139539,40.544295],[-74.139433,40.544217],[-74.139108,40.544473],[-74.139145,40.54451],[-74.139033,40.544428],[-74.139041,40.544421],[-74.139093,40.544461],[-74.139421,40.544206],[-74.139288,40.544117],[-74.138975,40.544376],[-74.138907,40.544329],[-74.138918,40.54432],[-74.138972,40.544349],[-74.139157,40.544198],[-74.139214,40.544135],[-74.139246,40.544122],[-74.139196,40.544085],[-74.13922,40.544067],[-74.139083,40.543968],[-74.138839,40.544174],[-74.138897,40.544226],[-74.138876,40.544244],[-74.138728,40.54413],[-74.138746,40.544116],[-74.138807,40.544163],[-74.138828,40.544159],[-74.139042,40.543975],[-74.139078,40.54396],[-74.138835,40.543791],[-74.138538,40.544041],[-74.138598,40.544096],[-74.138586,40.544105],[-74.138415,40.543978],[-74.138423,40.54397],[-74.138512,40.544024],[-74.138823,40.543784],[-74.13854,40.543588],[-74.138448,40.543679],[-74.138474,40.543705],[-74.138462,40.543715],[-74.138378,40.54365],[-74.138356,40.543652],[-74.138207,40.543774],[-74.138206,40.543789],[-74.138293,40.543854],[-74.13828,40.543867],[-74.138151,40.543772],[-74.138365,40.543602],[-74.138439,40.543642],[-74.138526,40.543579],[-74.138507,40.543565],[-74.138441,40.54362],[-74.138411,40.543598],[-74.138483,40.543539],[-74.138447,40.543516],[-74.138375,40.543577],[-74.138342,40.543552],[-74.138523,40.543402],[-74.138556,40.543424],[-74.13846,40.543506],[-74.138493,40.543531],[-74.13859,40.54345],[-74.13862,40.543473],[-74.138533,40.543544],[-74.13957,40.544272],[-74.139837,40.544052],[-74.138946,40.543407],[-74.13891,40.543432],[-74.138706,40.543291],[-74.138906,40.543132],[-74.13893,40.54315],[-74.138771,40.543291],[-74.138861,40.543366],[-74.139037,40.543227],[-74.139061,40.543245],[-74.138944,40.543339],[-74.138996,40.543373],[-74.138984,40.543384],[-74.139676,40.543889],[-74.139865,40.543737],[-74.139889,40.543752],[-74.139704,40.543909],[-74.139865,40.544027],[-74.140041,40.543884],[-74.139994,40.543846],[-74.140013,40.54383],[-74.140311,40.54405],[-74.140359,40.544017],[-74.140386,40.544033],[-74.140418,40.544003],[-74.140395,40.543989],[-74.140461,40.543932],[-74.140309,40.543825],[-74.140328,40.543802],[-74.140297,40.543793],[-74.140248,40.543834],[-74.140235,40.543826],[-74.140285,40.543772],[-74.13935,40.543096],[-74.139242,40.543182],[-74.13922,40.543166],[-74.139408,40.543017],[-74.139434,40.543036],[-74.139385,40.543089],[-74.140226,40.543696],[-74.140296,40.54364],[-74.140126,40.543513],[-74.140287,40.543385],[-74.139458,40.542786],[-74.139387,40.542844],[-74.139361,40.542826],[-74.139537,40.542682],[-74.139564,40.5427],[-74.139479,40.542768],[-74.140306,40.543367],[-74.140627,40.543113],[-74.139756,40.542481],[-74.139659,40.542561],[-74.139632,40.542541],[-74.139859,40.542357],[-74.139886,40.542376],[-74.139775,40.542464],[-74.140646,40.543094],[-74.140845,40.542939],[-74.141044,40.543087],[-74.141091,40.543052],[-74.140967,40.542963],[-74.140984,40.542949],[-74.141257,40.54315],[-74.141324,40.543094],[-74.140385,40.542421],[-74.140438,40.542382],[-74.140407,40.542361],[-74.140287,40.542456],[-74.140165,40.542366],[-74.140335,40.542228],[-74.140359,40.542245],[-74.140207,40.542365],[-74.140286,40.542422],[-74.140407,40.542327],[-74.140481,40.542382],[-74.140427,40.542425],[-74.141297,40.543061],[-74.141334,40.543086],[-74.141411,40.543022],[-74.141079,40.542791],[-74.141161,40.542719],[-74.141067,40.542654],[-74.141084,40.542639],[-74.141295,40.542769],[-74.141327,40.542747],[-74.141124,40.542605],[-74.141143,40.542588],[-74.141249,40.54266],[-74.141335,40.542589],[-74.141316,40.542575],[-74.141286,40.542599],[-74.14122,40.542556],[-74.14125,40.542531],[-74.140569,40.542053],[-74.140541,40.542058],[-74.140464,40.542127],[-74.140413,40.542091],[-74.140405,40.542061],[-74.140263,40.541962],[-74.140295,40.541934],[-74.140475,40.54206],[-74.140496,40.542061],[-74.14068,40.541909],[-74.140704,40.541925],[-74.140595,40.542017],[-74.140634,40.542042],[-74.140619,40.542056],[-74.141349,40.542578],[-74.141462,40.542484],[-74.141277,40.542353],[-74.141294,40.542336],[-74.141481,40.542468],[-74.141531,40.542426],[-74.141349,40.54229],[-74.141363,40.542278],[-74.14155,40.542411],[-74.141797,40.5422],[-74.140895,40.541571],[-74.140887,40.541584],[-74.140846,40.541556],[-74.140661,40.541709],[-74.14064,40.541695],[-74.140958,40.541432],[-74.14098,40.541448],[-74.140896,40.541517],[-74.140895,40.541537],[-74.141813,40.542187],[-74.141852,40.542152],[-74.141873,40.542167],[-74.141672,40.542335],[-74.141692,40.542348],[-74.141862,40.542357],[-74.142135,40.542241],[-74.142168,40.542251],[-74.142234,40.542307],[-74.142299,40.542252],[-74.142294,40.542202],[-74.142228,40.542138],[-74.142186,40.54206],[-74.142183,40.542018],[-74.142202,40.541957],[-74.142352,40.541681],[-74.142324,40.54159],[-74.142338,40.541513],[-74.14246,40.54139],[-74.142477,40.541334],[-74.142404,40.541199],[-74.142204,40.540962],[-74.1422,40.540894],[-74.142268,40.540808],[-74.142194,40.540742],[-74.142042,40.54065],[-74.142026,40.540592],[-74.142075,40.540513],[-74.141993,40.540403],[-74.141908,40.540364],[-74.141905,40.540217],[-74.141856,40.540149],[-74.141777,40.540088],[-74.141787,40.54005],[-74.141856,40.540033],[-74.141887,40.539987],[-74.141882,40.539932],[-74.141836,40.539808],[-74.141841,40.539746],[-74.14189,40.539694],[-74.141984,40.539662],[-74.142007,40.539621],[-74.142005,40.539568],[-74.141982,40.539536],[-74.141767,40.539387],[-74.141729,40.539339],[-74.141764,40.539276],[-74.141888,40.53921],[-74.142219,40.539139],[-74.142304,40.53907],[-74.142237,40.539031],[-74.142338,40.538949],[-74.141766,40.538542],[-74.142265,40.53814],[-74.142249,40.53813],[-74.141868,40.538444],[-74.141838,40.538422],[-74.14223,40.538114],[-74.142079,40.538004],[-74.142167,40.537933],[-74.141219,40.537254],[-74.141198,40.537254],[-74.141067,40.537366],[-74.141042,40.537347],[-74.141298,40.537138],[-74.141321,40.537154],[-74.141237,40.537216],[-74.141241,40.537235],[-74.142176,40.537895],[-74.142162,40.537902],[-74.142186,40.537918],[-74.14239,40.537753],[-74.141583,40.537088],[-74.141734,40.53704],[-74.143052,40.53724],[-74.143834,40.537137],[-74.143991,40.53701],[-74.144183,40.536794],[-74.144278,40.536636],[-74.144297,40.536528],[-74.144374,40.536395],[-74.144555,40.535947],[-74.144741,40.535801],[-74.144789,40.535791],[-74.145098,40.535829],[-74.145434,40.535823],[-74.145735,40.535668],[-74.145855,40.535642],[-74.14602,40.535554],[-74.14595,40.535432],[-74.145997,40.53539],[-74.146192,40.535362],[-74.146696,40.535414],[-74.147019,40.535243],[-74.147638,40.535573],[-74.15051,40.537263],[-74.150705,40.537103],[-74.151784,40.537702],[-74.158078,40.544077],[-74.15919,40.54523],[-74.15895,40.545395],[-74.159295,40.546022],[-74.157071,40.547211],[-74.15634,40.547542],[-74.156054,40.547733],[-74.155411,40.548228],[-74.155032,40.548468],[-74.153611,40.549148],[-74.15337,40.549241],[-74.152898,40.549345],[-74.152655,40.549375],[-74.151828,40.549403],[-74.151647,40.549428],[-74.15139,40.549505],[-74.151234,40.54958],[-74.151032,40.549724],[-74.150924,40.549838],[-74.150623,40.550311],[-74.150331,40.550627],[-74.14972,40.551143],[-74.149512,40.551341],[-74.149251,40.551499],[-74.149053,40.551577],[-74.148843,40.551632],[-74.148472,40.551653],[-74.1481,40.55165],[-74.147546,40.551599],[-74.145896,40.551361],[-74.145293,40.551563],[-74.145599,40.552081],[-74.145576,40.55266],[-74.144639,40.552808],[-74.144204,40.552907],[-74.143483,40.553103],[-74.142726,40.553356],[-74.142121,40.553594],[-74.141549,40.553839],[-74.140428,40.55436],[-74.139783,40.555903],[-74.139532,40.556281],[-74.139382,40.556461],[-74.139218,40.556633],[-74.138851,40.556951],[-74.13818,40.557594],[-74.137394,40.558021],[-74.1366,40.558389],[-74.135749,40.55885],[-74.135492,40.55912],[-74.135304,40.559425],[-74.13481,40.560829],[-74.133968,40.561587],[-74.132509,40.560632],[-74.132263,40.560453],[-74.131568,40.56004],[-74.130618,40.559432],[-74.129982,40.558911],[-74.129724,40.558132],[-74.130072,40.557785],[-74.128179,40.556574]]]},"properties":{"co":"E162","bn":"23","div":"8"}},{"type":"Feature","geometry":{"type":"Polygon","coordinates":[[[-74.127875,40.589173],[-74.127727,40.587632],[-74.127764,40.587486],[-74.127868,40.587363],[-74.129069,40.58635],[-74.129101,40.586291],[-74.129118,40.586166],[-74.128906,40.585417],[-74.128937,40.585014],[-74.129181,40.584033],[-74.129243,40.583906],[-74.129325,40.583786],[-74.129425,40.583675],[-74.1304,40.582759],[-74.130606,40.582951],[-74.130838,40.583124],[-74.131231,40.583343],[-74.131517,40.58346],[-74.131819,40.583551],[-74.132357,40.583645],[-74.132721,40.583751],[-74.133055,40.583904],[-74.13335,40.584099],[-74.13352,40.584249],[-74.133573,40.584317],[-74.133658,40.584462],[-74.13371,40.584616],[-74.133728,40.584774],[-74.133713,40.584932],[-74.133505,40.585536],[-74.133497,40.585673],[-74.133522,40.585809],[-74.133581,40.585939],[-74.133728,40.586111],[-74.134085,40.586382],[-74.13862,40.589064],[-74.142126,40.588737],[-74.142739,40.588698],[-74.144166,40.588571],[-74.145834,40.588563],[-74.145514,40.591201],[-74.14542,40.591467],[-74.144542,40.592631],[-74.144167,40.593082],[-74.142723,40.594903],[-74.140761,40.597552],[-74.140022,40.598597],[-74.140073,40.599302],[-74.140271,40.601428],[-74.140462,40.60307],[-74.140607,40.604469],[-74.140886,40.607693],[-74.13094,40.608214],[-74.128749,40.608392],[-74.126509,40.608663],[-74.124526,40.609022],[-74.123506,40.609234],[-74.121352,40.609765],[-74.121169,40.608834],[-74.120921,40.606359],[-74.120595,40.60181],[-74.120556,40.601045],[-74.120567,40.600955],[-74.120596,40.600867],[-74.120704,40.600706],[-74.122591,40.599493],[-74.122979,40.598801],[-74.126285,40.593456],[-74.126386,40.593146],[-74.126229,40.591321],[-74.126273,40.591017],[-74.126385,40.590726],[-74.127073,40.590148],[-74.127708,40.589537],[-74.127823,40.589365],[-74.127875,40.589173]]]},"properties":{"co":"E163","bn":"22","div":"8"}},{"type":"Feature","geometry":{"type":"Polygon","coordinates":[[[-74.157043,40.535967],[-74.153974,40.534268],[-74.152845,40.533624],[-74.15125,40.532683],[-74.15145,40.532595],[-74.151758,40.532402],[-74.151764,40.532373],[-74.15169,40.532311],[-74.151682,40.532276],[-74.151853,40.532164],[-74.151951,40.532153],[-74.152044,40.532179],[-74.15212,40.532178],[-74.152192,40.532159],[-74.152348,40.532083],[-74.152457,40.532068],[-74.154001,40.530832],[-74.154008,40.53081],[-74.153903,40.53071],[-74.153898,40.530674],[-74.153942,40.530664],[-74.154104,40.530761],[-74.154311,40.530593],[-74.154264,40.530534],[-74.154498,40.530318],[-74.154587,40.530358],[-74.154628,40.530354],[-74.154698,40.530249],[-74.154497,40.530102],[-74.154544,40.530062],[-74.154929,40.530225],[-74.155268,40.529998],[-74.155469,40.529827],[-74.155648,40.529643],[-74.155471,40.529478],[-74.155504,40.529438],[-74.155732,40.529601],[-74.15611,40.529322],[-74.15643,40.529003],[-74.156449,40.528932],[-74.156134,40.528649],[-74.156187,40.528611],[-74.156671,40.528993],[-74.156769,40.529023],[-74.157019,40.528978],[-74.157209,40.528842],[-74.157898,40.528529],[-74.158261,40.5283],[-74.157949,40.528085],[-74.157972,40.528067],[-74.158326,40.528278],[-74.158677,40.528098],[-74.158902,40.527936],[-74.159171,40.52767],[-74.159283,40.527512],[-74.159395,40.527428],[-74.159701,40.527296],[-74.159883,40.527369],[-74.160056,40.527345],[-74.160131,40.527402],[-74.160232,40.52753],[-74.160265,40.527553],[-74.160304,40.527556],[-74.161582,40.527013],[-74.161691,40.527024],[-74.161967,40.527104],[-74.162226,40.527202],[-74.162272,40.527194],[-74.16244,40.527095],[-74.162895,40.52689],[-74.163126,40.526761],[-74.163227,40.526675],[-74.163468,40.526528],[-74.16372,40.52635],[-74.163886,40.526325],[-74.163935,40.526283],[-74.16454,40.525989],[-74.165542,40.52542],[-74.16624,40.525188],[-74.166579,40.525017],[-74.166905,40.524831],[-74.168844,40.523591],[-74.169448,40.523328],[-74.169997,40.523046],[-74.170146,40.523008],[-74.170332,40.523013],[-74.170508,40.523049],[-74.170605,40.523102],[-74.17066,40.523162],[-74.170977,40.523373],[-74.171088,40.523432],[-74.171287,40.523458],[-74.171358,40.523453],[-74.171963,40.523258],[-74.172697,40.522969],[-74.173426,40.522569],[-74.176012,40.520876],[-74.17762,40.51933],[-74.1776,40.519327],[-74.1776,40.519309],[-74.17755,40.519272],[-74.177583,40.519231],[-74.177608,40.519234],[-74.177719,40.519333],[-74.177787,40.519364],[-74.178271,40.519924],[-74.178319,40.519946],[-74.178702,40.520028],[-74.178861,40.520044],[-74.179021,40.520036],[-74.179244,40.519984],[-74.179273,40.520009],[-74.179298,40.520158],[-74.179391,40.520278],[-74.17981,40.520552],[-74.179993,40.520581],[-74.180505,40.520586],[-74.181052,40.520663],[-74.181165,40.520656],[-74.18182,40.520478],[-74.181922,40.520418],[-74.182041,40.520434],[-74.182435,40.520318],[-74.182883,40.520124],[-74.183169,40.519906],[-74.183323,40.519856],[-74.183368,40.51986],[-74.183424,40.51989],[-74.183813,40.519752],[-74.184037,40.519619],[-74.184285,40.519578],[-74.184831,40.519341],[-74.185887,40.518636],[-74.186567,40.518116],[-74.18762,40.517099],[-74.187989,40.516797],[-74.188499,40.516313],[-74.188951,40.515797],[-74.189269,40.515345],[-74.188846,40.515105],[-74.188843,40.515087],[-74.188858,40.515082],[-74.189451,40.515349],[-74.189586,40.51536],[-74.189712,40.51532],[-74.191581,40.513341],[-74.191669,40.513189],[-74.191789,40.513052],[-74.191939,40.512932],[-74.192209,40.512794],[-74.193443,40.511567],[-74.193805,40.511119],[-74.194096,40.510641],[-74.195213,40.509978],[-74.195935,40.509856],[-74.196222,40.509864],[-74.196409,40.509898],[-74.196587,40.509954],[-74.196813,40.510068],[-74.197707,40.510665],[-74.196851,40.513201],[-74.199168,40.513282],[-74.199418,40.513215],[-74.199685,40.513201],[-74.199815,40.513215],[-74.200275,40.513325],[-74.200688,40.514384],[-74.200978,40.514852],[-74.20145,40.515277],[-74.201987,40.515655],[-74.203065,40.516962],[-74.203688,40.517645],[-74.20415,40.518634],[-74.204273,40.518955],[-74.204377,40.519282],[-74.204461,40.519611],[-74.204524,40.519943],[-74.204566,40.520277],[-74.204791,40.521444],[-74.205461,40.525544],[-74.20277,40.525907],[-74.202175,40.526066],[-74.201527,40.526265],[-74.201333,40.526503],[-74.201171,40.526754],[-74.201033,40.526919],[-74.200711,40.527226],[-74.199844,40.527857],[-74.199098,40.5283],[-74.197797,40.529025],[-74.196084,40.529912],[-74.194785,40.530518],[-74.193985,40.530871],[-74.193134,40.531195],[-74.192509,40.531497],[-74.189832,40.532963],[-74.189475,40.533091],[-74.187439,40.533705],[-74.184138,40.534857],[-74.181959,40.535549],[-74.181194,40.535815],[-74.180829,40.535925],[-74.179892,40.535718],[-74.179559,40.53563],[-74.179217,40.535569],[-74.178867,40.535535],[-74.178429,40.535634],[-74.178216,40.5357],[-74.177814,40.535866],[-74.176051,40.536804],[-74.175363,40.537116],[-74.175042,40.537309],[-74.174621,40.537623],[-74.174303,40.537791],[-74.173955,40.537908],[-74.173588,40.537977],[-74.172267,40.538096],[-74.171597,40.538648],[-74.170271,40.539814],[-74.169898,40.539969],[-74.169696,40.540025],[-74.169277,40.540089],[-74.168738,40.54011],[-74.168165,40.540259],[-74.167806,40.540423],[-74.167512,40.540637],[-74.16688,40.54122],[-74.166681,40.541371],[-74.166459,40.541502],[-74.166089,40.541655],[-74.165836,40.541808],[-74.165485,40.542061],[-74.164765,40.542672],[-74.16427,40.543336],[-74.163592,40.542642],[-74.158536,40.537253],[-74.158154,40.536825],[-74.157866,40.536558],[-74.157554,40.536308],[-74.157043,40.535967]]]},"properties":{"co":"E164","bn":"23","div":"8"}},{"type":"Feature","geometry":{"type":"Polygon","coordinates":[[[-74.095438,40.563412],[-74.094071,40.562732],[-74.095111,40.563173],[-74.095241,40.563148],[-74.095424,40.563155],[-74.095683,40.562919],[-74.095663,40.562819],[-74.095672,40.562776],[-74.095761,40.562732],[-74.095887,40.562725],[-74.096118,40.562588],[-74.096614,40.562087],[-74.09687,40.561718],[-74.096982,40.561476],[-74.097025,40.561336],[-74.097088,40.561255],[-74.097234,40.56112],[-74.09742,40.560884],[-74.097888,40.560169],[-74.097993,40.559967],[-74.098044,40.559913],[-74.09812,40.559893],[-74.098198,40.559836],[-74.098273,40.559549],[-74.09829,40.559333],[-74.098087,40.559203],[-74.097999,40.559186],[-74.097832,40.55912],[-74.097797,40.559087],[-74.097821,40.559053],[-74.097848,40.559034],[-74.097932,40.559041],[-74.098659,40.559408],[-74.098764,40.559424],[-74.099095,40.559259],[-74.099328,40.559097],[-74.099296,40.559005],[-74.09938,40.558964],[-74.099869,40.559094],[-74.100212,40.558871],[-74.1008,40.558322],[-74.101244,40.557661],[-74.101846,40.556217],[-74.10184,40.555945],[-74.101375,40.555692],[-74.101346,40.555626],[-74.101354,40.555583],[-74.101405,40.555539],[-74.101474,40.555534],[-74.102651,40.556134],[-74.103098,40.555905],[-74.103858,40.555118],[-74.104659,40.55412],[-74.105089,40.553235],[-74.104862,40.55308],[-74.104844,40.553026],[-74.104915,40.553016],[-74.105095,40.553129],[-74.106428,40.553853],[-74.106434,40.55397],[-74.106401,40.554061],[-74.106413,40.554108],[-74.106482,40.554157],[-74.106564,40.554187],[-74.107047,40.554195],[-74.107348,40.554148],[-74.107686,40.553977],[-74.108539,40.553258],[-74.109008,40.552825],[-74.110285,40.551496],[-74.111203,40.55019],[-74.112788,40.547884],[-74.11301,40.54778],[-74.113383,40.548073],[-74.113438,40.548065],[-74.113452,40.548092],[-74.113601,40.548196],[-74.114535,40.549126],[-74.114653,40.549163],[-74.114799,40.549135],[-74.114778,40.549226],[-74.115267,40.549097],[-74.115968,40.548812],[-74.116363,40.548723],[-74.116598,40.54882],[-74.116763,40.548991],[-74.119575,40.551631],[-74.119609,40.551787],[-74.119459,40.552222],[-74.12402,40.555231],[-74.125727,40.556328],[-74.127301,40.557295],[-74.128117,40.556534],[-74.130072,40.557785],[-74.129724,40.558132],[-74.129982,40.558911],[-74.130618,40.559432],[-74.131568,40.56004],[-74.132263,40.560453],[-74.132509,40.560632],[-74.133968,40.561587],[-74.133671,40.561841],[-74.133407,40.56213],[-74.13311,40.562868],[-74.132644,40.563503],[-74.131688,40.5646],[-74.131573,40.564711],[-74.131435,40.564805],[-74.131196,40.564913],[-74.13102,40.564958],[-74.130585,40.56502],[-74.130343,40.565087],[-74.128466,40.566379],[-74.128221,40.566568],[-74.127762,40.566946],[-74.127144,40.567578],[-74.126764,40.567805],[-74.125995,40.568226],[-74.124186,40.569425],[-74.123098,40.570168],[-74.122169,40.570939],[-74.121626,40.571501],[-74.121445,40.571776],[-74.121387,40.572092],[-74.121388,40.572224],[-74.121343,40.572524],[-74.121344,40.572676],[-74.121393,40.572976],[-74.121831,40.574217],[-74.121853,40.574653],[-74.121726,40.574907],[-74.121537,40.575153],[-74.119786,40.575816],[-74.116332,40.573962],[-74.11165,40.571484],[-74.106604,40.568778],[-74.10307,40.567123],[-74.095438,40.563412]]]},"properties":{"co":"E165","bn":"23","div":"8"}},{"type":"Feature","geometry":{"type":"Polygon","coordinates":[[[-74.002193,40.596345],[-74.000279,40.595703],[-73.998656,40.597269],[-73.998027,40.596718],[-73.99484,40.594031],[-73.9945,40.593871],[-73.994189,40.593601],[-73.994021,40.593645],[-73.990364,40.591432],[-73.988731,40.593002],[-73.984015,40.590153],[-73.983803,40.589042],[-73.980918,40.58937],[-73.980763,40.586742],[-73.980463,40.585062],[-73.980399,40.584827],[-73.980355,40.584587],[-73.980333,40.584345],[-73.980333,40.584102],[-73.980354,40.583859],[-73.980397,40.583619],[-73.980461,40.583384],[-73.980648,40.582897],[-73.98271,40.583243],[-73.982637,40.582865],[-73.982776,40.582924],[-73.983012,40.58309],[-73.983157,40.583156],[-73.983399,40.583207],[-73.983651,40.583198],[-73.983843,40.583332],[-73.984395,40.582917],[-73.985023,40.582308],[-73.985287,40.582172],[-73.985445,40.582055],[-73.985473,40.58201],[-73.985637,40.581894],[-73.985703,40.581865],[-73.9858,40.581853],[-73.985861,40.581818],[-73.985691,40.581301],[-73.983932,40.58291],[-73.983612,40.582983],[-73.983452,40.582988],[-73.983305,40.58294],[-73.98312,40.582722],[-73.982533,40.582295],[-73.981938,40.5792],[-73.981564,40.576982],[-73.981218,40.575569],[-73.98105,40.574803],[-73.980791,40.573053],[-73.9791,40.571841],[-73.979457,40.571743],[-73.979847,40.571539],[-73.979861,40.571482],[-73.979806,40.571404],[-73.979724,40.571346],[-73.979425,40.571285],[-73.979391,40.571262],[-73.979425,40.571221],[-73.979569,40.571217],[-73.979772,40.57124],[-73.979977,40.57143],[-73.980008,40.571709],[-73.980209,40.571726],[-73.980501,40.571738],[-73.980938,40.571682],[-73.981822,40.571464],[-73.982041,40.57148],[-73.982037,40.571438],[-73.981992,40.571352],[-73.981921,40.57132],[-73.981599,40.571307],[-73.981558,40.571294],[-73.981544,40.571273],[-73.981572,40.57125],[-73.981948,40.571237],[-73.982027,40.571276],[-73.982095,40.571347],[-73.982146,40.571521],[-73.982177,40.571561],[-73.982256,40.571568],[-73.982827,40.571542],[-73.983673,40.571407],[-73.983404,40.570166],[-73.983058,40.57021],[-73.983043,40.570146],[-73.983392,40.570095],[-73.98327,40.569542],[-73.983361,40.56953],[-73.983485,40.570089],[-73.983821,40.570046],[-73.983839,40.570112],[-73.983488,40.570156],[-73.983758,40.571396],[-73.985729,40.571196],[-73.986451,40.571149],[-73.986468,40.571078],[-73.986509,40.571081],[-73.986547,40.571133],[-73.987269,40.571076],[-73.988037,40.570985],[-73.98862,40.570896],[-73.988578,40.570698],[-73.988634,40.570695],[-73.988665,40.570729],[-73.988721,40.570884],[-73.988928,40.570875],[-73.989647,40.570792],[-73.99044,40.571739],[-73.990451,40.571989],[-73.990717,40.573709],[-73.991564,40.578234],[-73.990504,40.578358],[-73.990698,40.579373],[-73.990362,40.579425],[-73.989695,40.579213],[-73.98958,40.579193],[-73.989448,40.579056],[-73.988991,40.578835],[-73.988428,40.578816],[-73.988142,40.578866],[-73.987983,40.578945],[-73.987608,40.579033],[-73.987616,40.579064],[-73.987855,40.579004],[-73.987866,40.579026],[-73.987452,40.579132],[-73.987442,40.579107],[-73.987597,40.579066],[-73.987587,40.579041],[-73.987391,40.579087],[-73.987383,40.579138],[-73.986695,40.579815],[-73.987021,40.580023],[-73.986165,40.58095],[-73.985886,40.581144],[-73.986045,40.581721],[-73.986845,40.581232],[-73.986945,40.581136],[-73.987126,40.580934],[-73.987347,40.580608],[-73.987458,40.580378],[-73.987574,40.580031],[-73.987629,40.579959],[-73.987639,40.579918],[-73.987733,40.579818],[-73.987809,40.579803],[-73.987973,40.57966],[-73.988036,40.579634],[-73.988107,40.579644],[-73.988259,40.579736],[-73.988475,40.57978],[-73.988581,40.579819],[-73.988904,40.580009],[-73.989136,40.580215],[-73.989542,40.580415],[-73.9897,40.580421],[-73.989955,40.580662],[-73.991194,40.581028],[-73.99163,40.58108],[-73.991743,40.5812],[-73.991683,40.581383],[-73.991731,40.581487],[-73.991825,40.581504],[-73.991855,40.581624],[-73.991825,40.581739],[-73.991696,40.581859],[-73.990338,40.584218],[-73.990356,40.584336],[-73.990342,40.584453],[-73.990262,40.584619],[-73.990976,40.58435],[-73.992674,40.583588],[-73.992774,40.583529],[-73.992886,40.583424],[-73.993069,40.583353],[-73.993147,40.583272],[-73.993252,40.583239],[-73.993702,40.582981],[-73.994192,40.582769],[-73.994537,40.582655],[-73.994688,40.582621],[-73.994828,40.582513],[-73.994905,40.582474],[-73.995153,40.582424],[-73.995239,40.582373],[-73.995333,40.582263],[-73.995397,40.582228],[-73.995472,40.58221],[-73.995589,40.58222],[-73.996055,40.582129],[-73.996224,40.582202],[-73.996726,40.582253],[-73.997396,40.58243],[-73.997813,40.58261],[-74.000179,40.583074],[-74.000309,40.583177],[-74.000417,40.583546],[-74.000437,40.584049],[-74.00036,40.584186],[-74.0001,40.584375],[-73.999982,40.584431],[-73.999858,40.584543],[-73.99974,40.584577],[-73.999633,40.584633],[-73.999458,40.584753],[-73.99934,40.584861],[-73.998985,40.585015],[-73.998788,40.585153],[-73.998461,40.585286],[-73.998264,40.585312],[-73.998085,40.585365],[-73.998089,40.585471],[-73.999289,40.585552],[-73.999469,40.58569],[-73.999706,40.58569],[-73.9997,40.585754],[-73.999526,40.585759],[-73.999634,40.58607],[-73.999565,40.586244],[-73.999357,40.586381],[-73.998974,40.586429],[-73.998776,40.586484],[-73.998219,40.58651],[-73.998145,40.586532],[-73.994173,40.588383],[-73.994235,40.588439],[-73.995599,40.587842],[-73.995661,40.587936],[-73.994079,40.588693],[-73.994216,40.588869],[-73.995331,40.58833],[-73.995346,40.588345],[-73.995483,40.588285],[-73.99549,40.588297],[-73.995552,40.588265],[-73.995563,40.588277],[-73.995134,40.588481],[-73.995155,40.588515],[-73.995057,40.588561],[-73.995099,40.588593],[-73.997956,40.58727],[-73.997979,40.587312],[-73.99555,40.588421],[-73.99555,40.588434],[-73.994877,40.588772],[-73.995347,40.589331],[-74.000114,40.586952],[-74.000109,40.586561],[-74.000165,40.586505],[-74.000238,40.586471],[-74.000317,40.586453],[-74.000374,40.586475],[-74.000433,40.586545],[-74.000425,40.586692],[-74.000489,40.587043],[-74.000382,40.587133],[-73.997883,40.588343],[-73.997897,40.588377],[-73.997934,40.588399],[-73.998673,40.589196],[-73.999237,40.588935],[-73.999464,40.589233],[-73.998378,40.58977],[-73.998421,40.589814],[-73.998836,40.589625],[-73.998866,40.589667],[-73.998444,40.58986],[-73.998553,40.590018],[-73.99878,40.590232],[-73.998794,40.590281],[-73.998778,40.590314],[-73.998733,40.590335],[-73.998688,40.590326],[-73.998594,40.590228],[-73.998533,40.590209],[-73.998443,40.59024],[-73.99776,40.590952],[-73.997112,40.591278],[-73.997117,40.591447],[-73.997158,40.591555],[-73.997228,40.591654],[-73.998064,40.591209],[-73.998129,40.591289],[-73.997283,40.591715],[-73.997549,40.591918],[-73.998564,40.591492],[-73.999168,40.591149],[-73.999363,40.591112],[-73.999664,40.591103],[-73.999862,40.591128],[-74.000043,40.591204],[-74.000137,40.591282],[-74.0002,40.591376],[-74.000233,40.591531],[-74.000058,40.591715],[-73.999306,40.592179],[-73.999031,40.592313],[-73.9993,40.592559],[-73.999348,40.592622],[-73.99945,40.592826],[-73.999483,40.592969],[-73.999197,40.593178],[-73.998975,40.593306],[-73.998388,40.593531],[-73.998534,40.593592],[-74.000179,40.592851],[-74.001096,40.592519],[-74.001966,40.593885],[-74.001943,40.593902],[-74.002038,40.59406],[-74.002276,40.594335],[-74.00269,40.594954],[-74.003171,40.595543],[-74.003716,40.5961],[-74.004114,40.59645],[-74.005573,40.597569],[-74.005304,40.597771],[-74.004686,40.597394],[-74.00391,40.596997],[-74.003476,40.596822],[-74.002881,40.596637],[-74.002193,40.596345]]]},"properties":{"co":"L166","bn":"43","div":"8"}},{"type":"Feature","geometry":{"type":"Polygon","coordinates":[[[-74.148768,40.625105],[-74.1467,40.624914],[-74.146112,40.624933],[-74.146386,40.624201],[-74.146525,40.623912],[-74.146839,40.623316],[-74.147124,40.622859],[-74.147439,40.622397],[-74.147298,40.622346],[-74.146913,40.62215],[-74.146633,40.622344],[-74.146339,40.622502],[-74.146006,40.62261],[-74.145656,40.622659],[-74.143404,40.622399],[-74.138367,40.621737],[-74.139646,40.617015],[-74.139822,40.6163],[-74.140048,40.615657],[-74.140232,40.614979],[-74.141037,40.611986],[-74.141204,40.611305],[-74.140607,40.604469],[-74.140462,40.60307],[-74.142028,40.603372],[-74.143033,40.60375],[-74.144105,40.604246],[-74.146477,40.605225],[-74.147007,40.605491],[-74.147261,40.605692],[-74.147364,40.605809],[-74.147447,40.605934],[-74.14751,40.606065],[-74.147502,40.606322],[-74.149905,40.606638],[-74.152399,40.607011],[-74.152577,40.607488],[-74.152801,40.608167],[-74.153081,40.608914],[-74.160403,40.607441],[-74.16242,40.607189],[-74.165065,40.606905],[-74.165824,40.606763],[-74.165701,40.606901],[-74.165504,40.607624],[-74.165436,40.608349],[-74.165224,40.609269],[-74.164839,40.610495],[-74.164083,40.613929],[-74.163603,40.615994],[-74.163389,40.616456],[-74.163075,40.617574],[-74.163059,40.617694],[-74.163063,40.617818],[-74.16309,40.617944],[-74.163139,40.618068],[-74.16321,40.618186],[-74.163301,40.618295],[-74.163408,40.618392],[-74.165391,40.619666],[-74.166735,40.620252],[-74.167835,40.620699],[-74.168196,40.620836],[-74.16886,40.621016],[-74.167934,40.622401],[-74.167596,40.623125],[-74.166769,40.626569],[-74.166559,40.627366],[-74.164925,40.627049],[-74.164143,40.62693],[-74.161182,40.626598],[-74.15941,40.626416],[-74.15857,40.626313],[-74.157826,40.626218],[-74.154519,40.625738],[-74.15135,40.625422],[-74.148768,40.625105]]]},"properties":{"co":"E166","bn":"22","div":"8"}},{"type":"Feature","geometry":{"type":"Polygon","coordinates":[[[-74.174217,40.562573],[-74.173465,40.562287],[-74.171852,40.561521],[-74.171508,40.561398],[-74.171103,40.561285],[-74.170467,40.561177],[-74.169826,40.56109],[-74.169834,40.560809],[-74.169775,40.560388],[-74.169473,40.559127],[-74.169167,40.557701],[-74.167099,40.548447],[-74.1671,40.548304],[-74.167073,40.548163],[-74.167018,40.548026],[-74.166888,40.547837],[-74.166833,40.547779],[-74.166541,40.547567],[-74.166292,40.547327],[-74.166197,40.54711],[-74.165742,40.545398],[-74.165401,40.544433],[-74.165261,40.54424],[-74.16427,40.543336],[-74.164765,40.542672],[-74.165485,40.542061],[-74.165836,40.541808],[-74.166089,40.541655],[-74.166459,40.541502],[-74.166681,40.541371],[-74.16688,40.54122],[-74.167512,40.540637],[-74.167806,40.540423],[-74.168165,40.540259],[-74.168738,40.54011],[-74.169277,40.540089],[-74.169696,40.540025],[-74.169898,40.539969],[-74.170271,40.539814],[-74.171597,40.538648],[-74.172267,40.538096],[-74.173588,40.537977],[-74.173955,40.537908],[-74.174303,40.537791],[-74.174621,40.537623],[-74.175042,40.537309],[-74.175363,40.537116],[-74.176051,40.536804],[-74.177814,40.535866],[-74.178216,40.5357],[-74.178429,40.535634],[-74.178867,40.535535],[-74.179217,40.535569],[-74.179559,40.53563],[-74.179892,40.535718],[-74.180829,40.535925],[-74.181194,40.535815],[-74.181959,40.535549],[-74.184138,40.534857],[-74.187439,40.533705],[-74.189475,40.533091],[-74.189832,40.532963],[-74.191744,40.531917],[-74.192374,40.533041],[-74.194097,40.536507],[-74.194441,40.537157],[-74.195077,40.538486],[-74.196093,40.540498],[-74.197022,40.542527],[-74.197308,40.543262],[-74.195862,40.544318],[-74.19514,40.544682],[-74.193061,40.545971],[-74.192739,40.54614],[-74.191527,40.546908],[-74.189299,40.548378],[-74.188588,40.548944],[-74.188076,40.549523],[-74.187573,40.550148],[-74.189255,40.551015],[-74.189565,40.551199],[-74.190146,40.551601],[-74.190732,40.552116],[-74.192751,40.554087],[-74.194742,40.556001],[-74.197695,40.558887],[-74.193862,40.562222],[-74.193529,40.562425],[-74.193174,40.562604],[-74.192883,40.562654],[-74.192685,40.562652],[-74.192179,40.562544],[-74.191754,40.562508],[-74.191328,40.562533],[-74.190917,40.56262],[-74.190657,40.56271],[-74.190433,40.562883],[-74.190119,40.563198],[-74.18998,40.563312],[-74.189825,40.563414],[-74.189478,40.563581],[-74.189099,40.563689],[-74.187274,40.564057],[-74.186778,40.564209],[-74.186275,40.564331],[-74.185526,40.564476],[-74.185254,40.564549],[-74.184923,40.564764],[-74.184576,40.564963],[-74.184026,40.56523],[-74.183731,40.565342],[-74.183185,40.56545],[-74.182727,40.565494],[-74.182413,40.565485],[-74.18203,40.565436],[-74.181596,40.565318],[-74.177945,40.563983],[-74.17758,40.563755],[-74.176594,40.563241],[-74.17603,40.563081],[-74.175109,40.562907],[-74.174895,40.562839],[-74.174217,40.562573]]]},"properties":{"co":"E167","bn":"23","div":"8"}},{"type":"Feature","geometry":{"type":"Polygon","coordinates":[[[-73.992036,40.603651],[-73.992619,40.60309],[-74.001309,40.608344],[-74.000944,40.60864],[-74.003425,40.609969],[-73.995418,40.617672],[-73.984382,40.611005],[-73.988423,40.607119],[-73.989132,40.606456],[-73.992036,40.603651]]]},"properties":{"co":"L168","bn":"42","div":"8"}},{"type":"Feature","geometry":{"type":"Polygon","coordinates":[[[-74.228073,40.556335],[-74.228014,40.556273],[-74.227702,40.556184],[-74.227559,40.556088],[-74.227437,40.556039],[-74.227241,40.556035],[-74.227083,40.556059],[-74.226902,40.556107],[-74.226769,40.556111],[-74.226737,40.556133],[-74.226579,40.556158],[-74.226573,40.556195],[-74.226537,40.556231],[-74.226477,40.556254],[-74.22637,40.55625],[-74.226332,40.556216],[-74.226187,40.556229],[-74.226169,40.555515],[-74.226116,40.555634],[-74.226002,40.555735],[-74.225842,40.5558],[-74.22572,40.555812],[-74.225598,40.555803],[-74.224571,40.555595],[-74.22385,40.555566],[-74.223187,40.555299],[-74.221522,40.554757],[-74.22137,40.554672],[-74.220384,40.552352],[-74.221681,40.551049],[-74.221093,40.549774],[-74.22057,40.548391],[-74.219177,40.550014],[-74.217241,40.551913],[-74.216897,40.55234],[-74.216776,40.552446],[-74.21579,40.553192],[-74.214948,40.553756],[-74.214058,40.554275],[-74.213125,40.554745],[-74.212916,40.554261],[-74.212287,40.552687],[-74.212241,40.552516],[-74.212009,40.551959],[-74.211694,40.551132],[-74.211474,40.550543],[-74.211426,40.550375],[-74.211072,40.549524],[-74.210528,40.548142],[-74.209885,40.54643],[-74.209085,40.54438],[-74.208772,40.543665],[-74.207973,40.541671],[-74.20699,40.541747],[-74.206749,40.540578],[-74.206534,40.539878],[-74.206273,40.539188],[-74.203404,40.533157],[-74.203093,40.532484],[-74.202987,40.532097],[-74.205679,40.531325],[-74.216664,40.528283],[-74.216827,40.528647],[-74.217014,40.529122],[-74.217283,40.529873],[-74.217781,40.531428],[-74.218014,40.532237],[-74.218119,40.532806],[-74.218197,40.533378],[-74.218247,40.533951],[-74.218315,40.535312],[-74.217868,40.537367],[-74.2178,40.537749],[-74.2233,40.53729],[-74.224567,40.537021],[-74.225804,40.536708],[-74.226613,40.536557],[-74.22737,40.536627],[-74.227744,40.536682],[-74.228481,40.536831],[-74.232747,40.537607],[-74.233689,40.537758],[-74.235792,40.538137],[-74.237395,40.538352],[-74.237412,40.538422],[-74.239646,40.538731],[-74.243289,40.539329],[-74.245405,40.539693],[-74.245433,40.5398],[-74.245413,40.540214],[-74.24543,40.540386],[-74.245476,40.540633],[-74.245519,40.540758],[-74.245608,40.54096],[-74.245824,40.541054],[-74.245993,40.541279],[-74.246061,40.541402],[-74.246198,40.541809],[-74.246321,40.542022],[-74.246486,40.542213],[-74.246575,40.54225],[-74.246762,40.542367],[-74.246778,40.542423],[-74.246863,40.54251],[-74.247678,40.543125],[-74.247922,40.543049],[-74.248035,40.543093],[-74.247706,40.543524],[-74.247619,40.543509],[-74.246137,40.545696],[-74.243638,40.547666],[-74.242936,40.547113],[-74.242665,40.547011],[-74.242203,40.546949],[-74.24205,40.546956],[-74.241799,40.547002],[-74.241693,40.547068],[-74.24128,40.547232],[-74.240392,40.547663],[-74.240125,40.54786],[-74.239791,40.548075],[-74.239593,40.54824],[-74.239392,40.54836],[-74.239314,40.548454],[-74.239289,40.548515],[-74.239186,40.548535],[-74.23915,40.548558],[-74.239023,40.54873],[-74.238769,40.548942],[-74.238525,40.549024],[-74.238372,40.549142],[-74.238149,40.549393],[-74.237903,40.549743],[-74.237765,40.549973],[-74.23762,40.550123],[-74.237517,40.55019],[-74.237465,40.550204],[-74.237319,40.55022],[-74.237226,40.550208],[-74.237133,40.550263],[-74.236883,40.550298],[-74.236693,40.550385],[-74.236501,40.55043],[-74.236415,40.550508],[-74.236378,40.550579],[-74.236288,40.550694],[-74.236285,40.550856],[-74.236178,40.551311],[-74.236165,40.551429],[-74.236212,40.551585],[-74.236293,40.551752],[-74.23634,40.551833],[-74.236463,40.551939],[-74.236518,40.552074],[-74.236512,40.552169],[-74.236471,40.552258],[-74.236354,40.552368],[-74.234899,40.553005],[-74.234787,40.552986],[-74.234668,40.552939],[-74.23452,40.552936],[-74.234351,40.552837],[-74.23415,40.552779],[-74.233984,40.552626],[-74.233778,40.552514],[-74.233535,40.552466],[-74.233429,40.552473],[-74.233342,40.5525],[-74.232915,40.552823],[-74.232804,40.552894],[-74.232696,40.552928],[-74.232291,40.553364],[-74.232203,40.553495],[-74.2321,40.553743],[-74.231966,40.553964],[-74.231933,40.55415],[-74.231887,40.554213],[-74.231145,40.554946],[-74.23099,40.555147],[-74.230875,40.555351],[-74.23084,40.555448],[-74.230755,40.555537],[-74.230656,40.555575],[-74.230555,40.555564],[-74.230425,40.555462],[-74.230345,40.555417],[-74.23025,40.555387],[-74.230175,40.55539],[-74.229926,40.555486],[-74.229789,40.555516],[-74.229605,40.555519],[-74.22938,40.555481],[-74.22932,40.555492],[-74.229249,40.555567],[-74.229248,40.55561],[-74.22927,40.55567],[-74.229331,40.555701],[-74.229353,40.555751],[-74.229313,40.555817],[-74.229248,40.555871],[-74.229195,40.555885],[-74.229141,40.555873],[-74.229073,40.555964],[-74.229083,40.556029],[-74.229052,40.556107],[-74.228724,40.556297],[-74.228465,40.556312],[-74.228332,40.55639],[-74.228162,40.556377],[-74.228073,40.556335]]]},"properties":{"co":"E168","bn":"23","div":"8"}},{"type":"Feature","geometry":{"type":"Polygon","coordinates":[[[-73.944569,40.589041],[-73.944147,40.586786],[-73.930332,40.588303],[-73.929703,40.587607],[-73.929722,40.58756],[-73.930219,40.587477],[-73.931349,40.587328],[-73.931366,40.587169],[-73.931303,40.587048],[-73.931278,40.586893],[-73.931252,40.58685],[-73.931181,40.586799],[-73.931045,40.586814],[-73.931058,40.586907],[-73.930814,40.586923],[-73.930806,40.586896],[-73.929643,40.587031],[-73.929642,40.587014],[-73.93082,40.586876],[-73.930829,40.586908],[-73.930911,40.586903],[-73.930913,40.586888],[-73.930957,40.586882],[-73.931017,40.586886],[-73.931012,40.58683],[-73.930528,40.586857],[-73.929669,40.586955],[-73.929616,40.58698],[-73.929563,40.587036],[-73.929289,40.587055],[-73.929194,40.587088],[-73.928792,40.587091],[-73.928574,40.587062],[-73.928432,40.587001],[-73.928297,40.586918],[-73.928143,40.586782],[-73.928115,40.586699],[-73.928082,40.586698],[-73.928063,40.586569],[-73.92812,40.586329],[-73.928039,40.586324],[-73.928044,40.586294],[-73.92811,40.586295],[-73.92815,40.586178],[-73.928138,40.586156],[-73.927919,40.586136],[-73.927925,40.586094],[-73.928165,40.586114],[-73.928173,40.586173],[-73.928195,40.586134],[-73.928277,40.586107],[-73.928157,40.585865],[-73.928016,40.585871],[-73.92786,40.585917],[-73.927743,40.58605],[-73.927444,40.586016],[-73.927405,40.585992],[-73.927388,40.586015],[-73.92737,40.586007],[-73.927337,40.58604],[-73.927533,40.586259],[-73.927586,40.586254],[-73.927596,40.5864],[-73.927516,40.586398],[-73.927512,40.58627],[-73.927281,40.586044],[-73.927351,40.586001],[-73.927339,40.585994],[-73.927372,40.585959],[-73.927359,40.585921],[-73.927304,40.585866],[-73.927213,40.585812],[-73.927112,40.585804],[-73.926763,40.5856],[-73.926691,40.585547],[-73.926663,40.585502],[-73.926663,40.585467],[-73.92638,40.585296],[-73.926306,40.585362],[-73.926602,40.585529],[-73.926548,40.585575],[-73.925494,40.585019],[-73.925529,40.584978],[-73.926275,40.585353],[-73.926345,40.585276],[-73.926184,40.585182],[-73.926205,40.585155],[-73.925833,40.584953],[-73.925524,40.584825],[-73.925379,40.58471],[-73.925366,40.584676],[-73.925305,40.584642],[-73.925291,40.584641],[-73.925281,40.584674],[-73.925259,40.584684],[-73.925198,40.584677],[-73.925027,40.584711],[-73.924553,40.584612],[-73.924533,40.584646],[-73.924499,40.584659],[-73.924098,40.584661],[-73.923977,40.584718],[-73.923871,40.584742],[-73.923743,40.584741],[-73.923728,40.584773],[-73.923541,40.584787],[-73.92345,40.584818],[-73.923278,40.584803],[-73.923161,40.584768],[-73.923034,40.584768],[-73.922717,40.584673],[-73.922349,40.58466],[-73.922214,40.584679],[-73.921923,40.584682],[-73.921657,40.584654],[-73.921315,40.584652],[-73.921234,40.584636],[-73.921188,40.584652],[-73.92111,40.584642],[-73.92105,40.584588],[-73.921013,40.584575],[-73.920731,40.584672],[-73.920622,40.584651],[-73.920551,40.584664],[-73.920447,40.584652],[-73.920384,40.584667],[-73.920286,40.584661],[-73.920196,40.584635],[-73.920149,40.584675],[-73.91998,40.584672],[-73.919916,40.584712],[-73.919883,40.584753],[-73.919822,40.58476],[-73.919804,40.584791],[-73.919722,40.584822],[-73.919647,40.58483],[-73.919645,40.584851],[-73.919589,40.584875],[-73.919581,40.584907],[-73.919541,40.584907],[-73.919542,40.584892],[-73.919464,40.584914],[-73.91931,40.584914],[-73.919234,40.584931],[-73.919113,40.584972],[-73.919034,40.585056],[-73.919002,40.585035],[-73.918842,40.585043],[-73.918838,40.585061],[-73.9189,40.585091],[-73.918886,40.58511],[-73.918857,40.585099],[-73.918868,40.585149],[-73.918836,40.585131],[-73.918848,40.585168],[-73.918799,40.585198],[-73.918796,40.585224],[-73.91853,40.585316],[-73.918422,40.585372],[-73.918247,40.585423],[-73.918231,40.585411],[-73.918272,40.585332],[-73.91824,40.585317],[-73.918163,40.585362],[-73.918146,40.585399],[-73.918162,40.585424],[-73.918129,40.585445],[-73.917937,40.585468],[-73.917854,40.585536],[-73.917793,40.585535],[-73.917747,40.585578],[-73.917718,40.585577],[-73.917671,40.585614],[-73.917526,40.58563],[-73.917456,40.585609],[-73.917417,40.585628],[-73.917348,40.58562],[-73.917311,40.585677],[-73.91722,40.585656],[-73.917194,40.585684],[-73.917139,40.585681],[-73.917126,40.58571],[-73.917076,40.585708],[-73.91707,40.585737],[-73.917034,40.585761],[-73.917027,40.585855],[-73.916993,40.585883],[-73.916902,40.585892],[-73.916827,40.585923],[-73.916747,40.585914],[-73.916255,40.586055],[-73.916207,40.586047],[-73.915945,40.586146],[-73.915784,40.586119],[-73.915724,40.586195],[-73.915661,40.586223],[-73.91547,40.586228],[-73.915413,40.586254],[-73.915278,40.58625],[-73.915194,40.586287],[-73.915133,40.586269],[-73.914881,40.586258],[-73.914822,40.586277],[-73.914552,40.586197],[-73.914488,40.586234],[-73.914411,40.586228],[-73.914275,40.586171],[-73.914213,40.586171],[-73.914109,40.586106],[-73.914056,40.586095],[-73.913996,40.586106],[-73.913912,40.586057],[-73.913833,40.586035],[-73.913749,40.586034],[-73.91367,40.586054],[-73.91366,40.586078],[-73.913671,40.586097],[-73.913644,40.586114],[-73.9135,40.586096],[-73.913236,40.586012],[-73.913099,40.585951],[-73.912586,40.585567],[-73.912558,40.585373],[-73.912586,40.5853],[-73.912584,40.585223],[-73.912553,40.585151],[-73.912495,40.585088],[-73.912479,40.584996],[-73.912506,40.584707],[-73.912478,40.584665],[-73.912382,40.584623],[-73.912368,40.584526],[-73.912392,40.5845],[-73.912485,40.584506],[-73.912608,40.58432],[-73.912618,40.584225],[-73.91264,40.58418],[-73.912602,40.58416],[-73.912586,40.584089],[-73.912636,40.58395],[-73.91259,40.583916],[-73.912521,40.583914],[-73.912505,40.583886],[-73.912535,40.583875],[-73.91265,40.583894],[-73.91269,40.583875],[-73.912706,40.583831],[-73.912711,40.5837],[-73.912662,40.583606],[-73.912611,40.58362],[-73.912583,40.583654],[-73.912543,40.583645],[-73.912424,40.583515],[-73.912401,40.583453],[-73.912407,40.583425],[-73.91246,40.583352],[-73.912605,40.583291],[-73.912817,40.583093],[-73.913047,40.583008],[-73.913083,40.583014],[-73.913108,40.583039],[-73.913094,40.583078],[-73.913031,40.583111],[-73.913004,40.583151],[-73.91301,40.583174],[-73.913054,40.583187],[-73.913115,40.583117],[-73.913345,40.583088],[-73.91356,40.583031],[-73.91367,40.583028],[-73.913842,40.582981],[-73.913983,40.58299],[-73.91415,40.582967],[-73.914305,40.582895],[-73.914348,40.582852],[-73.91438,40.582865],[-73.914425,40.582858],[-73.914414,40.582812],[-73.914426,40.582799],[-73.914509,40.582809],[-73.91461,40.582759],[-73.914787,40.582788],[-73.914821,40.582817],[-73.914814,40.58286],[-73.914897,40.582873],[-73.914902,40.582895],[-73.914851,40.582962],[-73.914879,40.583006],[-73.914862,40.583074],[-73.914871,40.583094],[-73.914951,40.583121],[-73.914994,40.583153],[-73.915105,40.583109],[-73.915214,40.583095],[-73.914956,40.582463],[-73.914854,40.582494],[-73.91456,40.582407],[-73.914387,40.582383],[-73.914339,40.582419],[-73.914334,40.582481],[-73.914413,40.582517],[-73.914464,40.582609],[-73.91438,40.58264],[-73.914353,40.58259],[-73.914311,40.582611],[-73.914283,40.582591],[-73.914237,40.582597],[-73.914176,40.582664],[-73.914167,40.582721],[-73.914188,40.582773],[-73.914173,40.582801],[-73.914154,40.582811],[-73.914106,40.582749],[-73.914055,40.582736],[-73.913881,40.582722],[-73.913726,40.582729],[-73.913676,40.582785],[-73.913528,40.582881],[-73.913359,40.582954],[-73.913245,40.582938],[-73.912969,40.582973],[-73.912931,40.582925],[-73.913007,40.582775],[-73.913054,40.582735],[-73.912982,40.582707],[-73.912946,40.582729],[-73.912938,40.582757],[-73.912954,40.582828],[-73.912893,40.582852],[-73.91289,40.582998],[-73.91283,40.583011],[-73.91277,40.582969],[-73.912693,40.582965],[-73.912501,40.583079],[-73.912492,40.583069],[-73.912507,40.58304],[-73.912379,40.583054],[-73.91227,40.583007],[-73.912221,40.582963],[-73.912327,40.582957],[-73.912484,40.58292],[-73.912498,40.582904],[-73.91249,40.582886],[-73.911996,40.582916],[-73.911976,40.582927],[-73.911963,40.582964],[-73.911936,40.582968],[-73.911787,40.582906],[-73.911556,40.582771],[-73.91148,40.582685],[-73.911286,40.582314],[-73.911278,40.582221],[-73.911291,40.582174],[-73.911475,40.581844],[-73.911571,40.581783],[-73.911838,40.58176],[-73.912316,40.581776],[-73.912846,40.581757],[-73.913345,40.581695],[-73.913711,40.581629],[-73.91408,40.581689],[-73.914441,40.581713],[-73.914632,40.581666],[-73.914927,40.581547],[-73.915014,40.581539],[-73.916486,40.581761],[-73.917543,40.58208],[-73.917745,40.582111],[-73.918015,40.582113],[-73.91814,40.582139],[-73.919032,40.582428],[-73.919797,40.582655],[-73.920581,40.582804],[-73.921654,40.583124],[-73.922213,40.583251],[-73.923214,40.583443],[-73.923741,40.583512],[-73.924436,40.583558],[-73.925219,40.583506],[-73.925574,40.583514],[-73.925604,40.583455],[-73.92562,40.583454],[-73.925646,40.583489],[-73.926268,40.583551],[-73.927125,40.583579],[-73.92823,40.583526],[-73.929437,40.583419],[-73.929447,40.583373],[-73.929473,40.583374],[-73.929466,40.583416],[-73.929632,40.583399],[-73.930349,40.583274],[-73.930597,40.583197],[-73.930807,40.583071],[-73.930888,40.582941],[-73.930889,40.582909],[-73.93086,40.582873],[-73.930733,40.582846],[-73.93073,40.582823],[-73.93075,40.582793],[-73.930741,40.582759],[-73.930809,40.582753],[-73.930921,40.582784],[-73.93096,40.582729],[-73.931093,40.582743],[-73.93118,40.582716],[-73.931714,40.582812],[-73.931725,40.582877],[-73.931797,40.582897],[-73.931839,40.582945],[-73.931836,40.582982],[-73.931786,40.583028],[-73.931788,40.583053],[-73.931944,40.583109],[-73.931977,40.583111],[-73.931928,40.58287],[-73.932377,40.582919],[-73.932372,40.582961],[-73.932014,40.582926],[-73.931989,40.582944],[-73.932018,40.583111],[-73.93238,40.583011],[-73.932513,40.582938],[-73.932599,40.582919],[-73.932691,40.582921],[-73.932818,40.582951],[-73.93304,40.582941],[-73.933491,40.583059],[-73.93349,40.582965],[-73.93421,40.58298],[-73.934208,40.583094],[-73.93437,40.58311],[-73.93438,40.583139],[-73.93456,40.583165],[-73.934561,40.58302],[-73.935282,40.583097],[-73.935276,40.583243],[-73.935691,40.583275],[-73.93569,40.583255],[-73.935724,40.583254],[-73.935719,40.583153],[-73.935677,40.583154],[-73.935674,40.583019],[-73.935824,40.583021],[-73.935827,40.583152],[-73.93576,40.583156],[-73.935767,40.583278],[-73.936132,40.583314],[-73.936207,40.583296],[-73.936253,40.583247],[-73.936254,40.583184],[-73.936274,40.583181],[-73.93627,40.583059],[-73.936289,40.58306],[-73.936287,40.583001],[-73.936245,40.583],[-73.936242,40.582976],[-73.936128,40.582979],[-73.936129,40.583011],[-73.936098,40.583012],[-73.936097,40.582949],[-73.936566,40.582958],[-73.936564,40.582987],[-73.936351,40.58298],[-73.936349,40.583005],[-73.9363,40.583003],[-73.936317,40.583179],[-73.936539,40.583164],[-73.936549,40.583221],[-73.936576,40.583241],[-73.936974,40.58323],[-73.936988,40.583016],[-73.936931,40.583016],[-73.936931,40.582995],[-73.936633,40.582991],[-73.936633,40.582972],[-73.937059,40.582978],[-73.937053,40.583085],[-73.937633,40.583096],[-73.937632,40.583115],[-73.937054,40.583104],[-73.937053,40.583126],[-73.937027,40.583126],[-73.937031,40.583017],[-73.937006,40.583016],[-73.937015,40.583233],[-73.937051,40.583235],[-73.937077,40.58333],[-73.937125,40.583347],[-73.937297,40.583349],[-73.93732,40.58334],[-73.937325,40.583293],[-73.937832,40.583293],[-73.937887,40.583344],[-73.938119,40.58334],[-73.938094,40.583117],[-73.93824,40.583117],[-73.938257,40.58328],[-73.938331,40.583341],[-73.938553,40.583338],[-73.938477,40.583178],[-73.938668,40.583164],[-73.938647,40.583106],[-73.938622,40.583103],[-73.938628,40.583067],[-73.938787,40.583071],[-73.938783,40.583095],[-73.938669,40.583084],[-73.938663,40.583105],[-73.938697,40.583165],[-73.939296,40.583167],[-73.939302,40.583333],[-73.939825,40.583331],[-73.939829,40.583171],[-73.939857,40.583175],[-73.939859,40.583331],[-73.940577,40.583328],[-73.940566,40.583087],[-73.94011,40.583093],[-73.940109,40.583075],[-73.940677,40.583066],[-73.940677,40.583086],[-73.940586,40.583086],[-73.940589,40.583207],[-73.940629,40.583205],[-73.940636,40.583328],[-73.9407,40.583328],[-73.940697,40.583302],[-73.940916,40.583302],[-73.940897,40.583088],[-73.940739,40.583091],[-73.940738,40.583076],[-73.941025,40.58307],[-73.941026,40.583085],[-73.940915,40.583088],[-73.940934,40.583302],[-73.941157,40.583299],[-73.941137,40.583165],[-73.941109,40.583141],[-73.941098,40.583095],[-73.941151,40.583104],[-73.941202,40.58309],[-73.941154,40.583113],[-73.941209,40.583299],[-73.941247,40.583301],[-73.941264,40.583337],[-73.941441,40.58334],[-73.941488,40.583529],[-73.941544,40.583518],[-73.941574,40.583608],[-73.942551,40.583514],[-73.94202,40.58311],[-73.942149,40.583107],[-73.942702,40.583509],[-73.943047,40.583492],[-73.942563,40.583127],[-73.942688,40.583123],[-73.943195,40.58349],[-73.943545,40.583471],[-73.943093,40.583135],[-73.943228,40.583131],[-73.943692,40.583468],[-73.944068,40.583472],[-73.943636,40.583146],[-73.943765,40.583145],[-73.944234,40.58348],[-73.944618,40.583497],[-73.944175,40.583158],[-73.944321,40.583159],[-73.944775,40.583508],[-73.945175,40.583521],[-73.944713,40.583165],[-73.944845,40.583164],[-73.94535,40.583529],[-73.94573,40.583545],[-73.945267,40.583183],[-73.945376,40.583182],[-73.945899,40.583553],[-73.946286,40.583569],[-73.945799,40.583195],[-73.945924,40.583194],[-73.946434,40.583563],[-73.946789,40.58355],[-73.946316,40.583207],[-73.946455,40.583205],[-73.946918,40.583546],[-73.947268,40.583533],[-73.946822,40.583191],[-73.947014,40.583188],[-73.947469,40.583528],[-73.948367,40.583489],[-73.950251,40.583287],[-73.953493,40.582988],[-73.953301,40.582003],[-73.949697,40.582319],[-73.942741,40.580996],[-73.933813,40.581133],[-73.933814,40.581214],[-73.935134,40.581184],[-73.935138,40.581303],[-73.935109,40.581304],[-73.935095,40.581211],[-73.933813,40.581221],[-73.933813,40.581233],[-73.933764,40.581233],[-73.933763,40.581194],[-73.933663,40.581195],[-73.933663,40.581213],[-73.9334,40.581215],[-73.933399,40.581165],[-73.933662,40.581162],[-73.933663,40.581185],[-73.933763,40.581183],[-73.933758,40.581132],[-73.933003,40.581145],[-73.933003,40.581281],[-73.932972,40.581284],[-73.932964,40.581145],[-73.93291,40.581146],[-73.932913,40.581284],[-73.932873,40.581286],[-73.932869,40.581148],[-73.932806,40.581147],[-73.932749,40.581237],[-73.932698,40.581269],[-73.93258,40.581265],[-73.932503,40.581147],[-73.932021,40.579542],[-73.931996,40.579521],[-73.931815,40.578959],[-73.931827,40.57868],[-73.93169,40.578179],[-73.931641,40.578171],[-73.93106,40.576266],[-73.931063,40.576163],[-73.931442,40.575701],[-73.931503,40.575661],[-73.933097,40.57559],[-73.933344,40.575566],[-73.934861,40.575528],[-73.934891,40.575515],[-73.934902,40.575485],[-73.934894,40.575222],[-73.934995,40.575226],[-73.935002,40.575436],[-73.935079,40.575509],[-73.935757,40.575727],[-73.936234,40.575842],[-73.936471,40.57586],[-73.936562,40.575819],[-73.936604,40.575772],[-73.936651,40.575623],[-73.936672,40.575428],[-73.936708,40.575418],[-73.936757,40.575428],[-73.936795,40.575542],[-73.936831,40.57556],[-73.942509,40.575374],[-73.942533,40.575402],[-73.942538,40.575437],[-73.942513,40.575476],[-73.942476,40.575494],[-73.942505,40.575537],[-73.942557,40.575564],[-73.943292,40.57572],[-73.943641,40.575773],[-73.944049,40.575807],[-73.944279,40.575801],[-73.944506,40.575771],[-73.944633,40.575691],[-73.944553,40.575293],[-73.94457,40.575248],[-73.944601,40.575235],[-73.944642,40.575262],[-73.944695,40.575484],[-73.944744,40.575514],[-73.945274,40.575568],[-73.945543,40.575574],[-73.945724,40.575559],[-73.945899,40.575522],[-73.946036,40.575466],[-73.946124,40.57539],[-73.946182,40.575299],[-73.946206,40.575199],[-73.946159,40.57519],[-73.945953,40.575212],[-73.945921,40.575199],[-73.945909,40.575139],[-73.945924,40.575115],[-73.946651,40.575019],[-73.94692,40.575005],[-73.948964,40.574778],[-73.949388,40.57469],[-73.949919,40.574552],[-73.950186,40.57456],[-73.950309,40.574534],[-73.950812,40.574492],[-73.951325,40.574424],[-73.951778,40.574415],[-73.952108,40.574384],[-73.952398,40.574247],[-73.952578,40.574204],[-73.952785,40.574201],[-73.953125,40.574283],[-73.953743,40.574297],[-73.953935,40.574243],[-73.953994,40.574266],[-73.954011,40.574238],[-73.954032,40.574086],[-73.954083,40.574073],[-73.954107,40.574102],[-73.9541,40.574287],[-73.954134,40.574333],[-73.954398,40.574371],[-73.955137,40.574371],[-73.955695,40.574327],[-73.956208,40.574265],[-73.956345,40.574207],[-73.956369,40.574173],[-73.956296,40.573835],[-73.956311,40.5738],[-73.956345,40.573798],[-73.95639,40.573824],[-73.956472,40.574139],[-73.956568,40.574171],[-73.957201,40.574187],[-73.957944,40.574145],[-73.958435,40.574089],[-73.958884,40.573992],[-73.958966,40.573947],[-73.958975,40.573905],[-73.958943,40.573467],[-73.958987,40.573431],[-73.959026,40.573452],[-73.959072,40.573846],[-73.959096,40.573864],[-73.959392,40.573912],[-73.959829,40.573929],[-73.960909,40.573865],[-73.96106,40.575309],[-73.961442,40.577611],[-73.960564,40.577799],[-73.960779,40.578316],[-73.961943,40.581535],[-73.962429,40.584148],[-73.962894,40.584132],[-73.963358,40.584161],[-73.963386,40.584244],[-73.962131,40.584392],[-73.960231,40.584676],[-73.960342,40.585968],[-73.960346,40.586125],[-73.960317,40.586515],[-73.96035,40.587306],[-73.944569,40.589041]]]},"properties":{"co":"L169","bn":"43","div":"8"}},{"type":"Feature","geometry":{"type":"Polygon","coordinates":[[[-73.981748,40.613555],[-73.982061,40.613238],[-73.9822,40.613312],[-73.982156,40.61315],[-73.982659,40.612692],[-73.983351,40.611992],[-73.984382,40.611005],[-74.002276,40.621814],[-73.997536,40.626377],[-73.979638,40.615565],[-73.981748,40.613555]]]},"properties":{"co":"L172","bn":"42","div":"8"}},{"type":"Feature","geometry":{"type":"Polygon","coordinates":[[[-74.015301,40.655426],[-74.005663,40.649578],[-74.006824,40.648465],[-74.002413,40.645807],[-74.004746,40.643567],[-74.000341,40.640905],[-74.002672,40.638667],[-74.020294,40.649303],[-74.022942,40.650944],[-74.02302,40.651006],[-74.022851,40.651169],[-74.025369,40.652721],[-74.025227,40.65283],[-74.022724,40.651297],[-74.022622,40.651312],[-74.021541,40.650672],[-74.021345,40.650852],[-74.021282,40.650817],[-74.021247,40.650835],[-74.021276,40.650862],[-74.021276,40.650892],[-74.021392,40.650968],[-74.02136,40.650997],[-74.021243,40.650926],[-74.021185,40.650978],[-74.021127,40.650943],[-74.021052,40.651098],[-74.021345,40.65126],[-74.022337,40.651911],[-74.022252,40.651982],[-74.021264,40.651326],[-74.020983,40.651157],[-74.020899,40.651247],[-74.023807,40.653045],[-74.023594,40.653216],[-74.023534,40.653096],[-74.023332,40.652942],[-74.023099,40.652919],[-74.022942,40.652879],[-74.022889,40.652822],[-74.022852,40.652742],[-74.021959,40.652223],[-74.021869,40.652223],[-74.021622,40.65232],[-74.021232,40.652697],[-74.021187,40.65284],[-74.023205,40.654096],[-74.023062,40.654233],[-74.022102,40.653588],[-74.021937,40.653577],[-74.021877,40.653548],[-74.021629,40.653645],[-74.021285,40.653965],[-74.02124,40.654131],[-74.02115,40.654211],[-74.021825,40.654656],[-74.021645,40.654879],[-74.020895,40.654434],[-74.02064,40.654439],[-74.020602,40.654411],[-74.020602,40.654291],[-74.020475,40.654217],[-74.020242,40.654222],[-74.020025,40.654165],[-74.01962,40.654165],[-74.019417,40.654],[-74.019252,40.654034],[-74.019192,40.654023],[-74.019245,40.653943],[-74.019177,40.653886],[-74.018967,40.653868],[-74.018854,40.653651],[-74.018727,40.653474],[-74.018622,40.653491],[-74.018119,40.653885],[-74.020256,40.655118],[-74.020052,40.655336],[-74.017874,40.654062],[-74.017153,40.654775],[-74.017466,40.654927],[-74.017419,40.654992],[-74.019801,40.656487],[-74.019706,40.656581],[-74.017267,40.655194],[-74.016916,40.655483],[-74.01665,40.655339],[-74.016394,40.655621],[-74.019108,40.657369],[-74.018909,40.65755],[-74.015301,40.655426]]]},"properties":{"co":"E201","bn":"40","div":"8"}},{"type":"Feature","geometry":{"type":"Polygon","coordinates":[[[-74.007125,40.664915],[-74.006525,40.664547],[-74.006707,40.664363],[-74.006799,40.664418],[-74.006882,40.66434],[-74.006629,40.664188],[-74.006536,40.664257],[-74.006642,40.66432],[-74.00645,40.664506],[-74.005842,40.664138],[-74.006029,40.663959],[-74.006119,40.664011],[-74.006203,40.66393],[-74.006046,40.66384],[-74.005993,40.663891],[-74.005921,40.66385],[-74.005898,40.663876],[-74.00581,40.663874],[-74.005758,40.663923],[-74.00578,40.663988],[-74.005748,40.664012],[-74.005823,40.664055],[-74.005758,40.664114],[-74.005893,40.66419],[-74.005749,40.664327],[-74.005741,40.664382],[-74.00577,40.664397],[-74.005745,40.664418],[-74.005835,40.66447],[-74.005808,40.664478],[-74.005849,40.664503],[-74.005822,40.664529],[-74.005641,40.664531],[-74.00565,40.6639],[-74.004301,40.663092],[-74.004266,40.663115],[-74.003629,40.662735],[-74.003403,40.662986],[-74.001705,40.661779],[-73.996336,40.658547],[-74.002166,40.652949],[-73.997795,40.650289],[-73.998306,40.64974],[-73.996046,40.648341],[-73.997022,40.647538],[-73.9973,40.647272],[-73.999515,40.648612],[-74.000083,40.648046],[-74.002413,40.645807],[-74.006824,40.648465],[-74.005663,40.649578],[-74.015301,40.655426],[-74.018909,40.65755],[-74.018606,40.657846],[-74.015854,40.656213],[-74.015436,40.656632],[-74.017742,40.658099],[-74.017666,40.658186],[-74.017866,40.658308],[-74.017685,40.658453],[-74.017486,40.658337],[-74.017505,40.658272],[-74.015047,40.65695],[-74.014421,40.657608],[-74.017458,40.65945],[-74.015542,40.660758],[-74.014004,40.659812],[-74.013663,40.660029],[-74.012469,40.659316],[-74.011839,40.658913],[-74.011422,40.659329],[-74.011108,40.659706],[-74.014022,40.66153],[-74.013156,40.661982],[-74.012654,40.661982],[-74.010235,40.660461],[-74.0086,40.659521],[-74.007459,40.660558],[-74.010372,40.662399],[-74.010463,40.662642],[-74.009551,40.663268],[-74.008684,40.663372],[-74.006161,40.661845],[-74.005686,40.662275],[-74.004284,40.661445],[-74.004146,40.661562],[-74.005124,40.662145],[-74.005141,40.662184],[-74.00562,40.662494],[-74.005785,40.662583],[-74.005827,40.66259],[-74.005858,40.662575],[-74.006227,40.662788],[-74.005924,40.663108],[-74.004225,40.662177],[-74.003808,40.661908],[-74.003488,40.662241],[-74.004366,40.662736],[-74.004388,40.662714],[-74.004555,40.662816],[-74.004602,40.662768],[-74.00459,40.662734],[-74.004606,40.662719],[-74.004544,40.66268],[-74.004733,40.662497],[-74.005358,40.662869],[-74.005156,40.663047],[-74.005062,40.662992],[-74.004972,40.663068],[-74.005192,40.663202],[-74.005244,40.663155],[-74.005232,40.663118],[-74.005249,40.663106],[-74.005186,40.66307],[-74.00538,40.662884],[-74.005997,40.663259],[-74.005795,40.663436],[-74.0057,40.663377],[-74.005613,40.663458],[-74.007721,40.664719],[-74.007725,40.664743],[-74.007674,40.664791],[-74.007639,40.664796],[-74.007305,40.664598],[-74.007257,40.664643],[-74.007266,40.664673],[-74.007253,40.66469],[-74.007319,40.66473],[-74.007125,40.664915]]]},"properties":{"co":"E228","bn":"40","div":"8"}},{"type":"Feature","geometry":{"type":"Polygon","coordinates":[[[-74.034073,40.644314],[-74.032875,40.643583],[-74.032641,40.643787],[-74.032297,40.643581],[-74.032235,40.643643],[-74.032542,40.643825],[-74.032311,40.644039],[-74.032269,40.644074],[-74.031979,40.643893],[-74.031897,40.643889],[-74.031598,40.644202],[-74.027133,40.641569],[-74.026335,40.641007],[-74.024574,40.639924],[-74.023549,40.63932],[-74.021375,40.637999],[-74.022626,40.636799],[-74.024792,40.631506],[-74.025086,40.630832],[-74.025361,40.630109],[-74.02835,40.622799],[-74.03106,40.623463],[-74.039109,40.625371],[-74.040744,40.625688],[-74.041301,40.625905],[-74.041642,40.626009],[-74.041429,40.628071],[-74.041301,40.629006],[-74.041273,40.629141],[-74.041091,40.629726],[-74.041102,40.630006],[-74.041033,40.630282],[-74.040888,40.630541],[-74.040753,40.630697],[-74.040659,40.630889],[-74.039294,40.633886],[-74.037168,40.638285],[-74.036807,40.638984],[-74.038763,40.639588],[-74.038688,40.639738],[-74.036725,40.639141],[-74.036479,40.639582],[-74.036201,40.640011],[-74.035713,40.64064],[-74.03598,40.640946],[-74.036351,40.641154],[-74.03674,40.641476],[-74.036703,40.641686],[-74.034452,40.643827],[-74.034538,40.643876],[-74.034073,40.644314]]]},"properties":{"co":"E241","bn":"40","div":"8"}},{"type":"Feature","geometry":{"type":"Polygon","coordinates":[[[-74.029106,40.622984],[-74.02835,40.622799],[-74.027734,40.624301],[-74.022625,40.621211],[-74.022555,40.621264],[-74.02174,40.620775],[-74.021866,40.620642],[-74.021802,40.620603],[-74.021729,40.620679],[-74.020595,40.61999],[-74.021215,40.618472],[-74.011712,40.612735],[-74.015224,40.609356],[-74.017019,40.607654],[-74.015499,40.606842],[-74.017467,40.604965],[-74.017509,40.60485],[-74.018119,40.604315],[-74.018176,40.604253],[-74.018215,40.604182],[-74.018231,40.604108],[-74.018714,40.603582],[-74.019232,40.603102],[-74.019428,40.602872],[-74.019748,40.603085],[-74.020247,40.603324],[-74.020699,40.603482],[-74.021017,40.603556],[-74.029309,40.604599],[-74.030051,40.604759],[-74.031016,40.605251],[-74.031796,40.60578],[-74.032132,40.605902],[-74.032707,40.606331],[-74.033592,40.607083],[-74.034273,40.607717],[-74.03443,40.607932],[-74.034649,40.608327],[-74.03487,40.608582],[-74.035053,40.608732],[-74.035259,40.608863],[-74.035219,40.608878],[-74.035612,40.609016],[-74.035736,40.609086],[-74.035996,40.609309],[-74.036077,40.609407],[-74.036113,40.609395],[-74.036298,40.60981],[-74.036509,40.610447],[-74.036625,40.610726],[-74.036775,40.610997],[-74.036955,40.611256],[-74.037166,40.611502],[-74.037405,40.611732],[-74.03882,40.612958],[-74.039025,40.613159],[-74.039888,40.61435],[-74.040131,40.614792],[-74.040381,40.615342],[-74.040476,40.615625],[-74.040728,40.61705],[-74.041128,40.618786],[-74.041375,40.619994],[-74.04153,40.62027],[-74.041617,40.620563],[-74.041618,40.620942],[-74.04158,40.621276],[-74.041671,40.622092],[-74.041749,40.622457],[-74.041695,40.622802],[-74.04171,40.623305],[-74.041799,40.623553],[-74.041859,40.623805],[-74.041896,40.624189],[-74.041877,40.624519],[-74.041683,40.625384],[-74.041642,40.626009],[-74.041301,40.625905],[-74.040744,40.625688],[-74.039109,40.625371],[-74.03106,40.623463],[-74.029106,40.622984]]]},"properties":{"co":"E242","bn":"42","div":"8"}},{"type":"Feature","geometry":{"type":"Polygon","coordinates":[[[-73.997339,40.598552],[-74.000279,40.595703],[-74.002193,40.596345],[-74.002881,40.596637],[-74.003698,40.596902],[-74.004528,40.597307],[-74.005304,40.597771],[-74.005573,40.597569],[-74.009217,40.599844],[-74.008971,40.600098],[-74.010398,40.600911],[-74.011241,40.601293],[-74.010017,40.60247],[-74.010751,40.602916],[-74.003425,40.609969],[-74.000944,40.60864],[-74.001309,40.608344],[-73.992619,40.60309],[-73.997339,40.598552]]]},"properties":{"co":"E243","bn":"42","div":"8"}},{"type":"Feature","geometry":{"type":"Polygon","coordinates":[[[-73.963127,40.584141],[-73.962894,40.584132],[-73.962429,40.584148],[-73.961943,40.581535],[-73.960779,40.578316],[-73.960564,40.577799],[-73.961442,40.577611],[-73.96106,40.575309],[-73.960909,40.573865],[-73.962108,40.573714],[-73.966022,40.573389],[-73.967203,40.573326],[-73.96739,40.573259],[-73.967436,40.573209],[-73.967364,40.573045],[-73.967395,40.572995],[-73.967426,40.572985],[-73.967449,40.573008],[-73.967531,40.573191],[-73.968185,40.573178],[-73.968563,40.573126],[-73.969202,40.572957],[-73.969451,40.572857],[-73.969468,40.572823],[-73.969212,40.572335],[-73.969246,40.572304],[-73.969284,40.572301],[-73.969559,40.572809],[-73.969756,40.572847],[-73.969961,40.57286],[-73.970211,40.572852],[-73.971087,40.572727],[-73.97133,40.572644],[-73.971378,40.572511],[-73.971142,40.572051],[-73.971154,40.572],[-73.971135,40.57196],[-73.971183,40.571942],[-73.971221,40.571963],[-73.971457,40.572479],[-73.971518,40.572582],[-73.971607,40.572628],[-73.971836,40.572628],[-73.972497,40.572576],[-73.973147,40.572415],[-73.973345,40.572321],[-73.973363,40.572263],[-73.973233,40.571906],[-73.973212,40.571668],[-73.97325,40.571627],[-73.973325,40.571676],[-73.97339,40.572089],[-73.973448,40.572272],[-73.973732,40.572287],[-73.97441,40.572238],[-73.974848,40.572165],[-73.975286,40.57205],[-73.975471,40.571969],[-73.975406,40.571421],[-73.975457,40.571421],[-73.975484,40.571455],[-73.975509,40.571524],[-73.975517,40.571694],[-73.975603,40.571859],[-73.975679,40.571956],[-73.975926,40.572019],[-73.97622,40.572016],[-73.976994,40.571925],[-73.977271,40.571864],[-73.977664,40.571729],[-73.977568,40.571247],[-73.977599,40.571191],[-73.977671,40.571171],[-73.978047,40.5712],[-73.978076,40.57123],[-73.977715,40.571252],[-73.977698,40.571325],[-73.977751,40.57168],[-73.977784,40.571733],[-73.977836,40.571776],[-73.977999,40.57183],[-73.978455,40.571892],[-73.978715,40.571892],[-73.9791,40.571841],[-73.980791,40.573053],[-73.98105,40.574803],[-73.981218,40.575569],[-73.981564,40.576982],[-73.981938,40.5792],[-73.982533,40.582295],[-73.98158,40.581282],[-73.981507,40.581261],[-73.981305,40.581057],[-73.981136,40.580855],[-73.980955,40.580695],[-73.980884,40.580665],[-73.980708,40.580532],[-73.980051,40.580133],[-73.979865,40.57997],[-73.979677,40.579853],[-73.979651,40.579776],[-73.979573,40.579789],[-73.979528,40.579925],[-73.979414,40.58002],[-73.9787,40.579909],[-73.978529,40.579915],[-73.978363,40.579948],[-73.97821,40.580005],[-73.978075,40.580086],[-73.977965,40.580185],[-73.97785,40.580339],[-73.977793,40.580354],[-73.977645,40.580342],[-73.977506,40.580383],[-73.977414,40.580461],[-73.977293,40.580649],[-73.977113,40.580806],[-73.976967,40.580889],[-73.976805,40.580951],[-73.976143,40.581353],[-73.976248,40.581506],[-73.97621,40.581589],[-73.976102,40.581691],[-73.97602,40.581823],[-73.975842,40.581961],[-73.975718,40.582011],[-73.975559,40.582129],[-73.975447,40.582148],[-73.975368,40.582135],[-73.975284,40.582175],[-73.975057,40.582471],[-73.974956,40.582514],[-73.974841,40.582517],[-73.974814,40.582536],[-73.974804,40.582678],[-73.975404,40.582616],[-73.975758,40.582259],[-73.975831,40.582237],[-73.975833,40.582208],[-73.975871,40.58217],[-73.975961,40.582151],[-73.977312,40.581144],[-73.977793,40.580724],[-73.977878,40.580695],[-73.978,40.580706],[-73.978121,40.580674],[-73.978228,40.580621],[-73.978341,40.580516],[-73.978402,40.580494],[-73.978646,40.580323],[-73.978808,40.580309],[-73.978863,40.580267],[-73.979002,40.580215],[-73.979064,40.580172],[-73.979147,40.580158],[-73.979178,40.580173],[-73.979195,40.580238],[-73.979249,40.580287],[-73.979542,40.5804],[-73.979582,40.580391],[-73.979592,40.580427],[-73.979836,40.580544],[-73.979879,40.580512],[-73.980001,40.580568],[-73.980107,40.580644],[-73.980394,40.580957],[-73.980378,40.581024],[-73.980697,40.581374],[-73.980834,40.581477],[-73.980894,40.5815],[-73.981108,40.581499],[-73.98127,40.581634],[-73.981377,40.581692],[-73.981435,40.581783],[-73.981429,40.581881],[-73.981472,40.581995],[-73.981598,40.582144],[-73.981715,40.582222],[-73.982446,40.582588],[-73.982637,40.582865],[-73.98271,40.583243],[-73.980648,40.582897],[-73.980627,40.58295],[-73.979311,40.582758],[-73.978298,40.582666],[-73.97779,40.582638],[-73.976832,40.582632],[-73.975935,40.582676],[-73.975045,40.582773],[-73.974569,40.582848],[-73.974592,40.583006],[-73.97459,40.583139],[-73.974494,40.585241],[-73.974243,40.589577],[-73.974193,40.590106],[-73.96068,40.591598],[-73.96035,40.587306],[-73.960317,40.586515],[-73.960346,40.586125],[-73.960342,40.585968],[-73.960231,40.584676],[-73.962131,40.584392],[-73.963386,40.584244],[-73.963358,40.584161],[-73.963127,40.584141]]]},"properties":{"co":"E245","bn":"43","div":"8"}},{"type":"Feature","geometry":{"type":"Polygon","coordinates":[[[-73.95978,40.587369],[-73.96035,40.587306],[-73.960888,40.594364],[-73.960999,40.595378],[-73.961028,40.596161],[-73.961362,40.600589],[-73.947058,40.602162],[-73.944569,40.589041],[-73.95978,40.587369]]]},"properties":{"co":"E246","bn":"43","div":"8"}},{"type":"Feature","geometry":{"type":"Polygon","coordinates":[[[-73.983489,40.6188],[-73.984068,40.618241],[-73.997536,40.626377],[-73.997488,40.626425],[-73.997612,40.626549],[-73.998016,40.6269],[-73.998312,40.627116],[-74.001788,40.629202],[-74.001349,40.629598],[-73.998979,40.631873],[-74.005586,40.635866],[-74.000341,40.640905],[-73.993738,40.636914],[-73.996067,40.634673],[-73.9782,40.623882],[-73.983489,40.6188]]]},"properties":{"co":"E247","bn":"40","div":"8"}},{"type":"Feature","geometry":{"type":"Polygon","coordinates":[[[-73.98548,40.597876],[-73.985266,40.596744],[-73.987192,40.597926],[-73.991598,40.60058],[-73.993811,40.60195],[-73.989132,40.606456],[-73.987025,40.606031],[-73.984035,40.605596],[-73.979127,40.605069],[-73.976133,40.604636],[-73.973971,40.604383],[-73.972177,40.604195],[-73.972352,40.603348],[-73.972911,40.599316],[-73.977933,40.598762],[-73.97892,40.598606],[-73.97985,40.598517],[-73.980784,40.598447],[-73.985491,40.59793],[-73.98548,40.597876]]]},"properties":{"co":"E253","bn":"43","div":"8"}},{"type":"Feature","geometry":{"type":"Polygon","coordinates":[[[-74.006434,40.617815],[-74.008177,40.616133],[-74.010383,40.617464],[-74.013289,40.614669],[-74.013907,40.614052],[-74.021215,40.618472],[-74.019705,40.622185],[-74.018849,40.624066],[-74.018785,40.624163],[-74.018651,40.624291],[-74.018615,40.624369],[-74.015708,40.626295],[-74.005565,40.633083],[-74.007356,40.634164],[-74.005586,40.635866],[-73.998979,40.631873],[-74.001349,40.629598],[-74.001788,40.629202],[-73.999569,40.627863],[-73.998467,40.627217],[-73.998016,40.6269],[-73.997741,40.62667],[-73.997488,40.626425],[-74.006434,40.617815]]]},"properties":{"co":"E284","bn":"42","div":"8"}},{"type":"Feature","geometry":{"type":"Polygon","coordinates":[[[-74.002944,40.581433],[-74.002206,40.581366],[-74.001192,40.581419],[-74.00076,40.581325],[-74.00056,40.581297],[-73.999642,40.581317],[-73.99896,40.581633],[-73.998183,40.581725],[-73.997765,40.581454],[-73.997718,40.580707],[-73.991829,40.579247],[-73.991581,40.579227],[-73.991404,40.57924],[-73.991233,40.579275],[-73.991071,40.579331],[-73.990698,40.579373],[-73.990504,40.578358],[-73.991564,40.578234],[-73.990717,40.573709],[-73.990451,40.571989],[-73.99044,40.571739],[-73.989647,40.570792],[-73.990263,40.570708],[-73.990773,40.570599],[-73.990718,40.57026],[-73.990793,40.570249],[-73.990864,40.570602],[-73.991193,40.570612],[-73.992528,40.570468],[-73.992729,40.570434],[-73.992969,40.570367],[-73.992945,40.570236],[-73.992981,40.570197],[-73.993014,40.570213],[-73.993053,40.570339],[-73.993157,40.57038],[-73.99402,40.570411],[-73.994938,40.570355],[-73.995139,40.570315],[-73.995152,40.570179],[-73.995135,40.570067],[-73.995187,40.570022],[-73.995248,40.570098],[-73.995262,40.570229],[-73.995293,40.570321],[-73.996849,40.570367],[-73.997195,40.570349],[-73.997318,40.570323],[-73.997356,40.570278],[-73.997369,40.570137],[-73.99742,40.570141],[-73.997448,40.570286],[-73.997667,40.570375],[-73.997996,40.570448],[-73.998468,40.570497],[-73.998632,40.570508],[-73.999614,40.570466],[-73.999641,40.570445],[-73.999659,40.570383],[-73.999703,40.570386],[-73.999733,40.570412],[-73.999719,40.570474],[-73.999749,40.570496],[-74.000367,40.570511],[-74.000779,40.570491],[-74.001071,40.57044],[-74.002012,40.570209],[-74.002058,40.570152],[-74.001984,40.569597],[-74.002085,40.569586],[-74.002201,40.570304],[-74.002229,40.57061],[-74.002487,40.571738],[-74.004799,40.572879],[-74.006689,40.573397],[-74.008803,40.573765],[-74.010074,40.573831],[-74.011157,40.574167],[-74.012015,40.574885],[-74.012322,40.575653],[-74.012457,40.576611],[-74.012797,40.577489],[-74.013013,40.577759],[-74.013027,40.577851],[-74.012906,40.578136],[-74.012817,40.578429],[-74.01235,40.579222],[-74.012136,40.579486],[-74.011893,40.579735],[-74.011479,40.580078],[-74.011013,40.580379],[-74.010544,40.580614],[-74.010055,40.580708],[-74.009593,40.58086],[-74.009195,40.58105],[-74.008727,40.581344],[-74.008433,40.581495],[-74.007958,40.581677],[-74.007454,40.581804],[-74.006047,40.581984],[-74.004836,40.581855],[-74.00398,40.581721],[-74.002944,40.581433]]]},"properties":{"co":"E318","bn":"43","div":"8"}},{"type":"Feature","geometry":{"type":"Polygon","coordinates":[[[-73.9782,40.623882],[-73.976752,40.623013],[-73.976835,40.623481],[-73.975801,40.623594],[-73.975296,40.620913],[-73.973688,40.622649],[-73.97041,40.622397],[-73.970023,40.620425],[-73.971088,40.620019],[-73.971975,40.619715],[-73.974869,40.618643],[-73.972397,40.605652],[-73.972177,40.604195],[-73.973971,40.604383],[-73.976133,40.604636],[-73.979127,40.605069],[-73.984035,40.605596],[-73.987025,40.606031],[-73.989132,40.606456],[-73.988423,40.607119],[-73.983351,40.611992],[-73.982659,40.612692],[-73.982156,40.61315],[-73.9822,40.613312],[-73.982061,40.613238],[-73.981748,40.613555],[-73.979638,40.615565],[-73.984068,40.618241],[-73.9782,40.623882]]]},"properties":{"co":"E330","bn":"42","div":"8"}}]}