{"type":"FeatureCollection","features":[{"type":"Feature","geometry":{"type":"Polygon","coordinates":[[[-74.216345,40.523904],[-74.215804,40.523936],[-74.215788,40.523949],[-74.216177,40.523958],[-74.216343,40.523943],[-74.216345,40.523904]]]},"properties":{"name":"Pleasant Plains Plaza","kind":"Triangle/Plaza","acres":0.1}},{"type":"Feature","geometry":{"type":"Polygon","coordinates":[[[-74.11419,40.624611],[-74.115133,40.626406],[-74.116501,40.625528],[-74.117066,40.624661],[-74.115951,40.624243],[-74.115796,40.624482],[-74.115188,40.624265],[-74.115143,40.624312],[-74.11419,40.624611]]]},"properties":{"name":"Barrett Park","kind":"Buildings/Institutions","acres":8.1}},{"type":"Feature","geometry":{"type":"Polygon","coordinates":[[[-74.075589,40.641956],[-74.075592,40.64198],[-74.075861,40.641889],[-74.076052,40.641888],[-74.075972,40.64178],[-74.07591,40.64154],[-74.075589,40.641956]]]},"properties":{"name":"Barrett Triangle","kind":"Triangle/Plaza","acres":0.2}},{"type":"Feature","geometry":{"type":"MultiPolygon","coordinates":[[[[-74.115937,40.622105],[-74.116176,40.622878],[-74.118164,40.623517],[-74.11818,40.623078],[-74.118323,40.622598],[-74.118423,40.622419],[-74.118713,40.622118],[-74.119,40.621896],[-74.119203,40.621787],[-74.119523,40.621688],[-74.119343,40.621137],[-74.119055,40.620431],[-74.118776,40.619906],[-74.118269,40.619166],[-74.117902,40.618286],[-74.114693,40.6186],[-74.114632,40.618207],[-74.114519,40.618115],[-74.114449,40.617976],[-74.114344,40.61711],[-74.114196,40.614781],[-74.114031,40.613884],[-74.112831,40.613984],[-74.111801,40.614156],[-74.106191,40.615386],[-74.104007,40.616336],[-74.104168,40.616525],[-74.103884,40.616648],[-74.104396,40.617221],[-74.105028,40.616947],[-74.105191,40.617478],[-74.104756,40.617625],[-74.10556,40.618507],[-74.105909,40.61881],[-74.10613,40.618944],[-74.106169,40.618962],[-74.106952,40.618568],[-74.111066,40.620242],[-74.113257,40.621797],[-74.114134,40.621279],[-74.114961,40.621531],[-74.115428,40.621797],[-74.115589,40.621729],[-74.115937,40.622105]]],[[[-74.116343,40.624075],[-74.116987,40.624312],[-74.117929,40.623808],[-74.118132,40.623595],[-74.11756,40.623411],[-74.116343,40.624075]]],[[[-74.120041,40.626297],[-74.12056,40.626758],[-74.121269,40.62768],[-74.122019,40.627384],[-74.122867,40.627262],[-74.12282,40.627041],[-74.123176,40.626996],[-74.122934,40.625842],[-74.122756,40.625865],[-74.122691,40.625553],[-74.1225,40.625586],[-74.122414,40.625538],[-74.122392,40.625469],[-74.122551,40.625439],[-74.122459,40.625168],[-74.122377,40.625183],[-74.122288,40.624922],[-74.122237,40.624932],[-74.121607,40.623123],[-74.121392,40.622872],[-74.12008,40.621765],[-74.119378,40.621916],[-74.118774,40.622305],[-74.118528,40.622512],[-74.118469,40.622614],[-74.118343,40.623035],[-74.118634,40.623557],[-74.118625,40.623668],[-74.118541,40.62377],[-74.119451,40.625001],[-74.120104,40.625503],[-74.119342,40.625814],[-74.120041,40.626297]]]]},"properties":{"name":"Clove Lakes Park","kind":"Community Park","acres":193.4}},{"type":"Feature","geometry":{"type":"MultiPolygon","coordinates":[[[[-74.252041,40.502923],[-74.253224,40.504607],[-74.253336,40.505209],[-74.253272,40.505926],[-74.255084,40.505668],[-74.256094,40.505629],[-74.255738,40.504194],[-74.254649,40.501985],[-74.252138,40.496597],[-74.252288,40.496586],[-74.252374,40.4965],[-74.252382,40.496185],[-74.252307,40.496087],[-74.252266,40.495961],[-74.252132,40.495881],[-74.252008,40.495877],[-74.251529,40.495936],[-74.250699,40.495381],[-74.249557,40.49501],[-74.247618,40.494705],[-74.24562,40.494685],[-74.24367,40.494938],[-74.241829,40.495526],[-74.240069,40.496221],[-74.238372,40.497112],[-74.235835,40.498851],[-74.234257,40.494495],[-74.233571,40.494804],[-74.235168,40.499213],[-74.235034,40.499286],[-74.233432,40.500035],[-74.231182,40.500834],[-74.230198,40.501081],[-74.229149,40.501198],[-74.22782,40.497395],[-74.227534,40.497524],[-74.22883,40.501233],[-74.228782,40.501239],[-74.227491,40.497544],[-74.227247,40.497654],[-74.22851,40.501268],[-74.227691,40.501337],[-74.225406,40.501324],[-74.225095,40.500469],[-74.22251,40.500412],[-74.223314,40.501965],[-74.22332,40.502542],[-74.227996,40.503021],[-74.22823,40.503019],[-74.228654,40.502947],[-74.231664,40.501773],[-74.236205,40.500383],[-74.241245,40.497688],[-74.241816,40.499264],[-74.24361,40.498904],[-74.247179,40.498115],[-74.247279,40.498389],[-74.244503,40.499003],[-74.245295,40.501391],[-74.249701,40.500412],[-74.25053,40.502942],[-74.251849,40.502655],[-74.252041,40.502923]]],[[[-74.239301,40.499005],[-74.239166,40.499072],[-74.239224,40.499238],[-74.239583,40.499166],[-74.239516,40.498962],[-74.239301,40.499005]]],[[[-74.225671,40.505373],[-74.225659,40.506831],[-74.227571,40.506793],[-74.227615,40.505742],[-74.229283,40.505713],[-74.228506,40.503221],[-74.227954,40.503237],[-74.226402,40.503078],[-74.226476,40.504353],[-74.225679,40.504337],[-74.225671,40.505373]]],[[[-74.226851,40.507573],[-74.225651,40.507886],[-74.225648,40.508273],[-74.22729,40.508105],[-74.227191,40.507485],[-74.226851,40.507573]]]]},"properties":{"name":"Conference House Park","kind":"Nature Area","acres":286.6}},{"type":"Feature","geometry":{"type":"Polygon","coordinates":[[[-74.136456,40.640853],[-74.136386,40.640323],[-74.135066,40.640343],[-74.135007,40.641295],[-74.135019,40.641779],[-74.136514,40.641485],[-74.136456,40.640853]]]},"properties":{"name":"Faber Pool and Park","kind":"Community Park","acres":4.3}},{"type":"Feature","geometry":{"type":"Polygon","coordinates":[[[-74.130922,40.564335],[-74.130792,40.564372],[-74.130697,40.564457],[-74.130572,40.564792],[-74.130637,40.564897],[-74.130842,40.564912],[-74.131134,40.564857],[-74.131376,40.564755],[-74.131539,40.564627],[-74.131541,40.564554],[-74.131482,40.564498],[-74.130922,40.564335]]]},"properties":{"name":"Amundsen Circle","kind":"Triangle/Plaza","acres":0.9}},{"type":"Feature","geometry":{"type":"Polygon","coordinates":[[[-74.07227,40.599044],[-74.072207,40.59914],[-74.072164,40.599302],[-74.072162,40.599663],[-74.072403,40.59937],[-74.072548,40.599304],[-74.07273,40.599279],[-74.07227,40.599044]]]},"properties":{"name":"Staats Circle","kind":"Triangle/Plaza","acres":0.3}},{"type":"Feature","geometry":{"type":"Polygon","coordinates":[[[-74.086944,40.630306],[-74.088037,40.630979],[-74.088533,40.630439],[-74.089028,40.63008],[-74.089279,40.629834],[-74.08902,40.629647],[-74.088775,40.629886],[-74.088546,40.629721],[-74.087985,40.63016],[-74.087488,40.629854],[-74.086944,40.630306]]]},"properties":{"name":"Hero Park","kind":"Neighborhood Park","acres":3.0}},{"type":"Feature","geometry":{"type":"Polygon","coordinates":[[[-74.063273,40.6072],[-74.062647,40.607483],[-74.062999,40.60796],[-74.063626,40.607677],[-74.063273,40.6072]]]},"properties":{"name":"John E. White Park","kind":"Neighborhood Park","acres":0.9}},{"type":"Feature","geometry":{"type":"MultiPolygon","coordinates":[[[[-74.140579,40.588722],[-74.140664,40.588757],[-74.140973,40.588686],[-74.141963,40.588697],[-74.145745,40.588352],[-74.14619,40.586048],[-74.151148,40.582074],[-74.152257,40.58071],[-74.151267,40.580146],[-74.150925,40.579858],[-74.150607,40.57931],[-74.150477,40.578858],[-74.150396,40.578272],[-74.150202,40.57786],[-74.149974,40.5776],[-74.148639,40.576473],[-74.148392,40.576226],[-74.147581,40.575377],[-74.146999,40.57461],[-74.146711,40.57439],[-74.146478,40.574276],[-74.145988,40.574144],[-74.14539,40.574116],[-74.144917,40.574046],[-74.14314,40.574284],[-74.14354,40.576565],[-74.143141,40.576748],[-74.13801,40.578003],[-74.137431,40.578214],[-74.136907,40.578519],[-74.136523,40.578856],[-74.136092,40.579405],[-74.135613,40.58038],[-74.135432,40.580669],[-74.134978,40.581182],[-74.134388,40.58164],[-74.134038,40.58184],[-74.133635,40.58202],[-74.132923,40.582234],[-74.132213,40.582297],[-74.131489,40.582227],[-74.130551,40.582805],[-74.13082,40.583007],[-74.13156,40.583387],[-74.131815,40.583475],[-74.132787,40.583683],[-74.133044,40.583782],[-74.133301,40.583928],[-74.133598,40.584192],[-74.133788,40.5845],[-74.13383,40.584789],[-74.133723,40.585195],[-74.135175,40.586091],[-74.136487,40.586841],[-74.137773,40.587513],[-74.13903,40.588092],[-74.140579,40.588722]]],[[[-74.145903,40.573934],[-74.146285,40.573973],[-74.146717,40.574115],[-74.147078,40.574344],[-74.148518,40.575912],[-74.150324,40.577476],[-74.150535,40.577734],[-74.150724,40.578113],[-74.150874,40.578999],[-74.150982,40.579306],[-74.151143,40.579598],[-74.151385,40.57982],[-74.152522,40.580404],[-74.153067,40.580027],[-74.15342,40.579821],[-74.153853,40.579621],[-74.169325,40.570838],[-74.16945,40.570716],[-74.169123,40.568693],[-74.169237,40.567044],[-74.169504,40.566059],[-74.166721,40.5665],[-74.166707,40.566399],[-74.166567,40.566532],[-74.166118,40.566565],[-74.165677,40.566763],[-74.165657,40.566827],[-74.165604,40.566864],[-74.165328,40.566923],[-74.165261,40.566966],[-74.165212,40.567558],[-74.165297,40.567765],[-74.165275,40.567814],[-74.165179,40.567845],[-74.164936,40.56785],[-74.164791,40.568085],[-74.164643,40.568125],[-74.164533,40.568227],[-74.164086,40.568468],[-74.163592,40.568671],[-74.163043,40.568803],[-74.162629,40.56895],[-74.162387,40.568938],[-74.161879,40.569143],[-74.16177,40.569137],[-74.161707,40.569074],[-74.161677,40.569133],[-74.161615,40.569152],[-74.161293,40.569106],[-74.1607,40.569098],[-74.160537,40.568975],[-74.160394,40.568953],[-74.159851,40.568969],[-74.159482,40.569058],[-74.159049,40.569207],[-74.158901,40.569196],[-74.158784,40.569311],[-74.158718,40.569478],[-74.158522,40.569592],[-74.158014,40.569467],[-74.157582,40.569186],[-74.157516,40.569185],[-74.157455,40.569397],[-74.157243,40.569694],[-74.156865,40.569468],[-74.156647,40.569435],[-74.156527,40.569548],[-74.156433,40.569724],[-74.156342,40.570402],[-74.156275,40.570538],[-74.156169,40.570631],[-74.156023,40.570665],[-74.155766,40.570619],[-74.155554,40.570683],[-74.155344,40.570635],[-74.155129,40.570755],[-74.154943,40.570504],[-74.154807,40.570473],[-74.154584,40.570632],[-74.154634,40.570662],[-74.154572,40.57082],[-74.154501,40.570934],[-74.154364,40.571053],[-74.154257,40.571041],[-74.154073,40.570908],[-74.154041,40.570776],[-74.153949,40.570711],[-74.153938,40.570548],[-74.153846,40.570445],[-74.153407,40.57027],[-74.153191,40.57032],[-74.153069,40.570388],[-74.152971,40.570548],[-74.152565,40.570359],[-74.149721,40.571157],[-74.149105,40.571278],[-74.148646,40.571301],[-74.148287,40.571214],[-74.147064,40.570633],[-74.146224,40.570334],[-74.145191,40.570116],[-74.144686,40.570062],[-74.144341,40.570072],[-74.144255,40.57013],[-74.144162,40.570298],[-74.144577,40.570377],[-74.144675,40.570775],[-74.14472,40.571132],[-74.144238,40.571192],[-74.144593,40.573246],[-74.144626,40.573291],[-74.145962,40.57333],[-74.145843,40.572535],[-74.146657,40.572459],[-74.146844,40.572522],[-74.146942,40.572355],[-74.147539,40.57246],[-74.14766,40.572437],[-74.14773,40.572379],[-74.147756,40.572699],[-74.148293,40.572628],[-74.14847,40.572969],[-74.148508,40.573102],[-74.146403,40.573419],[-74.145777,40.573474],[-74.144756,40.573444],[-74.144639,40.573535],[-74.14481,40.573722],[-74.145175,40.573876],[-74.145543,40.573939],[-74.145903,40.573934]]]]},"properties":{"name":"LaTourette Park & Golf Course","kind":"Flagship Park","acres":760.8}},{"type":"Feature","geometry":{"type":"Polygon","coordinates":[[[-74.11035,40.642661],[-74.108358,40.642882],[-74.108584,40.643986],[-74.110552,40.643765],[-74.11035,40.642661]]]},"properties":{"name":"Walker Park","kind":"Recreational Field/Courts","acres":5.3}},{"type":"Feature","geometry":{"type":"MultiPolygon","coordinates":[[[[-74.097555,40.564344],[-74.101746,40.559625],[-74.107882,40.554096],[-74.109807,40.552917],[-74.111701,40.551821],[-74.112475,40.551411],[-74.112317,40.551267],[-74.112259,40.551301],[-74.111855,40.550931],[-74.11191,40.550899],[-74.111886,40.550877],[-74.112097,40.550699],[-74.113016,40.550067],[-74.113484,40.549793],[-74.114313,40.549392],[-74.110727,40.547069],[-74.09749,40.558869],[-74.09397,40.562709],[-74.095004,40.563208],[-74.095074,40.563151],[-74.097555,40.564344]]],[[[-74.114149,40.549819],[-74.113639,40.55003],[-74.114213,40.550551],[-74.114804,40.550211],[-74.11431,40.549763],[-74.114149,40.549819]]],[[[-74.113323,40.550187],[-74.113085,40.550313],[-74.113675,40.550848],[-74.114159,40.55057],[-74.113584,40.550049],[-74.113323,40.550187]]],[[[-74.11295,40.55066],[-74.112993,40.5507],[-74.112824,40.550813],[-74.113169,40.551127],[-74.113573,40.550895],[-74.11316,40.55052],[-74.11295,40.55066]]],[[[-74.11258,40.551239],[-74.112636,40.551289],[-74.112801,40.55119],[-74.112857,40.551241],[-74.113024,40.55114],[-74.112561,40.550718],[-74.112262,40.550903],[-74.112286,40.550976],[-74.112454,40.550875],[-74.11251,40.550926],[-74.112341,40.551027],[-74.11258,40.551239]]],[[[-74.115207,40.552281],[-74.115293,40.552362],[-74.115519,40.552222],[-74.115559,40.552259],[-74.11581,40.552103],[-74.11563,40.551934],[-74.115379,40.55209],[-74.115063,40.551794],[-74.114376,40.55115],[-74.114627,40.550994],[-74.114442,40.550821],[-74.114191,40.550977],[-74.114052,40.550846],[-74.113819,40.55098],[-74.115207,40.552281]]],[[[-74.114232,40.552761],[-74.114309,40.552833],[-74.114476,40.552729],[-74.114539,40.552788],[-74.114703,40.552686],[-74.113597,40.551664],[-74.113434,40.551766],[-74.113301,40.551642],[-74.113464,40.551541],[-74.113248,40.551342],[-74.112898,40.551527],[-74.113932,40.552484],[-74.114099,40.55238],[-74.114255,40.552525],[-74.114088,40.552628],[-74.114232,40.552761]]],[[[-74.11535,40.552415],[-74.115974,40.553001],[-74.1162,40.55286],[-74.115576,40.552275],[-74.11535,40.552415]]],[[[-74.113526,40.55115],[-74.113323,40.551267],[-74.115191,40.55302],[-74.115367,40.552912],[-74.115327,40.552874],[-74.115544,40.552742],[-74.113723,40.551036],[-74.113526,40.55115]]],[[[-74.116031,40.553054],[-74.116088,40.553107],[-74.116314,40.552967],[-74.116257,40.552913],[-74.116031,40.553054]]],[[[-74.116464,40.553107],[-74.116555,40.553192],[-74.116806,40.553036],[-74.116715,40.552951],[-74.116464,40.553107]]],[[[-74.110885,40.553207],[-74.111445,40.552879],[-74.111469,40.552901],[-74.113214,40.551906],[-74.112838,40.551559],[-74.110515,40.552852],[-74.110885,40.553207]]],[[[-74.115418,40.553233],[-74.115531,40.553339],[-74.115708,40.553232],[-74.115781,40.5533],[-74.115998,40.553168],[-74.115601,40.552795],[-74.115384,40.552928],[-74.115424,40.552965],[-74.115248,40.553073],[-74.115361,40.553179],[-74.115538,40.553072],[-74.115594,40.553125],[-74.115418,40.553233]]],[[[-74.115344,40.553534],[-74.115402,40.553587],[-74.115566,40.553485],[-74.114758,40.552742],[-74.114433,40.552946],[-74.114543,40.553048],[-74.114705,40.552946],[-74.115075,40.553286],[-74.114913,40.553387],[-74.115131,40.553587],[-74.115293,40.553486],[-74.115344,40.553534]]],[[[-74.110414,40.553191],[-74.110172,40.553329],[-74.110509,40.553654],[-74.110751,40.553516],[-74.110622,40.553391],[-74.110847,40.553262],[-74.110461,40.55289],[-74.109994,40.553158],[-74.110112,40.553271],[-74.110354,40.553133],[-74.110414,40.553191]]],[[[-74.115866,40.55338],[-74.115701,40.553499],[-74.116099,40.553872],[-74.116275,40.553764],[-74.116115,40.553614],[-74.116336,40.553484],[-74.116084,40.553248],[-74.115866,40.55338]]],[[[-74.110672,40.553811],[-74.110795,40.553929],[-74.111037,40.553791],[-74.110914,40.553672],[-74.110672,40.553811]]],[[[-74.116777,40.553753],[-74.117199,40.554148],[-74.117199,40.553957],[-74.117154,40.553754],[-74.117003,40.553613],[-74.116777,40.553753]]],[[[-74.110946,40.554074],[-74.111199,40.554318],[-74.11144,40.554179],[-74.111187,40.553936],[-74.110946,40.554074]]],[[[-74.116496,40.554245],[-74.116723,40.554458],[-74.116964,40.554684],[-74.117065,40.554506],[-74.116672,40.554137],[-74.116496,40.554245]]],[[[-74.11582,40.554587],[-74.115946,40.554703],[-74.116119,40.554602],[-74.115993,40.554486],[-74.11582,40.554587]]],[[[-74.119328,40.551731],[-74.118817,40.552327],[-74.119225,40.552659],[-74.123704,40.554854],[-74.125305,40.553421],[-74.120651,40.551109],[-74.12017,40.55075],[-74.119328,40.551731]]],[[[-74.116059,40.554808],[-74.116172,40.554912],[-74.116345,40.554811],[-74.116232,40.554707],[-74.116059,40.554808]]],[[[-74.115361,40.553797],[-74.116222,40.554587],[-74.116747,40.555069],[-74.116798,40.554981],[-74.116529,40.554733],[-74.116628,40.554671],[-74.116558,40.554607],[-74.116694,40.554522],[-74.115685,40.553594],[-74.115361,40.553797]]],[[[-74.11629,40.555021],[-74.1166,40.555308],[-74.1167,40.555139],[-74.116463,40.55492],[-74.11629,40.555021]]],[[[-74.112054,40.555142],[-74.11226,40.55534],[-74.112502,40.555202],[-74.112296,40.555004],[-74.112054,40.555142]]],[[[-74.11319,40.556235],[-74.113367,40.556406],[-74.113608,40.556267],[-74.113431,40.556097],[-74.11319,40.556235]]],[[[-74.114227,40.555815],[-74.113841,40.556041],[-74.114304,40.556486],[-74.114962,40.5561],[-74.114486,40.555664],[-74.114227,40.555815]]],[[[-74.114592,40.556393],[-74.114346,40.556537],[-74.114555,40.556811],[-74.115136,40.556471],[-74.115115,40.556451],[-74.115255,40.556368],[-74.115013,40.556146],[-74.114592,40.556393]]],[[[-74.114876,40.556974],[-74.115295,40.556794],[-74.115094,40.556542],[-74.114579,40.556843],[-74.11464,40.556922],[-74.114789,40.55686],[-74.114876,40.556974]]],[[[-74.114127,40.556767],[-74.114178,40.556816],[-74.113936,40.556954],[-74.114197,40.557205],[-74.114659,40.557074],[-74.114237,40.556523],[-74.113915,40.556213],[-74.113423,40.556459],[-74.113828,40.556849],[-74.114069,40.556711],[-74.114127,40.556767]]],[[[-74.125372,40.556539],[-74.126854,40.557489],[-74.128843,40.555677],[-74.125477,40.553522],[-74.12388,40.554973],[-74.125992,40.556334],[-74.12581,40.556511],[-74.123976,40.555315],[-74.123792,40.555482],[-74.123596,40.555352],[-74.123746,40.555167],[-74.123548,40.555049],[-74.12132,40.553923],[-74.123254,40.555127],[-74.125372,40.556539]]],[[[-74.1102,40.558128],[-74.112223,40.559345],[-74.112348,40.559221],[-74.112574,40.558863],[-74.11154,40.557982],[-74.112669,40.557286],[-74.113163,40.557739],[-74.113362,40.557468],[-74.113502,40.557386],[-74.114034,40.557281],[-74.111497,40.554843],[-74.111582,40.55479],[-74.111525,40.554737],[-74.111441,40.554789],[-74.109792,40.553204],[-74.108036,40.554309],[-74.107268,40.555013],[-74.108823,40.556265],[-74.107736,40.557039],[-74.107901,40.557127],[-74.107289,40.557811],[-74.107582,40.557968],[-74.107401,40.55817],[-74.109009,40.558674],[-74.109076,40.558602],[-74.109374,40.558761],[-74.109502,40.558789],[-74.110028,40.558023],[-74.1102,40.558128]]],[[[-74.101898,40.559862],[-74.103485,40.560631],[-74.103885,40.560901],[-74.104923,40.559741],[-74.105169,40.559876],[-74.1057,40.559291],[-74.105449,40.559153],[-74.10555,40.559041],[-74.105802,40.55918],[-74.107641,40.557159],[-74.105944,40.556252],[-74.101898,40.559862]]]]},"properties":{"name":"Great Kills Park","kind":"Nature Area","acres":334.5}},{"type":"Feature","geometry":{"type":"MultiPolygon","coordinates":[[[[-74.167351,40.58953],[-74.166254,40.590637],[-74.163754,40.592588],[-74.163623,40.59275],[-74.163541,40.592975],[-74.163533,40.59313],[-74.163575,40.593322],[-74.166114,40.593601],[-74.167269,40.593862],[-74.167756,40.594027],[-74.178087,40.59965],[-74.178866,40.599125],[-74.179335,40.598738],[-74.179542,40.598501],[-74.179771,40.598139],[-74.179908,40.597764],[-74.180037,40.596526],[-74.180112,40.596142],[-74.180178,40.595961],[-74.180535,40.595314],[-74.18208,40.592812],[-74.182282,40.592422],[-74.182362,40.592071],[-74.182384,40.591812],[-74.182347,40.591458],[-74.182056,40.590636],[-74.181453,40.589151],[-74.181434,40.588839],[-74.181478,40.58854],[-74.181608,40.588289],[-74.181784,40.588057],[-74.183626,40.586522],[-74.184022,40.585959],[-74.184207,40.585456],[-74.184237,40.584995],[-74.184142,40.584477],[-74.184047,40.584296],[-74.181864,40.581095],[-74.181759,40.580897],[-74.181675,40.58061],[-74.181671,40.580189],[-74.181729,40.57993],[-74.181877,40.579621],[-74.18207,40.579391],[-74.182382,40.579123],[-74.182648,40.578965],[-74.183033,40.578811],[-74.183316,40.578742],[-74.184005,40.578701],[-74.18543,40.578848],[-74.188383,40.579216],[-74.188735,40.579287],[-74.18923,40.579497],[-74.189533,40.57972],[-74.189799,40.58005],[-74.18994,40.580504],[-74.190517,40.580421],[-74.189955,40.578142],[-74.189669,40.576694],[-74.189459,40.575238],[-74.189326,40.573777],[-74.188835,40.573778],[-74.188898,40.574373],[-74.188892,40.574334],[-74.188871,40.574613],[-74.188777,40.574826],[-74.188539,40.57507],[-74.188311,40.575189],[-74.188057,40.57525],[-74.187638,40.575263],[-74.187283,40.575204],[-74.187153,40.575159],[-74.1865,40.574779],[-74.186288,40.574544],[-74.185873,40.573871],[-74.185698,40.573652],[-74.185133,40.573097],[-74.184631,40.572708],[-74.183496,40.57208],[-74.181474,40.571319],[-74.18144,40.571196],[-74.181442,40.571307],[-74.181072,40.571165],[-74.180487,40.570903],[-74.179833,40.57052],[-74.179286,40.57007],[-74.178874,40.56961],[-74.17858,40.569148],[-74.178405,40.568786],[-74.178225,40.568094],[-74.177595,40.564091],[-74.177486,40.563866],[-74.17729,40.563717],[-74.176634,40.563381],[-74.176207,40.56324],[-74.174939,40.56299],[-74.17329,40.56236],[-74.171846,40.56167],[-74.170878,40.562538],[-74.170068,40.563192],[-74.170099,40.563318],[-74.17002,40.567092],[-74.169928,40.569579],[-74.170136,40.570777],[-74.170243,40.570917],[-74.170472,40.570986],[-74.171359,40.570776],[-74.171805,40.570711],[-74.172345,40.570677],[-74.173076,40.570704],[-74.173725,40.570801],[-74.174176,40.570911],[-74.175717,40.571493],[-74.176606,40.571975],[-74.177044,40.572288],[-74.177381,40.572575],[-74.177698,40.572893],[-74.178278,40.573591],[-74.179054,40.574439],[-74.179253,40.574729],[-74.179478,40.575217],[-74.179583,40.575673],[-74.179592,40.576144],[-74.179505,40.576606],[-74.179269,40.577152],[-74.177766,40.579599],[-74.177579,40.580073],[-74.177506,40.580397],[-74.177476,40.580711],[-74.177489,40.581081],[-74.177577,40.581525],[-74.178503,40.584369],[-74.178586,40.584993],[-74.178551,40.585578],[-74.178407,40.586159],[-74.178163,40.586706],[-74.177999,40.586949],[-74.177525,40.587472],[-74.176928,40.588],[-74.176226,40.588496],[-74.175452,40.588933],[-74.174855,40.589185],[-74.173931,40.589425],[-74.173358,40.589496],[-74.172874,40.589513],[-74.168478,40.58929],[-74.167835,40.589215],[-74.167693,40.589169],[-74.167351,40.58953]]],[[[-74.174641,40.602171],[-74.178037,40.59983],[-74.168322,40.594517],[-74.168293,40.59456],[-74.167934,40.59638],[-74.168355,40.59643],[-74.167288,40.601948],[-74.169193,40.602173],[-74.171447,40.602385],[-74.171987,40.60252],[-74.172597,40.602783],[-74.17281,40.602779],[-74.172781,40.602849],[-74.174641,40.602171]]],[[[-74.1906,40.569033],[-74.190923,40.568548],[-74.191468,40.567845],[-74.193501,40.565632],[-74.193252,40.56487],[-74.193287,40.564863],[-74.193269,40.56481],[-74.193242,40.564815],[-74.19262,40.563042],[-74.19261,40.562836],[-74.192191,40.562751],[-74.192349,40.564325],[-74.192051,40.564377],[-74.190933,40.564441],[-74.190115,40.565243],[-74.190592,40.566011],[-74.190251,40.566629],[-74.189064,40.567047],[-74.188968,40.567657],[-74.189273,40.568062],[-74.189075,40.568446],[-74.189243,40.568688],[-74.188884,40.568745],[-74.189043,40.568965],[-74.189413,40.568838],[-74.189614,40.568905],[-74.190135,40.568772],[-74.190265,40.568929],[-74.1906,40.569033]]],[[[-74.194215,40.564908],[-74.195967,40.563156],[-74.198346,40.560927],[-74.197091,40.559769],[-74.194234,40.562305],[-74.19372,40.562638],[-74.193252,40.562892],[-74.192799,40.562849],[-74.192792,40.562977],[-74.193442,40.565123],[-74.193488,40.565115],[-74.193611,40.565521],[-74.194215,40.564908]]],[[[-74.182379,40.587877],[-74.181966,40.588264],[-74.181857,40.588423],[-74.181728,40.588863],[-74.181757,40.589158],[-74.181841,40.589441],[-74.182048,40.589864],[-74.182242,40.590054],[-74.182429,40.590164],[-74.182847,40.590244],[-74.183158,40.590238],[-74.18347,40.59016],[-74.183641,40.590084],[-74.18386,40.589895],[-74.184752,40.588483],[-74.184246,40.58819],[-74.184181,40.587889],[-74.184262,40.587854],[-74.184435,40.587883],[-74.1846,40.587846],[-74.184854,40.587536],[-74.185248,40.587699],[-74.186655,40.585452],[-74.185989,40.585678],[-74.185554,40.586377],[-74.18446,40.585698],[-74.184207,40.586241],[-74.18373,40.586789],[-74.182379,40.587877]]],[[[-74.181224,40.59481],[-74.183058,40.593212],[-74.18392,40.593747],[-74.184401,40.593322],[-74.185387,40.592261],[-74.184508,40.591801],[-74.184712,40.591574],[-74.184628,40.59153],[-74.184927,40.591196],[-74.185235,40.591357],[-74.185441,40.591128],[-74.1855,40.591159],[-74.185602,40.591045],[-74.185684,40.591087],[-74.185905,40.590839],[-74.185827,40.590796],[-74.186218,40.590357],[-74.186147,40.590319],[-74.186346,40.590096],[-74.186198,40.590015],[-74.186542,40.589629],[-74.186007,40.589298],[-74.186033,40.589225],[-74.185068,40.588666],[-74.181224,40.59481]]],[[[-74.189988,40.585814],[-74.189651,40.585606],[-74.189349,40.585175],[-74.18711,40.585481],[-74.187063,40.585446],[-74.185582,40.587838],[-74.186298,40.588134],[-74.186246,40.588312],[-74.186533,40.588473],[-74.186745,40.588076],[-74.18724,40.588382],[-74.187693,40.587953],[-74.187116,40.587598],[-74.18714,40.587572],[-74.187256,40.587497],[-74.187812,40.58784],[-74.188263,40.587413],[-74.187826,40.587144],[-74.18797,40.587061],[-74.188373,40.587309],[-74.188827,40.586878],[-74.188564,40.586716],[-74.188713,40.586629],[-74.188942,40.58677],[-74.189397,40.586339],[-74.189307,40.586284],[-74.189571,40.586129],[-74.189988,40.585814]]],[[[-74.189988,40.585814],[-74.190395,40.585616],[-74.190169,40.585821],[-74.191538,40.586618],[-74.191901,40.586236],[-74.191509,40.585792],[-74.191469,40.585711],[-74.191485,40.585625],[-74.191605,40.58549],[-74.191682,40.585345],[-74.191518,40.584663],[-74.189839,40.585534],[-74.189648,40.585601],[-74.189988,40.585814]]],[[[-74.182321,40.59053],[-74.182643,40.591378],[-74.182685,40.591459],[-74.18278,40.591511],[-74.182841,40.591508],[-74.182898,40.591462],[-74.183133,40.591131],[-74.183458,40.590546],[-74.183465,40.590476],[-74.18337,40.59043],[-74.182838,40.590469],[-74.182416,40.590397],[-74.182298,40.590443],[-74.182321,40.59053]]],[[[-74.170102,40.561226],[-74.170018,40.561258],[-74.170014,40.562357],[-74.171079,40.561407],[-74.170775,40.561328],[-74.170102,40.561226]]]]},"properties":{"name":"Freshkills Park","kind":"Community Park","acres":953.1}},{"type":"Feature","geometry":{"type":"Polygon","coordinates":[[[-74.180457,40.59616],[-74.180406,40.59639],[-74.180326,40.59745],[-74.180873,40.597794],[-74.182586,40.596585],[-74.182295,40.596362],[-74.182692,40.596082],[-74.182983,40.596306],[-74.183348,40.596048],[-74.181635,40.594731],[-74.182715,40.594039],[-74.182357,40.593832],[-74.181224,40.59481],[-74.180645,40.595764],[-74.180457,40.59616]]]},"properties":{"name":"Greenbelt Native Plant Center","kind":"Buildings/Institutions","acres":12.2}},{"type":"Feature","geometry":{"type":"Polygon","coordinates":[[[-74.131913,40.636938],[-74.131504,40.636763],[-74.131145,40.637251],[-74.132032,40.637632],[-74.132394,40.637144],[-74.131913,40.636938]]]},"properties":{"name":"Veterans Park","kind":"Neighborhood Park","acres":1.3}},{"type":"Feature","geometry":{"type":"Polygon","coordinates":[[[-74.144879,40.625033],[-74.144205,40.625058],[-74.144146,40.625118],[-74.144179,40.6252],[-74.144266,40.625226],[-74.144906,40.625084],[-74.14492,40.625053],[-74.144879,40.625033]]]},"properties":{"name":"Egbert Triangle","kind":"Triangle/Plaza","acres":0.2}},{"type":"Feature","geometry":{"type":"Polygon","coordinates":[[[-74.090552,40.630763],[-74.090516,40.630778],[-74.090485,40.630913],[-74.092643,40.631167],[-74.090552,40.630763]]]},"properties":{"name":"Forest Mall","kind":"Triangle/Plaza","acres":0.5}},{"type":"Feature","geometry":{"type":"Polygon","coordinates":[[[-74.097342,40.621833],[-74.092342,40.62588],[-74.090528,40.628521],[-74.090192,40.629031],[-74.089602,40.63003],[-74.089429,40.630203],[-74.089212,40.630327],[-74.097012,40.631816],[-74.097654,40.63175],[-74.098186,40.631578],[-74.098281,40.631467],[-74.098079,40.630077],[-74.099164,40.629964],[-74.098964,40.628588],[-74.100724,40.628336],[-74.100129,40.62456],[-74.102368,40.624338],[-74.102152,40.623131],[-74.102747,40.623067],[-74.102698,40.622796],[-74.104022,40.622653],[-74.10384,40.62165],[-74.105412,40.621498],[-74.105362,40.621232],[-74.106778,40.620654],[-74.106515,40.620289],[-74.107313,40.619645],[-74.105932,40.619037],[-74.105685,40.618881],[-74.105387,40.618631],[-74.104262,40.619345],[-74.103024,40.620254],[-74.102258,40.620773],[-74.101913,40.621119],[-74.100171,40.620689],[-74.099349,40.621481],[-74.09799,40.621302],[-74.097342,40.621833]]]},"properties":{"name":"Silver Lake Park","kind":"Community Park","acres":206.0}},{"type":"Feature","geometry":{"type":"Polygon","coordinates":[[[-74.076338,40.637046],[-74.07631,40.637065],[-74.076161,40.637645],[-74.07665,40.637661],[-74.076672,40.637628],[-74.076378,40.637062],[-74.076338,40.637046]]]},"properties":{"name":"Tompkinsville Park","kind":"Neighborhood Park","acres":0.4}},{"type":"Feature","geometry":{"type":"Polygon","coordinates":[[[-74.085813,40.642926],[-74.085119,40.643168],[-74.085765,40.644011],[-74.086383,40.64354],[-74.086345,40.643177],[-74.08635,40.642739],[-74.085813,40.642926]]]},"properties":{"name":"Mahoney Playground","kind":"Neighborhood Park","acres":2.2}},{"type":"Feature","geometry":{"type":"Polygon","coordinates":[[[-74.109682,40.561171],[-74.111606,40.56221],[-74.111985,40.561678],[-74.11012,40.56066],[-74.109682,40.561171]]]},"properties":{"name":"Gerard P. Dugan Playground","kind":"Community Park","acres":3.3}},{"type":"Feature","geometry":{"type":"MultiPolygon","coordinates":[[[[-74.226655,40.513536],[-74.226424,40.512985],[-74.226705,40.512936],[-74.226928,40.513467],[-74.227603,40.513295],[-74.227076,40.512033],[-74.227045,40.51204],[-74.22696,40.511836],[-74.226994,40.511828],[-74.226933,40.511681],[-74.227067,40.511648],[-74.226954,40.511384],[-74.226825,40.511417],[-74.226291,40.51012],[-74.226225,40.510133],[-74.226155,40.509975],[-74.226222,40.509961],[-74.226006,40.509436],[-74.225924,40.509453],[-74.225854,40.509294],[-74.225932,40.509279],[-74.225632,40.50855],[-74.223871,40.508733],[-74.224019,40.509061],[-74.224362,40.508979],[-74.224925,40.510254],[-74.225016,40.51023],[-74.225199,40.510658],[-74.225106,40.51068],[-74.225728,40.512134],[-74.224825,40.51235],[-74.225461,40.513838],[-74.225767,40.51376],[-74.225509,40.513145],[-74.225711,40.51311],[-74.225964,40.513713],[-74.226655,40.513536]]],[[[-74.228238,40.519073],[-74.227285,40.517262],[-74.227006,40.51733],[-74.226926,40.517151],[-74.227201,40.517084],[-74.226674,40.515956],[-74.226396,40.516024],[-74.226767,40.516813],[-74.226084,40.51698],[-74.226446,40.517834],[-74.226328,40.518381],[-74.226752,40.518521],[-74.226647,40.518897],[-74.22708,40.519017],[-74.228238,40.519073]]],[[[-74.231179,40.512591],[-74.230557,40.512744],[-74.231317,40.514575],[-74.232049,40.514394],[-74.231488,40.512514],[-74.231179,40.512591]]],[[[-74.229214,40.519011],[-74.228175,40.517036],[-74.227492,40.517204],[-74.22847,40.519063],[-74.228913,40.519064],[-74.229214,40.519011]]],[[[-74.230004,40.51288],[-74.22966,40.512965],[-74.230419,40.514795],[-74.231109,40.514625],[-74.23035,40.512794],[-74.230004,40.51288]]],[[[-74.229112,40.513097],[-74.228769,40.513181],[-74.229529,40.515012],[-74.230215,40.514842],[-74.229456,40.513012],[-74.229112,40.513097]]],[[[-74.227493,40.515569],[-74.226744,40.513749],[-74.226054,40.513927],[-74.226805,40.515744],[-74.227493,40.515569]]],[[[-74.230169,40.51773],[-74.229833,40.517828],[-74.230283,40.518707],[-74.230482,40.518579],[-74.230816,40.518235],[-74.22997,40.516583],[-74.229284,40.516754],[-74.229781,40.517726],[-74.230117,40.517628],[-74.230169,40.51773]]],[[[-74.228453,40.515323],[-74.227697,40.513508],[-74.227018,40.513681],[-74.227773,40.515496],[-74.228453,40.515323]]],[[[-74.228308,40.513518],[-74.227964,40.513603],[-74.228637,40.515226],[-74.229326,40.515056],[-74.228568,40.513229],[-74.227879,40.513399],[-74.227921,40.513501],[-74.228265,40.513416],[-74.228308,40.513518]]],[[[-74.229779,40.518031],[-74.229139,40.516814],[-74.228465,40.516983],[-74.229492,40.518946],[-74.229729,40.518904],[-74.229727,40.518045],[-74.229779,40.518031]]],[[[-74.227767,40.509832],[-74.227419,40.509907],[-74.228121,40.51156],[-74.228809,40.511387],[-74.228116,40.509757],[-74.227767,40.509832]]],[[[-74.228671,40.509636],[-74.228325,40.509711],[-74.229012,40.511331],[-74.229695,40.511159],[-74.229017,40.509561],[-74.228671,40.509636]]],[[[-74.22717,40.508395],[-74.225855,40.508533],[-74.226156,40.50926],[-74.227756,40.508914],[-74.227525,40.508357],[-74.22717,40.508395]]],[[[-74.227529,40.511589],[-74.227186,40.511675],[-74.227231,40.511779],[-74.227915,40.511608],[-74.227317,40.510198],[-74.226975,40.510283],[-74.226931,40.510179],[-74.227273,40.510093],[-74.227211,40.509946],[-74.226517,40.510096],[-74.227031,40.511309],[-74.227374,40.511224],[-74.227529,40.511589]]],[[[-74.229415,40.511447],[-74.229073,40.511531],[-74.229584,40.51281],[-74.230269,40.512642],[-74.229758,40.511363],[-74.229415,40.511447]]],[[[-74.227639,40.511883],[-74.227296,40.511967],[-74.227808,40.513245],[-74.228493,40.513077],[-74.227981,40.511799],[-74.227639,40.511883]]],[[[-74.228527,40.511666],[-74.228184,40.51175],[-74.228695,40.513027],[-74.22938,40.51286],[-74.228869,40.511582],[-74.228527,40.511666]]],[[[-74.227508,40.50914],[-74.226221,40.509419],[-74.226437,40.509941],[-74.228037,40.509594],[-74.227821,40.509073],[-74.227508,40.50914]]],[[[-74.231849,40.514616],[-74.230478,40.514952],[-74.230701,40.515473],[-74.232229,40.515103],[-74.232084,40.514558],[-74.231849,40.514616]]],[[[-74.229037,40.516633],[-74.228514,40.515505],[-74.227831,40.515676],[-74.228354,40.516804],[-74.229037,40.516633]]],[[[-74.228079,40.516865],[-74.227554,40.515741],[-74.226875,40.515907],[-74.227401,40.517031],[-74.228079,40.516865]]],[[[-74.231461,40.516011],[-74.23135,40.515752],[-74.231487,40.515717],[-74.231597,40.515976],[-74.232414,40.515767],[-74.232265,40.515234],[-74.230757,40.515604],[-74.230983,40.516132],[-74.231461,40.516011]]],[[[-74.230133,40.515573],[-74.229794,40.515656],[-74.230081,40.516347],[-74.230762,40.51618],[-74.230271,40.515007],[-74.229592,40.515172],[-74.229641,40.51529],[-74.22998,40.515207],[-74.230024,40.515312],[-74.229685,40.515395],[-74.22975,40.515552],[-74.230089,40.515469],[-74.230133,40.515573]]],[[[-74.232308,40.516003],[-74.231448,40.516217],[-74.23169,40.516792],[-74.231977,40.516963],[-74.232645,40.516333],[-74.23248,40.51596],[-74.232308,40.516003]]],[[[-74.22663,40.515793],[-74.225858,40.513978],[-74.225554,40.514056],[-74.226329,40.51587],[-74.22663,40.515793]]],[[[-74.230519,40.516446],[-74.230172,40.516533],[-74.230549,40.51727],[-74.230888,40.517168],[-74.23081,40.517015],[-74.231148,40.516913],[-74.230865,40.516358],[-74.230519,40.516446]]],[[[-74.229628,40.515812],[-74.229385,40.515223],[-74.228697,40.515391],[-74.228767,40.515561],[-74.22911,40.515477],[-74.229153,40.515582],[-74.228811,40.515666],[-74.22892,40.515928],[-74.229262,40.515844],[-74.229284,40.515896],[-74.229628,40.515812]]],[[[-74.229371,40.516105],[-74.229029,40.516189],[-74.229186,40.516567],[-74.229869,40.516397],[-74.229757,40.516126],[-74.229415,40.51621],[-74.229371,40.516105]]],[[[-74.230516,40.511751],[-74.230305,40.511225],[-74.229963,40.51131],[-74.230172,40.511833],[-74.230516,40.511751]]],[[[-74.230724,40.512186],[-74.230616,40.511862],[-74.230222,40.511957],[-74.23035,40.512277],[-74.230724,40.512186]]],[[[-74.229714,40.516021],[-74.229671,40.515917],[-74.229328,40.516001],[-74.229371,40.516105],[-74.229714,40.516021]]]]},"properties":{"name":"Long Pond Park","kind":"Nature Area","acres":91.1}},{"type":"Feature","geometry":{"type":"Polygon","coordinates":[[[-74.229249,40.509528],[-74.229378,40.509841],[-74.230544,40.509582],[-74.230439,40.50928],[-74.229249,40.509528]]]},"properties":{"name":"Aesop Park","kind":"Jointly Operated Playground","acres":0.9}},{"type":"Feature","geometry":{"type":"Polygon","coordinates":[[[-74.07581,40.626717],[-74.076046,40.627107],[-74.077683,40.626925],[-74.077815,40.626823],[-74.077939,40.626558],[-74.077904,40.626534],[-74.077525,40.626553],[-74.07581,40.626717]]]},"properties":{"name":"Tappen Park","kind":"Historic House Park","acres":1.8}},{"type":"Feature","geometry":{"type":"Polygon","coordinates":[[[-74.13517,40.619402],[-74.133969,40.619213],[-74.133796,40.620258],[-74.134886,40.620461],[-74.13517,40.619402]]]},"properties":{"name":"Westerleigh Park","kind":"Neighborhood Park","acres":2.9}},{"type":"Feature","geometry":{"type":"Polygon","coordinates":[[[-74.154399,40.606094],[-74.153587,40.607566],[-74.15353,40.607732],[-74.153501,40.607997],[-74.153703,40.608626],[-74.158337,40.607729],[-74.158243,40.60746],[-74.158287,40.607451],[-74.158463,40.607166],[-74.159226,40.605808],[-74.159374,40.605337],[-74.15947,40.605353],[-74.159854,40.604614],[-74.160027,40.604041],[-74.161637,40.604364],[-74.162125,40.60261],[-74.162509,40.601568],[-74.162202,40.600286],[-74.162645,40.600241],[-74.162329,40.59854],[-74.161583,40.598634],[-74.161439,40.596884],[-74.161812,40.596842],[-74.161781,40.596684],[-74.16196,40.596664],[-74.161876,40.596303],[-74.159626,40.596534],[-74.155188,40.595588],[-74.145872,40.590111],[-74.145803,40.590861],[-74.145703,40.591242],[-74.147137,40.591856],[-74.14835,40.592454],[-74.149681,40.593186],[-74.150824,40.593904],[-74.15164,40.59451],[-74.15243,40.595268],[-74.153014,40.595988],[-74.153502,40.59679],[-74.153805,40.59742],[-74.15398,40.597929],[-74.154089,40.598332],[-74.154304,40.599637],[-74.154433,40.601661],[-74.154464,40.603065],[-74.154456,40.604805],[-74.154399,40.606094]]]},"properties":{"name":"Willowbrook Park","kind":"Community Park","acres":214.9}},{"type":"Feature","geometry":{"type":"MultiPolygon","coordinates":[[[[-74.190012,40.522425],[-74.19217,40.521647],[-74.1925,40.521503],[-74.195018,40.51995],[-74.193295,40.517619],[-74.19315,40.517342],[-74.193157,40.51706],[-74.193578,40.515974],[-74.193625,40.515755],[-74.193623,40.513231],[-74.193591,40.512884],[-74.193381,40.512576],[-74.191365,40.510859],[-74.186392,40.51648],[-74.185203,40.517513],[-74.18388,40.518509],[-74.182319,40.519249],[-74.180569,40.519625],[-74.178851,40.519213],[-74.177893,40.51946],[-74.178338,40.519948],[-74.178541,40.520364],[-74.180855,40.520619],[-74.181744,40.520584],[-74.183429,40.52008],[-74.183902,40.520707],[-74.187704,40.519363],[-74.190012,40.522425]]],[[[-74.195774,40.529248],[-74.196947,40.528018],[-74.197786,40.526955],[-74.198191,40.526487],[-74.198778,40.525898],[-74.19872,40.525816],[-74.199162,40.52564],[-74.19821,40.524206],[-74.197613,40.523484],[-74.195153,40.520193],[-74.192592,40.521765],[-74.188686,40.523203],[-74.191185,40.526694],[-74.193242,40.525846],[-74.195774,40.529248]]],[[[-74.185501,40.520948],[-74.18638,40.522004],[-74.18624,40.522055],[-74.187234,40.523428],[-74.189087,40.522758],[-74.188017,40.521168],[-74.188464,40.521006],[-74.188284,40.520768],[-74.188481,40.520696],[-74.188285,40.520437],[-74.18796,40.520554],[-74.188095,40.520732],[-74.187785,40.520844],[-74.187051,40.519816],[-74.185158,40.520501],[-74.185404,40.520832],[-74.18584,40.520674],[-74.185927,40.520793],[-74.185501,40.520948]]],[[[-74.17954,40.521577],[-74.179964,40.522182],[-74.181429,40.521654],[-74.181006,40.521049],[-74.17954,40.521577]]],[[[-74.18871,40.521162],[-74.18845,40.521256],[-74.188613,40.521501],[-74.188414,40.521573],[-74.189185,40.522722],[-74.189837,40.522487],[-74.188807,40.521127],[-74.18871,40.521162]]],[[[-74.197431,40.522849],[-74.197778,40.523334],[-74.199145,40.522762],[-74.198782,40.522284],[-74.197431,40.522849]]],[[[-74.199045,40.525101],[-74.199545,40.524908],[-74.199124,40.524267],[-74.199059,40.524292],[-74.198836,40.523952],[-74.198399,40.524118],[-74.199045,40.525101]]],[[[-74.197168,40.52249],[-74.197343,40.522732],[-74.197594,40.522626],[-74.19741,40.522371],[-74.197322,40.522407],[-74.197167,40.52216],[-74.197779,40.521911],[-74.197526,40.521555],[-74.197698,40.52146],[-74.196726,40.521876],[-74.197168,40.52249]]],[[[-74.181027,40.520795],[-74.181599,40.521593],[-74.182087,40.521417],[-74.181622,40.520767],[-74.181027,40.520795]]],[[[-74.196272,40.52125],[-74.196619,40.521731],[-74.197268,40.521454],[-74.196908,40.520978],[-74.196272,40.52125]]]]},"properties":{"name":"Wolfe's Pond Park","kind":"Community Park","acres":302.7}},{"type":"Feature","geometry":{"type":"Polygon","coordinates":[[[-74.088056,40.611311],[-74.088341,40.61148],[-74.088592,40.611115],[-74.088313,40.61095],[-74.088356,40.610887],[-74.088164,40.610773],[-74.088089,40.610902],[-74.087987,40.610842],[-74.087658,40.611168],[-74.087873,40.611296],[-74.087913,40.611226],[-74.088056,40.611311]]]},"properties":{"name":"Maple Woods","kind":"Nature Area","acres":0.8}},{"type":"Feature","geometry":{"type":"Polygon","coordinates":[[[-74.12877,40.63372],[-74.128619,40.6341],[-74.128987,40.634191],[-74.129298,40.63371],[-74.129206,40.633679],[-74.12877,40.63372]]]},"properties":{"name":"Levy Playground","kind":"Playground","acres":0.5}},{"type":"Feature","geometry":{"type":"Polygon","coordinates":[[[-74.114906,40.629535],[-74.114735,40.629556],[-74.114812,40.629961],[-74.115891,40.629823],[-74.115835,40.629496],[-74.115747,40.629507],[-74.115729,40.629425],[-74.115316,40.629475],[-74.115251,40.629147],[-74.114854,40.629195],[-74.114906,40.629535]]]},"properties":{"name":"Austin J. McDonald Playground","kind":"Recreational Field/Courts","acres":1.4}},{"type":"Feature","geometry":{"type":"Polygon","coordinates":[[[-74.074138,40.614219],[-74.073352,40.614565],[-74.073478,40.614729],[-74.073163,40.614867],[-74.073358,40.615154],[-74.075352,40.6143],[-74.075062,40.614025],[-74.07465,40.614207],[-74.074528,40.614047],[-74.074138,40.614219]]]},"properties":{"name":"De Matti Park","kind":"Neighborhood Park","acres":2.3}},{"type":"Feature","geometry":{"type":"Polygon","coordinates":[[[-74.160252,40.636695],[-74.160673,40.636708],[-74.160695,40.636434],[-74.160265,40.63642],[-74.160252,40.636695]]]},"properties":{"name":"Bobbie Lewis Jr. Playground","kind":"Neighborhood Park","acres":0.3}},{"type":"Feature","geometry":{"type":"Polygon","coordinates":[[[-74.083914,40.638605],[-74.083552,40.638657],[-74.08362,40.638928],[-74.084246,40.638839],[-74.084178,40.638568],[-74.083914,40.638605]]]},"properties":{"name":"Liotti Ikefugi Playground","kind":"Neighborhood Park","acres":0.4}},{"type":"Feature","geometry":{"type":"Polygon","coordinates":[[[-74.098777,40.57424],[-74.09813,40.574927],[-74.099143,40.575475],[-74.099497,40.575098],[-74.098778,40.574709],[-74.099093,40.574375],[-74.098799,40.574216],[-74.098777,40.57424]]]},"properties":{"name":"Midland Playground","kind":"Jointly Operated Playground","acres":1.7}},{"type":"Feature","geometry":{"type":"Polygon","coordinates":[[[-74.09842,40.576765],[-74.099346,40.577252],[-74.099782,40.576758],[-74.099707,40.576663],[-74.09975,40.576538],[-74.099904,40.576484],[-74.100103,40.576538],[-74.100301,40.576469],[-74.100071,40.576263],[-74.09987,40.576132],[-74.097963,40.5751],[-74.097251,40.575859],[-74.096976,40.57571],[-74.096812,40.575884],[-74.09842,40.576765]]]},"properties":{"name":"Midland Field","kind":"Jointly Operated Playground","acres":7.5}},{"type":"Feature","geometry":{"type":"Polygon","coordinates":[[[-74.100121,40.576002],[-74.100522,40.576331],[-74.101102,40.577095],[-74.102094,40.575989],[-74.100043,40.57489],[-74.099428,40.575629],[-74.100121,40.576002]]]},"properties":{"name":"Park","kind":"Nature Area","acres":5.8}},{"type":"Feature","geometry":{"type":"MultiPolygon","coordinates":[[[[-74.068517,40.614946],[-74.068892,40.614756],[-74.068688,40.614518],[-74.068463,40.614632],[-74.06826,40.614397],[-74.06803,40.614514],[-74.068232,40.614749],[-74.068313,40.614708],[-74.068517,40.614946]]],[[[-74.068559,40.615078],[-74.068762,40.615311],[-74.069127,40.615123],[-74.068929,40.614889],[-74.068559,40.615078]]],[[[-74.069127,40.614789],[-74.069293,40.615027],[-74.069643,40.614827],[-74.06946,40.61462],[-74.069127,40.614789]]]]},"properties":{"name":"Kaltenmeier Playground","kind":"Neighborhood Park","acres":1.0}},{"type":"Feature","geometry":{"type":"MultiPolygon","coordinates":[[[[-74.074945,40.637635],[-74.074778,40.637059],[-74.074635,40.636303],[-74.07374,40.636468],[-74.073642,40.636522],[-74.073619,40.636594],[-74.07383,40.637723],[-74.074942,40.637634],[-74.074945,40.637635]]],[[[-74.074945,40.637635],[-74.074942,40.637635],[-74.074943,40.637636],[-74.074945,40.637635]]]]},"properties":{"name":"Lyons Pool","kind":"Buildings/Institutions","acres":3.2}},{"type":"Feature","geometry":{"type":"Polygon","coordinates":[[[-74.073286,40.636899],[-74.070488,40.637126],[-74.070527,40.637475],[-74.073467,40.637225],[-74.073411,40.636889],[-74.073286,40.636899]]]},"properties":{"name":"Park","kind":"Nature Area","acres":2.4}},{"type":"Feature","geometry":{"type":"MultiPolygon","coordinates":[[[[-74.185068,40.588666],[-74.188383,40.590586],[-74.188608,40.590135],[-74.186779,40.589108],[-74.187094,40.588786],[-74.186246,40.588312],[-74.186298,40.588134],[-74.185582,40.587838],[-74.185068,40.588666]]],[[[-74.184181,40.587889],[-74.184246,40.58819],[-74.184752,40.588483],[-74.185248,40.587699],[-74.184854,40.587536],[-74.1846,40.587846],[-74.184435,40.587883],[-74.184262,40.587854],[-74.184181,40.587889]]]]},"properties":{"name":"Schmul Park","kind":"Neighborhood Park","acres":7.4}},{"type":"Feature","geometry":{"type":"MultiPolygon","coordinates":[[[[-74.071757,40.575544],[-74.063904,40.584125],[-74.056144,40.590466],[-74.055529,40.591187],[-74.060115,40.594341],[-74.060602,40.594814],[-74.061813,40.594069],[-74.063006,40.593155],[-74.063194,40.592902],[-74.063351,40.59275],[-74.064712,40.591751],[-74.066701,40.590111],[-74.06897,40.587761],[-74.071216,40.58499],[-74.072047,40.5844],[-74.072913,40.583667],[-74.075117,40.581462],[-74.077956,40.578924],[-74.078811,40.578073],[-74.079445,40.577598],[-74.082341,40.575997],[-74.084819,40.574482],[-74.08798,40.572711],[-74.088425,40.572422],[-74.08879,40.572099],[-74.092301,40.568366],[-74.092364,40.568248],[-74.092392,40.567999],[-74.092633,40.567737],[-74.086185,40.564339],[-74.083852,40.567184],[-74.081944,40.568365],[-74.075253,40.571503],[-74.071757,40.575544]]],[[[-74.079811,40.5778],[-74.079407,40.578053],[-74.079585,40.578138],[-74.080378,40.577832],[-74.080585,40.577682],[-74.080965,40.577252],[-74.08086,40.57719],[-74.079811,40.5778]]],[[[-74.079108,40.578299],[-74.07812,40.579181],[-74.078395,40.579321],[-74.079345,40.578255],[-74.079239,40.578197],[-74.079108,40.578299]]]]},"properties":{"name":"Franklin D. Roosevelt Boardwalk and Beach","kind":"Waterfront Facility","acres":644.4}},{"type":"Feature","geometry":{"type":"MultiPolygon","coordinates":[[[[-74.131725,40.564691],[-74.131369,40.564911],[-74.131208,40.56497],[-74.130645,40.565059],[-74.130513,40.565112],[-74.130706,40.565143],[-74.130788,40.56523],[-74.13103,40.566795],[-74.131089,40.568224],[-74.131018,40.569419],[-74.130798,40.570742],[-74.130458,40.571993],[-74.129912,40.573367],[-74.129674,40.573888],[-74.129323,40.574493],[-74.129329,40.57453],[-74.130894,40.573964],[-74.130756,40.573786],[-74.130701,40.573642],[-74.130728,40.573442],[-74.130893,40.573125],[-74.130807,40.57307],[-74.130961,40.572725],[-74.131145,40.572721],[-74.131614,40.571172],[-74.131729,40.570672],[-74.132054,40.570634],[-74.131927,40.569923],[-74.131828,40.56888],[-74.131826,40.56708],[-74.131871,40.566709],[-74.132302,40.564867],[-74.131794,40.564685],[-74.131725,40.564691]]],[[[-74.129543,40.557385],[-74.129602,40.557058],[-74.129793,40.556881],[-74.129715,40.55647],[-74.129667,40.556355],[-74.129512,40.556233],[-74.12904,40.555957],[-74.128332,40.556594],[-74.129543,40.557385]]],[[[-74.129668,40.560826],[-74.129866,40.561446],[-74.129839,40.561616],[-74.129706,40.561727],[-74.129973,40.561912],[-74.131266,40.560829],[-74.130383,40.560281],[-74.130182,40.560055],[-74.129567,40.55818],[-74.129732,40.558011],[-74.129687,40.557678],[-74.129487,40.557508],[-74.128226,40.556689],[-74.127478,40.557361],[-74.128484,40.558004],[-74.12875,40.55825],[-74.128922,40.558582],[-74.129668,40.560826]]],[[[-74.130945,40.56425],[-74.131522,40.564366],[-74.13116,40.562941],[-74.13133,40.5628],[-74.130903,40.562468],[-74.130797,40.562337],[-74.130771,40.562161],[-74.130808,40.562021],[-74.130962,40.561847],[-74.130661,40.561644],[-74.129732,40.562412],[-74.130126,40.562682],[-74.130223,40.562829],[-74.130556,40.564269],[-74.130654,40.564322],[-74.130945,40.56425]]],[[[-74.129455,40.574783],[-74.129733,40.575262],[-74.130215,40.575055],[-74.131174,40.574737],[-74.13091,40.574278],[-74.129455,40.574783]]],[[[-74.12922,40.574863],[-74.128306,40.575163],[-74.128508,40.575521],[-74.128552,40.575664],[-74.128511,40.575835],[-74.128234,40.576227],[-74.128341,40.576386],[-74.129933,40.575908],[-74.129301,40.574836],[-74.12922,40.574863]]],[[[-74.127966,40.576383],[-74.127921,40.576532],[-74.127948,40.576564],[-74.128243,40.576446],[-74.128147,40.576275],[-74.128075,40.576207],[-74.127966,40.576383]]],[[[-74.129068,40.576271],[-74.127645,40.576768],[-74.127269,40.576859],[-74.127343,40.57748],[-74.128942,40.576945],[-74.128922,40.576847],[-74.128957,40.576738],[-74.129212,40.576337],[-74.129295,40.57627],[-74.129068,40.576271]]],[[[-74.128536,40.577194],[-74.127333,40.577597],[-74.127054,40.578314],[-74.129129,40.577648],[-74.128821,40.577109],[-74.128536,40.577194]]],[[[-74.126976,40.578549],[-74.126993,40.578813],[-74.127164,40.579108],[-74.127672,40.578853],[-74.128721,40.578502],[-74.128458,40.578476],[-74.128291,40.578333],[-74.128265,40.578237],[-74.128285,40.578148],[-74.128363,40.578053],[-74.128491,40.577987],[-74.128456,40.577987],[-74.127015,40.578438],[-74.126976,40.578549]]],[[[-74.127293,40.579979],[-74.127485,40.58059],[-74.127644,40.580954],[-74.127914,40.581434],[-74.12847,40.581141],[-74.12794,40.580568],[-74.127689,40.580247],[-74.12746,40.579872],[-74.127293,40.579979]]],[[[-74.128176,40.581455],[-74.127986,40.581545],[-74.128395,40.582097],[-74.128645,40.582354],[-74.129267,40.581872],[-74.129038,40.581714],[-74.128581,40.581249],[-74.128176,40.581455]]],[[[-74.130808,40.58238],[-74.130844,40.582455],[-74.131053,40.582335],[-74.130751,40.582101],[-74.130808,40.58238]]],[[[-74.127571,40.579762],[-74.128094,40.580497],[-74.129173,40.581623],[-74.129724,40.581965],[-74.130009,40.582202],[-74.130443,40.582684],[-74.130693,40.582541],[-74.13057,40.581961],[-74.13012,40.581614],[-74.129054,40.580318],[-74.128968,40.579473],[-74.129428,40.578684],[-74.129296,40.578447],[-74.127737,40.578951],[-74.127256,40.579195],[-74.127346,40.579407],[-74.127571,40.579762]]],[[[-74.129064,40.582745],[-74.129236,40.582967],[-74.129345,40.583193],[-74.129387,40.583405],[-74.129377,40.583657],[-74.130304,40.582775],[-74.129874,40.582293],[-74.129602,40.582067],[-74.129412,40.581953],[-74.128916,40.582339],[-74.128781,40.582482],[-74.129064,40.582745]]],[[[-74.133504,40.586119],[-74.134007,40.586445],[-74.133669,40.586183],[-74.133453,40.585827],[-74.133434,40.585538],[-74.133633,40.584965],[-74.133663,40.584804],[-74.133654,40.584604],[-74.133505,40.584318],[-74.133149,40.583994],[-74.132862,40.583845],[-74.131885,40.583611],[-74.131423,40.583449],[-74.130766,40.583132],[-74.130423,40.582893],[-74.129698,40.583558],[-74.133504,40.586119]]],[[[-74.138639,40.588971],[-74.138764,40.588926],[-74.139512,40.588843],[-74.140664,40.588757],[-74.13903,40.588092],[-74.137467,40.58736],[-74.135561,40.586317],[-74.133723,40.585195],[-74.133616,40.585595],[-74.133616,40.585739],[-74.133761,40.586029],[-74.133921,40.5862],[-74.134309,40.586492],[-74.137439,40.588293],[-74.137866,40.588573],[-74.138639,40.588971]]],[[[-74.139047,40.589457],[-74.139342,40.589524],[-74.144002,40.591387],[-74.144886,40.591833],[-74.145192,40.591413],[-74.14541,40.591017],[-74.145523,40.590009],[-74.144843,40.590002],[-74.144833,40.589876],[-74.144171,40.589873],[-74.142296,40.589256],[-74.142332,40.588925],[-74.141015,40.588915],[-74.13888,40.58916],[-74.138668,40.589321],[-74.138386,40.589671],[-74.138668,40.589506],[-74.139047,40.589457]]],[[[-74.152968,40.614376],[-74.152983,40.614525],[-74.153009,40.614543],[-74.153048,40.614388],[-74.152968,40.614376]]],[[[-74.153325,40.614477],[-74.153297,40.614644],[-74.153439,40.614569],[-74.153525,40.614475],[-74.153335,40.61444],[-74.153325,40.614477]]],[[[-74.153619,40.614518],[-74.153295,40.614983],[-74.153046,40.615884],[-74.152765,40.616642],[-74.152547,40.617106],[-74.152301,40.617456],[-74.152615,40.617454],[-74.152859,40.617004],[-74.152975,40.616672],[-74.153317,40.615259],[-74.153478,40.614899],[-74.153752,40.614516],[-74.153638,40.614496],[-74.153619,40.614518]]],[[[-74.153174,40.614422],[-74.152577,40.616478],[-74.152315,40.617053],[-74.152056,40.617457],[-74.152193,40.617456],[-74.152307,40.617287],[-74.152512,40.616912],[-74.152701,40.616472],[-74.153249,40.614425],[-74.153174,40.614422]]],[[[-74.152723,40.614354],[-74.152705,40.614788],[-74.152364,40.615934],[-74.152193,40.616384],[-74.151669,40.617429],[-74.151677,40.617458],[-74.151948,40.617457],[-74.152005,40.617379],[-74.152448,40.616305],[-74.152787,40.61508],[-74.152855,40.61498],[-74.152894,40.614801],[-74.152877,40.614357],[-74.15272,40.614328],[-74.152723,40.614354]]],[[[-74.152175,40.617641],[-74.151771,40.618174],[-74.150108,40.619875],[-74.149675,40.620369],[-74.148515,40.621562],[-74.147998,40.622168],[-74.147916,40.622228],[-74.147766,40.622516],[-74.147836,40.622548],[-74.148198,40.622068],[-74.148623,40.621594],[-74.15122,40.618939],[-74.152002,40.618263],[-74.152468,40.617662],[-74.152175,40.617641]]],[[[-74.147168,40.622213],[-74.146741,40.622851],[-74.147426,40.622206],[-74.147962,40.621559],[-74.151678,40.617807],[-74.15184,40.617607],[-74.151571,40.61761],[-74.151231,40.618049],[-74.147743,40.621608],[-74.147363,40.621961],[-74.147168,40.622213]]],[[[-74.147675,40.622528],[-74.147284,40.623111],[-74.146973,40.62365],[-74.146434,40.624798],[-74.146655,40.624785],[-74.146691,40.624755],[-74.146939,40.62408],[-74.147675,40.622528]]],[[[-74.151946,40.617613],[-74.151558,40.618086],[-74.148488,40.62122],[-74.147787,40.622007],[-74.147444,40.622458],[-74.146877,40.623345],[-74.146518,40.624053],[-74.146206,40.624805],[-74.146341,40.624801],[-74.146688,40.623945],[-74.147064,40.623232],[-74.147428,40.622664],[-74.147934,40.621985],[-74.148629,40.621214],[-74.151724,40.618059],[-74.15208,40.617616],[-74.151946,40.617613]]],[[[-74.146676,40.623003],[-74.146518,40.62322],[-74.146262,40.62373],[-74.146011,40.624321],[-74.145861,40.624804],[-74.146114,40.624808],[-74.146305,40.624226],[-74.146556,40.623692],[-74.146873,40.623108],[-74.147338,40.622367],[-74.146676,40.623003]]],[[[-74.146365,40.62506],[-74.146287,40.625303],[-74.145835,40.626742],[-74.145895,40.626752],[-74.146524,40.625182],[-74.146534,40.62508],[-74.146365,40.62506]]],[[[-74.145882,40.625075],[-74.145483,40.626226],[-74.145359,40.626687],[-74.145298,40.627239],[-74.145336,40.627549],[-74.145413,40.626888],[-74.145535,40.626379],[-74.145844,40.625463],[-74.146017,40.625066],[-74.145882,40.625075]]],[[[-74.144954,40.627704],[-74.145187,40.627744],[-74.145224,40.628063],[-74.144987,40.628879],[-74.145219,40.628916],[-74.145179,40.629029],[-74.145266,40.629044],[-74.144871,40.630135],[-74.145561,40.6303],[-74.145539,40.630492],[-74.145441,40.63079],[-74.145559,40.630822],[-74.145571,40.630126],[-74.145231,40.627423],[-74.14525,40.626811],[-74.144954,40.627704]]],[[[-74.146257,40.625027],[-74.146131,40.625032],[-74.145652,40.626471],[-74.145549,40.626906],[-74.145495,40.627389],[-74.145499,40.627953],[-74.145733,40.629849],[-74.145738,40.630873],[-74.145846,40.630893],[-74.145837,40.629759],[-74.145622,40.628094],[-74.145602,40.627435],[-74.145646,40.627015],[-74.145737,40.626576],[-74.146257,40.625027]]],[[[-74.145923,40.626841],[-74.145803,40.627165],[-74.145786,40.627934],[-74.146015,40.629778],[-74.14604,40.630561],[-74.146011,40.630901],[-74.146044,40.630907],[-74.146158,40.630436],[-74.145845,40.627507],[-74.146095,40.626415],[-74.145923,40.626841]]]]},"properties":{"name":"Willowbrook Parkway","kind":"Parkway","acres":198.5}},{"type":"Feature","geometry":{"type":"MultiPolygon","coordinates":[[[[-74.08926,40.638236],[-74.089345,40.638524],[-74.088811,40.638656],[-74.088933,40.638916],[-74.088913,40.638921],[-74.088957,40.639085],[-74.089911,40.638853],[-74.089865,40.638696],[-74.090063,40.638649],[-74.089938,40.638217],[-74.09015,40.63818],[-74.090166,40.638235],[-74.090677,40.638147],[-74.090694,40.638206],[-74.090993,40.638154],[-74.090927,40.637917],[-74.090988,40.637835],[-74.091112,40.637832],[-74.091176,40.637896],[-74.092181,40.637722],[-74.09222,40.637629],[-74.09238,40.637589],[-74.092177,40.636902],[-74.09332,40.636706],[-74.093219,40.636542],[-74.092467,40.635775],[-74.092348,40.635723],[-74.09191,40.635646],[-74.091985,40.635903],[-74.089041,40.636677],[-74.088827,40.636784],[-74.08926,40.638236]]],[[[-74.089049,40.636523],[-74.089442,40.636419],[-74.089311,40.63612],[-74.089049,40.636523]]]]},"properties":{"name":"Jones Woods Park","kind":"Nature Area","acres":16.9}},{"type":"Feature","geometry":{"type":"Polygon","coordinates":[[[-74.085046,40.618057],[-74.085052,40.618127],[-74.085185,40.618168],[-74.085322,40.617914],[-74.085152,40.617861],[-74.085046,40.618057]]]},"properties":{"name":"Bedford Green","kind":"Undeveloped","acres":0.1}},{"type":"Feature","geometry":{"type":"MultiPolygon","coordinates":[[[[-74.173624,40.627273],[-74.174153,40.627319],[-74.174253,40.627045],[-74.17385,40.62701],[-74.173691,40.627083],[-74.173624,40.627273]]],[[[-74.173972,40.626954],[-74.174277,40.626981],[-74.17433,40.626836],[-74.174244,40.626829],[-74.173972,40.626954]]]]},"properties":{"name":"Forest Grove","kind":"Nature Area","acres":0.4}},{"type":"Feature","geometry":{"type":"Polygon","coordinates":[[[-74.101877,40.638272],[-74.101467,40.638325],[-74.101513,40.638543],[-74.102748,40.638385],[-74.102566,40.63747],[-74.102594,40.637467],[-74.10254,40.637194],[-74.102597,40.63698],[-74.102104,40.636897],[-74.102241,40.636463],[-74.099644,40.635999],[-74.099627,40.635894],[-74.099272,40.635921],[-74.099417,40.636923],[-74.099445,40.636921],[-74.099409,40.636685],[-74.099726,40.63666],[-74.100598,40.636707],[-74.100854,40.637845],[-74.101761,40.637728],[-74.101877,40.638272]]]},"properties":{"name":"Allison Pond Park","kind":"Nature Area","acres":9.2}},{"type":"Feature","geometry":{"type":"Polygon","coordinates":[[[-74.20159,40.532974],[-74.201354,40.533039],[-74.201606,40.533564],[-74.203261,40.533103],[-74.203014,40.53258],[-74.20159,40.532974]]]},"properties":{"name":"Harris Brothers Park","kind":"Neighborhood Park","acres":2.3}},{"type":"Feature","geometry":{"type":"MultiPolygon","coordinates":[[[[-74.056793,40.607875],[-74.055683,40.608351],[-74.05642,40.609274],[-74.061016,40.607378],[-74.060327,40.606444],[-74.056793,40.607875]]],[[[-74.065099,40.604877],[-74.065193,40.605],[-74.061002,40.606939],[-74.061023,40.606967],[-74.064966,40.605188],[-74.065232,40.605],[-74.065436,40.604736],[-74.065099,40.604877]]],[[[-74.065697,40.604629],[-74.065489,40.604929],[-74.065082,40.605264],[-74.065318,40.605109],[-74.065505,40.604936],[-74.065655,40.604741],[-74.065767,40.60452],[-74.065697,40.604629]]]]},"properties":{"name":"Von Briesen Park","kind":"Neighborhood Park","acres":13.9}},{"type":"Feature","geometry":{"type":"Polygon","coordinates":[[[-74.119542,40.614694],[-74.119436,40.614838],[-74.119443,40.614856],[-74.119578,40.614838],[-74.119566,40.614698],[-74.119542,40.614694]]]},"properties":{"name":"Dodgers Triangle","kind":"Triangle/Plaza","acres":0.0}},{"type":"Feature","geometry":{"type":"Polygon","coordinates":[[[-74.078747,40.622673],[-74.079498,40.624135],[-74.080549,40.623801],[-74.079818,40.622377],[-74.078747,40.622673]]]},"properties":{"name":"Rev. Dr. Maggie Howard Playground","kind":"Jointly Operated Playground","acres":4.1}},{"type":"Feature","geometry":{"type":"Polygon","coordinates":[[[-74.070901,40.597427],[-74.070432,40.597584],[-74.070763,40.598078],[-74.07156,40.597813],[-74.070901,40.597427]]]},"properties":{"name":"Arrochar Playground","kind":"Jointly Operated Playground","acres":0.9}},{"type":"Feature","geometry":{"type":"Polygon","coordinates":[[[-74.080829,40.595144],[-74.080761,40.595169],[-74.081222,40.595893],[-74.081961,40.595621],[-74.0815,40.594897],[-74.080829,40.595144]]]},"properties":{"name":"Old Town Playground","kind":"Playground","acres":1.5}},{"type":"Feature","geometry":{"type":"Polygon","coordinates":[[[-74.119424,40.608404],[-74.119199,40.608476],[-74.119065,40.608601],[-74.119019,40.608735],[-74.11905,40.608963],[-74.120214,40.608833],[-74.120321,40.608682],[-74.11967,40.608429],[-74.119424,40.608404]]]},"properties":{"name":"Christopher J. Igneri Playground","kind":"Neighborhood Park","acres":1.1}},{"type":"Feature","geometry":{"type":"MultiPolygon","coordinates":[[[[-74.115343,40.599555],[-74.115294,40.599669],[-74.115169,40.599764],[-74.113451,40.60056],[-74.114905,40.602019],[-74.11673,40.601851],[-74.116784,40.599829],[-74.116587,40.59821],[-74.116576,40.597889],[-74.116754,40.596535],[-74.117028,40.595266],[-74.117304,40.594324],[-74.117578,40.593546],[-74.117802,40.593022],[-74.118114,40.592404],[-74.11877,40.59136],[-74.119231,40.590757],[-74.119811,40.5901],[-74.120638,40.589308],[-74.12167,40.588489],[-74.122581,40.587976],[-74.123452,40.587653],[-74.125734,40.587077],[-74.12684,40.58684],[-74.127067,40.586843],[-74.127295,40.586907],[-74.12748,40.587014],[-74.127839,40.587301],[-74.128972,40.586397],[-74.129034,40.586313],[-74.12907,40.586131],[-74.128854,40.585371],[-74.128913,40.58492],[-74.128388,40.585368],[-74.127483,40.585853],[-74.126826,40.586065],[-74.123998,40.586776],[-74.12351,40.586923],[-74.122341,40.587361],[-74.121409,40.587901],[-74.120485,40.588586],[-74.11814,40.587154],[-74.115422,40.589914],[-74.115002,40.592149],[-74.115073,40.593563],[-74.114388,40.595391],[-74.115674,40.596081],[-74.115529,40.59714],[-74.115343,40.599555]]],[[[-74.111202,40.607138],[-74.110982,40.607901],[-74.110881,40.608093],[-74.11073,40.608275],[-74.112481,40.608177],[-74.113076,40.607041],[-74.113161,40.607074],[-74.11323,40.606524],[-74.113283,40.606365],[-74.114072,40.60534],[-74.114566,40.604771],[-74.114714,40.604724],[-74.115294,40.604684],[-74.11505,40.602605],[-74.114815,40.602258],[-74.114137,40.60261],[-74.114224,40.602721],[-74.11426,40.602712],[-74.114327,40.602885],[-74.11435,40.603076],[-74.114317,40.603287],[-74.113944,40.604099],[-74.113665,40.604539],[-74.113416,40.604847],[-74.113087,40.605165],[-74.11253,40.6056],[-74.112387,40.605644],[-74.111809,40.60563],[-74.111645,40.605685],[-74.111508,40.605805],[-74.111072,40.606406],[-74.111202,40.607138]]],[[[-74.199688,40.531955],[-74.198323,40.532256],[-74.197315,40.532553],[-74.19699,40.532739],[-74.196162,40.53345],[-74.195978,40.533557],[-74.195547,40.533723],[-74.193136,40.534356],[-74.193133,40.534382],[-74.193341,40.53479],[-74.194252,40.534428],[-74.195704,40.533951],[-74.203752,40.531716],[-74.207528,40.530629],[-74.209108,40.530055],[-74.203024,40.531748],[-74.202381,40.531891],[-74.202093,40.531927],[-74.200567,40.531884],[-74.199688,40.531955]]],[[[-74.194321,40.534808],[-74.193518,40.535144],[-74.193611,40.535314],[-74.193864,40.535267],[-74.195264,40.534825],[-74.195604,40.534761],[-74.195817,40.534789],[-74.195941,40.534837],[-74.196122,40.534964],[-74.196192,40.535074],[-74.196263,40.535103],[-74.198281,40.534526],[-74.198642,40.534373],[-74.200162,40.53341],[-74.200639,40.533185],[-74.201169,40.532988],[-74.203159,40.532393],[-74.209418,40.530668],[-74.20668,40.531243],[-74.196554,40.534055],[-74.195126,40.534507],[-74.194321,40.534808]]],[[[-74.129202,40.586035],[-74.129216,40.586259],[-74.129104,40.586458],[-74.129623,40.586208],[-74.130054,40.586055],[-74.130715,40.585886],[-74.131257,40.585818],[-74.132002,40.585814],[-74.132469,40.585857],[-74.133152,40.585997],[-74.133509,40.586115],[-74.129693,40.583554],[-74.129436,40.583804],[-74.129322,40.583967],[-74.129063,40.58493],[-74.129002,40.585321],[-74.129037,40.585521],[-74.129202,40.586035]]],[[[-74.170947,40.560054],[-74.170689,40.560183],[-74.16985,40.56032],[-74.16994,40.560548],[-74.169946,40.560985],[-74.171289,40.561201],[-74.171786,40.561336],[-74.171915,40.561306],[-74.17311,40.560112],[-74.173366,40.559806],[-74.173637,40.559295],[-74.173814,40.558632],[-74.173717,40.558568],[-74.173602,40.558583],[-74.173166,40.558839],[-74.172798,40.559109],[-74.172213,40.559693],[-74.171753,40.559421],[-74.171663,40.559395],[-74.171583,40.559417],[-74.171591,40.559399],[-74.170947,40.560054]]],[[[-74.19725,40.531839],[-74.197547,40.532359],[-74.198733,40.532018],[-74.197472,40.529945],[-74.197381,40.529991],[-74.197101,40.529524],[-74.196199,40.529954],[-74.19725,40.531839]]],[[[-74.179863,40.548767],[-74.179252,40.54959],[-74.178562,40.550643],[-74.175916,40.555579],[-74.175495,40.556482],[-74.174575,40.557952],[-74.17381,40.559336],[-74.17463,40.558257],[-74.17539,40.557108],[-74.176176,40.555702],[-74.176169,40.555664],[-74.176319,40.555433],[-74.179863,40.548767]]],[[[-74.17912,40.548209],[-74.17502,40.555924],[-74.174506,40.55654],[-74.173512,40.557521],[-74.17426,40.557161],[-74.174543,40.556963],[-74.17471,40.556785],[-74.17532,40.555908],[-74.176127,40.554424],[-74.177236,40.552294],[-74.177502,40.551717],[-74.178619,40.549621],[-74.179139,40.548183],[-74.17912,40.548209]]],[[[-74.210941,40.529836],[-74.196081,40.533957],[-74.194647,40.534409],[-74.193394,40.534895],[-74.193469,40.535044],[-74.194935,40.53446],[-74.196101,40.534081],[-74.210575,40.530059],[-74.210958,40.529949],[-74.210941,40.529836]]],[[[-74.180236,40.547302],[-74.179799,40.547863],[-74.179433,40.548433],[-74.175403,40.556025],[-74.17479,40.557076],[-74.174147,40.558073],[-74.173997,40.558394],[-74.174169,40.558257],[-74.174489,40.557803],[-74.175355,40.556409],[-74.179607,40.548445],[-74.180049,40.547778],[-74.180834,40.54683],[-74.180699,40.546763],[-74.180236,40.547302]]],[[[-74.174734,40.556849],[-74.174542,40.557036],[-74.17432,40.557189],[-74.173569,40.55755],[-74.173295,40.55773],[-74.17179,40.559215],[-74.171904,40.559391],[-74.172155,40.559553],[-74.172213,40.559548],[-74.17265,40.559131],[-74.173198,40.558719],[-74.17342,40.558563],[-74.173868,40.558323],[-74.173963,40.55821],[-74.174117,40.557898],[-74.174866,40.556694],[-74.174734,40.556849]]],[[[-74.19293,40.534404],[-74.192296,40.534564],[-74.191862,40.534725],[-74.191512,40.534914],[-74.191045,40.535264],[-74.190785,40.535548],[-74.190181,40.53639],[-74.189879,40.536694],[-74.190541,40.536253],[-74.191452,40.535712],[-74.192089,40.535371],[-74.193181,40.534859],[-74.192966,40.534424],[-74.19293,40.534404]]],[[[-74.193208,40.534972],[-74.1919,40.535607],[-74.191035,40.536091],[-74.19024,40.536596],[-74.189079,40.537448],[-74.188328,40.538097],[-74.187532,40.538881],[-74.185248,40.54151],[-74.185341,40.541601],[-74.187494,40.539127],[-74.188287,40.538358],[-74.188894,40.537831],[-74.189909,40.537055],[-74.190858,40.536421],[-74.192026,40.535745],[-74.193311,40.535114],[-74.193233,40.534962],[-74.193208,40.534972]]],[[[-74.191247,40.536672],[-74.19057,40.536936],[-74.190047,40.5372],[-74.188885,40.537985],[-74.188173,40.538623],[-74.187421,40.53938],[-74.185415,40.541673],[-74.185573,40.541827],[-74.185646,40.541824],[-74.188188,40.538877],[-74.188913,40.53819],[-74.1898,40.537517],[-74.190454,40.537108],[-74.19128,40.536668],[-74.191247,40.536672]]],[[[-74.115133,40.602113],[-74.115017,40.602152],[-74.115237,40.602492],[-74.115391,40.603884],[-74.115442,40.603892],[-74.116305,40.60256],[-74.116505,40.602509],[-74.116599,40.602369],[-74.116708,40.602136],[-74.116731,40.601959],[-74.115133,40.602113]]],[[[-74.193005,40.535377],[-74.192101,40.535834],[-74.191264,40.536307],[-74.190482,40.536793],[-74.189799,40.537279],[-74.190361,40.536974],[-74.191529,40.536508],[-74.193651,40.535805],[-74.193359,40.535215],[-74.193005,40.535377]]],[[[-74.190617,40.535658],[-74.187139,40.538887],[-74.185033,40.541294],[-74.185171,40.541435],[-74.187754,40.538434],[-74.188574,40.53767],[-74.189894,40.536612],[-74.190268,40.536181],[-74.190617,40.535658]]],[[[-74.185293,40.541816],[-74.18435,40.54299],[-74.182927,40.544634],[-74.182289,40.545703],[-74.185492,40.541997],[-74.185491,40.541965],[-74.185312,40.541794],[-74.185293,40.541816]]],[[[-74.170005,40.56278],[-74.170032,40.563042],[-74.170693,40.562503],[-74.171676,40.561597],[-74.171563,40.561533],[-74.171079,40.561407],[-74.170014,40.562357],[-74.170005,40.56278]]],[[[-74.185129,40.541648],[-74.184399,40.542469],[-74.180818,40.546622],[-74.180953,40.546689],[-74.182191,40.545266],[-74.185237,40.541723],[-74.185142,40.541633],[-74.185129,40.541648]]],[[[-74.184901,40.541439],[-74.184889,40.541452],[-74.18149,40.545397],[-74.183132,40.543776],[-74.184953,40.541693],[-74.185065,40.541557],[-74.184946,40.541443],[-74.184901,40.541439]]],[[[-74.180908,40.546896],[-74.180233,40.54772],[-74.179841,40.548281],[-74.179003,40.549831],[-74.180742,40.547519],[-74.181153,40.547024],[-74.181144,40.546985],[-74.180925,40.546876],[-74.180908,40.546896]]],[[[-74.216506,40.528278],[-74.211298,40.529718],[-74.211132,40.529783],[-74.211143,40.529897],[-74.216566,40.52838],[-74.216506,40.528278]]],[[[-74.211182,40.530182],[-74.213098,40.529645],[-74.215111,40.528908],[-74.211152,40.529993],[-74.211182,40.530182]]],[[[-74.214113,40.528715],[-74.213478,40.528825],[-74.211103,40.529483],[-74.211121,40.529668],[-74.214856,40.528625],[-74.214113,40.528715]]],[[[-74.180406,40.546642],[-74.179413,40.547825],[-74.179151,40.548339],[-74.178752,40.549438],[-74.179292,40.548447],[-74.179603,40.547947],[-74.180098,40.547291],[-74.180612,40.54672],[-74.180451,40.546637],[-74.180406,40.546642]]],[[[-74.182018,40.545628],[-74.18144,40.546306],[-74.181045,40.546736],[-74.181267,40.546847],[-74.181314,40.546839],[-74.181996,40.546046],[-74.182751,40.544793],[-74.182018,40.545628]]],[[[-74.2103,40.530235],[-74.20789,40.530907],[-74.207886,40.530913],[-74.209851,40.530518],[-74.210989,40.530235],[-74.210968,40.530045],[-74.2103,40.530235]]],[[[-74.209749,40.52988],[-74.207774,40.530579],[-74.207769,40.530588],[-74.210933,40.52972],[-74.210914,40.529537],[-74.209749,40.52988]]],[[[-74.182431,40.544566],[-74.181012,40.545944],[-74.180575,40.546446],[-74.180575,40.546501],[-74.180734,40.546579],[-74.182431,40.544566]]],[[[-74.216309,40.528598],[-74.215396,40.528855],[-74.214048,40.529362],[-74.214053,40.529386],[-74.216698,40.52865],[-74.216627,40.528505],[-74.216309,40.528598]]],[[[-74.214899,40.528543],[-74.215226,40.528486],[-74.216452,40.528147],[-74.216389,40.52802],[-74.21403,40.528672],[-74.214899,40.528543]]],[[[-74.178849,40.548412],[-74.178128,40.549236],[-74.178365,40.549358],[-74.178866,40.548395],[-74.178849,40.548412]]],[[[-74.174025,40.558456],[-74.173962,40.558488],[-74.173691,40.559357],[-74.173537,40.559657],[-74.17416,40.558485],[-74.174162,40.558364],[-74.174025,40.558456]]],[[[-74.220036,40.526034],[-74.220034,40.526164],[-74.220228,40.52602],[-74.220036,40.526034]]],[[[-74.173822,40.558412],[-74.173761,40.558454],[-74.173882,40.558437],[-74.173902,40.558367],[-74.173822,40.558412]]],[[[-74.173759,40.558512],[-74.173835,40.558569],[-74.17386,40.558507],[-74.173846,40.558495],[-74.173759,40.558512]]],[[[-74.171743,40.559364],[-74.171691,40.559303],[-74.171631,40.55936],[-74.171733,40.559369],[-74.171743,40.559364]]],[[[-74.193045,40.534375],[-74.192928,40.5344],[-74.19293,40.534404],[-74.193045,40.534375]]]]},"properties":{"name":"Richmond Parkway","kind":"Parkway","acres":351.0}},{"type":"Feature","geometry":{"type":"Polygon","coordinates":[[[-74.079212,40.646882],[-74.079932,40.647282],[-74.080383,40.647455],[-74.082895,40.648064],[-74.082946,40.647801],[-74.08019,40.647291],[-74.07989,40.647166],[-74.078945,40.646644],[-74.078226,40.646301],[-74.079212,40.646882]]]},"properties":{"name":"North Shore Esplanade","kind":"Triangle/Plaza","acres":1.5}},{"type":"Feature","geometry":{"type":"Polygon","coordinates":[[[-74.100164,40.587619],[-74.100581,40.587108],[-74.101495,40.585134],[-74.099639,40.586442],[-74.09887,40.587033],[-74.099177,40.58719],[-74.099237,40.587144],[-74.100164,40.587619]]]},"properties":{"name":"Gen. Douglas MacArthur Park","kind":"Community Park","acres":5.2}},{"type":"Feature","geometry":{"type":"Polygon","coordinates":[[[-74.16375,40.630953],[-74.164357,40.631335],[-74.165167,40.631347],[-74.165192,40.630355],[-74.163765,40.630339],[-74.16375,40.630953]]]},"properties":{"name":"The Big Park","kind":"Neighborhood Park","acres":3.0}},{"type":"Feature","geometry":{"type":"Polygon","coordinates":[[[-74.098117,40.613532],[-74.098044,40.613553],[-74.097925,40.613785],[-74.097664,40.61412],[-74.097706,40.614209],[-74.099251,40.613749],[-74.099157,40.61356],[-74.099457,40.613465],[-74.099402,40.613149],[-74.098117,40.613532]]]},"properties":{"name":"Terrace Playground","kind":"Jointly Operated Playground","acres":1.9}},{"type":"Feature","geometry":{"type":"Polygon","coordinates":[[[-74.114147,40.612532],[-74.113992,40.612672],[-74.113206,40.612743],[-74.113322,40.612957],[-74.113492,40.613643],[-74.114363,40.613575],[-74.114168,40.612509],[-74.114147,40.612532]]]},"properties":{"name":"Clove's Tail","kind":"Recreational Field/Courts","acres":2.1}},{"type":"Feature","geometry":{"type":"Polygon","coordinates":[[[-74.151506,40.547345],[-74.151624,40.547441],[-74.152392,40.547001],[-74.152203,40.546894],[-74.15205,40.546634],[-74.15164,40.546775],[-74.151671,40.546828],[-74.151262,40.546968],[-74.151506,40.547345]]]},"properties":{"name":"Great Kills Veterans Playground","kind":"Jointly Operated Playground","acres":1.1}},{"type":"Feature","geometry":{"type":"Polygon","coordinates":[[[-74.124802,40.561084],[-74.124734,40.561157],[-74.12479,40.561191],[-74.124707,40.561272],[-74.12506,40.561477],[-74.125253,40.56128],[-74.123476,40.559785],[-74.123025,40.560095],[-74.122739,40.560355],[-74.12278,40.560464],[-74.124109,40.561268],[-74.124485,40.560894],[-74.124802,40.561084]]]},"properties":{"name":"Clawson Playground","kind":"Jointly Operated Playground","acres":3.6}},{"type":"Feature","geometry":{"type":"Polygon","coordinates":[[[-74.089289,40.602329],[-74.089224,40.603008],[-74.090681,40.60307],[-74.090768,40.60203],[-74.089432,40.601948],[-74.089395,40.602334],[-74.089289,40.602329]]]},"properties":{"name":"Naples Playground","kind":"Jointly Operated Playground","acres":3.5}},{"type":"Feature","geometry":{"type":"Polygon","coordinates":[[[-74.159783,40.615627],[-74.15964,40.615863],[-74.159362,40.616044],[-74.160586,40.616918],[-74.161395,40.617418],[-74.162676,40.618127],[-74.163444,40.618469],[-74.163239,40.618304],[-74.163086,40.618101],[-74.163009,40.617925],[-74.162974,40.617695],[-74.162988,40.61753],[-74.163353,40.616059],[-74.160601,40.615605],[-74.160343,40.615513],[-74.159976,40.615284],[-74.159904,40.615272],[-74.159783,40.615627]]]},"properties":{"name":"Father Macris Park","kind":"Recreational Field/Courts","acres":13.5}},{"type":"Feature","geometry":{"type":"Polygon","coordinates":[[[-74.142854,40.605635],[-74.140837,40.605742],[-74.140963,40.607213],[-74.142789,40.607111],[-74.142854,40.605635]]]},"properties":{"name":"Westwood Park","kind":"Nature Area","acres":6.6}},{"type":"Feature","geometry":{"type":"Polygon","coordinates":[[[-74.136023,40.60843],[-74.136159,40.609981],[-74.137204,40.609924],[-74.137061,40.608374],[-74.136023,40.60843]]]},"properties":{"name":"Ingram Woods","kind":"Nature Area","acres":3.8}},{"type":"Feature","geometry":{"type":"Polygon","coordinates":[[[-74.118674,40.609217],[-74.118738,40.609535],[-74.11843,40.609574],[-74.118529,40.610067],[-74.118737,40.610094],[-74.119053,40.610078],[-74.119346,40.61002],[-74.121181,40.609519],[-74.121049,40.608944],[-74.118674,40.609217]]]},"properties":{"name":"Sports Park","kind":"Managed Sites","acres":4.6}},{"type":"Feature","geometry":{"type":"Polygon","coordinates":[[[-74.113091,40.612325],[-74.11375,40.611949],[-74.11569,40.611805],[-74.116712,40.611532],[-74.115689,40.611798],[-74.113738,40.611943],[-74.113088,40.612319],[-74.111402,40.612002],[-74.111208,40.611885],[-74.109702,40.611184],[-74.10963,40.611519],[-74.109707,40.611193],[-74.111207,40.61189],[-74.111401,40.612007],[-74.113091,40.612325]]]},"properties":{"name":"Park","kind":"Strip","acres":0.1}},{"type":"Feature","geometry":{"type":"MultiPolygon","coordinates":[[[[-74.112519,40.609634],[-74.112714,40.609927],[-74.112829,40.610051],[-74.113028,40.610218],[-74.113262,40.610364],[-74.113471,40.610461],[-74.113789,40.610564],[-74.114171,40.610631],[-74.114423,40.610644],[-74.113789,40.610556],[-74.113479,40.610455],[-74.113224,40.610332],[-74.112841,40.610049],[-74.112519,40.609634]]],[[[-74.1164,40.610493],[-74.114635,40.61063],[-74.114634,40.61063],[-74.114637,40.610635],[-74.11658,40.610485],[-74.1164,40.610493]]]]},"properties":{"name":"Park","kind":"Strip","acres":0.1}},{"type":"Feature","geometry":{"type":"Polygon","coordinates":[[[-74.07792,40.604128],[-74.078033,40.604785],[-74.078012,40.605477],[-74.078741,40.605564],[-74.080079,40.605801],[-74.080684,40.605873],[-74.081169,40.605898],[-74.08129,40.605743],[-74.080006,40.605541],[-74.079305,40.604357],[-74.079019,40.604276],[-74.07882,40.60382],[-74.07792,40.604128]]]},"properties":{"name":"Bradys Pond Park","kind":"Nature Area","acres":6.4}},{"type":"Feature","geometry":{"type":"Polygon","coordinates":[[[-74.14514,40.623406],[-74.145546,40.623427],[-74.145541,40.623981],[-74.145445,40.624826],[-74.145671,40.624815],[-74.145899,40.624143],[-74.146152,40.62357],[-74.146466,40.622986],[-74.146956,40.622226],[-74.14611,40.622657],[-74.146249,40.622865],[-74.146204,40.623118],[-74.145177,40.623041],[-74.14514,40.623406]]]},"properties":{"name":"Markham Playground","kind":"Jointly Operated Playground","acres":2.8}},{"type":"Feature","geometry":{"type":"Polygon","coordinates":[[[-74.077934,40.644431],[-74.077701,40.644535],[-74.077796,40.644662],[-74.07803,40.644559],[-74.077934,40.644431]]]},"properties":{"name":"St. George Park","kind":"Triangle/Plaza","acres":0.1}},{"type":"Feature","geometry":{"type":"Polygon","coordinates":[[[-74.13367,40.623287],[-74.133822,40.623411],[-74.133778,40.62344],[-74.134127,40.623362],[-74.134063,40.623195],[-74.134172,40.623169],[-74.134633,40.623116],[-74.134662,40.623277],[-74.135689,40.623167],[-74.13385,40.622137],[-74.13271,40.622912],[-74.132918,40.623081],[-74.133235,40.622867],[-74.133272,40.622897],[-74.133228,40.622929],[-74.13367,40.623287]]]},"properties":{"name":"Northerleigh Park","kind":"Neighborhood Park","acres":4.0}},{"type":"Feature","geometry":{"type":"Polygon","coordinates":[[[-74.198092,40.515385],[-74.198742,40.515956],[-74.19888,40.516158],[-74.198955,40.516757],[-74.198851,40.517048],[-74.198838,40.51718],[-74.199183,40.51856],[-74.199592,40.518412],[-74.200087,40.518168],[-74.20262,40.516548],[-74.20194,40.515706],[-74.200879,40.514955],[-74.200183,40.51335],[-74.200176,40.513285],[-74.200213,40.513222],[-74.200374,40.513171],[-74.201251,40.513249],[-74.210231,40.511569],[-74.20921,40.509143],[-74.206949,40.510302],[-74.204448,40.51077],[-74.204771,40.511535],[-74.202847,40.511479],[-74.202492,40.510319],[-74.201476,40.510353],[-74.198516,40.510131],[-74.198694,40.510181],[-74.198075,40.510865],[-74.197813,40.510752],[-74.197572,40.511034],[-74.197442,40.511244],[-74.197012,40.512467],[-74.197212,40.512509],[-74.196969,40.513105],[-74.197136,40.513176],[-74.197023,40.513406],[-74.196858,40.513336],[-74.196784,40.513524],[-74.196737,40.513792],[-74.196839,40.515224],[-74.1972,40.515199],[-74.197215,40.515405],[-74.198072,40.515358],[-74.198092,40.515385]]]},"properties":{"name":"Lemon Creek Park","kind":"Waterfront Facility","acres":104.5}},{"type":"Feature","geometry":{"type":"Polygon","coordinates":[[[-74.177549,40.541655],[-74.177867,40.541606],[-74.177735,40.541272],[-74.177614,40.541204],[-74.177526,40.541209],[-74.177482,40.541262],[-74.177549,40.541655]]]},"properties":{"name":"Annadale Green","kind":"Triangle/Plaza","acres":0.3}},{"type":"Feature","geometry":{"type":"MultiPolygon","coordinates":[[[[-74.089012,40.646938],[-74.088937,40.646819],[-74.087634,40.647684],[-74.087948,40.647535],[-74.089012,40.646938]]],[[[-74.089177,40.646681],[-74.089099,40.646726],[-74.089185,40.646853],[-74.089709,40.6466],[-74.089693,40.646577],[-74.089742,40.646553],[-74.08974,40.646473],[-74.089725,40.646447],[-74.089177,40.646681]]],[[[-74.088805,40.647718],[-74.089161,40.647529],[-74.088952,40.647265],[-74.088904,40.647322],[-74.088912,40.64744],[-74.088861,40.647499],[-74.088728,40.647534],[-74.088592,40.647479],[-74.088805,40.647718]]]]},"properties":{"name":"North Shore Esplanade","kind":"Undeveloped","acres":0.7}},{"type":"Feature","geometry":{"type":"Polygon","coordinates":[[[-74.185573,40.522292],[-74.186106,40.523064],[-74.18618,40.52308],[-74.186609,40.522899],[-74.186051,40.522118],[-74.185573,40.522292]]]},"properties":{"name":"E.M.T. Christopher J. Prescott Playground","kind":"Jointly Operated Playground","acres":1.1}},{"type":"Feature","geometry":{"type":"Polygon","coordinates":[[[-74.085382,40.642061],[-74.085435,40.642271],[-74.08501,40.642341],[-74.085192,40.642661],[-74.086078,40.642332],[-74.086062,40.642029],[-74.086182,40.642043],[-74.086196,40.641981],[-74.086058,40.641958],[-74.085382,40.642061]]]},"properties":{"name":"Davis Playground","kind":"Jointly Operated Playground","acres":0.9}},{"type":"Feature","geometry":{"type":"Polygon","coordinates":[[[-74.088597,40.582319],[-74.089486,40.582772],[-74.089278,40.583006],[-74.089737,40.583241],[-74.090121,40.582801],[-74.088776,40.58211],[-74.088597,40.582319]]]},"properties":{"name":"Dongan Playground","kind":"Jointly Operated Playground","acres":1.3}},{"type":"Feature","geometry":{"type":"MultiPolygon","coordinates":[[[[-74.123622,40.584757],[-74.120327,40.58849],[-74.120485,40.588586],[-74.121409,40.587901],[-74.121816,40.587642],[-74.122341,40.587361],[-74.123061,40.587082],[-74.123998,40.586776],[-74.127099,40.585987],[-74.127483,40.585853],[-74.128114,40.585532],[-74.128388,40.585368],[-74.128913,40.58492],[-74.129169,40.58394],[-74.129377,40.583657],[-74.129387,40.583405],[-74.129345,40.583193],[-74.129236,40.582967],[-74.129032,40.582714],[-74.128721,40.582939],[-74.128639,40.582881],[-74.127577,40.583801],[-74.12696,40.583332],[-74.12554,40.584574],[-74.125354,40.584446],[-74.125333,40.584548],[-74.125256,40.584593],[-74.125145,40.584589],[-74.125071,40.584533],[-74.125071,40.584423],[-74.125219,40.584352],[-74.124726,40.584011],[-74.125709,40.580343],[-74.126048,40.580468],[-74.126325,40.580314],[-74.126358,40.580269],[-74.12632,40.580206],[-74.125759,40.579921],[-74.125679,40.579821],[-74.125666,40.579727],[-74.126056,40.579269],[-74.126199,40.579197],[-74.126914,40.578973],[-74.12674,40.578675],[-74.125963,40.578332],[-74.125261,40.578066],[-74.125105,40.578227],[-74.12494,40.57831],[-74.124801,40.578326],[-74.124562,40.579394],[-74.123345,40.578734],[-74.121606,40.580097],[-74.120627,40.580703],[-74.120655,40.580741],[-74.119086,40.581196],[-74.120962,40.583087],[-74.123622,40.584757]]],[[[-74.124835,40.578172],[-74.125013,40.578089],[-74.125068,40.57799],[-74.124891,40.577918],[-74.124835,40.578172]]]]},"properties":{"name":"High Rock Park","kind":"Nature Area","acres":94.1}},{"type":"Feature","geometry":{"type":"Polygon","coordinates":[[[-74.135433,40.551861],[-74.136217,40.552502],[-74.136985,40.552013],[-74.136923,40.551957],[-74.137419,40.551642],[-74.13671,40.551061],[-74.135433,40.551861]]]},"properties":{"name":"Greencroft Playground","kind":"Jointly Operated Playground","acres":3.2}},{"type":"Feature","geometry":{"type":"Polygon","coordinates":[[[-74.161979,40.536964],[-74.162319,40.537335],[-74.163313,40.536805],[-74.162919,40.536376],[-74.161979,40.536964]]]},"properties":{"name":"Lieutenant John H. Martinson Playground","kind":"Jointly Operated Playground","acres":1.4}},{"type":"Feature","geometry":{"type":"Polygon","coordinates":[[[-74.200529,40.533356],[-74.199988,40.533638],[-74.199052,40.534261],[-74.200809,40.533791],[-74.200593,40.533329],[-74.200529,40.533356]]]},"properties":{"name":"Park","kind":"Triangle/Plaza","acres":1.2}},{"type":"Feature","geometry":{"type":"Polygon","coordinates":[[[-74.190762,40.537068],[-74.190409,40.537278],[-74.190383,40.53732],[-74.190397,40.537367],[-74.190506,40.537397],[-74.191448,40.537128],[-74.191284,40.536791],[-74.190762,40.537068]]]},"properties":{"name":"Park","kind":"Nature Area","acres":0.7}},{"type":"Feature","geometry":{"type":"Polygon","coordinates":[[[-74.189005,40.538303],[-74.188568,40.538705],[-74.189128,40.538549],[-74.189005,40.538303]]]},"properties":{"name":"Park","kind":"Triangle/Plaza","acres":0.2}},{"type":"Feature","geometry":{"type":"Polygon","coordinates":[[[-74.187233,40.538101],[-74.186424,40.538544],[-74.186694,40.539128],[-74.188097,40.537754],[-74.187966,40.537671],[-74.187233,40.538101]]]},"properties":{"name":"Ida Court","kind":"Playground","acres":1.6}},{"type":"Feature","geometry":{"type":"Polygon","coordinates":[[[-74.188436,40.536789],[-74.187309,40.537492],[-74.185824,40.538298],[-74.185991,40.538538],[-74.186956,40.538036],[-74.187862,40.53752],[-74.188931,40.536841],[-74.189621,40.536349],[-74.19092,40.535116],[-74.191188,40.534906],[-74.191752,40.534609],[-74.192365,40.534411],[-74.192017,40.53367],[-74.191409,40.53436],[-74.190145,40.5355],[-74.188951,40.536444],[-74.188436,40.536789]]]},"properties":{"name":"Park","kind":"Parkway","acres":5.8}},{"type":"Feature","geometry":{"type":"Polygon","coordinates":[[[-74.185244,40.540551],[-74.185226,40.540556],[-74.184564,40.540753],[-74.184583,40.540807],[-74.184939,40.541151],[-74.185374,40.540642],[-74.185348,40.540566],[-74.185244,40.540551]]]},"properties":{"name":"Park","kind":"Nature Area","acres":0.6}},{"type":"Feature","geometry":{"type":"Polygon","coordinates":[[[-74.179744,40.549342],[-74.179507,40.549837],[-74.179653,40.549915],[-74.180314,40.54914],[-74.179929,40.548954],[-74.179744,40.549342]]]},"properties":{"name":"Drumgoole Tot Lot","kind":"Playground","acres":0.6}},{"type":"Feature","geometry":{"type":"Polygon","coordinates":[[[-74.175529,40.551889],[-74.175921,40.553909],[-74.177002,40.551877],[-74.175529,40.551889]]]},"properties":{"name":"Wegener Park","kind":"Nature Area","acres":3.5}},{"type":"Feature","geometry":{"type":"Polygon","coordinates":[[[-74.183858,40.54435],[-74.183999,40.544187],[-74.184175,40.543983],[-74.184038,40.543916],[-74.18417,40.543984],[-74.183857,40.544346],[-74.183722,40.544283],[-74.183858,40.54435]]]},"properties":{"name":"Park","kind":"Strip","acres":0.0}},{"type":"Feature","geometry":{"type":"Polygon","coordinates":[[[-74.182571,40.543686],[-74.182701,40.543754],[-74.182574,40.543688],[-74.182885,40.543333],[-74.183013,40.543392],[-74.182884,40.543329],[-74.182571,40.543686]]]},"properties":{"name":"Park","kind":"Strip","acres":0.0}},{"type":"Feature","geometry":{"type":"Polygon","coordinates":[[[-74.201364,40.547325],[-74.201478,40.547573],[-74.201432,40.547721],[-74.201382,40.547734],[-74.201392,40.547839],[-74.200028,40.548155],[-74.20351,40.555815],[-74.203679,40.556096],[-74.203966,40.556407],[-74.204623,40.556118],[-74.204967,40.556016],[-74.205506,40.555912],[-74.206058,40.555871],[-74.20781,40.555839],[-74.208471,40.555755],[-74.209682,40.555436],[-74.210732,40.555089],[-74.206316,40.544241],[-74.206037,40.543709],[-74.203637,40.544244],[-74.204404,40.546063],[-74.202476,40.547321],[-74.202373,40.547043],[-74.201334,40.547258],[-74.201364,40.547325]]]},"properties":{"name":"South Shore Country Club","kind":"Managed Sites","acres":174.0}},{"type":"Feature","geometry":{"type":"Polygon","coordinates":[[[-74.117217,40.628845],[-74.118404,40.628838],[-74.11887,40.628655],[-74.118329,40.628169],[-74.117217,40.628845]]]},"properties":{"name":"Prall Playground","kind":"Jointly Operated Playground","acres":1.3}},{"type":"Feature","geometry":{"type":"MultiPolygon","coordinates":[[[[-74.211247,40.530319],[-74.211465,40.532389],[-74.211819,40.535138],[-74.2181,40.534453],[-74.218012,40.532461],[-74.216737,40.528793],[-74.211247,40.530319]]],[[[-74.207094,40.531465],[-74.208264,40.535523],[-74.211534,40.535169],[-74.210991,40.530407],[-74.207094,40.531465]]],[[[-74.22115,40.535362],[-74.223569,40.535226],[-74.223411,40.534245],[-74.223201,40.533274],[-74.222366,40.53316],[-74.22238,40.533106],[-74.221879,40.533038],[-74.221938,40.532811],[-74.218151,40.5323],[-74.218189,40.533103],[-74.218338,40.534219],[-74.220932,40.533946],[-74.22115,40.535362]]]]},"properties":{"name":"Bloomingdale Park","kind":"Community Park","acres":138.1}},{"type":"Feature","geometry":{"type":"Polygon","coordinates":[[[-74.118144,40.569432],[-74.117893,40.569691],[-74.118668,40.57016],[-74.118934,40.569885],[-74.11816,40.569416],[-74.118144,40.569432]]]},"properties":{"name":"New Dorp Park","kind":"Nature Area","acres":0.8}},{"type":"Feature","geometry":{"type":"Polygon","coordinates":[[[-74.118619,40.636864],[-74.118653,40.637148],[-74.117701,40.63725],[-74.117833,40.638481],[-74.117818,40.639429],[-74.117843,40.639558],[-74.118575,40.639247],[-74.119155,40.639046],[-74.120484,40.638123],[-74.119935,40.637834],[-74.119907,40.637702],[-74.119842,40.637613],[-74.119687,40.63675],[-74.118619,40.636864]]]},"properties":{"name":"CPL. Thompson Park","kind":"Community Park","acres":10.5}},{"type":"Feature","geometry":{"type":"Polygon","coordinates":[[[-74.234757,40.505518],[-74.234934,40.50605],[-74.237345,40.505565],[-74.237257,40.505299],[-74.236431,40.505465],[-74.23629,40.505041],[-74.234705,40.50536],[-74.234757,40.505518]]]},"properties":{"name":"Tottenville Pool","kind":"Buildings/Institutions","acres":3.3}},{"type":"Feature","geometry":{"type":"Polygon","coordinates":[[[-74.080415,40.643756],[-74.07989,40.643089],[-74.079269,40.643384],[-74.079799,40.644048],[-74.080415,40.643756]]]},"properties":{"name":"Lt. Lia Playground","kind":"Playground","acres":1.4}},{"type":"Feature","geometry":{"type":"MultiPolygon","coordinates":[[[[-74.186204,40.601694],[-74.18644,40.601359],[-74.186855,40.600943],[-74.188743,40.599596],[-74.189228,40.599132],[-74.189415,40.598878],[-74.189612,40.598509],[-74.189755,40.598035],[-74.188781,40.597849],[-74.18903,40.597086],[-74.187602,40.596474],[-74.184847,40.598298],[-74.185239,40.598532],[-74.185523,40.598783],[-74.185588,40.598899],[-74.185669,40.598936],[-74.185738,40.598883],[-74.186549,40.599528],[-74.186204,40.601694]]],[[[-74.191385,40.599078],[-74.190756,40.600669],[-74.1907,40.600866],[-74.19286,40.598788],[-74.192417,40.598336],[-74.191815,40.59784],[-74.191385,40.599078]]],[[[-74.189335,40.595759],[-74.190121,40.596222],[-74.190916,40.595364],[-74.191273,40.59478],[-74.190827,40.595085],[-74.190586,40.595296],[-74.189893,40.594887],[-74.189647,40.595164],[-74.189214,40.594939],[-74.18878,40.595517],[-74.189053,40.595659],[-74.189083,40.595626],[-74.189335,40.595759]]],[[[-74.18918,40.597296],[-74.189007,40.597775],[-74.189747,40.597912],[-74.189858,40.597114],[-74.190057,40.596521],[-74.189584,40.596172],[-74.18918,40.597296]]],[[[-74.22931,40.525189],[-74.229413,40.524673],[-74.229304,40.525183],[-74.227707,40.52512],[-74.227594,40.525066],[-74.227248,40.524836],[-74.226414,40.524104],[-74.226413,40.524038],[-74.226338,40.524037],[-74.225955,40.523694],[-74.225642,40.523331],[-74.225401,40.522975],[-74.225247,40.522659],[-74.225138,40.522278],[-74.225105,40.521913],[-74.225128,40.521621],[-74.225203,40.521302],[-74.22564,40.520409],[-74.225196,40.521301],[-74.22512,40.521619],[-74.225097,40.521916],[-74.22513,40.522278],[-74.225239,40.522661],[-74.225395,40.522979],[-74.225636,40.523334],[-74.22595,40.523699],[-74.226328,40.524037],[-74.227279,40.52487],[-74.22759,40.525071],[-74.227705,40.525126],[-74.22931,40.525189]]],[[[-74.191044,40.598946],[-74.190392,40.600583],[-74.190307,40.600839],[-74.19017,40.601366],[-74.190017,40.602252],[-74.190185,40.601366],[-74.190347,40.600743],[-74.19106,40.598927],[-74.191514,40.597627],[-74.191044,40.598946]]],[[[-74.22823,40.526343],[-74.227975,40.526372],[-74.227734,40.526432],[-74.227502,40.526526],[-74.227319,40.526631],[-74.22714,40.526775],[-74.227017,40.526911],[-74.226902,40.527093],[-74.226842,40.527278],[-74.228611,40.527386],[-74.226852,40.527273],[-74.226952,40.527017],[-74.227144,40.526779],[-74.227414,40.526579],[-74.227736,40.526437],[-74.228134,40.526356],[-74.230209,40.526227],[-74.22823,40.526343]]],[[[-74.194084,40.590449],[-74.193793,40.591754],[-74.192937,40.593725],[-74.192819,40.594051],[-74.193799,40.591756],[-74.194091,40.59045],[-74.194101,40.590186],[-74.194084,40.590449]]],[[[-74.23134,40.526192],[-74.231514,40.526222],[-74.231659,40.526295],[-74.231739,40.52637],[-74.231928,40.526636],[-74.23205,40.526768],[-74.232149,40.526845],[-74.232264,40.526918],[-74.232392,40.526984],[-74.232506,40.527028],[-74.232659,40.527072],[-74.232836,40.527101],[-74.234325,40.527212],[-74.234279,40.527754],[-74.234333,40.527207],[-74.232841,40.527096],[-74.232595,40.52705],[-74.232361,40.526963],[-74.232119,40.526816],[-74.23195,40.526654],[-74.231717,40.526336],[-74.231645,40.526278],[-74.231558,40.526232],[-74.231378,40.526189],[-74.230995,40.526178],[-74.230456,40.526213],[-74.23134,40.526192]]],[[[-74.191905,40.596519],[-74.191912,40.596521],[-74.192763,40.594191],[-74.192757,40.594188],[-74.191905,40.596519]]],[[[-74.224233,40.520745],[-74.224085,40.521143],[-74.223547,40.522605],[-74.223555,40.522605],[-74.224233,40.520745]]],[[[-74.191568,40.597215],[-74.191573,40.59722],[-74.191878,40.596613],[-74.191871,40.596612],[-74.191568,40.597215]]]]},"properties":{"name":"Meredith Woods","kind":"Nature Area","acres":37.1}},{"type":"Feature","geometry":{"type":"Polygon","coordinates":[[[-74.162489,40.620238],[-74.163618,40.62046],[-74.163781,40.619874],[-74.162632,40.619646],[-74.162489,40.620238]]]},"properties":{"name":"Jennifer's Playground","kind":"Neighborhood Park","acres":1.6}},{"type":"Feature","geometry":{"type":"Polygon","coordinates":[[[-74.108966,40.607411],[-74.109812,40.60778],[-74.109824,40.607952],[-74.110201,40.60866],[-74.110689,40.608313],[-74.11085,40.608137],[-74.110965,40.607941],[-74.111202,40.607138],[-74.111072,40.606406],[-74.111528,40.605778],[-74.111613,40.605704],[-74.111854,40.605625],[-74.112387,40.605644],[-74.11253,40.6056],[-74.113087,40.605165],[-74.113464,40.604792],[-74.113665,40.604539],[-74.113944,40.604099],[-74.114286,40.603372],[-74.11435,40.603043],[-74.11426,40.602712],[-74.113069,40.603027],[-74.113431,40.603751],[-74.113445,40.6039],[-74.113382,40.604044],[-74.113266,40.604151],[-74.113115,40.604218],[-74.112545,40.604282],[-74.112258,40.604386],[-74.11207,40.604528],[-74.111798,40.604852],[-74.111492,40.605031],[-74.109899,40.605382],[-74.109396,40.605432],[-74.106133,40.605283],[-74.106426,40.605587],[-74.106428,40.605674],[-74.106367,40.605746],[-74.105524,40.605946],[-74.104442,40.606046],[-74.104168,40.606113],[-74.104007,40.606213],[-74.103898,40.606344],[-74.103698,40.606967],[-74.104087,40.606975],[-74.105241,40.607085],[-74.105468,40.607057],[-74.10661,40.606796],[-74.107748,40.607354],[-74.108399,40.60731],[-74.108966,40.607411]]]},"properties":{"name":"Deere Park","kind":"Nature Area","acres":39.1}},{"type":"Feature","geometry":{"type":"MultiPolygon","coordinates":[[[[-74.100869,40.644686],[-74.101148,40.644738],[-74.102049,40.645081],[-74.102778,40.645266],[-74.103296,40.645317],[-74.104117,40.645278],[-74.104511,40.645232],[-74.104649,40.645164],[-74.104978,40.64448],[-74.10512,40.644339],[-74.106449,40.644177],[-74.105347,40.638998],[-74.104936,40.639043],[-74.09992,40.640239],[-74.100401,40.6432],[-74.100219,40.643207],[-74.100253,40.643594],[-74.100067,40.643601],[-74.100033,40.643215],[-74.099675,40.643228],[-74.099804,40.644691],[-74.100869,40.644686]]],[[[-74.106264,40.645909],[-74.107472,40.645838],[-74.107475,40.645547],[-74.106254,40.645544],[-74.106253,40.645587],[-74.104707,40.645605],[-74.104702,40.645568],[-74.103086,40.645576],[-74.102288,40.645476],[-74.100712,40.645114],[-74.100799,40.645653],[-74.102678,40.645731],[-74.102903,40.645783],[-74.103814,40.64579],[-74.103816,40.645811],[-74.1055,40.645877],[-74.106264,40.645851],[-74.106264,40.645909]]],[[[-74.106616,40.644344],[-74.105285,40.64449],[-74.10515,40.6446],[-74.104909,40.645154],[-74.106353,40.645062],[-74.107461,40.645029],[-74.107101,40.644297],[-74.106616,40.644344]]],[[[-74.102657,40.645464],[-74.103429,40.645511],[-74.104891,40.645485],[-74.104915,40.645434],[-74.106255,40.645448],[-74.106255,40.645493],[-74.107476,40.645495],[-74.107478,40.645298],[-74.103138,40.645456],[-74.102764,40.645411],[-74.102101,40.645257],[-74.100888,40.644837],[-74.099828,40.644863],[-74.100233,40.644876],[-74.100698,40.645027],[-74.102657,40.645464]]],[[[-74.099655,40.645115],[-74.099696,40.645582],[-74.099892,40.645595],[-74.099912,40.64583],[-74.10036,40.645872],[-74.100275,40.645141],[-74.099655,40.645115]]]]},"properties":{"name":"Snug Harbor Cultural Center","kind":"Historic House Park","acres":83.3}},{"type":"Feature","geometry":{"type":"Polygon","coordinates":[[[-74.062441,40.617757],[-74.062501,40.617839],[-74.064213,40.616473],[-74.064029,40.616398],[-74.063943,40.616442],[-74.063727,40.616306],[-74.063492,40.616212],[-74.062951,40.615583],[-74.063689,40.61521],[-74.063444,40.614918],[-74.063604,40.614837],[-74.063857,40.615125],[-74.064188,40.614958],[-74.063937,40.614671],[-74.064223,40.614526],[-74.064021,40.61425],[-74.063939,40.614292],[-74.063846,40.614186],[-74.063562,40.61433],[-74.063331,40.614067],[-74.060716,40.615408],[-74.061009,40.615807],[-74.060849,40.61589],[-74.060987,40.61601],[-74.061113,40.615948],[-74.062441,40.617757]]]},"properties":{"name":"Alice Austen Park","kind":"Historic House Park","acres":15.5}},{"type":"Feature","geometry":{"type":"Polygon","coordinates":[[[-74.101543,40.604345],[-74.101683,40.604313],[-74.101822,40.604102],[-74.102069,40.603606],[-74.102147,40.603623],[-74.102259,40.60333],[-74.102164,40.603289],[-74.101433,40.603308],[-74.101414,40.602927],[-74.102822,40.602877],[-74.103739,40.602571],[-74.103898,40.60268],[-74.104124,40.602643],[-74.104038,40.603061],[-74.104091,40.603084],[-74.104143,40.602842],[-74.104595,40.603031],[-74.10462,40.602886],[-74.105523,40.60304],[-74.107344,40.602661],[-74.107373,40.603326],[-74.107662,40.603191],[-74.10779,40.603211],[-74.107821,40.603322],[-74.108137,40.603261],[-74.108359,40.603244],[-74.1084,40.603266],[-74.108349,40.602904],[-74.109705,40.602663],[-74.109627,40.602365],[-74.109939,40.602307],[-74.109867,40.60218],[-74.10946,40.602251],[-74.109308,40.60198],[-74.107879,40.602203],[-74.107826,40.601785],[-74.107946,40.601774],[-74.107758,40.601651],[-74.107664,40.60151],[-74.107616,40.60132],[-74.106604,40.601249],[-74.106557,40.601186],[-74.106136,40.601408],[-74.106078,40.601218],[-74.106113,40.601069],[-74.105893,40.601003],[-74.105417,40.601173],[-74.10525,40.601045],[-74.105731,40.600874],[-74.105549,40.600723],[-74.105461,40.600608],[-74.105297,40.600015],[-74.105205,40.599856],[-74.105008,40.599703],[-74.104777,40.599624],[-74.10546,40.599194],[-74.10489,40.598125],[-74.104826,40.598188],[-74.104692,40.59793],[-74.103873,40.597134],[-74.102898,40.598123],[-74.103188,40.598337],[-74.103689,40.597925],[-74.104045,40.598175],[-74.104181,40.598341],[-74.103713,40.598726],[-74.103906,40.59887],[-74.103768,40.598996],[-74.103679,40.598931],[-74.103438,40.599139],[-74.103686,40.599318],[-74.103439,40.599591],[-74.103398,40.599557],[-74.103082,40.599847],[-74.103186,40.599994],[-74.102245,40.600586],[-74.101889,40.600253],[-74.101795,40.600337],[-74.101633,40.600331],[-74.101671,40.600376],[-74.101648,40.600423],[-74.101317,40.600665],[-74.101021,40.60063],[-74.100942,40.600673],[-74.100823,40.600671],[-74.100962,40.60073],[-74.100759,40.600945],[-74.1017,40.601404],[-74.100526,40.602083],[-74.100607,40.602715],[-74.100527,40.602957],[-74.100198,40.602949],[-74.100366,40.603036],[-74.10044,40.603136],[-74.10097,40.60312],[-74.101029,40.604086],[-74.100935,40.604105],[-74.100938,40.604337],[-74.101543,40.604345]]]},"properties":{"name":"Reed's Basket Willow Swamp Park","kind":"Nature Area","acres":52.7}},{"type":"Feature","geometry":{"type":"MultiPolygon","coordinates":[[[[-74.174912,40.537282],[-74.17517,40.537112],[-74.17616,40.536642],[-74.176001,40.536377],[-74.176125,40.536323],[-74.176092,40.536271],[-74.176251,40.536207],[-74.176429,40.536499],[-74.176995,40.536202],[-74.176391,40.535561],[-74.177504,40.535015],[-74.17764,40.535158],[-74.178339,40.534838],[-74.177158,40.532477],[-74.176947,40.531933],[-74.176105,40.529205],[-74.176044,40.529199],[-74.175979,40.529089],[-74.175705,40.529166],[-74.175656,40.529104],[-74.175505,40.529147],[-74.175239,40.529084],[-74.175009,40.528669],[-74.175663,40.528444],[-74.175473,40.528118],[-74.174955,40.528296],[-74.17482,40.528051],[-74.175332,40.527875],[-74.17522,40.527683],[-74.172826,40.528469],[-74.172196,40.528156],[-74.172517,40.528016],[-74.172239,40.527664],[-74.172116,40.527718],[-74.171965,40.527527],[-74.171797,40.527601],[-74.171764,40.527562],[-74.172925,40.527029],[-74.172749,40.526806],[-74.169315,40.526701],[-74.170817,40.528922],[-74.171426,40.529912],[-74.169837,40.530569],[-74.171649,40.533546],[-74.174432,40.532401],[-74.174506,40.532523],[-74.174458,40.532543],[-74.174612,40.532796],[-74.175273,40.532522],[-74.175775,40.533095],[-74.175376,40.533259],[-74.175219,40.533005],[-74.173681,40.533639],[-74.173991,40.534137],[-74.175398,40.533559],[-74.175476,40.533687],[-74.175411,40.533714],[-74.175567,40.533965],[-74.175377,40.534043],[-74.175221,40.533792],[-74.174071,40.534267],[-74.174379,40.534764],[-74.175778,40.534186],[-74.175854,40.534311],[-74.174459,40.534889],[-74.174634,40.535188],[-74.174162,40.535383],[-74.174406,40.535787],[-74.174089,40.535918],[-74.174912,40.537282]]],[[[-74.168577,40.52396],[-74.168507,40.524005],[-74.168526,40.524434],[-74.16889,40.524432],[-74.168851,40.523782],[-74.168577,40.52396]]],[[[-74.168536,40.524654],[-74.168551,40.524983],[-74.168923,40.52498],[-74.168904,40.524651],[-74.168536,40.524654]]],[[[-74.168556,40.525093],[-74.168574,40.525477],[-74.168953,40.525474],[-74.16893,40.52509],[-74.168556,40.525093]]],[[[-74.169281,40.526196],[-74.169149,40.526197],[-74.169309,40.526434],[-74.172365,40.526524],[-74.172177,40.526313],[-74.172595,40.526113],[-74.172468,40.525969],[-74.173601,40.525425],[-74.172954,40.524698],[-74.169725,40.526122],[-74.169436,40.525763],[-74.16897,40.525748],[-74.169281,40.526196]]],[[[-74.175513,40.526308],[-74.175763,40.526629],[-74.17652,40.526652],[-74.175905,40.525854],[-74.175773,40.525901],[-74.175943,40.526121],[-74.175817,40.526175],[-74.175642,40.525948],[-74.175322,40.526063],[-74.175513,40.526308]]],[[[-74.169131,40.526969],[-74.168943,40.527047],[-74.169042,40.527194],[-74.169362,40.527062],[-74.169263,40.526915],[-74.169131,40.526969]]],[[[-74.169108,40.527292],[-74.169272,40.527536],[-74.169591,40.527404],[-74.169427,40.52716],[-74.169108,40.527292]]],[[[-74.169338,40.527634],[-74.169504,40.527883],[-74.169824,40.527751],[-74.169657,40.527502],[-74.169338,40.527634]]],[[[-74.178921,40.527995],[-74.178899,40.528004],[-74.179106,40.528297],[-74.179447,40.528175],[-74.179227,40.52788],[-74.178921,40.527995]]],[[[-74.169727,40.528262],[-74.169891,40.528506],[-74.169317,40.528744],[-74.16948,40.52899],[-74.1704,40.528609],[-74.170071,40.528119],[-74.169727,40.528262]]],[[[-74.170141,40.528864],[-74.169386,40.529179],[-74.16954,40.529429],[-74.170295,40.529113],[-74.170206,40.528969],[-74.170545,40.528827],[-74.170473,40.528725],[-74.170141,40.528864]]],[[[-74.170526,40.529493],[-74.170841,40.529999],[-74.17119,40.529855],[-74.170873,40.529349],[-74.170526,40.529493]]],[[[-74.179207,40.52849],[-74.180452,40.530277],[-74.180881,40.530103],[-74.179591,40.528369],[-74.179207,40.52849]]],[[[-74.178886,40.528591],[-74.178752,40.528633],[-74.178938,40.528899],[-74.178869,40.528927],[-74.178903,40.528975],[-74.178584,40.529103],[-74.179632,40.530605],[-74.180274,40.530348],[-74.179019,40.528549],[-74.178886,40.528591]]],[[[-74.175859,40.528357],[-74.176286,40.52908],[-74.177053,40.531681],[-74.179489,40.530726],[-74.17806,40.528662],[-74.177494,40.52792],[-74.176638,40.528258],[-74.176526,40.528098],[-74.175859,40.528357]]],[[[-74.182135,40.531156],[-74.182558,40.531771],[-74.182814,40.531683],[-74.182279,40.531087],[-74.182135,40.531156]]],[[[-74.181186,40.531342],[-74.181842,40.53228],[-74.182489,40.532019],[-74.181948,40.531245],[-74.181787,40.531321],[-74.181021,40.530291],[-74.180575,40.53047],[-74.181186,40.531342]]],[[[-74.179758,40.530801],[-74.181024,40.532609],[-74.181661,40.532353],[-74.180395,40.530544],[-74.179758,40.530801]]],[[[-74.17925,40.531004],[-74.178897,40.531145],[-74.180197,40.532943],[-74.180835,40.532686],[-74.179568,40.530876],[-74.17925,40.531004]]],[[[-74.178093,40.531522],[-74.179379,40.533303],[-74.180023,40.533057],[-74.178733,40.53127],[-74.178093,40.531522]]],[[[-74.173105,40.534505],[-74.173826,40.534209],[-74.173518,40.53371],[-74.172733,40.534034],[-74.172885,40.534285],[-74.172954,40.534256],[-74.173105,40.534505]]],[[[-74.172191,40.534446],[-74.172402,40.534794],[-74.17272,40.534664],[-74.172508,40.534315],[-74.172191,40.534446]]],[[[-74.180024,40.5333],[-74.179508,40.533499],[-74.180507,40.534814],[-74.181142,40.534554],[-74.180153,40.533251],[-74.180024,40.5333]]],[[[-74.1794,40.534239],[-74.179983,40.535034],[-74.180318,40.534899],[-74.179312,40.533574],[-74.179,40.533692],[-74.17886,40.533501],[-74.179182,40.533378],[-74.177883,40.531604],[-74.177122,40.531904],[-74.177202,40.532168],[-74.177787,40.532035],[-74.178544,40.533069],[-74.178306,40.53318],[-74.178415,40.533399],[-74.178349,40.53343],[-74.178472,40.533682],[-74.178014,40.533896],[-74.178128,40.534133],[-74.178662,40.533905],[-74.178884,40.534365],[-74.179355,40.534177],[-74.1794,40.534239]]],[[[-74.173101,40.535291],[-74.173549,40.535107],[-74.173397,40.534856],[-74.173527,40.534803],[-74.173679,40.535054],[-74.173867,40.534976],[-74.173745,40.534775],[-74.174091,40.534634],[-74.173907,40.534336],[-74.17248,40.534921],[-74.172692,40.535269],[-74.173009,40.535139],[-74.173101,40.535291]]],[[[-74.182044,40.534819],[-74.181685,40.534976],[-74.182003,40.535398],[-74.182381,40.535273],[-74.182053,40.534832],[-74.18315,40.534477],[-74.182468,40.533619],[-74.182765,40.533481],[-74.182532,40.533189],[-74.182699,40.533117],[-74.182943,40.533423],[-74.183425,40.533227],[-74.182833,40.532401],[-74.182766,40.53243],[-74.182585,40.53219],[-74.181944,40.532443],[-74.182137,40.532697],[-74.181946,40.532778],[-74.181752,40.532523],[-74.181111,40.532787],[-74.18131,40.533048],[-74.181117,40.53313],[-74.180917,40.532867],[-74.180291,40.53312],[-74.180754,40.533732],[-74.181116,40.533572],[-74.181401,40.533954],[-74.181041,40.534112],[-74.181112,40.534206],[-74.181471,40.534049],[-74.181795,40.534484],[-74.181433,40.534643],[-74.181613,40.534881],[-74.181973,40.534723],[-74.182044,40.534819]]],[[[-74.180931,40.535373],[-74.181176,40.535695],[-74.181837,40.535469],[-74.18164,40.535209],[-74.181321,40.535338],[-74.181213,40.535196],[-74.181531,40.535066],[-74.181461,40.534973],[-74.181334,40.535025],[-74.181153,40.534787],[-74.180644,40.534995],[-74.180931,40.535373]]],[[[-74.180118,40.535218],[-74.180483,40.535717],[-74.18078,40.535774],[-74.180974,40.535764],[-74.180456,40.535081],[-74.180118,40.535218]]],[[[-74.170078,40.539382],[-74.170082,40.53943],[-74.170047,40.539468],[-74.16968,40.539619],[-74.169877,40.539891],[-74.170202,40.539765],[-74.170297,40.539687],[-74.17007,40.539324],[-74.17021,40.539224],[-74.170514,40.539548],[-74.17075,40.539319],[-74.170191,40.538622],[-74.170385,40.538497],[-74.170838,40.539062],[-74.171847,40.538266],[-74.171417,40.537647],[-74.171953,40.537463],[-74.172322,40.537994],[-74.173966,40.537808],[-74.17302,40.536265],[-74.172534,40.536462],[-74.172281,40.536098],[-74.172472,40.536021],[-74.172682,40.536324],[-74.17298,40.536202],[-74.172265,40.535011],[-74.170596,40.535709],[-74.170767,40.535948],[-74.170511,40.536055],[-74.17034,40.535816],[-74.170226,40.535864],[-74.169296,40.534531],[-74.169926,40.534268],[-74.169758,40.534028],[-74.169573,40.534105],[-74.169402,40.53386],[-74.169565,40.533792],[-74.169479,40.533666],[-74.171053,40.533019],[-74.170361,40.531917],[-74.169246,40.532377],[-74.169414,40.53262],[-74.168619,40.532947],[-74.16886,40.533297],[-74.166805,40.534146],[-74.169861,40.538837],[-74.169788,40.538883],[-74.170078,40.539382]]]]},"properties":{"name":"Blue Heron Park","kind":"Nature Area","acres":217.5}},{"type":"Feature","geometry":{"type":"MultiPolygon","coordinates":[[[[-74.18908,40.563584],[-74.189545,40.563454],[-74.18955,40.563492],[-74.190626,40.562595],[-74.191037,40.562486],[-74.191498,40.562434],[-74.191789,40.562435],[-74.192336,40.562537],[-74.192196,40.56216],[-74.191959,40.56221],[-74.191841,40.561894],[-74.192121,40.561834],[-74.192282,40.562267],[-74.193475,40.561506],[-74.193024,40.561087],[-74.192068,40.561692],[-74.192026,40.561578],[-74.192932,40.561001],[-74.192476,40.560581],[-74.191567,40.561158],[-74.191523,40.56104],[-74.192381,40.560494],[-74.191928,40.560076],[-74.19131,40.560469],[-74.191288,40.56041],[-74.193132,40.559249],[-74.193067,40.55919],[-74.193716,40.558786],[-74.193335,40.558421],[-74.192674,40.558832],[-74.192542,40.558712],[-74.193208,40.558298],[-74.192804,40.557912],[-74.192127,40.558333],[-74.191993,40.558211],[-74.192674,40.557787],[-74.192276,40.557405],[-74.191582,40.557837],[-74.191448,40.557715],[-74.19215,40.557278],[-74.191743,40.556883],[-74.191038,40.557334],[-74.190842,40.557151],[-74.191551,40.556698],[-74.19115,40.556309],[-74.19043,40.556769],[-74.190306,40.556653],[-74.191028,40.556191],[-74.190641,40.555815],[-74.189913,40.556281],[-74.189769,40.556126],[-74.190487,40.555666],[-74.190104,40.555295],[-74.189391,40.555751],[-74.189209,40.555571],[-74.189919,40.555116],[-74.189403,40.554617],[-74.1887,40.555067],[-74.188568,40.554936],[-74.189277,40.554483],[-74.188751,40.553961],[-74.186802,40.555147],[-74.187021,40.555365],[-74.186843,40.555474],[-74.185796,40.554438],[-74.185596,40.554337],[-74.185144,40.554871],[-74.18649,40.556166],[-74.186534,40.557695],[-74.186826,40.559035],[-74.18715,40.559004],[-74.186979,40.558006],[-74.186675,40.557698],[-74.187041,40.557708],[-74.187111,40.557775],[-74.187213,40.557713],[-74.187621,40.557723],[-74.187291,40.557928],[-74.187653,40.558288],[-74.188426,40.557813],[-74.188456,40.558009],[-74.187769,40.558435],[-74.188162,40.558827],[-74.188545,40.558592],[-74.188584,40.558848],[-74.188337,40.559003],[-74.188655,40.559318],[-74.188699,40.559608],[-74.188936,40.559599],[-74.189257,40.559919],[-74.189458,40.559795],[-74.189509,40.55997],[-74.189375,40.560058],[-74.189603,40.560286],[-74.189806,40.560975],[-74.189641,40.560994],[-74.189585,40.560644],[-74.189495,40.560557],[-74.189663,40.561614],[-74.189996,40.561576],[-74.190054,40.562019],[-74.188832,40.562124],[-74.18908,40.563584]]],[[[-74.187827,40.551719],[-74.187227,40.552404],[-74.187747,40.552654],[-74.189002,40.551576],[-74.188861,40.551504],[-74.18921,40.551107],[-74.18892,40.550954],[-74.188669,40.55124],[-74.188744,40.551279],[-74.188497,40.551561],[-74.188131,40.551374],[-74.187827,40.551719]]],[[[-74.188406,40.553257],[-74.188818,40.553659],[-74.189367,40.553316],[-74.189333,40.553282],[-74.189491,40.553168],[-74.189539,40.553215],[-74.189955,40.552967],[-74.18914,40.552165],[-74.188855,40.55195],[-74.187904,40.552766],[-74.188406,40.553257]]],[[[-74.190459,40.552921],[-74.191588,40.554048],[-74.192141,40.553694],[-74.191005,40.552588],[-74.190459,40.552921]]],[[[-74.190214,40.55307],[-74.18973,40.553365],[-74.190873,40.554506],[-74.191425,40.554153],[-74.190292,40.553022],[-74.190214,40.55307]]],[[[-74.185089,40.55413],[-74.184768,40.554515],[-74.185004,40.554742],[-74.185419,40.554246],[-74.185119,40.554094],[-74.185089,40.55413]]],[[[-74.189004,40.553807],[-74.190161,40.554962],[-74.190713,40.554608],[-74.189567,40.553464],[-74.189004,40.553807]]],[[[-74.186226,40.554602],[-74.186667,40.555026],[-74.18824,40.554074],[-74.188681,40.553745],[-74.188278,40.553358],[-74.187798,40.55365],[-74.188017,40.55386],[-74.187729,40.554035],[-74.187509,40.553825],[-74.186226,40.554602]]],[[[-74.193212,40.555635],[-74.193764,40.555282],[-74.192326,40.553874],[-74.191771,40.554229],[-74.193212,40.555635]]],[[[-74.191055,40.554687],[-74.192496,40.556093],[-74.193048,40.55574],[-74.191607,40.554334],[-74.191055,40.554687]]],[[[-74.190335,40.555148],[-74.191776,40.556554],[-74.192328,40.556201],[-74.190887,40.554794],[-74.190335,40.555148]]],[[[-74.193403,40.555821],[-74.195402,40.557717],[-74.195967,40.557377],[-74.193955,40.555468],[-74.193403,40.555821]]],[[[-74.192669,40.556291],[-74.194677,40.558197],[-74.195223,40.557863],[-74.19322,40.555938],[-74.192669,40.556291]]],[[[-74.191955,40.556747],[-74.193939,40.558648],[-74.194501,40.558304],[-74.192507,40.556394],[-74.191955,40.556747]]],[[[-74.187366,40.558986],[-74.18791,40.558938],[-74.187245,40.558271],[-74.187366,40.558986]]],[[[-74.195065,40.558578],[-74.196393,40.559891],[-74.196832,40.559515],[-74.195398,40.558056],[-74.194978,40.558311],[-74.19489,40.558224],[-74.19469,40.558342],[-74.194979,40.558627],[-74.195065,40.558578]]],[[[-74.19302,40.559401],[-74.192062,40.559985],[-74.192523,40.560407],[-74.194276,40.559339],[-74.193898,40.558968],[-74.193256,40.55936],[-74.193189,40.559299],[-74.19302,40.559401]]],[[[-74.195513,40.560198],[-74.195756,40.560438],[-74.196315,40.559957],[-74.196116,40.55976],[-74.195751,40.559983],[-74.195575,40.559809],[-74.195856,40.559638],[-74.19568,40.559464],[-74.195399,40.559635],[-74.194434,40.55868],[-74.194151,40.55885],[-74.195513,40.560198]]],[[[-74.193631,40.55988],[-74.193237,40.56012],[-74.192618,40.560497],[-74.19307,40.560916],[-74.19481,40.559857],[-74.194412,40.559467],[-74.193784,40.559849],[-74.193743,40.559812],[-74.193631,40.55988]]],[[[-74.194449,40.560347],[-74.195128,40.560976],[-74.195563,40.560602],[-74.194974,40.560027],[-74.194449,40.560347]]],[[[-74.194744,40.560914],[-74.194688,40.560948],[-74.194944,40.561186],[-74.195088,40.56106],[-74.194855,40.560844],[-74.194744,40.560914]]],[[[-74.194187,40.560402],[-74.193183,40.561027],[-74.19364,40.561451],[-74.194755,40.560756],[-74.194298,40.560332],[-74.194187,40.560402]]],[[[-74.188795,40.561905],[-74.18949,40.561844],[-74.189235,40.560281],[-74.188383,40.55941],[-74.188795,40.561905]]],[[[-74.194409,40.561122],[-74.19374,40.561539],[-74.19413,40.5619],[-74.194801,40.561312],[-74.194521,40.561053],[-74.194409,40.561122]]],[[[-74.187425,40.559198],[-74.187894,40.561984],[-74.188592,40.561923],[-74.188125,40.559137],[-74.187425,40.559198]]],[[[-74.186952,40.559727],[-74.187337,40.562033],[-74.187687,40.562001],[-74.187217,40.559216],[-74.186872,40.559246],[-74.186952,40.559727]]],[[[-74.19367,40.562209],[-74.193871,40.562093],[-74.193992,40.561981],[-74.193573,40.561593],[-74.19318,40.561841],[-74.193363,40.562011],[-74.193419,40.561976],[-74.19367,40.562209]]],[[[-74.188194,40.563728],[-74.188877,40.563616],[-74.188628,40.562141],[-74.187932,40.562202],[-74.188194,40.563728]]],[[[-74.187374,40.56225],[-74.187647,40.563814],[-74.187981,40.563759],[-74.187722,40.56222],[-74.187374,40.56225]]]]},"properties":{"name":"Arden Woods","kind":"Nature Area","acres":146.1}},{"type":"Feature","geometry":{"type":"Polygon","coordinates":[[[-74.143446,40.557744],[-74.143717,40.55785],[-74.1439,40.557989],[-74.14464,40.557476],[-74.145658,40.556672],[-74.14626,40.555939],[-74.146327,40.555926],[-74.146311,40.555875],[-74.146358,40.555826],[-74.145715,40.553925],[-74.144611,40.554116],[-74.144721,40.554473],[-74.144767,40.554497],[-74.143994,40.555097],[-74.143952,40.555067],[-74.141495,40.556983],[-74.142383,40.55733],[-74.142394,40.557645],[-74.143029,40.557893],[-74.143341,40.557704],[-74.143446,40.557744]]]},"properties":{"name":"Siedenburg Park","kind":"Nature Area","acres":22.9}},{"type":"Feature","geometry":{"type":"Polygon","coordinates":[[[-74.198942,40.600858],[-74.198147,40.602384],[-74.198172,40.60292],[-74.20004,40.605931],[-74.199646,40.606086],[-74.199791,40.606696],[-74.199837,40.60713],[-74.199835,40.608888],[-74.19889,40.610898],[-74.197641,40.612998],[-74.197724,40.613308],[-74.198245,40.613933],[-74.20018,40.614691],[-74.201112,40.614937],[-74.201953,40.614694],[-74.202181,40.614538],[-74.202371,40.614251],[-74.202643,40.613188],[-74.202728,40.612407],[-74.202692,40.611322],[-74.202809,40.610385],[-74.203703,40.607607],[-74.203737,40.606799],[-74.203415,40.605661],[-74.2008,40.603498],[-74.199264,40.600728],[-74.198942,40.600858]]]},"properties":{"name":"Pralls Island","kind":"Nature Area","acres":107.5}},{"type":"Feature","geometry":{"type":"Polygon","coordinates":[[[-74.089218,40.639238],[-74.089304,40.639267],[-74.089358,40.639334],[-74.089351,40.639411],[-74.089268,40.639511],[-74.089396,40.639977],[-74.090203,40.639846],[-74.089911,40.638853],[-74.088474,40.639204],[-74.088584,40.639454],[-74.08904,40.639383],[-74.089079,40.639272],[-74.089218,40.639238]]]},"properties":{"name":"Cottages Hill New Brighton Park","kind":"Neighborhood Park","acres":2.1}},{"type":"Feature","geometry":{"type":"MultiPolygon","coordinates":[[[[-74.078266,40.612754],[-74.078563,40.612809],[-74.07884,40.612779],[-74.079277,40.612603],[-74.079417,40.612479],[-74.07962,40.612475],[-74.080077,40.612294],[-74.080413,40.61223],[-74.08051,40.612239],[-74.080756,40.61237],[-74.080964,40.612408],[-74.081616,40.612308],[-74.081835,40.612191],[-74.082107,40.611957],[-74.082242,40.611793],[-74.082432,40.611753],[-74.082615,40.611464],[-74.081834,40.61125],[-74.081404,40.611182],[-74.080935,40.611189],[-74.080511,40.611269],[-74.078947,40.611904],[-74.078531,40.612263],[-74.078266,40.612754]]],[[[-74.081316,40.610965],[-74.081914,40.611049],[-74.082726,40.611268],[-74.08309,40.610519],[-74.083303,40.610277],[-74.081506,40.609288],[-74.081299,40.609399],[-74.080778,40.609922],[-74.080588,40.610192],[-74.080375,40.610405],[-74.080334,40.610653],[-74.080458,40.610811],[-74.080462,40.611048],[-74.080805,40.610986],[-74.081316,40.610965]]]]},"properties":{"name":"Eibs Pond Park","kind":"Nature Area","acres":16.5}},{"type":"Feature","geometry":{"type":"Polygon","coordinates":[[[-74.085143,40.610951],[-74.084868,40.611253],[-74.084605,40.611826],[-74.085175,40.611981],[-74.085342,40.611597],[-74.085399,40.611539],[-74.085154,40.611405],[-74.085488,40.611074],[-74.085196,40.610898],[-74.085143,40.610951]]]},"properties":{"name":"Lopez Playground","kind":"Neighborhood Park","acres":1.1}},{"type":"Feature","geometry":{"type":"Polygon","coordinates":[[[-74.150468,40.610422],[-74.150515,40.610379],[-74.15032,40.610197],[-74.150101,40.610029],[-74.149573,40.609714],[-74.148188,40.609993],[-74.148139,40.610029],[-74.148163,40.610056],[-74.150468,40.610422]]]},"properties":{"name":"Gaeta Park","kind":"Triangle/Plaza","acres":1.4}},{"type":"Feature","geometry":{"type":"Polygon","coordinates":[[[-74.176145,40.625901],[-74.176158,40.625928],[-74.177769,40.625982],[-74.176924,40.625531],[-74.176145,40.625901]]]},"properties":{"name":"Joseph Manna Park","kind":"Triangle/Plaza","acres":0.8}},{"type":"Feature","geometry":{"type":"Polygon","coordinates":[[[-74.155111,40.64164],[-74.155143,40.643479],[-74.161444,40.644304],[-74.161274,40.641847],[-74.160267,40.64133],[-74.159735,40.641316],[-74.155111,40.64164]]]},"properties":{"name":"Shooters Island","kind":"Nature Area","acres":34.7}},{"type":"Feature","geometry":{"type":"MultiPolygon","coordinates":[[[[-74.126734,40.590737],[-74.126893,40.590494],[-74.127822,40.589506],[-74.127987,40.589264],[-74.128069,40.589057],[-74.12811,40.58883],[-74.128059,40.588121],[-74.128108,40.587672],[-74.128206,40.587381],[-74.128435,40.587009],[-74.129104,40.586458],[-74.129344,40.586332],[-74.130054,40.586055],[-74.131001,40.585839],[-74.131578,40.585803],[-74.13226,40.585833],[-74.132714,40.585892],[-74.133485,40.586107],[-74.134007,40.586445],[-74.136892,40.588114],[-74.138319,40.58901],[-74.138487,40.589079],[-74.138458,40.589182],[-74.138243,40.589477],[-74.137526,40.590349],[-74.135567,40.588607],[-74.130319,40.589265],[-74.130574,40.589709],[-74.130668,40.589767],[-74.131535,40.590023],[-74.13146,40.59036],[-74.131138,40.590367],[-74.130852,40.590437],[-74.13056,40.590582],[-74.130334,40.59073],[-74.130247,40.59087],[-74.130205,40.59111],[-74.130226,40.591274],[-74.129771,40.591321],[-74.129715,40.591131],[-74.129669,40.591054],[-74.129585,40.591003],[-74.129227,40.590979],[-74.127917,40.591181],[-74.127975,40.590511],[-74.128166,40.589679],[-74.128113,40.589454],[-74.127042,40.590758],[-74.126852,40.591049],[-74.126743,40.591439],[-74.126729,40.59187],[-74.126828,40.592937],[-74.126725,40.593319],[-74.126176,40.594223],[-74.125934,40.59414],[-74.126344,40.593484],[-74.126515,40.5931],[-74.126559,40.592728],[-74.126467,40.591737],[-74.126473,40.591547],[-74.12656,40.591105],[-74.126734,40.590737]]],[[[-74.130066,40.596381],[-74.131002,40.596487],[-74.131529,40.596189],[-74.131681,40.595411],[-74.131813,40.595271],[-74.131837,40.595186],[-74.131828,40.595099],[-74.131758,40.59498],[-74.13188,40.594368],[-74.132535,40.594444],[-74.132604,40.594097],[-74.132768,40.594099],[-74.132774,40.593876],[-74.133338,40.594034],[-74.133644,40.594187],[-74.13433,40.594633],[-74.134866,40.594794],[-74.133734,40.596326],[-74.132488,40.597512],[-74.131848,40.597937],[-74.131779,40.597874],[-74.130968,40.59839],[-74.130512,40.598582],[-74.129993,40.598646],[-74.128384,40.598449],[-74.128232,40.597321],[-74.129347,40.597216],[-74.129232,40.596397],[-74.128894,40.59653],[-74.127353,40.596352],[-74.128125,40.595017],[-74.129717,40.59486],[-74.129805,40.59557],[-74.129741,40.596047],[-74.130066,40.596381]],[[-74.130066,40.596381],[-74.130066,40.596381],[-74.130066,40.596381],[-74.130066,40.596381]]],[[[-74.127869,40.593216],[-74.127813,40.592032],[-74.127881,40.591474],[-74.127988,40.591838],[-74.128152,40.59211],[-74.12847,40.592317],[-74.128764,40.592415],[-74.128824,40.592791],[-74.128918,40.593122],[-74.129029,40.59329],[-74.128487,40.593365],[-74.127931,40.593852],[-74.127869,40.593216]]],[[[-74.137501,40.593689],[-74.137235,40.593751],[-74.137244,40.593028],[-74.137093,40.592819],[-74.136582,40.592632],[-74.136228,40.592594],[-74.136727,40.591698],[-74.13835,40.589707],[-74.138489,40.589591],[-74.138668,40.589506],[-74.139001,40.589455],[-74.139309,40.589512],[-74.144002,40.591387],[-74.143099,40.592361],[-74.141759,40.593481],[-74.141564,40.593684],[-74.140988,40.593244],[-74.139636,40.593427],[-74.139239,40.593673],[-74.139124,40.593702],[-74.138936,40.593637],[-74.138766,40.593773],[-74.137589,40.594024],[-74.137501,40.593689]]],[[[-74.137235,40.593751],[-74.137235,40.593751],[-74.137233,40.593751],[-74.137235,40.593751]]]]},"properties":{"name":"Blood Root Valley","kind":"Nature Area","acres":161.2}},{"type":"Feature","geometry":{"type":"MultiPolygon","coordinates":[[[[-74.187761,40.611226],[-74.18865,40.611435],[-74.188646,40.611369],[-74.188213,40.611312],[-74.188201,40.611172],[-74.188636,40.611229],[-74.1886,40.610691],[-74.18742,40.610616],[-74.18756,40.61086],[-74.18721,40.61079],[-74.187159,40.61063],[-74.187035,40.610603],[-74.186796,40.610766],[-74.18656,40.610788],[-74.184825,40.61024],[-74.184779,40.61011],[-74.186371,40.610056],[-74.186571,40.609868],[-74.186682,40.609835],[-74.186805,40.609877],[-74.186878,40.610071],[-74.186973,40.610143],[-74.187274,40.610167],[-74.187507,40.610103],[-74.187559,40.610021],[-74.1876,40.609618],[-74.187562,40.609578],[-74.187345,40.609585],[-74.187301,40.609516],[-74.187421,40.60943],[-74.187718,40.609433],[-74.187767,40.609353],[-74.187581,40.609229],[-74.187562,40.609136],[-74.187623,40.609057],[-74.187471,40.608904],[-74.187307,40.608785],[-74.186826,40.608588],[-74.186692,40.608477],[-74.18669,40.608421],[-74.186751,40.608333],[-74.187228,40.608112],[-74.187308,40.607961],[-74.187211,40.607835],[-74.186939,40.607682],[-74.188528,40.607742],[-74.188516,40.606737],[-74.190339,40.605851],[-74.189277,40.604079],[-74.188127,40.603926],[-74.188217,40.604351],[-74.187832,40.604377],[-74.187733,40.603905],[-74.18734,40.603946],[-74.187033,40.604025],[-74.186781,40.604127],[-74.186481,40.604305],[-74.186302,40.604455],[-74.185432,40.605384],[-74.185004,40.605947],[-74.184742,40.606437],[-74.184558,40.606967],[-74.184292,40.608791],[-74.184197,40.609189],[-74.183995,40.609702],[-74.183726,40.610164],[-74.184883,40.610551],[-74.187761,40.611226]]],[[[-74.192308,40.613819],[-74.192359,40.61383],[-74.193427,40.613627],[-74.193293,40.613287],[-74.193327,40.613295],[-74.193341,40.613254],[-74.19339,40.613275],[-74.193411,40.613422],[-74.19356,40.613561],[-74.191685,40.608145],[-74.190799,40.608172],[-74.189976,40.60824],[-74.188717,40.608215],[-74.188727,40.609529],[-74.189518,40.609611],[-74.191926,40.610167],[-74.191075,40.610338],[-74.190828,40.610566],[-74.191029,40.610836],[-74.189973,40.610978],[-74.189552,40.610935],[-74.18946,40.61126],[-74.190305,40.611408],[-74.190111,40.611939],[-74.189314,40.6118],[-74.189289,40.611887],[-74.188803,40.611926],[-74.188272,40.613049],[-74.189568,40.613202],[-74.192308,40.613819]]],[[[-74.196003,40.608846],[-74.196396,40.608929],[-74.196717,40.609076],[-74.197243,40.609479],[-74.197434,40.609779],[-74.197501,40.60976],[-74.197881,40.609402],[-74.198297,40.608779],[-74.198448,40.608468],[-74.19853,40.608133],[-74.198592,40.607669],[-74.198587,40.60761],[-74.198529,40.607536],[-74.198692,40.607008],[-74.198624,40.606793],[-74.198497,40.60669],[-74.197583,40.606265],[-74.1935,40.606633],[-74.191514,40.607044],[-74.191861,40.608004],[-74.19211,40.607972],[-74.192414,40.608018],[-74.192672,40.607903],[-74.192779,40.607886],[-74.192852,40.607916],[-74.193067,40.608157],[-74.193207,40.608029],[-74.19391,40.607726],[-74.194026,40.60762],[-74.194729,40.607192],[-74.195023,40.607065],[-74.195531,40.606934],[-74.195575,40.606852],[-74.195461,40.606772],[-74.19553,40.606747],[-74.195644,40.606762],[-74.195685,40.606829],[-74.195684,40.607048],[-74.195346,40.607063],[-74.195018,40.607159],[-74.19424,40.6076],[-74.193904,40.60787],[-74.193398,40.608055],[-74.193276,40.608169],[-74.193215,40.608501],[-74.193249,40.608645],[-74.193359,40.608859],[-74.193473,40.608958],[-74.193603,40.60899],[-74.194622,40.609034],[-74.195127,40.608917],[-74.195649,40.608839],[-74.196003,40.608846]]],[[[-74.194166,40.613746],[-74.19432,40.613779],[-74.195067,40.613738],[-74.195369,40.613756],[-74.195499,40.613692],[-74.195642,40.613429],[-74.195767,40.6131],[-74.195717,40.612783],[-74.195817,40.61248],[-74.195842,40.612062],[-74.19606,40.61151],[-74.196655,40.610633],[-74.197139,40.610166],[-74.197198,40.610028],[-74.197189,40.609938],[-74.196983,40.609627],[-74.19672,40.609399],[-74.196371,40.609208],[-74.196086,40.609106],[-74.195813,40.609071],[-74.195578,40.609079],[-74.19535,40.609111],[-74.195226,40.609161],[-74.194954,40.609155],[-74.194403,40.609222],[-74.193538,40.609171],[-74.193443,40.609202],[-74.193353,40.609291],[-74.193292,40.60913],[-74.193004,40.608856],[-74.192871,40.60852],[-74.192811,40.608171],[-74.192733,40.608049],[-74.192609,40.607984],[-74.192412,40.608169],[-74.192064,40.608142],[-74.193979,40.613675],[-74.194166,40.613746]]],[[[-74.194475,40.615216],[-74.194903,40.616334],[-74.195383,40.616103],[-74.195456,40.616007],[-74.195487,40.615786],[-74.195594,40.615643],[-74.196211,40.61541],[-74.196288,40.615325],[-74.196166,40.614974],[-74.19617,40.614682],[-74.195999,40.614546],[-74.195813,40.614456],[-74.195645,40.613953],[-74.195568,40.613845],[-74.194185,40.613818],[-74.193916,40.613758],[-74.194475,40.615216]]],[[[-74.188752,40.608134],[-74.189078,40.608137],[-74.189215,40.608102],[-74.189775,40.60814],[-74.190864,40.608041],[-74.19147,40.608042],[-74.191077,40.606983],[-74.190893,40.6073],[-74.190794,40.60731],[-74.190651,40.607254],[-74.190506,40.607134],[-74.190458,40.607046],[-74.190402,40.606676],[-74.19027,40.606623],[-74.190029,40.606688],[-74.189457,40.606937],[-74.189297,40.607154],[-74.189195,40.607355],[-74.189167,40.60749],[-74.188749,40.607468],[-74.188752,40.608134]]],[[[-74.193915,40.614995],[-74.194115,40.615123],[-74.193567,40.613701],[-74.192311,40.613933],[-74.192128,40.614493],[-74.192287,40.614553],[-74.192469,40.614559],[-74.192614,40.614622],[-74.192873,40.614652],[-74.193034,40.61471],[-74.193168,40.614711],[-74.193312,40.614775],[-74.193451,40.614777],[-74.193684,40.614969],[-74.193915,40.614995]]]]},"properties":{"name":"Saw Mill Creek Marsh","kind":"Nature Area","acres":181.9}},{"type":"Feature","geometry":{"type":"MultiPolygon","coordinates":[[[[-74.189776,40.53017],[-74.189244,40.530384],[-74.189417,40.530625],[-74.189282,40.530679],[-74.189456,40.530921],[-74.190254,40.530598],[-74.189908,40.530117],[-74.189776,40.53017]]],[[[-74.189382,40.529863],[-74.18886,40.530075],[-74.189034,40.530315],[-74.189693,40.530048],[-74.189518,40.529808],[-74.189382,40.529863]]]]},"properties":{"name":"Huguenot Ponds Park","kind":"Nature Area","acres":1.5}},{"type":"Feature","geometry":{"type":"MultiPolygon","coordinates":[[[[-74.18165,40.523698],[-74.182614,40.525091],[-74.183596,40.524735],[-74.182632,40.523341],[-74.18165,40.523698]]],[[[-74.18279,40.523284],[-74.183755,40.524678],[-74.18473,40.524324],[-74.183775,40.522943],[-74.18279,40.523284]]],[[[-74.181331,40.523808],[-74.180541,40.524102],[-74.181511,40.525488],[-74.182468,40.525141],[-74.181493,40.523748],[-74.181331,40.523808]]],[[[-74.181563,40.523576],[-74.182541,40.523221],[-74.181783,40.522133],[-74.181458,40.522251],[-74.181204,40.521887],[-74.180552,40.522123],[-74.181563,40.523576]]],[[[-74.182701,40.523166],[-74.183657,40.522819],[-74.182646,40.521367],[-74.182259,40.521508],[-74.182512,40.521871],[-74.182269,40.52196],[-74.182015,40.521596],[-74.18169,40.521714],[-74.182701,40.523166]]],[[[-74.184895,40.524264],[-74.185838,40.523922],[-74.18521,40.523014],[-74.184754,40.52318],[-74.184627,40.522996],[-74.185083,40.52283],[-74.18488,40.522537],[-74.183937,40.52288],[-74.184895,40.524264]]],[[[-74.183566,40.5223],[-74.183868,40.522734],[-74.184778,40.522401],[-74.184534,40.522048],[-74.184079,40.522214],[-74.184023,40.522133],[-74.183566,40.5223]]],[[[-74.180122,40.525624],[-74.180306,40.525926],[-74.181345,40.525549],[-74.181107,40.52521],[-74.180122,40.525624]]],[[[-74.18056,40.525012],[-74.180245,40.525145],[-74.1799,40.52529],[-74.18,40.52544],[-74.18098,40.525028],[-74.180876,40.52488],[-74.18056,40.525012]]]]},"properties":{"name":"Bunker Ponds Park","kind":"Nature Area","acres":36.7}},{"type":"Feature","geometry":{"type":"MultiPolygon","coordinates":[[[[-74.185167,40.528126],[-74.184855,40.528264],[-74.185509,40.529117],[-74.186139,40.528851],[-74.185477,40.527988],[-74.185167,40.528126]]],[[[-74.184347,40.528475],[-74.185003,40.529343],[-74.185358,40.52919],[-74.184708,40.528319],[-74.184347,40.528475]]]]},"properties":{"name":"Arbutus Woods Park","kind":"Nature Area","acres":2.6}},{"type":"Feature","geometry":{"type":"Polygon","coordinates":[[[-74.121652,40.637893],[-74.121521,40.637929],[-74.12202,40.638918],[-74.122315,40.638645],[-74.121952,40.637861],[-74.121847,40.637889],[-74.121819,40.637828],[-74.121652,40.637893]]]},"properties":{"name":"Park","kind":"Undeveloped","acres":1.0}},{"type":"Feature","geometry":{"type":"MultiPolygon","coordinates":[[[[-74.142783,40.534678],[-74.144081,40.535242],[-74.144745,40.535719],[-74.145144,40.535603],[-74.145449,40.535365],[-74.145641,40.535323],[-74.143701,40.53422],[-74.143922,40.534137],[-74.146422,40.535536],[-74.146709,40.535559],[-74.147082,40.535457],[-74.147516,40.535204],[-74.147913,40.534918],[-74.148379,40.535178],[-74.148736,40.534806],[-74.148342,40.534586],[-74.148456,40.534487],[-74.148903,40.534729],[-74.149261,40.534357],[-74.148876,40.534137],[-74.149751,40.533405],[-74.147795,40.532319],[-74.144236,40.529283],[-74.142987,40.529568],[-74.142535,40.530506],[-74.141462,40.534104],[-74.142783,40.534678]]],[[[-74.155045,40.531567],[-74.15393,40.532108],[-74.155163,40.532784],[-74.155924,40.531983],[-74.155109,40.531536],[-74.155045,40.531567]]],[[[-74.149926,40.53323],[-74.150201,40.532947],[-74.150276,40.532989],[-74.150452,40.532808],[-74.150603,40.532897],[-74.150709,40.532788],[-74.150501,40.532667],[-74.150737,40.532481],[-74.151649,40.532986],[-74.152344,40.53263],[-74.152027,40.532454],[-74.153367,40.531796],[-74.153684,40.531972],[-74.154173,40.531731],[-74.154235,40.531767],[-74.154855,40.531462],[-74.151249,40.529405],[-74.149254,40.530916],[-74.149457,40.531028],[-74.14885,40.531477],[-74.148688,40.531387],[-74.147965,40.532142],[-74.149926,40.53323]]],[[[-74.149683,40.533658],[-74.149913,40.533792],[-74.15002,40.533682],[-74.149805,40.533557],[-74.149683,40.533658]]],[[[-74.149143,40.534106],[-74.149435,40.534276],[-74.149617,40.534085],[-74.149353,40.533932],[-74.149143,40.534106]]],[[[-74.149644,40.534698],[-74.149741,40.534634],[-74.149727,40.534625],[-74.149644,40.534698]]],[[[-74.148682,40.535118],[-74.148734,40.535102],[-74.14871,40.535089],[-74.148682,40.535118]]],[[[-74.148055,40.535299],[-74.148202,40.535255],[-74.148136,40.535218],[-74.148055,40.535299]]],[[[-74.147745,40.535152],[-74.147697,40.535186],[-74.147948,40.535331],[-74.148094,40.535194],[-74.147866,40.535064],[-74.147745,40.535152]]],[[[-74.145484,40.535481],[-74.145222,40.535631],[-74.145467,40.535775],[-74.14573,40.535622],[-74.146125,40.535597],[-74.145874,40.535455],[-74.145484,40.535481]]],[[[-74.146866,40.535784],[-74.147099,40.535647],[-74.147357,40.535522],[-74.147282,40.53548],[-74.14698,40.535618],[-74.146632,40.535653],[-74.146866,40.535784]]],[[[-74.144898,40.535829],[-74.145176,40.536028],[-74.145357,40.535844],[-74.145115,40.535705],[-74.144898,40.535829]]],[[[-74.146046,40.535636],[-74.145724,40.535659],[-74.1455,40.535795],[-74.14626,40.536232],[-74.14666,40.535903],[-74.146173,40.535626],[-74.146046,40.535636]]],[[[-74.145202,40.536047],[-74.145895,40.536545],[-74.146175,40.536315],[-74.145385,40.53586],[-74.145202,40.536047]]],[[[-74.144744,40.535822],[-74.144637,40.535873],[-74.144556,40.535971],[-74.144425,40.536287],[-74.145381,40.536965],[-74.145881,40.536556],[-74.144824,40.535797],[-74.144744,40.535822]]],[[[-74.143477,40.537134],[-74.143894,40.53749],[-74.144014,40.537392],[-74.143562,40.537076],[-74.143477,40.537134]]],[[[-74.144404,40.537446],[-74.144545,40.537541],[-74.144875,40.537262],[-74.145017,40.537356],[-74.145351,40.537087],[-74.144107,40.53626],[-74.144165,40.536458],[-74.143961,40.536762],[-74.144612,40.537067],[-74.144735,40.537169],[-74.144404,40.537446]]],[[[-74.143322,40.537925],[-74.143856,40.538292],[-74.144526,40.53775],[-74.144121,40.537467],[-74.143921,40.537628],[-74.143403,40.537185],[-74.142765,40.537542],[-74.143322,40.537925]]]]},"properties":{"name":"Crescent Beach Park","kind":"Nature Area","acres":111.5}},{"type":"Feature","geometry":{"type":"MultiPolygon","coordinates":[[[[-74.23544,40.502486],[-74.233854,40.502805],[-74.234337,40.504256],[-74.235923,40.503937],[-74.23544,40.502486]]],[[[-74.233088,40.502313],[-74.23233,40.502465],[-74.232764,40.503886],[-74.233938,40.503661],[-74.233464,40.502238],[-74.233088,40.502313]]]]},"properties":{"name":"Hybrid Oak Woods Park","kind":"Nature Area","acres":9.8}},{"type":"Feature","geometry":{"type":"MultiPolygon","coordinates":[[[[-74.161856,40.52696],[-74.162082,40.527284],[-74.16327,40.526609],[-74.163343,40.526716],[-74.165165,40.525697],[-74.165398,40.525634],[-74.165779,40.525611],[-74.166003,40.525542],[-74.166162,40.525447],[-74.165922,40.525103],[-74.166006,40.52505],[-74.165268,40.524023],[-74.161846,40.525727],[-74.160948,40.526027],[-74.161856,40.52696]]],[[[-74.165061,40.526127],[-74.164871,40.526206],[-74.165008,40.526402],[-74.165578,40.526163],[-74.165441,40.525968],[-74.165061,40.526127]]],[[[-74.163248,40.526839],[-74.162897,40.527038],[-74.163033,40.527237],[-74.163285,40.527132],[-74.163217,40.527032],[-74.163392,40.526931],[-74.163306,40.526806],[-74.163248,40.526839]]],[[[-74.163602,40.526638],[-74.163365,40.526773],[-74.16345,40.526897],[-74.163833,40.526674],[-74.163751,40.526554],[-74.163602,40.526638]]]]},"properties":{"name":"Bayview Terrace Park","kind":"Nature Area","acres":16.9}},{"type":"Feature","geometry":{"type":"MultiPolygon","coordinates":[[[[-74.163685,40.52676],[-74.16345,40.526897],[-74.163537,40.527026],[-74.163953,40.526852],[-74.163833,40.526674],[-74.163685,40.52676]]],[[[-74.163333,40.526965],[-74.163217,40.527032],[-74.163285,40.527132],[-74.163474,40.527052],[-74.163392,40.526931],[-74.163333,40.526965]]]]},"properties":{"name":"Garden","kind":"Garden","acres":0.3}},{"type":"Feature","geometry":{"type":"MultiPolygon","coordinates":[[[[-74.184648,40.52633],[-74.185302,40.526093],[-74.184937,40.525591],[-74.184623,40.525725],[-74.18427,40.525238],[-74.184584,40.525105],[-74.184336,40.524763],[-74.183682,40.524999],[-74.184648,40.52633]]],[[[-74.185416,40.525299],[-74.1851,40.52543],[-74.185522,40.526022],[-74.186172,40.525786],[-74.185392,40.52469],[-74.185203,40.524769],[-74.185024,40.524518],[-74.184568,40.524683],[-74.184822,40.525039],[-74.185138,40.524908],[-74.185416,40.525299]]]]},"properties":{"name":"Kingdom Pond Park","kind":"Nature Area","acres":4.2}},{"type":"Feature","geometry":{"type":"MultiPolygon","coordinates":[[[[-74.254427,40.511762],[-74.254617,40.511464],[-74.254798,40.510932],[-74.254922,40.510989],[-74.255033,40.510801],[-74.252519,40.509661],[-74.25239,40.509827],[-74.252145,40.510295],[-74.253131,40.510782],[-74.254427,40.511762]]],[[[-74.252487,40.511173],[-74.252181,40.511363],[-74.253038,40.512214],[-74.25377,40.512857],[-74.254196,40.51225],[-74.252977,40.511341],[-74.252522,40.511104],[-74.252487,40.511173]]],[[[-74.25353,40.508362],[-74.254291,40.508707],[-74.255623,40.50931],[-74.255663,40.509153],[-74.253631,40.508232],[-74.25353,40.508362]]],[[[-74.252179,40.51204],[-74.252379,40.512233],[-74.252639,40.512037],[-74.252466,40.511869],[-74.252179,40.51204]]]]},"properties":{"name":"Tottenville Shore Park","kind":"Nature Area","acres":9.2}},{"type":"Feature","geometry":{"type":"MultiPolygon","coordinates":[[[[-74.151887,40.560849],[-74.151754,40.560915],[-74.150425,40.561569],[-74.150841,40.562018],[-74.152528,40.561187],[-74.152187,40.560701],[-74.151887,40.560849]]],[[[-74.150964,40.562173],[-74.151379,40.562624],[-74.152919,40.561841],[-74.152594,40.561349],[-74.150964,40.562173]]],[[[-74.14875,40.562584],[-74.149194,40.56301],[-74.150625,40.562148],[-74.150219,40.561697],[-74.14875,40.562584]]],[[[-74.14932,40.563138],[-74.149763,40.563571],[-74.151154,40.562736],[-74.15074,40.562285],[-74.14932,40.563138]]],[[[-74.151522,40.562779],[-74.151938,40.56323],[-74.153359,40.562505],[-74.153034,40.562015],[-74.151522,40.562779]]],[[[-74.149918,40.563714],[-74.150361,40.564148],[-74.151716,40.563344],[-74.151303,40.562893],[-74.149918,40.563714]]],[[[-74.148902,40.562273],[-74.15009,40.561552],[-74.14968,40.561099],[-74.149406,40.561266],[-74.149609,40.561493],[-74.149521,40.561546],[-74.149296,40.561332],[-74.148169,40.562016],[-74.148395,40.56223],[-74.148677,40.562059],[-74.148902,40.562273]]],[[[-74.152047,40.563354],[-74.152251,40.563581],[-74.153022,40.563196],[-74.15282,40.562971],[-74.152047,40.563354]]]]},"properties":{"name":"King Fisher Park","kind":"Nature Area","acres":23.0}},{"type":"Feature","geometry":{"type":"Polygon","coordinates":[[[-74.175627,40.625846],[-74.175774,40.625752],[-74.175943,40.625755],[-74.176458,40.625511],[-74.176515,40.625448],[-74.176507,40.625362],[-74.175197,40.624677],[-74.173248,40.623746],[-74.173157,40.623838],[-74.172969,40.623908],[-74.172818,40.624038],[-74.172586,40.625571],[-74.173644,40.625667],[-74.173793,40.624686],[-74.174632,40.62468],[-74.174374,40.625733],[-74.174769,40.625768],[-74.174833,40.625506],[-74.174983,40.625518],[-74.174919,40.625782],[-74.175627,40.625846]]]},"properties":{"name":"Graniteville Swamp Park","kind":"Nature Area","acres":9.2}},{"type":"Feature","geometry":{"type":"Polygon","coordinates":[[[-74.172783,40.640261],[-74.173947,40.640885],[-74.175293,40.641159],[-74.176474,40.641162],[-74.17722,40.64101],[-74.177538,40.640918],[-74.177538,40.640883],[-74.177915,40.640861],[-74.177934,40.633329],[-74.171283,40.633572],[-74.1713,40.634754],[-74.172544,40.634751],[-74.172761,40.636489],[-74.17166,40.636493],[-74.171675,40.636914],[-74.171347,40.636916],[-74.17135,40.637191],[-74.171685,40.637188],[-74.171701,40.637619],[-74.171356,40.637622],[-74.17136,40.637828],[-74.171708,40.637825],[-74.1718,40.640347],[-74.172513,40.640234],[-74.172783,40.640261]]]},"properties":{"name":"Mariners Marsh Park","kind":"Undeveloped","acres":107.6}},{"type":"Feature","geometry":{"type":"MultiPolygon","coordinates":[[[[-74.170264,40.608846],[-74.169668,40.611277],[-74.168645,40.616794],[-74.167815,40.620216],[-74.168485,40.620375],[-74.169066,40.620465],[-74.171867,40.61665],[-74.175439,40.612191],[-74.176866,40.610349],[-74.178709,40.608152],[-74.178076,40.607346],[-74.177893,40.607186],[-74.177701,40.60708],[-74.177457,40.607002],[-74.177,40.606974],[-74.176729,40.607027],[-74.176483,40.607128],[-74.176305,40.607257],[-74.175874,40.607661],[-74.175386,40.607951],[-74.174865,40.608135],[-74.174402,40.608219],[-74.174031,40.60824],[-74.173613,40.608216],[-74.170856,40.607774],[-74.170539,40.607751],[-74.170359,40.608468],[-74.170709,40.608524],[-74.170663,40.608708],[-74.170313,40.608652],[-74.170264,40.608846]]],[[[-74.169546,40.620478],[-74.170483,40.620521],[-74.171371,40.620452],[-74.172213,40.620282],[-74.173041,40.62002],[-74.173797,40.61969],[-74.174632,40.619197],[-74.175314,40.618645],[-74.175875,40.618032],[-74.176345,40.61734],[-74.175648,40.61561],[-74.174407,40.614035],[-74.173497,40.615213],[-74.174252,40.615408],[-74.174692,40.616359],[-74.174456,40.616469],[-74.173532,40.616771],[-74.173221,40.61741],[-74.172863,40.617359],[-74.172763,40.61739],[-74.172604,40.617316],[-74.172288,40.617276],[-74.171972,40.617299],[-74.171903,40.617274],[-74.169546,40.620478]]],[[[-74.180181,40.609126],[-74.180576,40.608502],[-74.181002,40.608013],[-74.181306,40.607741],[-74.182653,40.606686],[-74.183014,40.606333],[-74.184108,40.604912],[-74.184938,40.60399],[-74.185295,40.60347],[-74.185875,40.602308],[-74.185856,40.602248],[-74.18578,40.602184],[-74.185658,40.60212],[-74.185499,40.602101],[-74.185347,40.602122],[-74.185078,40.602191],[-74.184642,40.602376],[-74.184377,40.6026],[-74.180171,40.60676],[-74.179416,40.607733],[-74.179736,40.608089],[-74.179136,40.608903],[-74.180181,40.609126]]]]},"properties":{"name":"Staten Island Industrial Park","kind":"Nature Area","acres":210.9}},{"type":"Feature","geometry":{"type":"Polygon","coordinates":[[[-74.084259,40.615346],[-74.084564,40.615125],[-74.08457,40.615067],[-74.083249,40.614582],[-74.083074,40.614916],[-74.083497,40.615069],[-74.083731,40.615252],[-74.083928,40.615109],[-74.084259,40.615346]]]},"properties":{"name":"Sobel Court Park","kind":"Playground","acres":1.1}},{"type":"Feature","geometry":{"type":"MultiPolygon","coordinates":[[[[-74.142273,40.542196],[-74.142831,40.541668],[-74.143074,40.541319],[-74.143195,40.541072],[-74.143334,40.540555],[-74.143343,40.539713],[-74.143135,40.539551],[-74.143058,40.539609],[-74.142455,40.539139],[-74.140559,40.537891],[-74.140266,40.538765],[-74.140495,40.539441],[-74.140227,40.54063],[-74.14109,40.541198],[-74.141147,40.541367],[-74.14112,40.541389],[-74.142273,40.542196]]],[[[-74.14363,40.540304],[-74.143617,40.540469],[-74.143683,40.54052],[-74.144015,40.540245],[-74.143647,40.539954],[-74.14363,40.540304]]]]},"properties":{"name":"Seaside Wildlife Nature Park","kind":"Neighborhood Park","acres":20.9}},{"type":"Feature","geometry":{"type":"Polygon","coordinates":[[[-74.121587,40.634819],[-74.121987,40.634789],[-74.12198,40.634735],[-74.121761,40.634751],[-74.121691,40.634252],[-74.121323,40.634279],[-74.121382,40.634697],[-74.121567,40.634683],[-74.121587,40.634819]]]},"properties":{"name":"Joe Holzka Community Garden","kind":"Garden","acres":0.4}},{"type":"Feature","geometry":{"type":"MultiPolygon","coordinates":[[[[-74.072112,40.586935],[-74.071714,40.58733],[-74.072965,40.587955],[-74.073942,40.587154],[-74.074048,40.587031],[-74.072652,40.586336],[-74.072112,40.586935]]],[[[-74.070468,40.587441],[-74.070413,40.587518],[-74.070828,40.587756],[-74.071285,40.587318],[-74.070909,40.587131],[-74.070828,40.587231],[-74.070664,40.587166],[-74.070468,40.587441]]]]},"properties":{"name":"South Beach Wetlands","kind":"Nature Area","acres":5.2}},{"type":"Feature","geometry":{"type":"MultiPolygon","coordinates":[[[[-74.097388,40.585475],[-74.097996,40.585784],[-74.098508,40.585368],[-74.098247,40.585179],[-74.098342,40.585102],[-74.098603,40.585291],[-74.09909,40.584896],[-74.098519,40.584556],[-74.097388,40.585475]]],[[[-74.098461,40.585648],[-74.098171,40.585881],[-74.098784,40.586191],[-74.099837,40.585344],[-74.099261,40.585004],[-74.098859,40.585327],[-74.099123,40.585517],[-74.099022,40.585598],[-74.098759,40.585408],[-74.098461,40.585648]]],[[[-74.098679,40.584443],[-74.098793,40.584511],[-74.099032,40.58432],[-74.098927,40.584244],[-74.098679,40.584443]]]]},"properties":{"name":"Last Chance Pond Park","kind":"Nature Area","acres":3.9}},{"type":"Feature","geometry":{"type":"Polygon","coordinates":[[[-74.077805,40.579542],[-74.07543,40.581645],[-74.072752,40.584457],[-74.071611,40.585255],[-74.071594,40.585315],[-74.071637,40.585362],[-74.072856,40.585985],[-74.080466,40.589809],[-74.080653,40.589967],[-74.080851,40.590206],[-74.081736,40.591672],[-74.081804,40.591715],[-74.081888,40.59171],[-74.082693,40.591021],[-74.084676,40.588823],[-74.085582,40.58773],[-74.076671,40.583156],[-74.07827,40.581336],[-74.077723,40.581055],[-74.078688,40.579962],[-74.077891,40.579552],[-74.077805,40.579542]]]},"properties":{"name":"Ocean Breeze Park","kind":"Nature Area","acres":136.6}},{"type":"Feature","geometry":{"type":"Polygon","coordinates":[[[-74.153011,40.625035],[-74.15296,40.625167],[-74.153402,40.625218],[-74.1533,40.625483],[-74.154645,40.625622],[-74.154679,40.625438],[-74.1545,40.625418],[-74.154574,40.625015],[-74.15493,40.625056],[-74.154955,40.62492],[-74.154599,40.624879],[-74.154674,40.624465],[-74.15503,40.624506],[-74.155066,40.624306],[-74.153315,40.624245],[-74.153011,40.625035]]]},"properties":{"name":"Graniteville Quarry Park","kind":"Nature Area","acres":4.5}},{"type":"Feature","geometry":{"type":"Polygon","coordinates":[[[-74.202544,40.579591],[-74.203009,40.579576],[-74.204154,40.579429],[-74.204265,40.579295],[-74.20464,40.579243],[-74.205416,40.578964],[-74.205734,40.578752],[-74.205923,40.578671],[-74.206171,40.578408],[-74.206206,40.578095],[-74.206195,40.577805],[-74.206237,40.577593],[-74.206199,40.577529],[-74.206143,40.577509],[-74.206566,40.577188],[-74.206936,40.575986],[-74.206929,40.575896],[-74.206861,40.575812],[-74.206826,40.575605],[-74.20671,40.575467],[-74.206935,40.575301],[-74.206982,40.575027],[-74.207044,40.574955],[-74.206984,40.574891],[-74.206874,40.574393],[-74.206652,40.574029],[-74.206742,40.5739],[-74.207004,40.573874],[-74.207103,40.57381],[-74.207073,40.573304],[-74.207041,40.573151],[-74.206971,40.57301],[-74.20688,40.573],[-74.206716,40.573092],[-74.206251,40.573205],[-74.205923,40.573356],[-74.205818,40.57336],[-74.205609,40.573435],[-74.204486,40.573599],[-74.204258,40.573527],[-74.203542,40.573575],[-74.203066,40.573501],[-74.202411,40.573494],[-74.202089,40.573433],[-74.201806,40.573447],[-74.20123,40.573629],[-74.200962,40.573611],[-74.200778,40.573653],[-74.200404,40.573878],[-74.200135,40.574252],[-74.199999,40.574477],[-74.199799,40.575023],[-74.199792,40.575599],[-74.19975,40.575704],[-74.199774,40.575966],[-74.199898,40.57639],[-74.200065,40.576751],[-74.20023,40.57701],[-74.200273,40.57719],[-74.200292,40.577574],[-74.200388,40.577748],[-74.200352,40.57781],[-74.200238,40.578385],[-74.200128,40.57857],[-74.19981,40.578831],[-74.199768,40.578915],[-74.200394,40.579032],[-74.200642,40.579021],[-74.20124,40.579087],[-74.201868,40.579278],[-74.202544,40.579591]]]},"properties":{"name":"Isle Of Meadows","kind":"Nature Area","acres":87.5}},{"type":"Feature","geometry":{"type":"Polygon","coordinates":[[[-74.184505,40.551543],[-74.184197,40.551904],[-74.183855,40.552304],[-74.184247,40.552499],[-74.185092,40.551538],[-74.184683,40.551335],[-74.184505,40.551543]]]},"properties":{"name":"Carlton Park","kind":"Nature Area","acres":1.2}},{"type":"Feature","geometry":{"type":"MultiPolygon","coordinates":[[[[-74.225037,40.532265],[-74.229943,40.532914],[-74.230063,40.53185],[-74.232233,40.532049],[-74.232278,40.531845],[-74.23483,40.532],[-74.234798,40.532589],[-74.235328,40.532642],[-74.23535,40.531432],[-74.235823,40.531495],[-74.235945,40.529972],[-74.236892,40.530085],[-74.236943,40.529609],[-74.236627,40.529589],[-74.23599,40.529664],[-74.233418,40.529504],[-74.233138,40.52969],[-74.232809,40.529759],[-74.232653,40.531347],[-74.229693,40.531052],[-74.229635,40.531599],[-74.226925,40.531361],[-74.227062,40.530003],[-74.226354,40.529952],[-74.225932,40.529826],[-74.225569,40.530381],[-74.225393,40.530762],[-74.225037,40.532265]]],[[[-74.226109,40.529556],[-74.226425,40.529654],[-74.227025,40.529702],[-74.227138,40.529694],[-74.227159,40.52951],[-74.227298,40.529513],[-74.227377,40.528578],[-74.227332,40.528489],[-74.22703,40.52821],[-74.226877,40.528394],[-74.226109,40.529556]]]]},"properties":{"name":"Fairview Park","kind":"Community Park","acres":42.6}},{"type":"Feature","geometry":{"type":"Polygon","coordinates":[[[-74.120997,40.639482],[-74.121134,40.639405],[-74.120752,40.639033],[-74.120717,40.639055],[-74.120842,40.639177],[-74.120794,40.639207],[-74.120817,40.639228],[-74.120791,40.639244],[-74.120924,40.639362],[-74.120886,40.639386],[-74.120997,40.639482]]]},"properties":{"name":"Richmond Terrace Cemetery","kind":"Cemetery","acres":0.1}},{"type":"Feature","geometry":{"type":"Polygon","coordinates":[[[-74.091263,40.608712],[-74.091322,40.60884],[-74.09157,40.60907],[-74.091855,40.608938],[-74.091584,40.608671],[-74.091263,40.608712]]]},"properties":{"name":"South Clove Road Cemetery","kind":"Cemetery","acres":0.3}},{"type":"Feature","geometry":{"type":"Polygon","coordinates":[[[-74.19212,40.59095],[-74.19135,40.591398],[-74.191265,40.591649],[-74.191878,40.591833],[-74.192439,40.592048],[-74.192613,40.591634],[-74.192836,40.59061],[-74.192792,40.590597],[-74.19212,40.59095]]]},"properties":{"name":"Sylvan Grove Cemetery","kind":"Triangle/Plaza","acres":2.5}},{"type":"Feature","geometry":{"type":"Polygon","coordinates":[[[-74.212378,40.556373],[-74.212332,40.556401],[-74.21259,40.556644],[-74.212858,40.556264],[-74.212753,40.55616],[-74.212378,40.556373]]]},"properties":{"name":"Sleight Family Graveyard","kind":"Cemetery","acres":0.2}},{"type":"Feature","geometry":{"type":"Polygon","coordinates":[[[-74.081407,40.6408],[-74.081528,40.641289],[-74.081558,40.641551],[-74.08194,40.641494],[-74.081829,40.641016],[-74.081858,40.640963],[-74.082083,40.640801],[-74.082136,40.640692],[-74.081407,40.6408]]]},"properties":{"name":"Fort Hill Park","kind":"Nature Area","acres":0.8}},{"type":"Feature","geometry":{"type":"MultiPolygon","coordinates":[[[[-74.193126,40.632828],[-74.193385,40.6327],[-74.194514,40.632257],[-74.194801,40.632091],[-74.195026,40.631944],[-74.19521,40.631564],[-74.194721,40.631312],[-74.194115,40.631246],[-74.193553,40.631247],[-74.192614,40.631326],[-74.19235,40.631273],[-74.192057,40.631099],[-74.191892,40.630872],[-74.191837,40.630477],[-74.191851,40.630214],[-74.191981,40.630207],[-74.192139,40.629186],[-74.192042,40.628987],[-74.19177,40.62878],[-74.191492,40.628704],[-74.191207,40.628788],[-74.190644,40.629173],[-74.190258,40.629883],[-74.189755,40.63056],[-74.189362,40.630908],[-74.189381,40.630936],[-74.189203,40.630912],[-74.190316,40.631529],[-74.19042,40.631413],[-74.193126,40.632828]]],[[[-74.195302,40.632353],[-74.195102,40.632521],[-74.194945,40.632591],[-74.194212,40.632853],[-74.193176,40.633174],[-74.196533,40.634868],[-74.196842,40.634396],[-74.196859,40.634164],[-74.197492,40.63363],[-74.195613,40.632034],[-74.195302,40.632353]]],[[[-74.192095,40.633915],[-74.19214,40.634218],[-74.192222,40.634354],[-74.192614,40.634703],[-74.193035,40.634997],[-74.194074,40.635463],[-74.194366,40.63566],[-74.194682,40.635942],[-74.19495,40.635932],[-74.195411,40.635269],[-74.192313,40.633622],[-74.192095,40.633915]]],[[[-74.179383,40.616113],[-74.180986,40.617215],[-74.181325,40.617753],[-74.181881,40.618028],[-74.182613,40.618212],[-74.183136,40.617768],[-74.182472,40.617363],[-74.179496,40.615924],[-74.179383,40.616113]]]]},"properties":{"name":"Old Place Creek Park","kind":"Nature Area","acres":44.7}},{"type":"Feature","geometry":{"type":"MultiPolygon","coordinates":[[[[-74.120876,40.640988],[-74.120715,40.641019],[-74.121085,40.641978],[-74.12422,40.641659],[-74.124118,40.640071],[-74.121445,40.640947],[-74.121405,40.640842],[-74.120876,40.640988]]],[[[-74.120698,40.640442],[-74.120414,40.640648],[-74.120546,40.640886],[-74.120958,40.640794],[-74.120841,40.640504],[-74.120741,40.640391],[-74.120698,40.640442]]]]},"properties":{"name":"Heritage Park","kind":"Neighborhood Park","acres":9.9}},{"type":"Feature","geometry":{"type":"Polygon","coordinates":[[[-74.173494,40.549004],[-74.174538,40.54887],[-74.174247,40.548848],[-74.17403,40.548867],[-74.174011,40.548556],[-74.174782,40.54856],[-74.174803,40.548426],[-74.174311,40.548411],[-74.174349,40.548177],[-74.174835,40.548221],[-74.174859,40.548069],[-74.174552,40.547887],[-74.174151,40.547753],[-74.173959,40.548273],[-74.173886,40.548358],[-74.173805,40.548397],[-74.173027,40.548504],[-74.17302,40.548763],[-74.173494,40.549004]]]},"properties":{"name":"Laredo Avenue Parcel","kind":"Nature Area","acres":2.2}},{"type":"Feature","geometry":{"type":"Polygon","coordinates":[[[-74.157715,40.532219],[-74.158162,40.532444],[-74.15878,40.531779],[-74.158524,40.531641],[-74.158052,40.531558],[-74.157773,40.531674],[-74.157408,40.531177],[-74.157369,40.531193],[-74.157557,40.531448],[-74.157244,40.531579],[-74.157069,40.531341],[-74.156756,40.531573],[-74.157298,40.532289],[-74.157395,40.532311],[-74.15757,40.532229],[-74.157715,40.532219]]]},"properties":{"name":"Olmsted-Beil House Park","kind":"Historic House Park","acres":2.8}},{"type":"Feature","geometry":{"type":"Polygon","coordinates":[[[-74.193404,40.598994],[-74.193437,40.599026],[-74.194677,40.598285],[-74.194745,40.598335],[-74.195521,40.598513],[-74.196797,40.598745],[-74.196747,40.598522],[-74.196865,40.598418],[-74.197067,40.598417],[-74.197185,40.598288],[-74.197105,40.597846],[-74.197295,40.59769],[-74.197323,40.597379],[-74.197276,40.597174],[-74.197052,40.597001],[-74.196911,40.596815],[-74.196738,40.596711],[-74.196014,40.596599],[-74.195744,40.596825],[-74.195345,40.596919],[-74.194887,40.596854],[-74.194721,40.596725],[-74.194792,40.596363],[-74.194752,40.596264],[-74.194222,40.596086],[-74.194129,40.596128],[-74.194054,40.596531],[-74.19416,40.596888],[-74.194043,40.597385],[-74.193543,40.597619],[-74.193161,40.597559],[-74.19302,40.597441],[-74.192929,40.597225],[-74.193011,40.596673],[-74.192985,40.596525],[-74.192923,40.596418],[-74.19279,40.596399],[-74.19247,40.596474],[-74.192163,40.596623],[-74.1919,40.597332],[-74.192144,40.597505],[-74.19225,40.597477],[-74.192455,40.59755],[-74.192725,40.597533],[-74.192867,40.597574],[-74.192994,40.597705],[-74.193299,40.5978],[-74.193451,40.597802],[-74.193864,40.597686],[-74.193973,40.597692],[-74.194049,40.597651],[-74.194215,40.597854],[-74.194473,40.597828],[-74.194661,40.597988],[-74.194696,40.598087],[-74.194623,40.598129],[-74.194586,40.59822],[-74.194637,40.598257],[-74.193404,40.598994]]]},"properties":{"name":"Meredith Woods","kind":"Nature Area","acres":15.4}},{"type":"Feature","geometry":{"type":"Polygon","coordinates":[[[-74.088073,40.60887],[-74.088203,40.608743],[-74.087229,40.608364],[-74.088073,40.60887]]]},"properties":{"name":"Targee Street Triangle","kind":"Triangle/Plaza","acres":0.2}},{"type":"Feature","geometry":{"type":"Polygon","coordinates":[[[-74.159943,40.528827],[-74.159992,40.528871],[-74.160267,40.528687],[-74.160597,40.528689],[-74.160758,40.528721],[-74.160394,40.528231],[-74.159732,40.528617],[-74.159642,40.528787],[-74.159874,40.528732],[-74.159943,40.528827]]]},"properties":{"name":"Blueberry Park","kind":"Neighborhood Park","acres":0.7}},{"type":"Feature","geometry":{"type":"Polygon","coordinates":[[[-74.127756,40.588723],[-74.126961,40.588182],[-74.126244,40.588776],[-74.126859,40.589178],[-74.127115,40.588967],[-74.127183,40.589016],[-74.127309,40.588911],[-74.127445,40.589009],[-74.127756,40.588752],[-74.127756,40.588723]]]},"properties":{"name":"Manor Park","kind":"Nature Area","acres":1.8}},{"type":"Feature","geometry":{"type":"Polygon","coordinates":[[[-74.152916,40.639324],[-74.15456,40.639546],[-74.15479,40.636885],[-74.154098,40.63688],[-74.15263,40.636954],[-74.152916,40.639324]]]},"properties":{"name":"Richmond Terrace Park","kind":"Nature Area","acres":11.2}},{"type":"Feature","geometry":{"type":"Polygon","coordinates":[[[-74.219937,40.548097],[-74.220073,40.548067],[-74.22017,40.547941],[-74.219899,40.548001],[-74.219937,40.548097]]]},"properties":{"name":"Park","kind":"Triangle/Plaza","acres":0.0}},{"type":"Feature","geometry":{"type":"Polygon","coordinates":[[[-74.099238,40.637406],[-74.099514,40.637594],[-74.099097,40.634813],[-74.096784,40.635014],[-74.09666,40.635277],[-74.096471,40.635471],[-74.096199,40.635611],[-74.095834,40.63568],[-74.095535,40.635647],[-74.093925,40.635076],[-74.093381,40.635039],[-74.093198,40.635091],[-74.093093,40.635158],[-74.09268,40.635623],[-74.092698,40.63569],[-74.092672,40.635704],[-74.092806,40.635839],[-74.093337,40.635527],[-74.094278,40.636067],[-74.094653,40.637182],[-74.096063,40.637052],[-74.09614,40.637572],[-74.097722,40.63749],[-74.097705,40.637354],[-74.098664,40.63727],[-74.099238,40.637406]]]},"properties":{"name":"Goodhue Park","kind":"Neighborhood Park","acres":26.5}},{"type":"Feature","geometry":{"type":"Polygon","coordinates":[[[-74.072812,40.627097],[-74.072341,40.627148],[-74.07244,40.627677],[-74.07253,40.627781],[-74.072939,40.629953],[-74.072914,40.63],[-74.073024,40.630035],[-74.073095,40.630151],[-74.07325,40.630174],[-74.073328,40.630151],[-74.07327,40.630116],[-74.073313,40.630071],[-74.072803,40.627455],[-74.072868,40.627378],[-74.074067,40.627248],[-74.07394,40.626576],[-74.073131,40.62666],[-74.073125,40.626622],[-74.07258,40.626679],[-74.072633,40.626975],[-74.072786,40.626957],[-74.072812,40.627097]]]},"properties":{"name":"Stapleton Esplanade","kind":"Waterfront Facility","acres":4.6}},{"type":"Feature","geometry":{"type":"Polygon","coordinates":[[[-74.171578,40.642103],[-74.171618,40.642412],[-74.171409,40.64264],[-74.171009,40.642883],[-74.170769,40.642903],[-74.170706,40.642955],[-74.170205,40.644449],[-74.173269,40.645044],[-74.176583,40.645213],[-74.179191,40.645395],[-74.17897,40.642973],[-74.178397,40.64149],[-74.178301,40.640974],[-74.177819,40.641001],[-74.176434,40.641262],[-74.175582,40.641259],[-74.174978,40.641183],[-74.17488,40.642005],[-74.174383,40.641965],[-74.174182,40.642026],[-74.172584,40.641948],[-74.172687,40.640795],[-74.173036,40.640682],[-74.17313,40.64059],[-74.172721,40.640373],[-74.171619,40.640514],[-74.171192,40.640609],[-74.171389,40.641967],[-74.171578,40.642103]]]},"properties":{"name":"Arlington Marsh Park","kind":"Undeveloped","acres":70.6}},{"type":"Feature","geometry":{"type":"MultiPolygon","coordinates":[[[[-74.153951,40.57065],[-74.153953,40.570718],[-74.154048,40.570789],[-74.154073,40.570908],[-74.154138,40.570973],[-74.15432,40.571056],[-74.154399,40.571041],[-74.154519,40.57091],[-74.154632,40.570672],[-74.154584,40.570632],[-74.154807,40.570473],[-74.154943,40.570504],[-74.155129,40.570755],[-74.155344,40.570635],[-74.155554,40.570683],[-74.155766,40.570619],[-74.156023,40.570665],[-74.15615,40.57064],[-74.156257,40.57056],[-74.156334,40.570426],[-74.156385,40.570201],[-74.156406,40.569802],[-74.15656,40.569504],[-74.156664,40.569429],[-74.156844,40.569461],[-74.157243,40.569694],[-74.157455,40.569397],[-74.157516,40.569185],[-74.157614,40.569198],[-74.158014,40.569467],[-74.158522,40.569592],[-74.158718,40.569478],[-74.158784,40.569311],[-74.158901,40.569196],[-74.159049,40.569207],[-74.15983,40.568973],[-74.160394,40.568953],[-74.160537,40.568975],[-74.1607,40.569098],[-74.161293,40.569106],[-74.161615,40.569152],[-74.161677,40.569133],[-74.161707,40.569074],[-74.16177,40.569137],[-74.16185,40.569146],[-74.162035,40.569098],[-74.162387,40.568938],[-74.162629,40.56895],[-74.163082,40.568792],[-74.163454,40.568716],[-74.164185,40.568425],[-74.164533,40.568227],[-74.164643,40.568125],[-74.164786,40.568088],[-74.164946,40.567844],[-74.165171,40.567846],[-74.165281,40.567809],[-74.165297,40.567765],[-74.165212,40.567558],[-74.165261,40.566966],[-74.165328,40.566923],[-74.165604,40.566864],[-74.165657,40.566827],[-74.165677,40.566763],[-74.166118,40.566565],[-74.166567,40.566532],[-74.166707,40.566399],[-74.166721,40.5665],[-74.169504,40.566059],[-74.169531,40.563812],[-74.169634,40.561205],[-74.167109,40.560625],[-74.165303,40.560263],[-74.165475,40.560686],[-74.165199,40.560745],[-74.165077,40.560692],[-74.164908,40.560234],[-74.164655,40.56025],[-74.164289,40.560323],[-74.161009,40.561588],[-74.161013,40.561522],[-74.160448,40.561718],[-74.157989,40.562403],[-74.157062,40.562752],[-74.156741,40.562997],[-74.156076,40.563626],[-74.155754,40.564062],[-74.156078,40.564205],[-74.155886,40.564498],[-74.15642,40.564786],[-74.156263,40.564956],[-74.156019,40.564846],[-74.155976,40.564903],[-74.15578,40.564815],[-74.155598,40.56511],[-74.155215,40.564973],[-74.154998,40.565343],[-74.154815,40.565526],[-74.153355,40.56652],[-74.151964,40.567791],[-74.1509,40.568549],[-74.151826,40.569205],[-74.152112,40.569142],[-74.151781,40.569994],[-74.152971,40.570548],[-74.153023,40.570432],[-74.153104,40.570366],[-74.153312,40.57028],[-74.153444,40.570276],[-74.153846,40.570445],[-74.153938,40.570548],[-74.153951,40.57065]],[[-74.161934,40.56393],[-74.161223,40.564117],[-74.161023,40.563659],[-74.161726,40.563485],[-74.161934,40.56393]]],[[[-74.159132,40.562033],[-74.158974,40.562076],[-74.159546,40.561934],[-74.159132,40.562033]]]]},"properties":{"name":"Brookfield Park","kind":"Neighborhood Park","acres":258.7}},{"type":"Feature","geometry":{"type":"Polygon","coordinates":[[[-74.099565,40.637953],[-74.099653,40.638557],[-74.101877,40.638272],[-74.101761,40.637728],[-74.100854,40.637845],[-74.100598,40.636707],[-74.099726,40.63666],[-74.099409,40.636685],[-74.099445,40.636921],[-74.099417,40.636923],[-74.099565,40.637953]]]},"properties":{"name":"Snug Harbor Cemetery","kind":"Nature Area","acres":6.5}}]}