{"type":"FeatureCollection","features":[{"type":"Feature","geometry":{"type":"Polygon","coordinates":[[[-74.131139,40.639372],[-74.131144,40.642074],[-74.134219,40.643421],[-74.137287,40.642066],[-74.137282,40.639365],[-74.134208,40.638018],[-74.131139,40.639372]]]},"properties":{"t":"All other types","n":247,"q":3}},{"type":"Feature","geometry":{"type":"Polygon","coordinates":[[[-74.069688,40.615112],[-74.069691,40.617813],[-74.072762,40.619162],[-74.075831,40.617809],[-74.075828,40.615108],[-74.072756,40.613759],[-74.069688,40.615112]]]},"properties":{"t":"All other types","n":270,"q":4}},{"type":"Feature","geometry":{"type":"Polygon","coordinates":[[[-74.124875,40.574541],[-74.12488,40.577243],[-74.127951,40.57859],[-74.131017,40.577236],[-74.131012,40.574534],[-74.127941,40.573187],[-74.124875,40.574541]]]},"properties":{"t":"All other types","n":159,"q":2}},{"type":"Feature","geometry":{"type":"Polygon","coordinates":[[[-74.066614,40.611061],[-74.066616,40.613763],[-74.069688,40.615112],[-74.072756,40.613759],[-74.072754,40.611057],[-74.069682,40.609708],[-74.066614,40.611061]]]},"properties":{"t":"All other types","n":374,"q":4}},{"type":"Feature","geometry":{"type":"Polygon","coordinates":[[[-74.069713,40.639426],[-74.069716,40.642127],[-74.072789,40.643476],[-74.075859,40.642123],[-74.075856,40.639422],[-74.072783,40.638073],[-74.069713,40.639426]]]},"properties":{"t":"All other types","n":121,"q":2}},{"type":"Feature","geometry":{"type":"Polygon","coordinates":[[[-74.085013,40.59484],[-74.085016,40.597541],[-74.088087,40.59889],[-74.091155,40.597536],[-74.091151,40.594835],[-74.08808,40.593486],[-74.085013,40.59484]]]},"properties":{"t":"All other types","n":221,"q":3}},{"type":"Feature","geometry":{"type":"Polygon","coordinates":[[[-74.124981,40.631274],[-74.124986,40.633976],[-74.12806,40.635323],[-74.131129,40.633969],[-74.131123,40.631267],[-74.12805,40.62992],[-74.124981,40.631274]]]},"properties":{"t":"All other types","n":267,"q":4}},{"type":"Feature","geometry":{"type":"Polygon","coordinates":[[[-74.161832,40.631228],[-74.161839,40.63393],[-74.164913,40.635276],[-74.167981,40.633921],[-74.167974,40.631219],[-74.1649,40.629873],[-74.161832,40.631228]]]},"properties":{"t":"All other types","n":125,"q":2}},{"type":"Feature","geometry":{"type":"Polygon","coordinates":[[[-74.134153,40.611002],[-74.134159,40.613704],[-74.137232,40.615051],[-74.140299,40.613696],[-74.140293,40.610995],[-74.137221,40.609648],[-74.134153,40.611002]]]},"properties":{"t":"All other types","n":226,"q":3}},{"type":"Feature","geometry":{"type":"Polygon","coordinates":[[[-74.143407,40.631253],[-74.143413,40.633954],[-74.146487,40.635301],[-74.149555,40.633946],[-74.149549,40.631245],[-74.146475,40.629898],[-74.143407,40.631253]]]},"properties":{"t":"All other types","n":251,"q":4}},{"type":"Feature","geometry":{"type":"Polygon","coordinates":[[[-74.229003,40.517647],[-74.229012,40.520349],[-74.232083,40.521694],[-74.235144,40.520337],[-74.235135,40.517635],[-74.232064,40.51629],[-74.229003,40.517647]]]},"properties":{"t":"All other types","n":116,"q":2}},{"type":"Feature","geometry":{"type":"Polygon","coordinates":[[[-74.081939,40.590789],[-74.081942,40.593491],[-74.085013,40.59484],[-74.08808,40.593486],[-74.088077,40.590785],[-74.085006,40.589436],[-74.081939,40.590789]]]},"properties":{"t":"All other types","n":193,"q":3}},{"type":"Feature","geometry":{"type":"Polygon","coordinates":[[[-74.085034,40.611049],[-74.085037,40.61375],[-74.088109,40.615099],[-74.091177,40.613746],[-74.091173,40.611044],[-74.088102,40.609696],[-74.085034,40.611049]]]},"properties":{"t":"All other types","n":348,"q":4}},{"type":"Feature","geometry":{"type":"Polygon","coordinates":[[[-74.232139,40.537903],[-74.232149,40.540605],[-74.23522,40.541949],[-74.238282,40.540592],[-74.238273,40.537891],[-74.235201,40.536546],[-74.232139,40.537903]]]},"properties":{"t":"All other types","n":52,"q":1}},{"type":"Feature","geometry":{"type":"Polygon","coordinates":[[[-74.097325,40.619144],[-74.097329,40.621845],[-74.100402,40.623194],[-74.10347,40.62184],[-74.103466,40.619139],[-74.100394,40.61779],[-74.097325,40.619144]]]},"properties":{"t":"All other types","n":232,"q":3}},{"type":"Feature","geometry":{"type":"Polygon","coordinates":[[[-74.219766,40.505508],[-74.219775,40.50821],[-74.222845,40.509555],[-74.225906,40.508198],[-74.225896,40.505496],[-74.222827,40.504152],[-74.219766,40.505508]]]},"properties":{"t":"All other types","n":51,"q":1}},{"type":"Feature","geometry":{"type":"Polygon","coordinates":[[[-74.158771,40.635285],[-74.158778,40.637986],[-74.161852,40.639333],[-74.16492,40.637978],[-74.164913,40.635276],[-74.161839,40.63393],[-74.158771,40.635285]]]},"properties":{"t":"All other types","n":344,"q":4}},{"type":"Feature","geometry":{"type":"Polygon","coordinates":[[[-74.176961,40.546106],[-74.176969,40.548808],[-74.180039,40.550154],[-74.183103,40.548798],[-74.183095,40.546097],[-74.180025,40.544751],[-74.176961,40.546106]]]},"properties":{"t":"All other types","n":183,"q":3}},{"type":"Feature","geometry":{"type":"Polygon","coordinates":[[[-74.164893,40.627172],[-74.1649,40.629873],[-74.167974,40.631219],[-74.171042,40.629864],[-74.171035,40.627163],[-74.167961,40.625816],[-74.164893,40.627172]]]},"properties":{"t":"All other types","n":153,"q":2}},{"type":"Feature","geometry":{"type":"Polygon","coordinates":[[[-74.063547,40.615115],[-74.06355,40.617817],[-74.066622,40.619166],[-74.069691,40.617813],[-74.069688,40.615112],[-74.066616,40.613763],[-74.063547,40.615115]]]},"properties":{"t":"All other types","n":249,"q":3}},{"type":"Feature","geometry":{"type":"Polygon","coordinates":[[[-74.146487,40.635301],[-74.146493,40.638003],[-74.149567,40.63935],[-74.152635,40.637995],[-74.152629,40.635293],[-74.149555,40.633946],[-74.146487,40.635301]]]},"properties":{"t":"All other types","n":326,"q":4}},{"type":"Feature","geometry":{"type":"Polygon","coordinates":[[[-74.106452,40.566455],[-74.106457,40.569157],[-74.109527,40.570505],[-74.112593,40.569151],[-74.112588,40.566449],[-74.109518,40.565101],[-74.106452,40.566455]]]},"properties":{"t":"All other types","n":180,"q":3}},{"type":"Feature","geometry":{"type":"Polygon","coordinates":[[[-74.109567,40.594819],[-74.109571,40.59752],[-74.112643,40.598868],[-74.11571,40.597514],[-74.115705,40.594813],[-74.112634,40.593465],[-74.109567,40.594819]]]},"properties":{"t":"All other types","n":43,"q":1}},{"type":"Feature","geometry":{"type":"Polygon","coordinates":[[[-74.149385,40.558302],[-74.149392,40.561004],[-74.152462,40.562351],[-74.155527,40.560996],[-74.155521,40.558294],[-74.15245,40.556948],[-74.149385,40.558302]]]},"properties":{"t":"All other types","n":163,"q":2}},{"type":"Feature","geometry":{"type":"Polygon","coordinates":[[[-74.152573,40.610979],[-74.15258,40.613681],[-74.155653,40.615027],[-74.15872,40.613672],[-74.158713,40.610971],[-74.15564,40.609624],[-74.152573,40.610979]]]},"properties":{"t":"All other types","n":38,"q":1}},{"type":"Feature","geometry":{"type":"Polygon","coordinates":[[[-74.075856,40.639422],[-74.075859,40.642123],[-74.078932,40.643472],[-74.082002,40.642119],[-74.081998,40.639418],[-74.078925,40.638069],[-74.075856,40.639422]]]},"properties":{"t":"All other types","n":695,"q":4}},{"type":"Feature","geometry":{"type":"Polygon","coordinates":[[[-74.198394,40.533914],[-74.198402,40.536616],[-74.201473,40.537961],[-74.204535,40.536605],[-74.204527,40.533903],[-74.201457,40.532558],[-74.198394,40.533914]]]},"properties":{"t":"All other types","n":175,"q":3}},{"type":"Feature","geometry":{"type":"Polygon","coordinates":[[[-74.10039,40.615089],[-74.100394,40.61779],[-74.103466,40.619139],[-74.106534,40.617785],[-74.10653,40.615083],[-74.103458,40.613735],[-74.10039,40.615089]]]},"properties":{"t":"All other types","n":315,"q":4}},{"type":"Feature","geometry":{"type":"Polygon","coordinates":[[[-74.137265,40.63126],[-74.137271,40.633962],[-74.140345,40.635309],[-74.143413,40.633954],[-74.143407,40.631253],[-74.140333,40.629906],[-74.137265,40.63126]]]},"properties":{"t":"All other types","n":427,"q":4}},{"type":"Feature","geometry":{"type":"Polygon","coordinates":[[[-74.14031,40.619099],[-74.140316,40.621801],[-74.143389,40.623148],[-74.146457,40.621793],[-74.146451,40.619092],[-74.143378,40.617745],[-74.14031,40.619099]]]},"properties":{"t":"All other types","n":192,"q":3}},{"type":"Feature","geometry":{"type":"Polygon","coordinates":[[[-74.238157,40.505472],[-74.238167,40.508173],[-74.241237,40.509518],[-74.244297,40.50816],[-74.244287,40.505459],[-74.241217,40.504114],[-74.238157,40.505472]]]},"properties":{"t":"All other types","n":146,"q":2}},{"type":"Feature","geometry":{"type":"Polygon","coordinates":[[[-74.072789,40.643476],[-74.072792,40.646178],[-74.075865,40.647526],[-74.078935,40.646174],[-74.078932,40.643472],[-74.075859,40.642123],[-74.072789,40.643476]]]},"properties":{"t":"All other types","n":859,"q":4}},{"type":"Feature","geometry":{"type":"Polygon","coordinates":[[[-74.091218,40.643463],[-74.091221,40.646165],[-74.094295,40.647513],[-74.097365,40.646159],[-74.097361,40.643458],[-74.094287,40.64211],[-74.091218,40.643463]]]},"properties":{"t":"All other types","n":254,"q":4}},{"type":"Feature","geometry":{"type":"Polygon","coordinates":[[[-74.124951,40.615065],[-74.124956,40.617766],[-74.128029,40.619114],[-74.131097,40.61776],[-74.131091,40.615058],[-74.128019,40.613711],[-74.124951,40.615065]]]},"properties":{"t":"All other types","n":199,"q":3}},{"type":"Feature","geometry":{"type":"Polygon","coordinates":[[[-74.097278,40.586725],[-74.097282,40.589427],[-74.100353,40.590775],[-74.10342,40.589421],[-74.103416,40.58672],[-74.100345,40.585372],[-74.097278,40.586725]]]},"properties":{"t":"All other types","n":245,"q":3}},{"type":"Feature","geometry":{"type":"Polygon","coordinates":[[[-74.131107,40.623163],[-74.131113,40.625864],[-74.134186,40.627211],[-74.137254,40.625857],[-74.137248,40.623156],[-74.134175,40.621808],[-74.131107,40.623163]]]},"properties":{"t":"All other types","n":309,"q":4}},{"type":"Feature","geometry":{"type":"Polygon","coordinates":[[[-74.146291,40.546149],[-74.146297,40.548851],[-74.149367,40.550198],[-74.152431,40.548843],[-74.152425,40.546141],[-74.149355,40.544795],[-74.146291,40.546149]]]},"properties":{"t":"All other types","n":246,"q":3}},{"type":"Feature","geometry":{"type":"Polygon","coordinates":[[[-74.207531,40.513636],[-74.207539,40.516337],[-74.210609,40.517683],[-74.21367,40.516326],[-74.213662,40.513625],[-74.210592,40.512279],[-74.207531,40.513636]]]},"properties":{"t":"All other types","n":29,"q":0}},{"type":"Feature","geometry":{"type":"Polygon","coordinates":[[[-74.115649,40.562394],[-74.115654,40.565095],[-74.118724,40.566443],[-74.12179,40.565089],[-74.121785,40.562387],[-74.118715,40.56104],[-74.115649,40.562394]]]},"properties":{"t":"All other types","n":210,"q":3}},{"type":"Feature","geometry":{"type":"Polygon","coordinates":[[[-74.081978,40.623208],[-74.081982,40.62591],[-74.085054,40.627258],[-74.088123,40.625905],[-74.08812,40.623204],[-74.085047,40.621855],[-74.081978,40.623208]]]},"properties":{"t":"All other types","n":302,"q":4}},{"type":"Feature","geometry":{"type":"Polygon","coordinates":[[[-74.109527,40.570505],[-74.109531,40.573206],[-74.112602,40.574554],[-74.115668,40.5732],[-74.115663,40.570499],[-74.112593,40.569151],[-74.109527,40.570505]]]},"properties":{"t":"All other types","n":355,"q":4}},{"type":"Feature","geometry":{"type":"Polygon","coordinates":[[[-74.075801,40.590794],[-74.075804,40.593495],[-74.078874,40.594844],[-74.081942,40.593491],[-74.081939,40.590789],[-74.078868,40.589441],[-74.075801,40.590794]]]},"properties":{"t":"All other types","n":221,"q":3}},{"type":"Feature","geometry":{"type":"Polygon","coordinates":[[[-74.09114,40.58673],[-74.091144,40.589432],[-74.094215,40.59078],[-74.097282,40.589427],[-74.097278,40.586725],[-74.094207,40.585377],[-74.09114,40.58673]]]},"properties":{"t":"All other types","n":378,"q":4}},{"type":"Feature","geometry":{"type":"Polygon","coordinates":[[[-74.078894,40.611053],[-74.078897,40.613755],[-74.081968,40.615104],[-74.085037,40.61375],[-74.085034,40.611049],[-74.081962,40.6097],[-74.078894,40.611053]]]},"properties":{"t":"All other types","n":721,"q":4}},{"type":"Feature","geometry":{"type":"Polygon","coordinates":[[[-74.066589,40.586747],[-74.066592,40.589449],[-74.069662,40.590797],[-74.07273,40.589445],[-74.072727,40.586743],[-74.069657,40.585394],[-74.066589,40.586747]]]},"properties":{"t":"All other types","n":69,"q":1}},{"type":"Feature","geometry":{"type":"Polygon","coordinates":[[[-74.164913,40.635276],[-74.16492,40.637978],[-74.167995,40.639324],[-74.171063,40.637969],[-74.171056,40.635267],[-74.167981,40.633921],[-74.164913,40.635276]]]},"properties":{"t":"All other types","n":418,"q":4}},{"type":"Feature","geometry":{"type":"Polygon","coordinates":[[[-74.134056,40.562374],[-74.134061,40.565075],[-74.137132,40.566423],[-74.140197,40.565068],[-74.140191,40.562366],[-74.137121,40.561019],[-74.134056,40.562374]]]},"properties":{"t":"All other types","n":122,"q":2}},{"type":"Feature","geometry":{"type":"Polygon","coordinates":[[[-74.146451,40.619092],[-74.146457,40.621793],[-74.149531,40.62314],[-74.152598,40.621785],[-74.152592,40.619084],[-74.149518,40.617737],[-74.146451,40.619092]]]},"properties":{"t":"All other types","n":150,"q":2}},{"type":"Feature","geometry":{"type":"Polygon","coordinates":[[[-74.07581,40.598898],[-74.075813,40.6016],[-74.078884,40.602949],[-74.081952,40.601596],[-74.081949,40.598894],[-74.078878,40.597545],[-74.07581,40.598898]]]},"properties":{"t":"All other types","n":149,"q":2}},{"type":"Feature","geometry":{"type":"Polygon","coordinates":[[[-74.229031,40.525752],[-74.22904,40.528454],[-74.232111,40.529798],[-74.235173,40.528441],[-74.235163,40.52574],[-74.232092,40.524395],[-74.229031,40.525752]]]},"properties":{"t":"All other types","n":187,"q":3}},{"type":"Feature","geometry":{"type":"Polygon","coordinates":[[[-74.10653,40.615083],[-74.106534,40.617785],[-74.109607,40.619133],[-74.112675,40.617779],[-74.11267,40.615078],[-74.109598,40.61373],[-74.10653,40.615083]]]},"properties":{"t":"All other types","n":128,"q":2}},{"type":"Feature","geometry":{"type":"Polygon","coordinates":[[[-74.143198,40.533996],[-74.143204,40.536698],[-74.146274,40.538045],[-74.149337,40.53669],[-74.149331,40.533988],[-74.146262,40.532641],[-74.143198,40.533996]]]},"properties":{"t":"All other types","n":90,"q":1}},{"type":"Feature","geometry":{"type":"Polygon","coordinates":[[[-74.155577,40.582609],[-74.155584,40.58531],[-74.158656,40.586657],[-74.161721,40.585302],[-74.161715,40.5826],[-74.158643,40.581254],[-74.155577,40.582609]]]},"properties":{"t":"All other types","n":333,"q":4}},{"type":"Feature","geometry":{"type":"Polygon","coordinates":[[[-74.152629,40.635293],[-74.152635,40.637995],[-74.15571,40.639341],[-74.158778,40.637986],[-74.158771,40.635285],[-74.155697,40.633938],[-74.152629,40.635293]]]},"properties":{"t":"All other types","n":263,"q":4}},{"type":"Feature","geometry":{"type":"Polygon","coordinates":[[[-74.189252,40.554191],[-74.18926,40.556893],[-74.192331,40.558239],[-74.195395,40.556883],[-74.195387,40.554181],[-74.192316,40.552835],[-74.189252,40.554191]]]},"properties":{"t":"All other types","n":133,"q":2}},{"type":"Feature","geometry":{"type":"Polygon","coordinates":[[[-74.069662,40.590797],[-74.069665,40.593499],[-74.072736,40.594848],[-74.075804,40.593495],[-74.075801,40.590794],[-74.07273,40.589445],[-74.069662,40.590797]]]},"properties":{"t":"All other types","n":212,"q":3}},{"type":"Feature","geometry":{"type":"Polygon","coordinates":[[[-74.16775,40.542068],[-74.167757,40.544769],[-74.170827,40.546115],[-74.173891,40.54476],[-74.173884,40.542058],[-74.170814,40.540712],[-74.16775,40.542068]]]},"properties":{"t":"All other types","n":195,"q":3}},{"type":"Feature","geometry":{"type":"Polygon","coordinates":[[[-74.127998,40.602904],[-74.128003,40.605606],[-74.131075,40.606953],[-74.134143,40.605599],[-74.134137,40.602897],[-74.131065,40.60155],[-74.127998,40.602904]]]},"properties":{"t":"All other types","n":322,"q":4}},{"type":"Feature","geometry":{"type":"Polygon","coordinates":[[[-74.180039,40.550154],[-74.180047,40.552855],[-74.183118,40.554201],[-74.186181,40.552846],[-74.186174,40.550144],[-74.183103,40.548798],[-74.180039,40.550154]]]},"properties":{"t":"All other types","n":208,"q":3}},{"type":"Feature","geometry":{"type":"Polygon","coordinates":[[[-74.149367,40.550198],[-74.149373,40.552899],[-74.152444,40.554246],[-74.155508,40.552891],[-74.155502,40.55019],[-74.152431,40.548843],[-74.149367,40.550198]]]},"properties":{"t":"All other types","n":260,"q":4}},{"type":"Feature","geometry":{"type":"Polygon","coordinates":[[[-74.210686,40.541997],[-74.210694,40.544698],[-74.213765,40.546044],[-74.216828,40.544687],[-74.216819,40.541985],[-74.213748,40.54064],[-74.210686,40.541997]]]},"properties":{"t":"All other types","n":129,"q":2}},{"type":"Feature","geometry":{"type":"Polygon","coordinates":[[[-74.158656,40.586657],[-74.158662,40.589358],[-74.161734,40.590705],[-74.1648,40.58935],[-74.164793,40.586648],[-74.161721,40.585302],[-74.158656,40.586657]]]},"properties":{"t":"All other types","n":361,"q":4}},{"type":"Feature","geometry":{"type":"Polygon","coordinates":[[[-74.118854,40.639385],[-74.118859,40.642087],[-74.121933,40.643435],[-74.125002,40.64208],[-74.124997,40.639379],[-74.121923,40.638031],[-74.118854,40.639385]]]},"properties":{"t":"All other types","n":81,"q":1}},{"type":"Feature","geometry":{"type":"Polygon","coordinates":[[[-74.140327,40.627204],[-74.140333,40.629906],[-74.143407,40.631253],[-74.146475,40.629898],[-74.146469,40.627196],[-74.143395,40.62585],[-74.140327,40.627204]]]},"properties":{"t":"All other types","n":362,"q":4}},{"type":"Feature","geometry":{"type":"Polygon","coordinates":[[[-74.118724,40.566443],[-74.118729,40.569145],[-74.1218,40.570492],[-74.124865,40.569138],[-74.12486,40.566437],[-74.12179,40.565089],[-74.118724,40.566443]]]},"properties":{"t":"All other types","n":145,"q":2}},{"type":"Feature","geometry":{"type":"Polygon","coordinates":[[[-74.124997,40.639379],[-74.125002,40.64208],[-74.128076,40.643428],[-74.131144,40.642074],[-74.131139,40.639372],[-74.128065,40.638025],[-74.124997,40.639379]]]},"properties":{"t":"All other types","n":27,"q":0}},{"type":"Feature","geometry":{"type":"Polygon","coordinates":[[[-74.063532,40.598906],[-74.063535,40.601607],[-74.066605,40.602956],[-74.069674,40.601604],[-74.069671,40.598902],[-74.0666,40.597553],[-74.063532,40.598906]]]},"properties":{"t":"All other types","n":159,"q":2}},{"type":"Feature","geometry":{"type":"Polygon","coordinates":[[[-74.081959,40.606999],[-74.081962,40.6097],[-74.085034,40.611049],[-74.088102,40.609696],[-74.088098,40.606994],[-74.085027,40.605646],[-74.081959,40.606999]]]},"properties":{"t":"All other types","n":332,"q":4}},{"type":"Feature","geometry":{"type":"Polygon","coordinates":[[[-74.131123,40.631267],[-74.131129,40.633969],[-74.134202,40.635316],[-74.137271,40.633962],[-74.137265,40.63126],[-74.134191,40.629913],[-74.131123,40.631267]]]},"properties":{"t":"All other types","n":444,"q":4}},{"type":"Feature","geometry":{"type":"Polygon","coordinates":[[[-74.066597,40.594852],[-74.0666,40.597553],[-74.069671,40.598902],[-74.072739,40.59755],[-74.072736,40.594848],[-74.069665,40.593499],[-74.066597,40.594852]]]},"properties":{"t":"All other types","n":360,"q":4}},{"type":"Feature","geometry":{"type":"Polygon","coordinates":[[[-74.134202,40.635316],[-74.134208,40.638018],[-74.137282,40.639365],[-74.14035,40.63801],[-74.140345,40.635309],[-74.137271,40.633962],[-74.134202,40.635316]]]},"properties":{"t":"All other types","n":686,"q":4}},{"type":"Feature","geometry":{"type":"Polygon","coordinates":[[[-74.161813,40.623124],[-74.161819,40.625825],[-74.164893,40.627172],[-74.167961,40.625816],[-74.167954,40.623115],[-74.16488,40.621768],[-74.161813,40.623124]]]},"properties":{"t":"All other types","n":561,"q":4}},{"type":"Feature","geometry":{"type":"Polygon","coordinates":[[[-74.060459,40.594855],[-74.060461,40.597557],[-74.063532,40.598906],[-74.0666,40.597553],[-74.066597,40.594852],[-74.063527,40.593503],[-74.060459,40.594855]]]},"properties":{"t":"All other types","n":304,"q":4}},{"type":"Feature","geometry":{"type":"Polygon","coordinates":[[[-74.094226,40.598885],[-74.09423,40.601586],[-74.097302,40.602934],[-74.100369,40.601581],[-74.100365,40.598879],[-74.097294,40.597531],[-74.094226,40.598885]]]},"properties":{"t":"All other types","n":348,"q":4}},{"type":"Feature","geometry":{"type":"Polygon","coordinates":[[[-74.21374,40.537939],[-74.213748,40.54064],[-74.216819,40.541985],[-74.219882,40.540629],[-74.219873,40.537927],[-74.216802,40.536582],[-74.21374,40.537939]]]},"properties":{"t":"All other types","n":150,"q":2}},{"type":"Feature","geometry":{"type":"Polygon","coordinates":[[[-74.078874,40.594844],[-74.078878,40.597545],[-74.081949,40.598894],[-74.085016,40.597541],[-74.085013,40.59484],[-74.081942,40.593491],[-74.078874,40.594844]]]},"properties":{"t":"All other types","n":153,"q":2}},{"type":"Feature","geometry":{"type":"Polygon","coordinates":[[[-74.078932,40.643472],[-74.078935,40.646174],[-74.082008,40.647522],[-74.085078,40.646169],[-74.085075,40.643468],[-74.082002,40.642119],[-74.078932,40.643472]]]},"properties":{"t":"All other types","n":763,"q":4}},{"type":"Feature","geometry":{"type":"Polygon","coordinates":[[[-74.069679,40.607007],[-74.069682,40.609708],[-74.072754,40.611057],[-74.075822,40.609705],[-74.075819,40.607003],[-74.072748,40.605654],[-74.069679,40.607007]]]},"properties":{"t":"All other types","n":181,"q":3}},{"type":"Feature","geometry":{"type":"Polygon","coordinates":[[[-74.097243,40.562411],[-74.097247,40.565112],[-74.100316,40.566461],[-74.103382,40.565107],[-74.103378,40.562405],[-74.100308,40.561057],[-74.097243,40.562411]]]},"properties":{"t":"All other types","n":327,"q":4}},{"type":"Feature","geometry":{"type":"Polygon","coordinates":[[[-74.195363,40.546076],[-74.195371,40.548778],[-74.198442,40.550123],[-74.201506,40.548767],[-74.201497,40.546066],[-74.198426,40.54472],[-74.195363,40.546076]]]},"properties":{"t":"All other types","n":276,"q":4}},{"type":"Feature","geometry":{"type":"Polygon","coordinates":[[[-74.100329,40.574565],[-74.100333,40.577267],[-74.103403,40.578615],[-74.10647,40.577261],[-74.106465,40.57456],[-74.103395,40.573212],[-74.100329,40.574565]]]},"properties":{"t":"All other types","n":246,"q":3}},{"type":"Feature","geometry":{"type":"Polygon","coordinates":[[[-74.167791,40.558277],[-74.167798,40.560979],[-74.170869,40.562325],[-74.173933,40.56097],[-74.173926,40.558268],[-74.170855,40.556922],[-74.167791,40.558277]]]},"properties":{"t":"All other types","n":425,"q":4}},{"type":"Feature","geometry":{"type":"Polygon","coordinates":[[[-74.238215,40.521681],[-74.238224,40.524383],[-74.241295,40.525727],[-74.244356,40.52437],[-74.244347,40.521668],[-74.241276,40.520324],[-74.238215,40.521681]]]},"properties":{"t":"All other types","n":84,"q":1}},{"type":"Feature","geometry":{"type":"Polygon","coordinates":[[[-74.167832,40.574487],[-74.167838,40.577188],[-74.17091,40.578534],[-74.173975,40.577179],[-74.173968,40.574477],[-74.170896,40.573131],[-74.167832,40.574487]]]},"properties":{"t":"All other types","n":178,"q":3}},{"type":"Feature","geometry":{"type":"Polygon","coordinates":[[[-74.161793,40.615019],[-74.1618,40.61772],[-74.164873,40.619067],[-74.16794,40.617712],[-74.167933,40.61501],[-74.16486,40.613664],[-74.161793,40.615019]]]},"properties":{"t":"All other types","n":271,"q":4}},{"type":"Feature","geometry":{"type":"Polygon","coordinates":[[[-74.091118,40.570521],[-74.091122,40.573222],[-74.094192,40.574571],[-74.097258,40.573217],[-74.097254,40.570516],[-74.094184,40.569167],[-74.091118,40.570521]]]},"properties":{"t":"All other types","n":302,"q":4}},{"type":"Feature","geometry":{"type":"Polygon","coordinates":[[[-74.158694,40.602866],[-74.1587,40.605568],[-74.161774,40.606914],[-74.16484,40.605559],[-74.164833,40.602857],[-74.16176,40.601511],[-74.158694,40.602866]]]},"properties":{"t":"All other types","n":187,"q":3}},{"type":"Feature","geometry":{"type":"Polygon","coordinates":[[[-74.235106,40.50953],[-74.235116,40.512232],[-74.238186,40.513576],[-74.241247,40.512219],[-74.241237,40.509518],[-74.238167,40.508173],[-74.235106,40.50953]]]},"properties":{"t":"All other types","n":194,"q":3}},{"type":"Feature","geometry":{"type":"Polygon","coordinates":[[[-74.241237,40.509518],[-74.241247,40.512219],[-74.244317,40.513563],[-74.247377,40.512206],[-74.247367,40.509504],[-74.244297,40.50816],[-74.241237,40.509518]]]},"properties":{"t":"All other types","n":195,"q":3}},{"type":"Feature","geometry":{"type":"Polygon","coordinates":[[[-74.158713,40.610971],[-74.15872,40.613672],[-74.161793,40.615019],[-74.16486,40.613664],[-74.164853,40.610962],[-74.16178,40.609616],[-74.158713,40.610971]]]},"properties":{"t":"All other types","n":215,"q":3}},{"type":"Feature","geometry":{"type":"Polygon","coordinates":[[[-74.201449,40.529856],[-74.201457,40.532558],[-74.204527,40.533903],[-74.207589,40.532547],[-74.207581,40.529845],[-74.204511,40.5285],[-74.201449,40.529856]]]},"properties":{"t":"All other types","n":197,"q":3}},{"type":"Feature","geometry":{"type":"Polygon","coordinates":[[[-74.112657,40.606973],[-74.112661,40.609674],[-74.115733,40.611022],[-74.118801,40.609668],[-74.118796,40.606967],[-74.115724,40.605619],[-74.112657,40.606973]]]},"properties":{"t":"All other types","n":134,"q":2}},{"type":"Feature","geometry":{"type":"Polygon","coordinates":[[[-74.161617,40.542076],[-74.161623,40.544778],[-74.164693,40.546124],[-74.167757,40.544769],[-74.16775,40.542068],[-74.16468,40.540721],[-74.161617,40.542076]]]},"properties":{"t":"All other types","n":351,"q":4}},{"type":"Feature","geometry":{"type":"Polygon","coordinates":[[[-74.128013,40.611009],[-74.128019,40.613711],[-74.131091,40.615058],[-74.134159,40.613704],[-74.134153,40.611002],[-74.131081,40.609655],[-74.128013,40.611009]]]},"properties":{"t":"All other types","n":234,"q":3}},{"type":"Feature","geometry":{"type":"Polygon","coordinates":[[[-74.100341,40.58267],[-74.100345,40.585372],[-74.103416,40.58672],[-74.106483,40.585366],[-74.106478,40.582665],[-74.103407,40.581317],[-74.100341,40.58267]]]},"properties":{"t":"All other types","n":196,"q":3}},{"type":"Feature","geometry":{"type":"Polygon","coordinates":[[[-74.11884,40.631281],[-74.118844,40.633982],[-74.121918,40.63533],[-74.124986,40.633976],[-74.124981,40.631274],[-74.121908,40.629927],[-74.11884,40.631281]]]},"properties":{"t":"All other types","n":680,"q":4}},{"type":"Feature","geometry":{"type":"Polygon","coordinates":[[[-74.170807,40.538011],[-74.170814,40.540712],[-74.173884,40.542058],[-74.176947,40.540703],[-74.17694,40.538001],[-74.17387,40.536655],[-74.170807,40.538011]]]},"properties":{"t":"All other types","n":99,"q":1}},{"type":"Feature","geometry":{"type":"Polygon","coordinates":[[[-74.100414,40.631298],[-74.100418,40.634],[-74.103491,40.635348],[-74.10656,40.633994],[-74.106556,40.631293],[-74.103483,40.629945],[-74.100414,40.631298]]]},"properties":{"t":"All other types","n":255,"q":4}},{"type":"Feature","geometry":{"type":"Polygon","coordinates":[[[-74.085044,40.619154],[-74.085047,40.621855],[-74.08812,40.623204],[-74.091188,40.62185],[-74.091185,40.619149],[-74.088112,40.617801],[-74.085044,40.619154]]]},"properties":{"t":"All other types","n":197,"q":3}},{"type":"Feature","geometry":{"type":"Polygon","coordinates":[[[-74.198346,40.517704],[-74.198354,40.520406],[-74.201424,40.521752],[-74.204486,40.520395],[-74.204478,40.517694],[-74.201408,40.516348],[-74.198346,40.517704]]]},"properties":{"t":"All other types","n":43,"q":1}},{"type":"Feature","geometry":{"type":"Polygon","coordinates":[[[-74.100304,40.558356],[-74.100308,40.561057],[-74.103378,40.562405],[-74.106444,40.561052],[-74.106439,40.55835],[-74.10337,40.557002],[-74.100304,40.558356]]]},"properties":{"t":"All other types","n":576,"q":4}},{"type":"Feature","geometry":{"type":"Polygon","coordinates":[[[-74.164873,40.619067],[-74.16488,40.621768],[-74.167954,40.623115],[-74.171021,40.621759],[-74.171014,40.619058],[-74.16794,40.617712],[-74.164873,40.619067]]]},"properties":{"t":"All other types","n":136,"q":2}},{"type":"Feature","geometry":{"type":"Polygon","coordinates":[[[-74.091151,40.594835],[-74.091155,40.597536],[-74.094226,40.598885],[-74.097294,40.597531],[-74.09729,40.59483],[-74.094219,40.593482],[-74.091151,40.594835]]]},"properties":{"t":"All other types","n":198,"q":3}},{"type":"Feature","geometry":{"type":"Polygon","coordinates":[[[-74.192331,40.558239],[-74.192339,40.56094],[-74.195411,40.562286],[-74.198475,40.56093],[-74.198467,40.558228],[-74.195395,40.556883],[-74.192331,40.558239]]]},"properties":{"t":"All other types","n":92,"q":1}},{"type":"Feature","geometry":{"type":"Polygon","coordinates":[[[-74.118796,40.606967],[-74.118801,40.609668],[-74.121873,40.611016],[-74.124941,40.609662],[-74.124936,40.60696],[-74.121864,40.605613],[-74.118796,40.606967]]]},"properties":{"t":"All other types","n":177,"q":3}},{"type":"Feature","geometry":{"type":"Polygon","coordinates":[[[-74.155464,40.53398],[-74.15547,40.536682],[-74.15854,40.538028],[-74.161603,40.536673],[-74.161597,40.533972],[-74.158527,40.532625],[-74.155464,40.53398]]]},"properties":{"t":"All other types","n":148,"q":2}},{"type":"Feature","geometry":{"type":"Polygon","coordinates":[[[-74.140293,40.610995],[-74.140299,40.613696],[-74.143372,40.615043],[-74.146439,40.613689],[-74.146433,40.610987],[-74.14336,40.60964],[-74.140293,40.610995]]]},"properties":{"t":"All other types","n":121,"q":2}},{"type":"Feature","geometry":{"type":"Polygon","coordinates":[[[-74.14638,40.586673],[-74.146386,40.589375],[-74.149458,40.590721],[-74.152524,40.589367],[-74.152518,40.586665],[-74.149446,40.585318],[-74.14638,40.586673]]]},"properties":{"t":"All other types","n":214,"q":3}},{"type":"Feature","geometry":{"type":"Polygon","coordinates":[[[-74.244317,40.513563],[-74.244327,40.516265],[-74.247397,40.517609],[-74.250458,40.516252],[-74.250448,40.51355],[-74.247377,40.512206],[-74.244317,40.513563]]]},"properties":{"t":"All other types","n":411,"q":4}},{"type":"Feature","geometry":{"type":"Polygon","coordinates":[[[-74.201473,40.537961],[-74.201481,40.540663],[-74.204552,40.542008],[-74.207615,40.540652],[-74.207606,40.53795],[-74.204535,40.536605],[-74.201473,40.537961]]]},"properties":{"t":"All other types","n":189,"q":3}},{"type":"Feature","geometry":{"type":"Polygon","coordinates":[[[-74.09729,40.59483],[-74.097294,40.597531],[-74.100365,40.598879],[-74.103433,40.597526],[-74.103428,40.594824],[-74.100357,40.593476],[-74.09729,40.59483]]]},"properties":{"t":"All other types","n":189,"q":3}},{"type":"Feature","geometry":{"type":"Polygon","coordinates":[[[-74.115762,40.627232],[-74.115766,40.629933],[-74.11884,40.631281],[-74.121908,40.629927],[-74.121903,40.627225],[-74.11883,40.625878],[-74.115762,40.627232]]]},"properties":{"t":"All other types","n":317,"q":4}},{"type":"Feature","geometry":{"type":"Polygon","coordinates":[[[-74.106439,40.55835],[-74.106444,40.561052],[-74.109514,40.5624],[-74.112579,40.561046],[-74.112575,40.558344],[-74.109505,40.556997],[-74.106439,40.55835]]]},"properties":{"t":"All other types","n":253,"q":4}},{"type":"Feature","geometry":{"type":"Polygon","coordinates":[[[-74.12792,40.562381],[-74.127925,40.565082],[-74.130996,40.56643],[-74.134061,40.565075],[-74.134056,40.562374],[-74.130985,40.561027],[-74.12792,40.562381]]]},"properties":{"t":"All other types","n":178,"q":3}},{"type":"Feature","geometry":{"type":"Polygon","coordinates":[[[-74.143372,40.615043],[-74.143378,40.617745],[-74.146451,40.619092],[-74.149518,40.617737],[-74.149512,40.615035],[-74.146439,40.613689],[-74.143372,40.615043]]]},"properties":{"t":"All other types","n":236,"q":3}},{"type":"Feature","geometry":{"type":"Polygon","coordinates":[[[-74.109633,40.635342],[-74.109638,40.638044],[-74.112711,40.639392],[-74.11578,40.638038],[-74.115776,40.635336],[-74.112702,40.633988],[-74.109633,40.635342]]]},"properties":{"t":"All other types","n":363,"q":4}},{"type":"Feature","geometry":{"type":"Polygon","coordinates":[[[-74.112602,40.574554],[-74.112606,40.577256],[-74.115677,40.578603],[-74.118743,40.577249],[-74.118739,40.574548],[-74.115668,40.5732],[-74.112602,40.574554]]]},"properties":{"t":"All other types","n":226,"q":3}},{"type":"Feature","geometry":{"type":"Polygon","coordinates":[[[-74.12806,40.635323],[-74.128065,40.638025],[-74.131139,40.639372],[-74.134208,40.638018],[-74.134202,40.635316],[-74.131129,40.633969],[-74.12806,40.635323]]]},"properties":{"t":"All other types","n":653,"q":4}},{"type":"Feature","geometry":{"type":"Polygon","coordinates":[[[-74.078903,40.619158],[-74.078906,40.62186],[-74.081978,40.623208],[-74.085047,40.621855],[-74.085044,40.619154],[-74.081972,40.617805],[-74.078903,40.619158]]]},"properties":{"t":"All other types","n":568,"q":4}},{"type":"Feature","geometry":{"type":"Polygon","coordinates":[[[-74.155502,40.55019],[-74.155508,40.552891],[-74.158579,40.554238],[-74.161643,40.552883],[-74.161636,40.550181],[-74.158566,40.548835],[-74.155502,40.55019]]]},"properties":{"t":"All other types","n":197,"q":3}},{"type":"Feature","geometry":{"type":"Polygon","coordinates":[[[-74.060474,40.611064],[-74.060476,40.613766],[-74.063547,40.615115],[-74.066616,40.613763],[-74.066614,40.611061],[-74.063542,40.609712],[-74.060474,40.611064]]]},"properties":{"t":"All other types","n":381,"q":4}},{"type":"Feature","geometry":{"type":"Polygon","coordinates":[[[-74.137282,40.639365],[-74.137287,40.642066],[-74.140362,40.643413],[-74.14343,40.642059],[-74.143424,40.639357],[-74.14035,40.63801],[-74.137282,40.639365]]]},"properties":{"t":"All other types","n":78,"q":1}},{"type":"Feature","geometry":{"type":"Polygon","coordinates":[[[-74.158752,40.62718],[-74.158758,40.629882],[-74.161832,40.631228],[-74.1649,40.629873],[-74.164893,40.627172],[-74.161819,40.625825],[-74.158752,40.62718]]]},"properties":{"t":"All other types","n":279,"q":4}},{"type":"Feature","geometry":{"type":"Polygon","coordinates":[[[-74.146274,40.538045],[-74.146279,40.540746],[-74.149349,40.542093],[-74.152413,40.540738],[-74.152407,40.538037],[-74.149337,40.53669],[-74.146274,40.538045]]]},"properties":{"t":"All other types","n":241,"q":3}},{"type":"Feature","geometry":{"type":"Polygon","coordinates":[[[-74.149458,40.590721],[-74.149464,40.593423],[-74.152536,40.59477],[-74.155602,40.593415],[-74.155596,40.590713],[-74.152524,40.589367],[-74.149458,40.590721]]]},"properties":{"t":"All other types","n":208,"q":3}},{"type":"Feature","geometry":{"type":"Polygon","coordinates":[[[-74.204527,40.533903],[-74.204535,40.536605],[-74.207606,40.53795],[-74.210669,40.536594],[-74.21066,40.533892],[-74.207589,40.532547],[-74.204527,40.533903]]]},"properties":{"t":"All other types","n":170,"q":3}},{"type":"Feature","geometry":{"type":"Polygon","coordinates":[[[-74.161597,40.533972],[-74.161603,40.536673],[-74.164673,40.53802],[-74.167737,40.536664],[-74.16773,40.533963],[-74.16466,40.532617],[-74.161597,40.533972]]]},"properties":{"t":"All other types","n":126,"q":2}},{"type":"Feature","geometry":{"type":"Polygon","coordinates":[[[-74.100377,40.606984],[-74.100381,40.609686],[-74.103453,40.611034],[-74.106521,40.60968],[-74.106517,40.606979],[-74.103445,40.605631],[-74.100377,40.606984]]]},"properties":{"t":"All other types","n":62,"q":1}},{"type":"Feature","geometry":{"type":"Polygon","coordinates":[[[-74.078922,40.635367],[-74.078925,40.638069],[-74.081998,40.639418],[-74.085068,40.638065],[-74.085064,40.635363],[-74.081992,40.634014],[-74.078922,40.635367]]]},"properties":{"t":"All other types","n":613,"q":4}},{"type":"Feature","geometry":{"type":"Polygon","coordinates":[[[-74.085075,40.643468],[-74.085078,40.646169],[-74.088152,40.647518],[-74.091221,40.646165],[-74.091218,40.643463],[-74.088145,40.642115],[-74.085075,40.643468]]]},"properties":{"t":"All other types","n":415,"q":4}},{"type":"Feature","geometry":{"type":"Polygon","coordinates":[[[-74.207657,40.55416],[-74.207665,40.556861],[-74.210737,40.558206],[-74.2138,40.55685],[-74.213791,40.554148],[-74.21072,40.552803],[-74.207657,40.55416]]]},"properties":{"t":"All other types","n":62,"q":1}},{"type":"Feature","geometry":{"type":"Polygon","coordinates":[[[-74.07278,40.635371],[-74.072783,40.638073],[-74.075856,40.639422],[-74.078925,40.638069],[-74.078922,40.635367],[-74.07585,40.634019],[-74.07278,40.635371]]]},"properties":{"t":"All other types","n":1255,"q":4}},{"type":"Feature","geometry":{"type":"Polygon","coordinates":[[[-74.180061,40.558258],[-74.180068,40.56096],[-74.18314,40.562306],[-74.186204,40.56095],[-74.186196,40.558249],[-74.183125,40.556903],[-74.180061,40.558258]]]},"properties":{"t":"All other types","n":127,"q":2}},{"type":"Feature","geometry":{"type":"Polygon","coordinates":[[[-74.198442,40.550123],[-74.19845,40.552825],[-74.201522,40.55417],[-74.204585,40.552814],[-74.204577,40.550113],[-74.201506,40.548767],[-74.198442,40.550123]]]},"properties":{"t":"All other types","n":135,"q":2}},{"type":"Feature","geometry":{"type":"Polygon","coordinates":[[[-74.131012,40.574534],[-74.131017,40.577236],[-74.134088,40.578583],[-74.137154,40.577229],[-74.137148,40.574527],[-74.134077,40.57318],[-74.131012,40.574534]]]},"properties":{"t":"All other types","n":51,"q":1}},{"type":"Feature","geometry":{"type":"Polygon","coordinates":[[[-74.219846,40.529822],[-74.219855,40.532524],[-74.222926,40.533869],[-74.225988,40.532512],[-74.225979,40.529811],[-74.222908,40.528466],[-74.219846,40.529822]]]},"properties":{"t":"All other types","n":78,"q":1}},{"type":"Feature","geometry":{"type":"Polygon","coordinates":[[[-74.173842,40.525849],[-74.173849,40.528551],[-74.176918,40.529897],[-74.179981,40.528541],[-74.179974,40.52584],[-74.176904,40.524494],[-74.173842,40.525849]]]},"properties":{"t":"All other types","n":111,"q":2}},{"type":"Feature","geometry":{"type":"Polygon","coordinates":[[[-74.2014,40.513647],[-74.201408,40.516348],[-74.204478,40.517694],[-74.207539,40.516337],[-74.207531,40.513636],[-74.204461,40.512291],[-74.2014,40.513647]]]},"properties":{"t":"All other types","n":80,"q":1}},{"type":"Feature","geometry":{"type":"Polygon","coordinates":[[[-74.183118,40.554201],[-74.183125,40.556903],[-74.186196,40.558249],[-74.18926,40.556893],[-74.189252,40.554191],[-74.186181,40.552846],[-74.183118,40.554201]]]},"properties":{"t":"All other types","n":49,"q":1}},{"type":"Feature","geometry":{"type":"Polygon","coordinates":[[[-74.152518,40.586665],[-74.152524,40.589367],[-74.155596,40.590713],[-74.158662,40.589358],[-74.158656,40.586657],[-74.155584,40.58531],[-74.152518,40.586665]]]},"properties":{"t":"All other types","n":264,"q":4}},{"type":"Feature","geometry":{"type":"Polygon","coordinates":[[[-74.195387,40.554181],[-74.195395,40.556883],[-74.198467,40.558228],[-74.20153,40.556872],[-74.201522,40.55417],[-74.19845,40.552825],[-74.195387,40.554181]]]},"properties":{"t":"All other types","n":173,"q":3}},{"type":"Feature","geometry":{"type":"Polygon","coordinates":[[[-74.146327,40.562359],[-74.146333,40.56506],[-74.149404,40.566407],[-74.152468,40.565052],[-74.152462,40.562351],[-74.149392,40.561004],[-74.146327,40.562359]]]},"properties":{"t":"All other types","n":131,"q":2}},{"type":"Feature","geometry":{"type":"Polygon","coordinates":[[[-74.121785,40.562387],[-74.12179,40.565089],[-74.12486,40.566437],[-74.127925,40.565082],[-74.12792,40.562381],[-74.12485,40.561033],[-74.121785,40.562387]]]},"properties":{"t":"All other types","n":134,"q":2}},{"type":"Feature","geometry":{"type":"Polygon","coordinates":[[[-74.164853,40.610962],[-74.16486,40.613664],[-74.167933,40.61501],[-74.171,40.613655],[-74.170993,40.610953],[-74.16792,40.609607],[-74.164853,40.610962]]]},"properties":{"t":"All other types","n":260,"q":4}},{"type":"Feature","geometry":{"type":"Polygon","coordinates":[[[-74.189229,40.546087],[-74.189237,40.548788],[-74.192308,40.550134],[-74.195371,40.548778],[-74.195363,40.546076],[-74.192293,40.544731],[-74.189229,40.546087]]]},"properties":{"t":"All other types","n":255,"q":4}},{"type":"Feature","geometry":{"type":"Polygon","coordinates":[[[-74.097254,40.570516],[-74.097258,40.573217],[-74.100329,40.574565],[-74.103395,40.573212],[-74.103391,40.57051],[-74.100321,40.569162],[-74.097254,40.570516]]]},"properties":{"t":"All other types","n":166,"q":2}},{"type":"Feature","geometry":{"type":"Polygon","coordinates":[[[-74.192261,40.533924],[-74.192269,40.536626],[-74.19534,40.537972],[-74.198402,40.536616],[-74.198394,40.533914],[-74.195324,40.532568],[-74.192261,40.533924]]]},"properties":{"t":"All other types","n":803,"q":4}},{"type":"Feature","geometry":{"type":"Polygon","coordinates":[[[-74.13098,40.558325],[-74.130985,40.561027],[-74.134056,40.562374],[-74.137121,40.561019],[-74.137115,40.558318],[-74.134045,40.556971],[-74.13098,40.558325]]]},"properties":{"t":"All other types","n":114,"q":2}},{"type":"Feature","geometry":{"type":"Polygon","coordinates":[[[-74.216767,40.525776],[-74.216775,40.528478],[-74.219846,40.529822],[-74.222908,40.528466],[-74.222899,40.525764],[-74.219828,40.524419],[-74.216767,40.525776]]]},"properties":{"t":"All other types","n":37,"q":1}},{"type":"Feature","geometry":{"type":"Polygon","coordinates":[[[-74.097313,40.611039],[-74.097317,40.613741],[-74.10039,40.615089],[-74.103458,40.613735],[-74.103453,40.611034],[-74.100381,40.609686],[-74.097313,40.611039]]]},"properties":{"t":"All other types","n":340,"q":4}},{"type":"Feature","geometry":{"type":"Polygon","coordinates":[[[-74.091173,40.611044],[-74.091177,40.613746],[-74.094249,40.615094],[-74.097317,40.613741],[-74.097313,40.611039],[-74.094242,40.609691],[-74.091173,40.611044]]]},"properties":{"t":"All other types","n":37,"q":1}},{"type":"Feature","geometry":{"type":"Polygon","coordinates":[[[-74.075819,40.607003],[-74.075822,40.609705],[-74.078894,40.611053],[-74.081962,40.6097],[-74.081959,40.606999],[-74.078887,40.60565],[-74.075819,40.607003]]]},"properties":{"t":"All other types","n":165,"q":2}},{"type":"Feature","geometry":{"type":"Polygon","coordinates":[[[-74.161656,40.558286],[-74.161662,40.560987],[-74.164733,40.562334],[-74.167798,40.560979],[-74.167791,40.558277],[-74.16472,40.556931],[-74.161656,40.558286]]]},"properties":{"t":"All other types","n":211,"q":3}},{"type":"Feature","geometry":{"type":"Polygon","coordinates":[[[-74.134137,40.602897],[-74.134143,40.605599],[-74.137215,40.606946],[-74.140282,40.605592],[-74.140276,40.60289],[-74.137204,40.601543],[-74.134137,40.602897]]]},"properties":{"t":"All other types","n":309,"q":4}},{"type":"Feature","geometry":{"type":"Polygon","coordinates":[[[-74.094215,40.59078],[-74.094219,40.593482],[-74.09729,40.59483],[-74.100357,40.593476],[-74.100353,40.590775],[-74.097282,40.589427],[-74.094215,40.59078]]]},"properties":{"t":"All other types","n":212,"q":3}},{"type":"Feature","geometry":{"type":"Polygon","coordinates":[[[-74.140276,40.60289],[-74.140282,40.605592],[-74.143355,40.606939],[-74.146422,40.605584],[-74.146416,40.602882],[-74.143343,40.601535],[-74.140276,40.60289]]]},"properties":{"t":"All other types","n":100,"q":2}},{"type":"Feature","geometry":{"type":"Polygon","coordinates":[[[-74.152388,40.529932],[-74.152395,40.532633],[-74.155464,40.53398],[-74.158527,40.532625],[-74.158521,40.529924],[-74.155451,40.528577],[-74.152388,40.529932]]]},"properties":{"t":"All other types","n":60,"q":1}},{"type":"Feature","geometry":{"type":"Polygon","coordinates":[[[-74.228975,40.509543],[-74.228985,40.512244],[-74.232055,40.513589],[-74.235116,40.512232],[-74.235106,40.50953],[-74.232036,40.508186],[-74.228975,40.509543]]]},"properties":{"t":"All other types","n":96,"q":1}},{"type":"Feature","geometry":{"type":"Polygon","coordinates":[[[-74.094192,40.574571],[-74.094196,40.577272],[-74.097266,40.57862],[-74.100333,40.577267],[-74.100329,40.574565],[-74.097258,40.573217],[-74.094192,40.574571]]]},"properties":{"t":"All other types","n":346,"q":4}},{"type":"Feature","geometry":{"type":"Polygon","coordinates":[[[-74.143355,40.606939],[-74.14336,40.60964],[-74.146433,40.610987],[-74.1495,40.609632],[-74.149494,40.606931],[-74.146422,40.605584],[-74.143355,40.606939]]]},"properties":{"t":"All other types","n":162,"q":2}},{"type":"Feature","geometry":{"type":"Polygon","coordinates":[[[-74.13417,40.619107],[-74.134175,40.621808],[-74.137248,40.623156],[-74.140316,40.621801],[-74.14031,40.619099],[-74.137237,40.617752],[-74.13417,40.619107]]]},"properties":{"t":"All other types","n":311,"q":4}},{"type":"Feature","geometry":{"type":"Polygon","coordinates":[[[-74.198418,40.542019],[-74.198426,40.54472],[-74.201497,40.546066],[-74.20456,40.54471],[-74.204552,40.542008],[-74.201481,40.540663],[-74.198418,40.542019]]]},"properties":{"t":"All other types","n":57,"q":1}},{"type":"Feature","geometry":{"type":"Polygon","coordinates":[[[-74.161636,40.550181],[-74.161643,40.552883],[-74.164713,40.554229],[-74.167777,40.552874],[-74.167771,40.550172],[-74.1647,40.548826],[-74.161636,40.550181]]]},"properties":{"t":"All other types","n":197,"q":3}},{"type":"Feature","geometry":{"type":"Polygon","coordinates":[[[-74.08812,40.623204],[-74.088123,40.625905],[-74.091196,40.627254],[-74.094264,40.6259],[-74.094261,40.623199],[-74.091188,40.62185],[-74.08812,40.623204]]]},"properties":{"t":"All other types","n":229,"q":3}},{"type":"Feature","geometry":{"type":"Polygon","coordinates":[[[-74.088109,40.615099],[-74.088112,40.617801],[-74.091185,40.619149],[-74.094253,40.617796],[-74.094249,40.615094],[-74.091177,40.613746],[-74.088109,40.615099]]]},"properties":{"t":"All other types","n":110,"q":2}},{"type":"Feature","geometry":{"type":"Polygon","coordinates":[[[-74.069671,40.598902],[-74.069674,40.601604],[-74.072745,40.602953],[-74.075813,40.6016],[-74.07581,40.598898],[-74.072739,40.59755],[-74.069671,40.598902]]]},"properties":{"t":"All other types","n":139,"q":2}},{"type":"Feature","geometry":{"type":"Polygon","coordinates":[[[-74.060466,40.60296],[-74.060469,40.605661],[-74.06354,40.60701],[-74.066608,40.605658],[-74.066605,40.602956],[-74.063535,40.601607],[-74.060466,40.60296]]]},"properties":{"t":"All other types","n":102,"q":2}},{"type":"Feature","geometry":{"type":"Polygon","coordinates":[[[-74.146469,40.627196],[-74.146475,40.629898],[-74.149549,40.631245],[-74.152617,40.62989],[-74.15261,40.627188],[-74.149537,40.625842],[-74.146469,40.627196]]]},"properties":{"t":"All other types","n":294,"q":4}},{"type":"Feature","geometry":{"type":"Polygon","coordinates":[[[-74.180017,40.542049],[-74.180025,40.544751],[-74.183095,40.546097],[-74.186159,40.544741],[-74.186151,40.542039],[-74.183081,40.540693],[-74.180017,40.542049]]]},"properties":{"t":"All other types","n":129,"q":2}},{"type":"Feature","geometry":{"type":"Polygon","coordinates":[[[-74.06354,40.60701],[-74.063542,40.609712],[-74.066614,40.611061],[-74.069682,40.609708],[-74.069679,40.607007],[-74.066608,40.605658],[-74.06354,40.60701]]]},"properties":{"t":"All other types","n":313,"q":4}},{"type":"Feature","geometry":{"type":"Polygon","coordinates":[[[-74.112698,40.631287],[-74.112702,40.633988],[-74.115776,40.635336],[-74.118844,40.633982],[-74.11884,40.631281],[-74.115766,40.629933],[-74.112698,40.631287]]]},"properties":{"t":"All other types","n":434,"q":4}},{"type":"Feature","geometry":{"type":"Polygon","coordinates":[[[-74.149331,40.533988],[-74.149337,40.53669],[-74.152407,40.538037],[-74.15547,40.536682],[-74.155464,40.53398],[-74.152395,40.532633],[-74.149331,40.533988]]]},"properties":{"t":"All other types","n":208,"q":3}},{"type":"Feature","geometry":{"type":"Polygon","coordinates":[[[-74.130964,40.55022],[-74.130969,40.552922],[-74.134039,40.554269],[-74.137104,40.552915],[-74.137099,40.550213],[-74.134029,40.548866],[-74.130964,40.55022]]]},"properties":{"t":"All other types","n":145,"q":2}},{"type":"Feature","geometry":{"type":"Polygon","coordinates":[[[-74.176983,40.554211],[-74.17699,40.556912],[-74.180061,40.558258],[-74.183125,40.556903],[-74.183118,40.554201],[-74.180047,40.552855],[-74.176983,40.554211]]]},"properties":{"t":"All other types","n":433,"q":4}},{"type":"Feature","geometry":{"type":"Polygon","coordinates":[[[-74.075837,40.623212],[-74.07584,40.625914],[-74.078913,40.627263],[-74.081982,40.62591],[-74.081978,40.623208],[-74.078906,40.62186],[-74.075837,40.623212]]]},"properties":{"t":"All other types","n":497,"q":4}},{"type":"Feature","geometry":{"type":"Polygon","coordinates":[[[-74.210711,40.550102],[-74.21072,40.552803],[-74.213791,40.554148],[-74.216854,40.552792],[-74.216846,40.55009],[-74.213774,40.548745],[-74.210711,40.550102]]]},"properties":{"t":"All other types","n":166,"q":2}},{"type":"Feature","geometry":{"type":"Polygon","coordinates":[[[-74.134023,40.546164],[-74.134029,40.548866],[-74.137099,40.550213],[-74.140163,40.548859],[-74.140157,40.546157],[-74.137087,40.54481],[-74.134023,40.546164]]]},"properties":{"t":"All other types","n":72,"q":1}},{"type":"Feature","geometry":{"type":"Polygon","coordinates":[[[-74.115776,40.635336],[-74.11578,40.638038],[-74.118854,40.639385],[-74.121923,40.638031],[-74.121918,40.63533],[-74.118844,40.633982],[-74.115776,40.635336]]]},"properties":{"t":"All other types","n":484,"q":4}},{"type":"Feature","geometry":{"type":"Polygon","coordinates":[[[-74.167995,40.639324],[-74.168001,40.642026],[-74.171076,40.643372],[-74.174144,40.642017],[-74.174137,40.639315],[-74.171063,40.637969],[-74.167995,40.639324]]]},"properties":{"t":"All other types","n":319,"q":4}},{"type":"Feature","geometry":{"type":"Polygon","coordinates":[[[-74.078855,40.578634],[-74.078858,40.581336],[-74.081929,40.582685],[-74.084996,40.581332],[-74.084992,40.57863],[-74.081922,40.577282],[-74.078855,40.578634]]]},"properties":{"t":"All other types","n":102,"q":2}},{"type":"Feature","geometry":{"type":"Polygon","coordinates":[[[-74.115663,40.570499],[-74.115668,40.5732],[-74.118739,40.574548],[-74.121804,40.573194],[-74.1218,40.570492],[-74.118729,40.569145],[-74.115663,40.570499]]]},"properties":{"t":"All other types","n":261,"q":4}},{"type":"Feature","geometry":{"type":"Polygon","coordinates":[[[-74.038981,40.607021],[-74.038983,40.609723],[-74.042054,40.611073],[-74.045123,40.609721],[-74.045121,40.607019],[-74.04205,40.60567],[-74.038981,40.607021]]]},"properties":{"t":"All other types","n":6,"q":0}},{"type":"Feature","geometry":{"type":"Polygon","coordinates":[[[-74.081998,40.639418],[-74.082002,40.642119],[-74.085075,40.643468],[-74.088145,40.642115],[-74.088141,40.639413],[-74.085068,40.638065],[-74.081998,40.639418]]]},"properties":{"t":"All other types","n":988,"q":4}},{"type":"Feature","geometry":{"type":"Polygon","coordinates":[[[-74.072736,40.594848],[-74.072739,40.59755],[-74.07581,40.598898],[-74.078878,40.597545],[-74.078874,40.594844],[-74.075804,40.593495],[-74.072736,40.594848]]]},"properties":{"t":"All other types","n":192,"q":3}},{"type":"Feature","geometry":{"type":"Polygon","coordinates":[[[-74.08813,40.631308],[-74.088134,40.63401],[-74.091207,40.635358],[-74.094276,40.634005],[-74.094272,40.631303],[-74.091199,40.629955],[-74.08813,40.631308]]]},"properties":{"t":"All other types","n":235,"q":3}},{"type":"Feature","geometry":{"type":"Polygon","coordinates":[[[-74.189184,40.529877],[-74.189191,40.532579],[-74.192261,40.533924],[-74.195324,40.532568],[-74.195316,40.529867],[-74.192246,40.528521],[-74.189184,40.529877]]]},"properties":{"t":"All other types","n":371,"q":4}},{"type":"Feature","geometry":{"type":"Polygon","coordinates":[[[-74.085003,40.586735],[-74.085006,40.589436],[-74.088077,40.590785],[-74.091144,40.589432],[-74.09114,40.58673],[-74.08807,40.585382],[-74.085003,40.586735]]]},"properties":{"t":"All other types","n":220,"q":3}},{"type":"Feature","geometry":{"type":"Polygon","coordinates":[[[-74.072762,40.619162],[-74.072765,40.621864],[-74.075837,40.623212],[-74.078906,40.62186],[-74.078903,40.619158],[-74.075831,40.617809],[-74.072762,40.619162]]]},"properties":{"t":"All other types","n":197,"q":3}},{"type":"Feature","geometry":{"type":"Polygon","coordinates":[[[-74.10962,40.627238],[-74.109625,40.629939],[-74.112698,40.631287],[-74.115766,40.629933],[-74.115762,40.627232],[-74.112689,40.625884],[-74.10962,40.627238]]]},"properties":{"t":"All other types","n":202,"q":3}},{"type":"Feature","geometry":{"type":"Polygon","coordinates":[[[-74.094284,40.639408],[-74.094287,40.64211],[-74.097361,40.643458],[-74.10043,40.642105],[-74.100426,40.639403],[-74.097353,40.638055],[-74.094284,40.639408]]]},"properties":{"t":"All other types","n":153,"q":2}},{"type":"Feature","geometry":{"type":"Polygon","coordinates":[[[-74.158733,40.619075],[-74.158739,40.621777],[-74.161813,40.623124],[-74.16488,40.621768],[-74.164873,40.619067],[-74.1618,40.61772],[-74.158733,40.619075]]]},"properties":{"t":"All other types","n":244,"q":3}},{"type":"Feature","geometry":{"type":"Polygon","coordinates":[[[-74.186083,40.517725],[-74.186091,40.520427],[-74.189161,40.521772],[-74.192223,40.520416],[-74.192215,40.517715],[-74.189145,40.516369],[-74.186083,40.517725]]]},"properties":{"t":"All other types","n":85,"q":1}},{"type":"Feature","geometry":{"type":"Polygon","coordinates":[[[-74.081988,40.631313],[-74.081992,40.634014],[-74.085064,40.635363],[-74.088134,40.63401],[-74.08813,40.631308],[-74.085058,40.62996],[-74.081988,40.631313]]]},"properties":{"t":"All other types","n":375,"q":4}},{"type":"Feature","geometry":{"type":"Polygon","coordinates":[[[-74.066605,40.602956],[-74.066608,40.605658],[-74.069679,40.607007],[-74.072748,40.605654],[-74.072745,40.602953],[-74.069674,40.601604],[-74.066605,40.602956]]]},"properties":{"t":"All other types","n":171,"q":3}},{"type":"Feature","geometry":{"type":"Polygon","coordinates":[[[-74.085023,40.602944],[-74.085027,40.605646],[-74.088098,40.606994],[-74.091166,40.605641],[-74.091162,40.60294],[-74.088091,40.601591],[-74.085023,40.602944]]]},"properties":{"t":"All other types","n":309,"q":4}},{"type":"Feature","geometry":{"type":"Polygon","coordinates":[[[-74.173926,40.558268],[-74.173933,40.56097],[-74.177004,40.562316],[-74.180068,40.56096],[-74.180061,40.558258],[-74.17699,40.556912],[-74.173926,40.558268]]]},"properties":{"t":"All other types","n":299,"q":4}},{"type":"Feature","geometry":{"type":"Polygon","coordinates":[[[-74.131075,40.606953],[-74.131081,40.609655],[-74.134153,40.611002],[-74.137221,40.609648],[-74.137215,40.606946],[-74.134143,40.605599],[-74.131075,40.606953]]]},"properties":{"t":"All other types","n":225,"q":3}},{"type":"Feature","geometry":{"type":"Polygon","coordinates":[[[-74.109607,40.619133],[-74.109611,40.621834],[-74.112684,40.623182],[-74.115752,40.621828],[-74.115748,40.619127],[-74.112675,40.617779],[-74.109607,40.619133]]]},"properties":{"t":"All other types","n":47,"q":1}},{"type":"Feature","geometry":{"type":"Polygon","coordinates":[[[-74.128045,40.627218],[-74.12805,40.62992],[-74.131123,40.631267],[-74.134191,40.629913],[-74.134186,40.627211],[-74.131113,40.625864],[-74.128045,40.627218]]]},"properties":{"t":"All other types","n":374,"q":4}},{"type":"Feature","geometry":{"type":"Polygon","coordinates":[[[-74.155483,40.542085],[-74.155489,40.544786],[-74.158559,40.546133],[-74.161623,40.544778],[-74.161617,40.542076],[-74.158547,40.54073],[-74.155483,40.542085]]]},"properties":{"t":"All other types","n":169,"q":3}},{"type":"Feature","geometry":{"type":"Polygon","coordinates":[[[-74.155521,40.558294],[-74.155527,40.560996],[-74.158598,40.562343],[-74.161662,40.560987],[-74.161656,40.558286],[-74.158585,40.556939],[-74.155521,40.558294]]]},"properties":{"t":"All other types","n":219,"q":3}},{"type":"Feature","geometry":{"type":"Polygon","coordinates":[[[-74.127951,40.57859],[-74.127956,40.581292],[-74.131028,40.582639],[-74.134094,40.581285],[-74.134088,40.578583],[-74.131017,40.577236],[-74.127951,40.57859]]]},"properties":{"t":"All other types","n":36,"q":1}},{"type":"Feature","geometry":{"type":"Polygon","coordinates":[[[-74.183073,40.537992],[-74.183081,40.540693],[-74.186151,40.542039],[-74.189214,40.540683],[-74.189206,40.537982],[-74.186136,40.536636],[-74.183073,40.537992]]]},"properties":{"t":"All other types","n":159,"q":2}},{"type":"Feature","geometry":{"type":"Polygon","coordinates":[[[-74.066646,40.64348],[-74.066649,40.646181],[-74.069722,40.64753],[-74.072792,40.646178],[-74.072789,40.643476],[-74.069716,40.642127],[-74.066646,40.64348]]]},"properties":{"t":"All other types","n":15,"q":0}},{"type":"Feature","geometry":{"type":"Polygon","coordinates":[[[-74.174053,40.606896],[-74.17406,40.609598],[-74.177133,40.610944],[-74.1802,40.609588],[-74.180192,40.606887],[-74.177119,40.605541],[-74.174053,40.606896]]]},"properties":{"t":"All other types","n":46,"q":1}},{"type":"Feature","geometry":{"type":"Polygon","coordinates":[[[-74.235078,40.501426],[-74.235087,40.504127],[-74.238157,40.505472],[-74.241217,40.504114],[-74.241208,40.501413],[-74.238138,40.500068],[-74.235078,40.501426]]]},"properties":{"t":"All other types","n":124,"q":2}},{"type":"Feature","geometry":{"type":"Polygon","coordinates":[[[-74.173863,40.533954],[-74.17387,40.536655],[-74.17694,40.538001],[-74.180003,40.536646],[-74.179996,40.533944],[-74.176926,40.532598],[-74.173863,40.533954]]]},"properties":{"t":"All other types","n":77,"q":1}},{"type":"Feature","geometry":{"type":"Polygon","coordinates":[[[-74.186129,40.533935],[-74.186136,40.536636],[-74.189206,40.537982],[-74.192269,40.536626],[-74.192261,40.533924],[-74.189191,40.532579],[-74.186129,40.533935]]]},"properties":{"t":"All other types","n":145,"q":2}},{"type":"Feature","geometry":{"type":"Polygon","coordinates":[[[-74.149549,40.631245],[-74.149555,40.633946],[-74.152629,40.635293],[-74.155697,40.633938],[-74.155691,40.631237],[-74.152617,40.62989],[-74.149549,40.631245]]]},"properties":{"t":"All other types","n":371,"q":4}},{"type":"Feature","geometry":{"type":"Polygon","coordinates":[[[-74.115677,40.578603],[-74.115682,40.581305],[-74.118753,40.582652],[-74.121819,40.581298],[-74.121814,40.578597],[-74.118743,40.577249],[-74.115677,40.578603]]]},"properties":{"t":"All other types","n":61,"q":1}},{"type":"Feature","geometry":{"type":"Polygon","coordinates":[[[-74.19837,40.525809],[-74.198378,40.528511],[-74.201449,40.529856],[-74.204511,40.5285],[-74.204502,40.525798],[-74.201432,40.524453],[-74.19837,40.525809]]]},"properties":{"t":"All other types","n":135,"q":2}},{"type":"Feature","geometry":{"type":"Polygon","coordinates":[[[-74.137248,40.623156],[-74.137254,40.625857],[-74.140327,40.627204],[-74.143395,40.62585],[-74.143389,40.623148],[-74.140316,40.621801],[-74.137248,40.623156]]]},"properties":{"t":"All other types","n":206,"q":3}},{"type":"Feature","geometry":{"type":"Polygon","coordinates":[[[-74.152407,40.538037],[-74.152413,40.540738],[-74.155483,40.542085],[-74.158547,40.54073],[-74.15854,40.538028],[-74.15547,40.536682],[-74.152407,40.538037]]]},"properties":{"t":"All other types","n":180,"q":3}},{"type":"Feature","geometry":{"type":"Polygon","coordinates":[[[-74.158521,40.529924],[-74.158527,40.532625],[-74.161597,40.533972],[-74.16466,40.532617],[-74.164653,40.529915],[-74.161584,40.528568],[-74.158521,40.529924]]]},"properties":{"t":"All other types","n":138,"q":2}},{"type":"Feature","geometry":{"type":"Polygon","coordinates":[[[-74.097266,40.57862],[-74.09727,40.581322],[-74.100341,40.58267],[-74.103407,40.581317],[-74.103403,40.578615],[-74.100333,40.577267],[-74.097266,40.57862]]]},"properties":{"t":"All other types","n":356,"q":4}},{"type":"Feature","geometry":{"type":"Polygon","coordinates":[[[-74.143389,40.623148],[-74.143395,40.62585],[-74.146469,40.627196],[-74.149537,40.625842],[-74.149531,40.62314],[-74.146457,40.621793],[-74.143389,40.623148]]]},"properties":{"t":"All other types","n":288,"q":4}},{"type":"Feature","geometry":{"type":"Polygon","coordinates":[[[-74.247337,40.5014],[-74.247347,40.504101],[-74.250418,40.505445],[-74.253478,40.504088],[-74.253467,40.501386],[-74.250397,40.500042],[-74.247337,40.5014]]]},"properties":{"t":"All other types","n":416,"q":4}},{"type":"Feature","geometry":{"type":"Polygon","coordinates":[[[-74.186287,40.590668],[-74.186294,40.593369],[-74.189367,40.594715],[-74.192433,40.593359],[-74.192425,40.590657],[-74.189352,40.589312],[-74.186287,40.590668]]]},"properties":{"t":"All other types","n":242,"q":3}},{"type":"Feature","geometry":{"type":"Polygon","coordinates":[[[-74.088055,40.574575],[-74.088059,40.577277],[-74.091129,40.578625],[-74.094196,40.577272],[-74.094192,40.574571],[-74.091122,40.573222],[-74.088055,40.574575]]]},"properties":{"t":"All other types","n":150,"q":2}},{"type":"Feature","geometry":{"type":"Polygon","coordinates":[[[-74.15261,40.627188],[-74.152617,40.62989],[-74.155691,40.631237],[-74.158758,40.629882],[-74.158752,40.62718],[-74.155678,40.625834],[-74.15261,40.627188]]]},"properties":{"t":"All other types","n":280,"q":4}},{"type":"Feature","geometry":{"type":"Polygon","coordinates":[[[-74.155653,40.615027],[-74.155659,40.617729],[-74.158733,40.619075],[-74.1618,40.61772],[-74.161793,40.615019],[-74.15872,40.613672],[-74.155653,40.615027]]]},"properties":{"t":"All other types","n":314,"q":4}},{"type":"Feature","geometry":{"type":"Polygon","coordinates":[[[-74.088066,40.58268],[-74.08807,40.585382],[-74.09114,40.58673],[-74.094207,40.585377],[-74.094203,40.582675],[-74.091133,40.581327],[-74.088066,40.58268]]]},"properties":{"t":"All other types","n":204,"q":3}},{"type":"Feature","geometry":{"type":"Polygon","coordinates":[[[-74.112711,40.639392],[-74.112716,40.642093],[-74.11579,40.643441],[-74.118859,40.642087],[-74.118854,40.639385],[-74.11578,40.638038],[-74.112711,40.639392]]]},"properties":{"t":"All other types","n":353,"q":4}},{"type":"Feature","geometry":{"type":"Polygon","coordinates":[[[-74.204552,40.542008],[-74.20456,40.54471],[-74.207631,40.546055],[-74.210694,40.544698],[-74.210686,40.541997],[-74.207615,40.540652],[-74.204552,40.542008]]]},"properties":{"t":"All other types","n":106,"q":2}},{"type":"Feature","geometry":{"type":"Polygon","coordinates":[[[-74.124936,40.60696],[-74.124941,40.609662],[-74.128013,40.611009],[-74.131081,40.609655],[-74.131075,40.606953],[-74.128003,40.605606],[-74.124936,40.60696]]]},"properties":{"t":"All other types","n":412,"q":4}},{"type":"Feature","geometry":{"type":"Polygon","coordinates":[[[-74.195316,40.529867],[-74.195324,40.532568],[-74.198394,40.533914],[-74.201457,40.532558],[-74.201449,40.529856],[-74.198378,40.528511],[-74.195316,40.529867]]]},"properties":{"t":"All other types","n":102,"q":2}},{"type":"Feature","geometry":{"type":"Polygon","coordinates":[[[-74.075791,40.582689],[-74.075794,40.58539],[-74.078865,40.586739],[-74.081932,40.585386],[-74.081929,40.582685],[-74.078858,40.581336],[-74.075791,40.582689]]]},"properties":{"t":"All other types","n":14,"q":0}},{"type":"Feature","geometry":{"type":"Polygon","coordinates":[[[-74.063524,40.590801],[-74.063527,40.593503],[-74.066597,40.594852],[-74.069665,40.593499],[-74.069662,40.590797],[-74.066592,40.589449],[-74.063524,40.590801]]]},"properties":{"t":"All other types","n":315,"q":4}},{"type":"Feature","geometry":{"type":"Polygon","coordinates":[[[-74.219873,40.537927],[-74.219882,40.540629],[-74.222953,40.541974],[-74.226015,40.540617],[-74.226006,40.537915],[-74.222935,40.536571],[-74.219873,40.537927]]]},"properties":{"t":"All other types","n":184,"q":3}},{"type":"Feature","geometry":{"type":"Polygon","coordinates":[[[-74.088087,40.59889],[-74.088091,40.601591],[-74.091162,40.60294],[-74.09423,40.601586],[-74.094226,40.598885],[-74.091155,40.597536],[-74.088087,40.59889]]]},"properties":{"t":"All other types","n":149,"q":2}},{"type":"Feature","geometry":{"type":"Polygon","coordinates":[[[-74.100353,40.590775],[-74.100357,40.593476],[-74.103428,40.594824],[-74.106495,40.593471],[-74.106491,40.590769],[-74.10342,40.589421],[-74.100353,40.590775]]]},"properties":{"t":"All other types","n":117,"q":2}},{"type":"Feature","geometry":{"type":"Polygon","coordinates":[[[-74.232055,40.513589],[-74.232064,40.51629],[-74.235135,40.517635],[-74.238196,40.516278],[-74.238186,40.513576],[-74.235116,40.512232],[-74.232055,40.513589]]]},"properties":{"t":"All other types","n":138,"q":2}},{"type":"Feature","geometry":{"type":"Polygon","coordinates":[[[-74.075847,40.631317],[-74.07585,40.634019],[-74.078922,40.635367],[-74.081992,40.634014],[-74.081988,40.631313],[-74.078916,40.629964],[-74.075847,40.631317]]]},"properties":{"t":"All other types","n":378,"q":4}},{"type":"Feature","geometry":{"type":"Polygon","coordinates":[[[-74.081919,40.57458],[-74.081922,40.577282],[-74.084992,40.57863],[-74.088059,40.577277],[-74.088055,40.574575],[-74.084985,40.573227],[-74.081919,40.57458]]]},"properties":{"t":"All other types","n":36,"q":1}},{"type":"Feature","geometry":{"type":"Polygon","coordinates":[[[-74.094181,40.566466],[-74.094184,40.569167],[-74.097254,40.570516],[-74.100321,40.569162],[-74.100316,40.566461],[-74.097247,40.565112],[-74.094181,40.566466]]]},"properties":{"t":"All other types","n":9,"q":0}},{"type":"Feature","geometry":{"type":"Polygon","coordinates":[[[-74.121918,40.63533],[-74.121923,40.638031],[-74.124997,40.639379],[-74.128065,40.638025],[-74.12806,40.635323],[-74.124986,40.633976],[-74.121918,40.63533]]]},"properties":{"t":"All other types","n":298,"q":4}},{"type":"Feature","geometry":{"type":"Polygon","coordinates":[[[-74.192285,40.542029],[-74.192293,40.544731],[-74.195363,40.546076],[-74.198426,40.54472],[-74.198418,40.542019],[-74.195348,40.540673],[-74.192285,40.542029]]]},"properties":{"t":"All other types","n":168,"q":3}},{"type":"Feature","geometry":{"type":"Polygon","coordinates":[[[-74.137232,40.615051],[-74.137237,40.617752],[-74.14031,40.619099],[-74.143378,40.617745],[-74.143372,40.615043],[-74.140299,40.613696],[-74.137232,40.615051]]]},"properties":{"t":"All other types","n":191,"q":3}},{"type":"Feature","geometry":{"type":"Polygon","coordinates":[[[-74.164713,40.554229],[-74.16472,40.556931],[-74.167791,40.558277],[-74.170855,40.556922],[-74.170848,40.55422],[-74.167777,40.552874],[-74.164713,40.554229]]]},"properties":{"t":"All other types","n":441,"q":4}},{"type":"Feature","geometry":{"type":"Polygon","coordinates":[[[-74.072745,40.602953],[-74.072748,40.605654],[-74.075819,40.607003],[-74.078887,40.60565],[-74.078884,40.602949],[-74.075813,40.6016],[-74.072745,40.602953]]]},"properties":{"t":"All other types","n":186,"q":3}},{"type":"Feature","geometry":{"type":"Polygon","coordinates":[[[-74.137082,40.542108],[-74.137087,40.54481],[-74.140157,40.546157],[-74.143221,40.544802],[-74.143216,40.542101],[-74.140146,40.540754],[-74.137082,40.542108]]]},"properties":{"t":"All other types","n":89,"q":1}},{"type":"Feature","geometry":{"type":"Polygon","coordinates":[[[-74.143216,40.542101],[-74.143221,40.544802],[-74.146291,40.546149],[-74.149355,40.544795],[-74.149349,40.542093],[-74.146279,40.540746],[-74.143216,40.542101]]]},"properties":{"t":"All other types","n":232,"q":3}},{"type":"Feature","geometry":{"type":"Polygon","coordinates":[[[-74.075828,40.615108],[-74.075831,40.617809],[-74.078903,40.619158],[-74.081972,40.617805],[-74.081968,40.615104],[-74.078897,40.613755],[-74.075828,40.615108]]]},"properties":{"t":"All other types","n":545,"q":4}},{"type":"Feature","geometry":{"type":"Polygon","coordinates":[[[-74.152462,40.562351],[-74.152468,40.565052],[-74.155539,40.566399],[-74.158604,40.565044],[-74.158598,40.562343],[-74.155527,40.560996],[-74.152462,40.562351]]]},"properties":{"t":"All other types","n":166,"q":2}},{"type":"Feature","geometry":{"type":"Polygon","coordinates":[[[-74.124966,40.62317],[-74.124971,40.625871],[-74.128045,40.627218],[-74.131113,40.625864],[-74.131107,40.623163],[-74.128034,40.621815],[-74.124966,40.62317]]]},"properties":{"t":"All other types","n":196,"q":3}},{"type":"Feature","geometry":{"type":"Polygon","coordinates":[[[-74.078884,40.602949],[-74.078887,40.60565],[-74.081959,40.606999],[-74.085027,40.605646],[-74.085023,40.602944],[-74.081952,40.601596],[-74.078884,40.602949]]]},"properties":{"t":"All other types","n":99,"q":1}},{"type":"Feature","geometry":{"type":"Polygon","coordinates":[[[-74.170786,40.529906],[-74.170793,40.532608],[-74.173863,40.533954],[-74.176926,40.532598],[-74.176918,40.529897],[-74.173849,40.528551],[-74.170786,40.529906]]]},"properties":{"t":"All other types","n":48,"q":1}},{"type":"Feature","geometry":{"type":"Polygon","coordinates":[[[-74.232027,40.505484],[-74.232036,40.508186],[-74.235106,40.50953],[-74.238167,40.508173],[-74.238157,40.505472],[-74.235087,40.504127],[-74.232027,40.505484]]]},"properties":{"t":"All other types","n":98,"q":1}},{"type":"Feature","geometry":{"type":"Polygon","coordinates":[[[-74.143302,40.582624],[-74.143308,40.585326],[-74.14638,40.586673],[-74.149446,40.585318],[-74.14944,40.582617],[-74.146368,40.58127],[-74.143302,40.582624]]]},"properties":{"t":"All other types","n":34,"q":1}},{"type":"Feature","geometry":{"type":"Polygon","coordinates":[[[-74.164653,40.529915],[-74.16466,40.532617],[-74.16773,40.533963],[-74.170793,40.532608],[-74.170786,40.529906],[-74.167716,40.52856],[-74.164653,40.529915]]]},"properties":{"t":"All other types","n":136,"q":2}},{"type":"Feature","geometry":{"type":"Polygon","coordinates":[[[-74.072771,40.627267],[-74.072774,40.629968],[-74.075847,40.631317],[-74.078916,40.629964],[-74.078913,40.627263],[-74.07584,40.625914],[-74.072771,40.627267]]]},"properties":{"t":"All other types","n":532,"q":4}},{"type":"Feature","geometry":{"type":"Polygon","coordinates":[[[-74.088098,40.606994],[-74.088102,40.609696],[-74.091173,40.611044],[-74.094242,40.609691],[-74.094238,40.606989],[-74.091166,40.605641],[-74.088098,40.606994]]]},"properties":{"t":"All other types","n":138,"q":2}},{"type":"Feature","geometry":{"type":"Polygon","coordinates":[[[-74.155445,40.525875],[-74.155451,40.528577],[-74.158521,40.529924],[-74.161584,40.528568],[-74.161577,40.525867],[-74.158508,40.52452],[-74.155445,40.525875]]]},"properties":{"t":"All other types","n":46,"q":1}},{"type":"Feature","geometry":{"type":"Polygon","coordinates":[[[-74.158559,40.546133],[-74.158566,40.548835],[-74.161636,40.550181],[-74.1647,40.548826],[-74.164693,40.546124],[-74.161623,40.544778],[-74.158559,40.546133]]]},"properties":{"t":"All other types","n":210,"q":3}},{"type":"Feature","geometry":{"type":"Polygon","coordinates":[[[-74.13106,40.598849],[-74.131065,40.60155],[-74.134137,40.602897],[-74.137204,40.601543],[-74.137198,40.598841],[-74.134126,40.597494],[-74.13106,40.598849]]]},"properties":{"t":"All other types","n":335,"q":4}},{"type":"Feature","geometry":{"type":"Polygon","coordinates":[[[-74.170848,40.55422],[-74.170855,40.556922],[-74.173926,40.558268],[-74.17699,40.556912],[-74.176983,40.554211],[-74.173912,40.552865],[-74.170848,40.55422]]]},"properties":{"t":"All other types","n":346,"q":4}},{"type":"Feature","geometry":{"type":"Polygon","coordinates":[[[-74.078913,40.627263],[-74.078916,40.629964],[-74.081988,40.631313],[-74.085058,40.62996],[-74.085054,40.627258],[-74.081982,40.62591],[-74.078913,40.627263]]]},"properties":{"t":"All other types","n":570,"q":4}},{"type":"Feature","geometry":{"type":"Polygon","coordinates":[[[-74.115719,40.602917],[-74.115724,40.605619],[-74.118796,40.606967],[-74.121864,40.605613],[-74.121859,40.602911],[-74.118787,40.601563],[-74.115719,40.602917]]]},"properties":{"t":"All other types","n":214,"q":3}},{"type":"Feature","geometry":{"type":"Polygon","coordinates":[[[-74.094272,40.631303],[-74.094276,40.634005],[-74.097349,40.635353],[-74.100418,40.634],[-74.100414,40.631298],[-74.097341,40.62995],[-74.094272,40.631303]]]},"properties":{"t":"All other types","n":340,"q":4}},{"type":"Feature","geometry":{"type":"Polygon","coordinates":[[[-74.164693,40.546124],[-74.1647,40.548826],[-74.167771,40.550172],[-74.170834,40.548817],[-74.170827,40.546115],[-74.167757,40.544769],[-74.164693,40.546124]]]},"properties":{"t":"All other types","n":168,"q":3}},{"type":"Feature","geometry":{"type":"Polygon","coordinates":[[[-74.10954,40.578609],[-74.109545,40.581311],[-74.112616,40.582659],[-74.115682,40.581305],[-74.115677,40.578603],[-74.112606,40.577256],[-74.10954,40.578609]]]},"properties":{"t":"All other types","n":154,"q":2}},{"type":"Feature","geometry":{"type":"Polygon","coordinates":[[[-74.192192,40.50961],[-74.192199,40.512312],[-74.195269,40.513657],[-74.19833,40.512301],[-74.198322,40.5096],[-74.195253,40.508254],[-74.192192,40.50961]]]},"properties":{"t":"All other types","n":14,"q":0}},{"type":"Feature","geometry":{"type":"Polygon","coordinates":[[[-74.164833,40.602857],[-74.16484,40.605559],[-74.167913,40.606905],[-74.170979,40.60555],[-74.170973,40.602848],[-74.1679,40.601502],[-74.164833,40.602857]]]},"properties":{"t":"All other types","n":195,"q":3}},{"type":"Feature","geometry":{"type":"Polygon","coordinates":[[[-74.103466,40.619139],[-74.10347,40.62184],[-74.106543,40.623188],[-74.109611,40.621834],[-74.109607,40.619133],[-74.106534,40.617785],[-74.103466,40.619139]]]},"properties":{"t":"All other types","n":101,"q":2}},{"type":"Feature","geometry":{"type":"Polygon","coordinates":[[[-74.158675,40.594761],[-74.158681,40.597463],[-74.161754,40.598809],[-74.16482,40.597454],[-74.164813,40.594753],[-74.161741,40.593406],[-74.158675,40.594761]]]},"properties":{"t":"All other types","n":231,"q":3}},{"type":"Feature","geometry":{"type":"Polygon","coordinates":[[[-74.082008,40.647522],[-74.082012,40.650224],[-74.085085,40.651572],[-74.088155,40.650219],[-74.088152,40.647518],[-74.085078,40.646169],[-74.082008,40.647522]]]},"properties":{"t":"All other types","n":232,"q":3}},{"type":"Feature","geometry":{"type":"Polygon","coordinates":[[[-74.137099,40.550213],[-74.137104,40.552915],[-74.140174,40.554262],[-74.143239,40.552907],[-74.143233,40.550206],[-74.140163,40.548859],[-74.137099,40.550213]]]},"properties":{"t":"All other types","n":213,"q":3}},{"type":"Feature","geometry":{"type":"Polygon","coordinates":[[[-74.204602,40.558217],[-74.20461,40.560919],[-74.207682,40.562264],[-74.210745,40.560908],[-74.210737,40.558206],[-74.207665,40.556861],[-74.204602,40.558217]]]},"properties":{"t":"All other types","n":45,"q":1}},{"type":"Feature","geometry":{"type":"Polygon","coordinates":[[[-74.158636,40.578552],[-74.158643,40.581254],[-74.161715,40.5826],[-74.16478,40.581245],[-74.164773,40.578543],[-74.161702,40.577197],[-74.158636,40.578552]]]},"properties":{"t":"All other types","n":184,"q":3}},{"type":"Feature","geometry":{"type":"Polygon","coordinates":[[[-74.167771,40.550172],[-74.167777,40.552874],[-74.170848,40.55422],[-74.173912,40.552865],[-74.173905,40.550163],[-74.170834,40.548817],[-74.167771,40.550172]]]},"properties":{"t":"All other types","n":268,"q":4}},{"type":"Feature","geometry":{"type":"Polygon","coordinates":[[[-74.115733,40.611022],[-74.115738,40.613724],[-74.118811,40.615071],[-74.121878,40.613717],[-74.121873,40.611016],[-74.118801,40.609668],[-74.115733,40.611022]]]},"properties":{"t":"All other types","n":146,"q":2}},{"type":"Feature","geometry":{"type":"Polygon","coordinates":[[[-74.081968,40.615104],[-74.081972,40.617805],[-74.085044,40.619154],[-74.088112,40.617801],[-74.088109,40.615099],[-74.085037,40.61375],[-74.081968,40.615104]]]},"properties":{"t":"All other types","n":549,"q":4}},{"type":"Feature","geometry":{"type":"Polygon","coordinates":[[[-74.072754,40.611057],[-74.072756,40.613759],[-74.075828,40.615108],[-74.078897,40.613755],[-74.078894,40.611053],[-74.075822,40.609705],[-74.072754,40.611057]]]},"properties":{"t":"All other types","n":277,"q":4}},{"type":"Feature","geometry":{"type":"Polygon","coordinates":[[[-74.14944,40.582617],[-74.149446,40.585318],[-74.152518,40.586665],[-74.155584,40.58531],[-74.155577,40.582609],[-74.152505,40.581262],[-74.14944,40.582617]]]},"properties":{"t":"All other types","n":186,"q":3}},{"type":"Feature","geometry":{"type":"Polygon","coordinates":[[[-74.238128,40.497367],[-74.238138,40.500068],[-74.241208,40.501413],[-74.244268,40.500056],[-74.244258,40.497354],[-74.241188,40.49601],[-74.238128,40.497367]]]},"properties":{"t":"All other types","n":81,"q":1}},{"type":"Feature","geometry":{"type":"Polygon","coordinates":[[[-74.210635,40.525787],[-74.210643,40.528489],[-74.213714,40.529834],[-74.216775,40.528478],[-74.216767,40.525776],[-74.213696,40.524431],[-74.210635,40.525787]]]},"properties":{"t":"All other types","n":125,"q":2}},{"type":"Feature","geometry":{"type":"Polygon","coordinates":[[[-74.115635,40.554289],[-74.11564,40.556991],[-74.11871,40.558338],[-74.121775,40.556984],[-74.12177,40.554283],[-74.1187,40.552935],[-74.115635,40.554289]]]},"properties":{"t":"All other types","n":95,"q":1}},{"type":"Feature","geometry":{"type":"Polygon","coordinates":[[[-74.128029,40.619114],[-74.128034,40.621815],[-74.131107,40.623163],[-74.134175,40.621808],[-74.13417,40.619107],[-74.131097,40.61776],[-74.128029,40.619114]]]},"properties":{"t":"All other types","n":220,"q":3}},{"type":"Feature","geometry":{"type":"Polygon","coordinates":[[[-74.173884,40.542058],[-74.173891,40.54476],[-74.176961,40.546106],[-74.180025,40.544751],[-74.180017,40.542049],[-74.176947,40.540703],[-74.173884,40.542058]]]},"properties":{"t":"All other types","n":192,"q":3}},{"type":"Feature","geometry":{"type":"Polygon","coordinates":[[[-74.192308,40.550134],[-74.192316,40.552835],[-74.195387,40.554181],[-74.19845,40.552825],[-74.198442,40.550123],[-74.195371,40.548778],[-74.192308,40.550134]]]},"properties":{"t":"All other types","n":211,"q":3}},{"type":"Feature","geometry":{"type":"Polygon","coordinates":[[[-74.094238,40.606989],[-74.094242,40.609691],[-74.097313,40.611039],[-74.100381,40.609686],[-74.100377,40.606984],[-74.097306,40.605636],[-74.094238,40.606989]]]},"properties":{"t":"All other types","n":104,"q":2}},{"type":"Feature","geometry":{"type":"Polygon","coordinates":[[[-74.094203,40.582675],[-74.094207,40.585377],[-74.097278,40.586725],[-74.100345,40.585372],[-74.100341,40.58267],[-74.09727,40.581322],[-74.094203,40.582675]]]},"properties":{"t":"All other types","n":159,"q":2}},{"type":"Feature","geometry":{"type":"Polygon","coordinates":[[[-74.103378,40.562405],[-74.103382,40.565107],[-74.106452,40.566455],[-74.109518,40.565101],[-74.109514,40.5624],[-74.106444,40.561052],[-74.103378,40.562405]]]},"properties":{"t":"All other types","n":236,"q":3}},{"type":"Feature","geometry":{"type":"Polygon","coordinates":[[[-74.177004,40.562316],[-74.177011,40.565017],[-74.180083,40.566363],[-74.183147,40.565008],[-74.18314,40.562306],[-74.180068,40.56096],[-74.177004,40.562316]]]},"properties":{"t":"All other types","n":221,"q":3}},{"type":"Feature","geometry":{"type":"Polygon","coordinates":[[[-74.161852,40.639333],[-74.161859,40.642034],[-74.164933,40.643381],[-74.168001,40.642026],[-74.167995,40.639324],[-74.16492,40.637978],[-74.161852,40.639333]]]},"properties":{"t":"All other types","n":221,"q":3}},{"type":"Feature","geometry":{"type":"Polygon","coordinates":[[[-74.097337,40.627249],[-74.097341,40.62995],[-74.100414,40.631298],[-74.103483,40.629945],[-74.103479,40.627243],[-74.100406,40.625895],[-74.097337,40.627249]]]},"properties":{"t":"All other types","n":198,"q":3}},{"type":"Feature","geometry":{"type":"Polygon","coordinates":[[[-74.149404,40.566407],[-74.14941,40.569109],[-74.152481,40.570456],[-74.155546,40.569101],[-74.155539,40.566399],[-74.152468,40.565052],[-74.149404,40.566407]]]},"properties":{"t":"All other types","n":67,"q":1}},{"type":"Feature","geometry":{"type":"Polygon","coordinates":[[[-74.192448,40.598762],[-74.192456,40.601464],[-74.195529,40.602809],[-74.198595,40.601453],[-74.198587,40.598752],[-74.195514,40.597406],[-74.192448,40.598762]]]},"properties":{"t":"All other types","n":49,"q":1}},{"type":"Feature","geometry":{"type":"Polygon","coordinates":[[[-74.103391,40.57051],[-74.103395,40.573212],[-74.106465,40.57456],[-74.109531,40.573206],[-74.109527,40.570505],[-74.106457,40.569157],[-74.103391,40.57051]]]},"properties":{"t":"All other types","n":138,"q":2}},{"type":"Feature","geometry":{"type":"Polygon","coordinates":[[[-74.158579,40.554238],[-74.158585,40.556939],[-74.161656,40.558286],[-74.16472,40.556931],[-74.164713,40.554229],[-74.161643,40.552883],[-74.158579,40.554238]]]},"properties":{"t":"All other types","n":255,"q":4}},{"type":"Feature","geometry":{"type":"Polygon","coordinates":[[[-74.226033,40.54602],[-74.226043,40.548722],[-74.229114,40.550066],[-74.232177,40.548709],[-74.232167,40.546008],[-74.229096,40.544663],[-74.226033,40.54602]]]},"properties":{"t":"All other types","n":44,"q":1}},{"type":"Feature","geometry":{"type":"Polygon","coordinates":[[[-74.131091,40.615058],[-74.131097,40.61776],[-74.13417,40.619107],[-74.137237,40.617752],[-74.137232,40.615051],[-74.134159,40.613704],[-74.131091,40.615058]]]},"properties":{"t":"All other types","n":290,"q":4}},{"type":"Feature","geometry":{"type":"Polygon","coordinates":[[[-74.149512,40.615035],[-74.149518,40.617737],[-74.152592,40.619084],[-74.155659,40.617729],[-74.155653,40.615027],[-74.15258,40.613681],[-74.149512,40.615035]]]},"properties":{"t":"All other types","n":190,"q":3}},{"type":"Feature","geometry":{"type":"Polygon","coordinates":[[[-74.155634,40.606923],[-74.15564,40.609624],[-74.158713,40.610971],[-74.16178,40.609616],[-74.161774,40.606914],[-74.1587,40.605568],[-74.155634,40.606923]]]},"properties":{"t":"All other types","n":201,"q":3}},{"type":"Feature","geometry":{"type":"Polygon","coordinates":[[[-74.112588,40.566449],[-74.112593,40.569151],[-74.115663,40.570499],[-74.118729,40.569145],[-74.118724,40.566443],[-74.115654,40.565095],[-74.112588,40.566449]]]},"properties":{"t":"All other types","n":275,"q":4}},{"type":"Feature","geometry":{"type":"Polygon","coordinates":[[[-74.121903,40.627225],[-74.121908,40.629927],[-74.124981,40.631274],[-74.12805,40.62992],[-74.128045,40.627218],[-74.124971,40.625871],[-74.121903,40.627225]]]},"properties":{"t":"All other types","n":288,"q":4}},{"type":"Feature","geometry":{"type":"Polygon","coordinates":[[[-74.103479,40.627243],[-74.103483,40.629945],[-74.106556,40.631293],[-74.109625,40.629939],[-74.10962,40.627238],[-74.106547,40.62589],[-74.103479,40.627243]]]},"properties":{"t":"All other types","n":262,"q":4}},{"type":"Feature","geometry":{"type":"Polygon","coordinates":[[[-74.183229,40.594725],[-74.183236,40.597426],[-74.186309,40.598772],[-74.189375,40.597416],[-74.189367,40.594715],[-74.186294,40.593369],[-74.183229,40.594725]]]},"properties":{"t":"All other types","n":99,"q":1}},{"type":"Feature","geometry":{"type":"Polygon","coordinates":[[[-74.072727,40.586743],[-74.07273,40.589445],[-74.075801,40.590794],[-74.078868,40.589441],[-74.078865,40.586739],[-74.075794,40.58539],[-74.072727,40.586743]]]},"properties":{"t":"All other types","n":104,"q":2}},{"type":"Feature","geometry":{"type":"Polygon","coordinates":[[[-74.084982,40.570525],[-74.084985,40.573227],[-74.088055,40.574575],[-74.091122,40.573222],[-74.091118,40.570521],[-74.088048,40.569172],[-74.084982,40.570525]]]},"properties":{"t":"All other types","n":92,"q":1}},{"type":"Feature","geometry":{"type":"Polygon","coordinates":[[[-74.16771,40.525858],[-74.167716,40.52856],[-74.170786,40.529906],[-74.173849,40.528551],[-74.173842,40.525849],[-74.170772,40.524503],[-74.16771,40.525858]]]},"properties":{"t":"All other types","n":88,"q":1}},{"type":"Feature","geometry":{"type":"Polygon","coordinates":[[[-74.250418,40.505445],[-74.250428,40.508147],[-74.253498,40.509491],[-74.256558,40.508134],[-74.256548,40.505432],[-74.253478,40.504088],[-74.250418,40.505445]]]},"properties":{"t":"All other types","n":62,"q":1}},{"type":"Feature","geometry":{"type":"Polygon","coordinates":[[[-74.085064,40.635363],[-74.085068,40.638065],[-74.088141,40.639413],[-74.09121,40.63806],[-74.091207,40.635358],[-74.088134,40.63401],[-74.085064,40.635363]]]},"properties":{"t":"All other types","n":754,"q":4}},{"type":"Feature","geometry":{"type":"Polygon","coordinates":[[[-74.146433,40.610987],[-74.146439,40.613689],[-74.149512,40.615035],[-74.15258,40.613681],[-74.152573,40.610979],[-74.1495,40.609632],[-74.146433,40.610987]]]},"properties":{"t":"All other types","n":140,"q":2}},{"type":"Feature","geometry":{"type":"Polygon","coordinates":[[[-74.183095,40.546097],[-74.183103,40.548798],[-74.186174,40.550144],[-74.189237,40.548788],[-74.189229,40.546087],[-74.186159,40.544741],[-74.183095,40.546097]]]},"properties":{"t":"All other types","n":183,"q":3}},{"type":"Feature","geometry":{"type":"Polygon","coordinates":[[[-74.152536,40.59477],[-74.152542,40.597471],[-74.155615,40.598818],[-74.158681,40.597463],[-74.158675,40.594761],[-74.155602,40.593415],[-74.152536,40.59477]]]},"properties":{"t":"All other types","n":53,"q":1}},{"type":"Feature","geometry":{"type":"Polygon","coordinates":[[[-74.161754,40.598809],[-74.16176,40.601511],[-74.164833,40.602857],[-74.1679,40.601502],[-74.167893,40.598801],[-74.16482,40.597454],[-74.161754,40.598809]]]},"properties":{"t":"All other types","n":208,"q":3}},{"type":"Feature","geometry":{"type":"Polygon","coordinates":[[[-74.235135,40.517635],[-74.235144,40.520337],[-74.238215,40.521681],[-74.241276,40.520324],[-74.241266,40.517622],[-74.238196,40.516278],[-74.235135,40.517635]]]},"properties":{"t":"All other types","n":64,"q":1}},{"type":"Feature","geometry":{"type":"Polygon","coordinates":[[[-74.137198,40.598841],[-74.137204,40.601543],[-74.140276,40.60289],[-74.143343,40.601535],[-74.143337,40.598834],[-74.140265,40.597487],[-74.137198,40.598841]]]},"properties":{"t":"All other types","n":133,"q":2}},{"type":"Feature","geometry":{"type":"Polygon","coordinates":[[[-74.189206,40.537982],[-74.189214,40.540683],[-74.192285,40.542029],[-74.195348,40.540673],[-74.19534,40.537972],[-74.192269,40.536626],[-74.189206,40.537982]]]},"properties":{"t":"All other types","n":155,"q":2}},{"type":"Feature","geometry":{"type":"Polygon","coordinates":[[[-74.106556,40.631293],[-74.10656,40.633994],[-74.109633,40.635342],[-74.112702,40.633988],[-74.112698,40.631287],[-74.109625,40.629939],[-74.106556,40.631293]]]},"properties":{"t":"All other types","n":307,"q":4}},{"type":"Feature","geometry":{"type":"Polygon","coordinates":[[[-74.19534,40.537972],[-74.195348,40.540673],[-74.198418,40.542019],[-74.201481,40.540663],[-74.201473,40.537961],[-74.198402,40.536616],[-74.19534,40.537972]]]},"properties":{"t":"All other types","n":194,"q":3}},{"type":"Feature","geometry":{"type":"Polygon","coordinates":[[[-74.127905,40.554276],[-74.12791,40.556978],[-74.13098,40.558325],[-74.134045,40.556971],[-74.134039,40.554269],[-74.130969,40.552922],[-74.127905,40.554276]]]},"properties":{"t":"All other types","n":222,"q":3}},{"type":"Feature","geometry":{"type":"Polygon","coordinates":[[[-74.103403,40.578615],[-74.103407,40.581317],[-74.106478,40.582665],[-74.109545,40.581311],[-74.10954,40.578609],[-74.10647,40.577261],[-74.103403,40.578615]]]},"properties":{"t":"All other types","n":322,"q":4}},{"type":"Feature","geometry":{"type":"Polygon","coordinates":[[[-74.247367,40.509504],[-74.247377,40.512206],[-74.250448,40.51355],[-74.253508,40.512193],[-74.253498,40.509491],[-74.250428,40.508147],[-74.247367,40.509504]]]},"properties":{"t":"All other types","n":154,"q":2}},{"type":"Feature","geometry":{"type":"Polygon","coordinates":[[[-74.109554,40.586714],[-74.109558,40.589416],[-74.112629,40.590763],[-74.115696,40.58941],[-74.115691,40.586708],[-74.11262,40.58536],[-74.109554,40.586714]]]},"properties":{"t":"All other types","n":24,"q":0}},{"type":"Feature","geometry":{"type":"Polygon","coordinates":[[[-74.106504,40.598874],[-74.106508,40.601576],[-74.10958,40.602923],[-74.112648,40.60157],[-74.112643,40.598868],[-74.109571,40.59752],[-74.106504,40.598874]]]},"properties":{"t":"All other types","n":43,"q":1}},{"type":"Feature","geometry":{"type":"Polygon","coordinates":[[[-74.149494,40.606931],[-74.1495,40.609632],[-74.152573,40.610979],[-74.15564,40.609624],[-74.155634,40.606923],[-74.152561,40.605576],[-74.149494,40.606931]]]},"properties":{"t":"All other types","n":97,"q":1}},{"type":"Feature","geometry":{"type":"Polygon","coordinates":[[[-74.161695,40.574495],[-74.161702,40.577197],[-74.164773,40.578543],[-74.167838,40.577188],[-74.167832,40.574487],[-74.16476,40.57314],[-74.161695,40.574495]]]},"properties":{"t":"All other types","n":111,"q":2}},{"type":"Feature","geometry":{"type":"Polygon","coordinates":[[[-74.103491,40.635348],[-74.103495,40.638049],[-74.106569,40.639397],[-74.109638,40.638044],[-74.109633,40.635342],[-74.10656,40.633994],[-74.103491,40.635348]]]},"properties":{"t":"All other types","n":234,"q":3}},{"type":"Feature","geometry":{"type":"Polygon","coordinates":[[[-74.164793,40.586648],[-74.1648,40.58935],[-74.167872,40.590696],[-74.170938,40.589341],[-74.170931,40.586639],[-74.167859,40.585293],[-74.164793,40.586648]]]},"properties":{"t":"All other types","n":538,"q":4}},{"type":"Feature","geometry":{"type":"Polygon","coordinates":[[[-74.15854,40.538028],[-74.158547,40.54073],[-74.161617,40.542076],[-74.16468,40.540721],[-74.164673,40.53802],[-74.161603,40.536673],[-74.15854,40.538028]]]},"properties":{"t":"All other types","n":160,"q":2}},{"type":"Feature","geometry":{"type":"Polygon","coordinates":[[[-74.124845,40.558332],[-74.12485,40.561033],[-74.12792,40.562381],[-74.130985,40.561027],[-74.13098,40.558325],[-74.12791,40.556978],[-74.124845,40.558332]]]},"properties":{"t":"All other types","n":145,"q":2}},{"type":"Feature","geometry":{"type":"Polygon","coordinates":[[[-74.161577,40.525867],[-74.161584,40.528568],[-74.164653,40.529915],[-74.167716,40.52856],[-74.16771,40.525858],[-74.16464,40.524512],[-74.161577,40.525867]]]},"properties":{"t":"All other types","n":137,"q":2}},{"type":"Feature","geometry":{"type":"Polygon","coordinates":[[[-74.12486,40.566437],[-74.124865,40.569138],[-74.127936,40.570486],[-74.131001,40.569131],[-74.130996,40.56643],[-74.127925,40.565082],[-74.12486,40.566437]]]},"properties":{"t":"All other types","n":170,"q":3}},{"type":"Feature","geometry":{"type":"Polygon","coordinates":[[[-74.155672,40.623132],[-74.155678,40.625834],[-74.158752,40.62718],[-74.161819,40.625825],[-74.161813,40.623124],[-74.158739,40.621777],[-74.155672,40.623132]]]},"properties":{"t":"All other types","n":363,"q":4}},{"type":"Feature","geometry":{"type":"Polygon","coordinates":[[[-74.149531,40.62314],[-74.149537,40.625842],[-74.15261,40.627188],[-74.155678,40.625834],[-74.155672,40.623132],[-74.152598,40.621785],[-74.149531,40.62314]]]},"properties":{"t":"All other types","n":183,"q":3}},{"type":"Feature","geometry":{"type":"Polygon","coordinates":[[[-74.137215,40.606946],[-74.137221,40.609648],[-74.140293,40.610995],[-74.14336,40.60964],[-74.143355,40.606939],[-74.140282,40.605592],[-74.137215,40.606946]]]},"properties":{"t":"All other types","n":134,"q":2}},{"type":"Feature","geometry":{"type":"Polygon","coordinates":[[[-74.161715,40.5826],[-74.161721,40.585302],[-74.164793,40.586648],[-74.167859,40.585293],[-74.167852,40.582591],[-74.16478,40.581245],[-74.161715,40.5826]]]},"properties":{"t":"All other types","n":61,"q":1}},{"type":"Feature","geometry":{"type":"Polygon","coordinates":[[[-74.106569,40.639397],[-74.106573,40.642099],[-74.109647,40.643447],[-74.112716,40.642093],[-74.112711,40.639392],[-74.109638,40.638044],[-74.106569,40.639397]]]},"properties":{"t":"All other types","n":204,"q":3}},{"type":"Feature","geometry":{"type":"Polygon","coordinates":[[[-74.054327,40.602963],[-74.054329,40.605664],[-74.0574,40.607014],[-74.060469,40.605661],[-74.060466,40.60296],[-74.057395,40.601611],[-74.054327,40.602963]]]},"properties":{"t":"All other types","n":6,"q":0}},{"type":"Feature","geometry":{"type":"Polygon","coordinates":[[[-74.0574,40.607014],[-74.057402,40.609715],[-74.060474,40.611064],[-74.063542,40.609712],[-74.06354,40.60701],[-74.060469,40.605661],[-74.0574,40.607014]]]},"properties":{"t":"All other types","n":174,"q":3}},{"type":"Feature","geometry":{"type":"Polygon","coordinates":[[[-74.094249,40.615094],[-74.094253,40.617796],[-74.097325,40.619144],[-74.100394,40.61779],[-74.10039,40.615089],[-74.097317,40.613741],[-74.094249,40.615094]]]},"properties":{"t":"All other types","n":139,"q":2}},{"type":"Feature","geometry":{"type":"Polygon","coordinates":[[[-74.161774,40.606914],[-74.16178,40.609616],[-74.164853,40.610962],[-74.16792,40.609607],[-74.167913,40.606905],[-74.16484,40.605559],[-74.161774,40.606914]]]},"properties":{"t":"All other types","n":289,"q":4}},{"type":"Feature","geometry":{"type":"Polygon","coordinates":[[[-74.161734,40.590705],[-74.161741,40.593406],[-74.164813,40.594753],[-74.167879,40.593398],[-74.167872,40.590696],[-74.1648,40.58935],[-74.161734,40.590705]]]},"properties":{"t":"All other types","n":110,"q":2}},{"type":"Feature","geometry":{"type":"Polygon","coordinates":[[[-74.16773,40.533963],[-74.167737,40.536664],[-74.170807,40.538011],[-74.17387,40.536655],[-74.173863,40.533954],[-74.170793,40.532608],[-74.16773,40.533963]]]},"properties":{"t":"All other types","n":37,"q":1}},{"type":"Feature","geometry":{"type":"Polygon","coordinates":[[[-74.134105,40.586688],[-74.13411,40.58939],[-74.137182,40.590737],[-74.140248,40.589382],[-74.140242,40.586681],[-74.137171,40.585334],[-74.134105,40.586688]]]},"properties":{"t":"All other types","n":26,"q":0}},{"type":"Feature","geometry":{"type":"Polygon","coordinates":[[[-74.14325,40.55831],[-74.143256,40.561012],[-74.146327,40.562359],[-74.149392,40.561004],[-74.149385,40.558302],[-74.146315,40.556956],[-74.14325,40.55831]]]},"properties":{"t":"All other types","n":170,"q":3}},{"type":"Feature","geometry":{"type":"Polygon","coordinates":[[[-74.170765,40.521801],[-74.170772,40.524503],[-74.173842,40.525849],[-74.176904,40.524494],[-74.176897,40.521792],[-74.173828,40.520446],[-74.170765,40.521801]]]},"properties":{"t":"All other types","n":142,"q":2}},{"type":"Feature","geometry":{"type":"Polygon","coordinates":[[[-74.164673,40.53802],[-74.16468,40.540721],[-74.16775,40.542068],[-74.170814,40.540712],[-74.170807,40.538011],[-74.167737,40.536664],[-74.164673,40.53802]]]},"properties":{"t":"All other types","n":156,"q":2}},{"type":"Feature","geometry":{"type":"Polygon","coordinates":[[[-74.167852,40.582591],[-74.167859,40.585293],[-74.170931,40.586639],[-74.173996,40.585284],[-74.173989,40.582582],[-74.170917,40.581236],[-74.167852,40.582591]]]},"properties":{"t":"All other types","n":167,"q":3}},{"type":"Feature","geometry":{"type":"Polygon","coordinates":[[[-74.186174,40.550144],[-74.186181,40.552846],[-74.189252,40.554191],[-74.192316,40.552835],[-74.192308,40.550134],[-74.189237,40.548788],[-74.186174,40.550144]]]},"properties":{"t":"All other types","n":148,"q":2}},{"type":"Feature","geometry":{"type":"Polygon","coordinates":[[[-74.121873,40.611016],[-74.121878,40.613717],[-74.124951,40.615065],[-74.128019,40.613711],[-74.128013,40.611009],[-74.124941,40.609662],[-74.121873,40.611016]]]},"properties":{"t":"All other types","n":254,"q":4}},{"type":"Feature","geometry":{"type":"Polygon","coordinates":[[[-74.100426,40.639403],[-74.10043,40.642105],[-74.103504,40.643453],[-74.106573,40.642099],[-74.106569,40.639397],[-74.103495,40.638049],[-74.100426,40.639403]]]},"properties":{"t":"All other types","n":57,"q":1}},{"type":"Feature","geometry":{"type":"Polygon","coordinates":[[[-74.075782,40.574584],[-74.075785,40.577286],[-74.078855,40.578634],[-74.081922,40.577282],[-74.081919,40.57458],[-74.078849,40.573231],[-74.075782,40.574584]]]},"properties":{"t":"All other types","n":15,"q":0}},{"type":"Feature","geometry":{"type":"Polygon","coordinates":[[[-74.171056,40.635267],[-74.171063,40.637969],[-74.174137,40.639315],[-74.177205,40.637959],[-74.177198,40.635258],[-74.174123,40.633912],[-74.171056,40.635267]]]},"properties":{"t":"All other types","n":36,"q":1}},{"type":"Feature","geometry":{"type":"Polygon","coordinates":[[[-74.103453,40.611034],[-74.103458,40.613735],[-74.10653,40.615083],[-74.109598,40.61373],[-74.109593,40.611028],[-74.106521,40.60968],[-74.103453,40.611034]]]},"properties":{"t":"All other types","n":198,"q":3}},{"type":"Feature","geometry":{"type":"Polygon","coordinates":[[[-74.1218,40.570492],[-74.121804,40.573194],[-74.124875,40.574541],[-74.127941,40.573187],[-74.127936,40.570486],[-74.124865,40.569138],[-74.1218,40.570492]]]},"properties":{"t":"All other types","n":197,"q":3}},{"type":"Feature","geometry":{"type":"Polygon","coordinates":[[[-74.189344,40.58661],[-74.189352,40.589312],[-74.192425,40.590657],[-74.19549,40.589302],[-74.195482,40.5866],[-74.192409,40.585254],[-74.189344,40.58661]]]},"properties":{"t":"All other types","n":231,"q":3}},{"type":"Feature","geometry":{"type":"Polygon","coordinates":[[[-74.11267,40.615078],[-74.112675,40.617779],[-74.115748,40.619127],[-74.118815,40.617773],[-74.118811,40.615071],[-74.115738,40.613724],[-74.11267,40.615078]]]},"properties":{"t":"All other types","n":115,"q":2}},{"type":"Feature","geometry":{"type":"Polygon","coordinates":[[[-74.180149,40.590677],[-74.180156,40.593379],[-74.183229,40.594725],[-74.186294,40.593369],[-74.186287,40.590668],[-74.183214,40.589322],[-74.180149,40.590677]]]},"properties":{"t":"All other types","n":56,"q":1}},{"type":"Feature","geometry":{"type":"Polygon","coordinates":[[[-74.088077,40.590785],[-74.08808,40.593486],[-74.091151,40.594835],[-74.094219,40.593482],[-74.094215,40.59078],[-74.091144,40.589432],[-74.088077,40.590785]]]},"properties":{"t":"All other types","n":314,"q":4}},{"type":"Feature","geometry":{"type":"Polygon","coordinates":[[[-74.14332,40.590729],[-74.143326,40.593431],[-74.146398,40.594778],[-74.149464,40.593423],[-74.149458,40.590721],[-74.146386,40.589375],[-74.14332,40.590729]]]},"properties":{"t":"All other types","n":58,"q":1}},{"type":"Feature","geometry":{"type":"Polygon","coordinates":[[[-74.106478,40.582665],[-74.106483,40.585366],[-74.109554,40.586714],[-74.11262,40.58536],[-74.112616,40.582659],[-74.109545,40.581311],[-74.106478,40.582665]]]},"properties":{"t":"All other types","n":57,"q":1}},{"type":"Feature","geometry":{"type":"Polygon","coordinates":[[[-74.121814,40.578597],[-74.121819,40.581298],[-74.12489,40.582646],[-74.127956,40.581292],[-74.127951,40.57859],[-74.12488,40.577243],[-74.121814,40.578597]]]},"properties":{"t":"All other types","n":32,"q":0}},{"type":"Feature","geometry":{"type":"Polygon","coordinates":[[[-74.088141,40.639413],[-74.088145,40.642115],[-74.091218,40.643463],[-74.094287,40.64211],[-74.094284,40.639408],[-74.09121,40.63806],[-74.088141,40.639413]]]},"properties":{"t":"All other types","n":242,"q":3}},{"type":"Feature","geometry":{"type":"Polygon","coordinates":[[[-74.164773,40.578543],[-74.16478,40.581245],[-74.167852,40.582591],[-74.170917,40.581236],[-74.17091,40.578534],[-74.167838,40.577188],[-74.164773,40.578543]]]},"properties":{"t":"All other types","n":126,"q":2}},{"type":"Feature","geometry":{"type":"Polygon","coordinates":[[[-74.127936,40.570486],[-74.127941,40.573187],[-74.131012,40.574534],[-74.134077,40.57318],[-74.134072,40.570479],[-74.131001,40.569131],[-74.127936,40.570486]]]},"properties":{"t":"All other types","n":135,"q":2}},{"type":"Feature","geometry":{"type":"Polygon","coordinates":[[[-74.109647,40.643447],[-74.109651,40.646148],[-74.112725,40.647496],[-74.115794,40.646142],[-74.11579,40.643441],[-74.112716,40.642093],[-74.109647,40.643447]]]},"properties":{"t":"All other types","n":69,"q":1}},{"type":"Feature","geometry":{"type":"Polygon","coordinates":[[[-74.124921,40.598855],[-74.124926,40.601557],[-74.127998,40.602904],[-74.131065,40.60155],[-74.13106,40.598849],[-74.127988,40.597501],[-74.124921,40.598855]]]},"properties":{"t":"All other types","n":323,"q":4}},{"type":"Feature","geometry":{"type":"Polygon","coordinates":[[[-74.167913,40.606905],[-74.16792,40.609607],[-74.170993,40.610953],[-74.17406,40.609598],[-74.174053,40.606896],[-74.170979,40.60555],[-74.167913,40.606905]]]},"properties":{"t":"All other types","n":116,"q":2}},{"type":"Feature","geometry":{"type":"Polygon","coordinates":[[[-74.14014,40.538052],[-74.140146,40.540754],[-74.143216,40.542101],[-74.146279,40.540746],[-74.146274,40.538045],[-74.143204,40.536698],[-74.14014,40.538052]]]},"properties":{"t":"All other types","n":143,"q":2}},{"type":"Feature","geometry":{"type":"Polygon","coordinates":[[[-74.100316,40.566461],[-74.100321,40.569162],[-74.103391,40.57051],[-74.106457,40.569157],[-74.106452,40.566455],[-74.103382,40.565107],[-74.100316,40.566461]]]},"properties":{"t":"All other types","n":154,"q":2}},{"type":"Feature","geometry":{"type":"Polygon","coordinates":[[[-74.091129,40.578625],[-74.091133,40.581327],[-74.094203,40.582675],[-74.09727,40.581322],[-74.097266,40.57862],[-74.094196,40.577272],[-74.091129,40.578625]]]},"properties":{"t":"All other types","n":235,"q":3}},{"type":"Feature","geometry":{"type":"Polygon","coordinates":[[[-74.106465,40.57456],[-74.10647,40.577261],[-74.10954,40.578609],[-74.112606,40.577256],[-74.112602,40.574554],[-74.109531,40.573206],[-74.106465,40.57456]]]},"properties":{"t":"All other types","n":202,"q":3}},{"type":"Feature","geometry":{"type":"Polygon","coordinates":[[[-74.241208,40.501413],[-74.241217,40.504114],[-74.244287,40.505459],[-74.247347,40.504101],[-74.247337,40.5014],[-74.244268,40.500056],[-74.241208,40.501413]]]},"properties":{"t":"All other types","n":326,"q":4}},{"type":"Feature","geometry":{"type":"Polygon","coordinates":[[[-74.21066,40.533892],[-74.210669,40.536594],[-74.21374,40.537939],[-74.216802,40.536582],[-74.216793,40.533881],[-74.213722,40.532536],[-74.21066,40.533892]]]},"properties":{"t":"All other types","n":116,"q":2}},{"type":"Feature","geometry":{"type":"Polygon","coordinates":[[[-74.216846,40.55009],[-74.216854,40.552792],[-74.219926,40.554137],[-74.222989,40.55278],[-74.22298,40.550078],[-74.219908,40.548734],[-74.216846,40.55009]]]},"properties":{"t":"All other types","n":121,"q":2}},{"type":"Feature","geometry":{"type":"Polygon","coordinates":[[[-74.186151,40.542039],[-74.186159,40.544741],[-74.189229,40.546087],[-74.192293,40.544731],[-74.192285,40.542029],[-74.189214,40.540683],[-74.186151,40.542039]]]},"properties":{"t":"All other types","n":80,"q":1}},{"type":"Feature","geometry":{"type":"Polygon","coordinates":[[[-74.152499,40.57856],[-74.152505,40.581262],[-74.155577,40.582609],[-74.158643,40.581254],[-74.158636,40.578552],[-74.155565,40.577205],[-74.152499,40.57856]]]},"properties":{"t":"All other types","n":118,"q":2}},{"type":"Feature","geometry":{"type":"Polygon","coordinates":[[[-74.1095,40.554295],[-74.109505,40.556997],[-74.112575,40.558344],[-74.11564,40.556991],[-74.115635,40.554289],[-74.112566,40.552941],[-74.1095,40.554295]]]},"properties":{"t":"All other types","n":29,"q":0}},{"type":"Feature","geometry":{"type":"Polygon","coordinates":[[[-74.201424,40.521752],[-74.201432,40.524453],[-74.204502,40.525798],[-74.207564,40.524442],[-74.207556,40.521741],[-74.204486,40.520395],[-74.201424,40.521752]]]},"properties":{"t":"All other types","n":84,"q":1}},{"type":"Feature","geometry":{"type":"Polygon","coordinates":[[[-74.164753,40.570439],[-74.16476,40.57314],[-74.167832,40.574487],[-74.170896,40.573131],[-74.17089,40.57043],[-74.167818,40.569083],[-74.164753,40.570439]]]},"properties":{"t":"All other types","n":80,"q":1}},{"type":"Feature","geometry":{"type":"Polygon","coordinates":[[[-74.225979,40.529811],[-74.225988,40.532512],[-74.229059,40.533857],[-74.232121,40.5325],[-74.232111,40.529798],[-74.22904,40.528454],[-74.225979,40.529811]]]},"properties":{"t":"All other types","n":61,"q":1}},{"type":"Feature","geometry":{"type":"Polygon","coordinates":[[[-74.167933,40.61501],[-74.16794,40.617712],[-74.171014,40.619058],[-74.174081,40.617702],[-74.174074,40.615001],[-74.171,40.613655],[-74.167933,40.61501]]]},"properties":{"t":"All other types","n":19,"q":0}},{"type":"Feature","geometry":{"type":"Polygon","coordinates":[[[-74.112643,40.598868],[-74.112648,40.60157],[-74.115719,40.602917],[-74.118787,40.601563],[-74.118782,40.598862],[-74.11571,40.597514],[-74.112643,40.598868]]]},"properties":{"t":"All other types","n":68,"q":1}},{"type":"Feature","geometry":{"type":"Polygon","coordinates":[[[-74.140259,40.594785],[-74.140265,40.597487],[-74.143337,40.598834],[-74.146404,40.597479],[-74.146398,40.594778],[-74.143326,40.593431],[-74.140259,40.594785]]]},"properties":{"t":"All other types","n":64,"q":1}},{"type":"Feature","geometry":{"type":"Polygon","coordinates":[[[-74.091162,40.60294],[-74.091166,40.605641],[-74.094238,40.606989],[-74.097306,40.605636],[-74.097302,40.602934],[-74.09423,40.601586],[-74.091162,40.60294]]]},"properties":{"t":"All other types","n":143,"q":2}},{"type":"Feature","geometry":{"type":"Polygon","coordinates":[[[-74.140157,40.546157],[-74.140163,40.548859],[-74.143233,40.550206],[-74.146297,40.548851],[-74.146291,40.546149],[-74.143221,40.544802],[-74.140157,40.546157]]]},"properties":{"t":"All other types","n":121,"q":2}},{"type":"Feature","geometry":{"type":"Polygon","coordinates":[[[-74.213765,40.546044],[-74.213774,40.548745],[-74.216846,40.55009],[-74.219908,40.548734],[-74.219899,40.546032],[-74.216828,40.544687],[-74.213765,40.546044]]]},"properties":{"t":"All other types","n":217,"q":3}},{"type":"Feature","geometry":{"type":"Polygon","coordinates":[[[-74.231999,40.497379],[-74.232008,40.500081],[-74.235078,40.501426],[-74.238138,40.500068],[-74.238128,40.497367],[-74.235059,40.496022],[-74.231999,40.497379]]]},"properties":{"t":"All other types","n":12,"q":0}},{"type":"Feature","geometry":{"type":"Polygon","coordinates":[[[-74.207606,40.53795],[-74.207615,40.540652],[-74.210686,40.541997],[-74.213748,40.54064],[-74.21374,40.537939],[-74.210669,40.536594],[-74.207606,40.53795]]]},"properties":{"t":"All other types","n":136,"q":2}},{"type":"Feature","geometry":{"type":"Polygon","coordinates":[[[-74.069696,40.623216],[-74.069699,40.625918],[-74.072771,40.627267],[-74.07584,40.625914],[-74.075837,40.623212],[-74.072765,40.621864],[-74.069696,40.623216]]]},"properties":{"t":"All other types","n":168,"q":3}},{"type":"Feature","geometry":{"type":"Polygon","coordinates":[[[-74.189138,40.513668],[-74.189145,40.516369],[-74.192215,40.517715],[-74.195277,40.516359],[-74.195269,40.513657],[-74.192199,40.512312],[-74.189138,40.513668]]]},"properties":{"t":"All other types","n":20,"q":0}},{"type":"Feature","geometry":{"type":"Polygon","coordinates":[[[-74.085054,40.627258],[-74.085058,40.62996],[-74.08813,40.631308],[-74.091199,40.629955],[-74.091196,40.627254],[-74.088123,40.625905],[-74.085054,40.627258]]]},"properties":{"t":"All other types","n":94,"q":1}},{"type":"Feature","geometry":{"type":"Polygon","coordinates":[[[-74.134121,40.594793],[-74.134126,40.597494],[-74.137198,40.598841],[-74.140265,40.597487],[-74.140259,40.594785],[-74.137187,40.593438],[-74.134121,40.594793]]]},"properties":{"t":"All other types","n":83,"q":1}},{"type":"Feature","geometry":{"type":"Polygon","coordinates":[[[-74.118811,40.615071],[-74.118815,40.617773],[-74.121888,40.61912],[-74.124956,40.617766],[-74.124951,40.615065],[-74.121878,40.613717],[-74.118811,40.615071]]]},"properties":{"t":"All other types","n":280,"q":4}},{"type":"Feature","geometry":{"type":"Polygon","coordinates":[[[-74.171035,40.627163],[-74.171042,40.629864],[-74.174116,40.63121],[-74.177183,40.629855],[-74.177176,40.627153],[-74.174102,40.625807],[-74.171035,40.627163]]]},"properties":{"t":"All other types","n":25,"q":0}},{"type":"Feature","geometry":{"type":"Polygon","coordinates":[[[-74.149349,40.542093],[-74.149355,40.544795],[-74.152425,40.546141],[-74.155489,40.544786],[-74.155483,40.542085],[-74.152413,40.540738],[-74.149349,40.542093]]]},"properties":{"t":"All other types","n":129,"q":2}},{"type":"Feature","geometry":{"type":"Polygon","coordinates":[[[-74.207631,40.546055],[-74.20764,40.548756],[-74.210711,40.550102],[-74.213774,40.548745],[-74.213765,40.546044],[-74.210694,40.544698],[-74.207631,40.546055]]]},"properties":{"t":"All other types","n":148,"q":2}},{"type":"Feature","geometry":{"type":"Polygon","coordinates":[[[-74.137132,40.566423],[-74.137137,40.569124],[-74.140208,40.570471],[-74.143274,40.569117],[-74.143268,40.566415],[-74.140197,40.565068],[-74.137132,40.566423]]]},"properties":{"t":"All other types","n":89,"q":1}},{"type":"Feature","geometry":{"type":"Polygon","coordinates":[[[-74.183051,40.529887],[-74.183058,40.532589],[-74.186129,40.533935],[-74.189191,40.532579],[-74.189184,40.529877],[-74.186113,40.528531],[-74.183051,40.529887]]]},"properties":{"t":"All other types","n":105,"q":2}},{"type":"Feature","geometry":{"type":"Polygon","coordinates":[[[-74.134039,40.554269],[-74.134045,40.556971],[-74.137115,40.558318],[-74.14018,40.556963],[-74.140174,40.554262],[-74.137104,40.552915],[-74.134039,40.554269]]]},"properties":{"t":"All other types","n":196,"q":3}},{"type":"Feature","geometry":{"type":"Polygon","coordinates":[[[-74.057386,40.590804],[-74.057388,40.593506],[-74.060459,40.594855],[-74.063527,40.593503],[-74.063524,40.590801],[-74.060454,40.589452],[-74.057386,40.590804]]]},"properties":{"t":"All other types","n":43,"q":1}},{"type":"Feature","geometry":{"type":"Polygon","coordinates":[[[-74.118739,40.574548],[-74.118743,40.577249],[-74.121814,40.578597],[-74.12488,40.577243],[-74.124875,40.574541],[-74.121804,40.573194],[-74.118739,40.574548]]]},"properties":{"t":"All other types","n":162,"q":2}},{"type":"Feature","geometry":{"type":"Polygon","coordinates":[[[-74.081929,40.582685],[-74.081932,40.585386],[-74.085003,40.586735],[-74.08807,40.585382],[-74.088066,40.58268],[-74.084996,40.581332],[-74.081929,40.582685]]]},"properties":{"t":"All other types","n":58,"q":1}},{"type":"Feature","geometry":{"type":"Polygon","coordinates":[[[-74.213688,40.521729],[-74.213696,40.524431],[-74.216767,40.525776],[-74.219828,40.524419],[-74.219819,40.521718],[-74.216749,40.520373],[-74.213688,40.521729]]]},"properties":{"t":"All other types","n":197,"q":3}},{"type":"Feature","geometry":{"type":"Polygon","coordinates":[[[-74.115748,40.619127],[-74.115752,40.621828],[-74.118825,40.623176],[-74.121893,40.621822],[-74.121888,40.61912],[-74.118815,40.617773],[-74.115748,40.619127]]]},"properties":{"t":"All other types","n":84,"q":1}},{"type":"Feature","geometry":{"type":"Polygon","coordinates":[[[-74.250448,40.51355],[-74.250458,40.516252],[-74.253529,40.517596],[-74.256589,40.516238],[-74.256579,40.513537],[-74.253508,40.512193],[-74.250448,40.51355]]]},"properties":{"t":"All other types","n":52,"q":1}},{"type":"Feature","geometry":{"type":"Polygon","coordinates":[[[-74.155596,40.590713],[-74.155602,40.593415],[-74.158675,40.594761],[-74.161741,40.593406],[-74.161734,40.590705],[-74.158662,40.589358],[-74.155596,40.590713]]]},"properties":{"t":"All other types","n":278,"q":4}},{"type":"Feature","geometry":{"type":"Polygon","coordinates":[[[-74.152592,40.619084],[-74.152598,40.621785],[-74.155672,40.623132],[-74.158739,40.621777],[-74.158733,40.619075],[-74.155659,40.617729],[-74.152592,40.619084]]]},"properties":{"t":"All other types","n":163,"q":2}},{"type":"Feature","geometry":{"type":"Polygon","coordinates":[[[-74.057393,40.598909],[-74.057395,40.601611],[-74.060466,40.60296],[-74.063535,40.601607],[-74.063532,40.598906],[-74.060461,40.597557],[-74.057393,40.598909]]]},"properties":{"t":"All other types","n":33,"q":0}},{"type":"Feature","geometry":{"type":"Polygon","coordinates":[[[-74.183207,40.58662],[-74.183214,40.589322],[-74.186287,40.590668],[-74.189352,40.589312],[-74.189344,40.58661],[-74.186272,40.585264],[-74.183207,40.58662]]]},"properties":{"t":"All other types","n":33,"q":0}},{"type":"Feature","geometry":{"type":"Polygon","coordinates":[[[-74.155691,40.631237],[-74.155697,40.633938],[-74.158771,40.635285],[-74.161839,40.63393],[-74.161832,40.631228],[-74.158758,40.629882],[-74.155691,40.631237]]]},"properties":{"t":"All other types","n":438,"q":4}},{"type":"Feature","geometry":{"type":"Polygon","coordinates":[[[-74.118782,40.598862],[-74.118787,40.601563],[-74.121859,40.602911],[-74.124926,40.601557],[-74.124921,40.598855],[-74.121849,40.597508],[-74.118782,40.598862]]]},"properties":{"t":"All other types","n":165,"q":2}},{"type":"Feature","geometry":{"type":"Polygon","coordinates":[[[-74.164633,40.52181],[-74.16464,40.524512],[-74.16771,40.525858],[-74.170772,40.524503],[-74.170765,40.521801],[-74.167696,40.520455],[-74.164633,40.52181]]]},"properties":{"t":"All other types","n":43,"q":1}},{"type":"Feature","geometry":{"type":"Polygon","coordinates":[[[-74.235163,40.52574],[-74.235173,40.528441],[-74.238244,40.529786],[-74.241305,40.528429],[-74.241295,40.525727],[-74.238224,40.524383],[-74.235163,40.52574]]]},"properties":{"t":"All other types","n":45,"q":1}},{"type":"Feature","geometry":{"type":"Polygon","coordinates":[[[-74.222872,40.517659],[-74.222881,40.520361],[-74.225951,40.521706],[-74.229012,40.520349],[-74.229003,40.517647],[-74.225933,40.516303],[-74.222872,40.517659]]]},"properties":{"t":"All other types","n":12,"q":0}},{"type":"Feature","geometry":{"type":"Polygon","coordinates":[[[-74.152425,40.546141],[-74.152431,40.548843],[-74.155502,40.55019],[-74.158566,40.548835],[-74.158559,40.546133],[-74.155489,40.544786],[-74.152425,40.546141]]]},"properties":{"t":"All other types","n":219,"q":3}},{"type":"Feature","geometry":{"type":"Polygon","coordinates":[[[-74.112575,40.558344],[-74.112579,40.561046],[-74.115649,40.562394],[-74.118715,40.56104],[-74.11871,40.558338],[-74.11564,40.556991],[-74.112575,40.558344]]]},"properties":{"t":"All other types","n":277,"q":4}},{"type":"Feature","geometry":{"type":"Polygon","coordinates":[[[-74.244287,40.505459],[-74.244297,40.50816],[-74.247367,40.509504],[-74.250428,40.508147],[-74.250418,40.505445],[-74.247347,40.504101],[-74.244287,40.505459]]]},"properties":{"t":"All other types","n":203,"q":3}},{"type":"Feature","geometry":{"type":"Polygon","coordinates":[[[-74.222926,40.533869],[-74.222935,40.536571],[-74.226006,40.537915],[-74.229068,40.536558],[-74.229059,40.533857],[-74.225988,40.532512],[-74.222926,40.533869]]]},"properties":{"t":"All other types","n":69,"q":1}},{"type":"Feature","geometry":{"type":"Polygon","coordinates":[[[-74.213714,40.529834],[-74.213722,40.532536],[-74.216793,40.533881],[-74.219855,40.532524],[-74.219846,40.529822],[-74.216775,40.528478],[-74.213714,40.529834]]]},"properties":{"t":"All other types","n":229,"q":3}},{"type":"Feature","geometry":{"type":"Polygon","coordinates":[[[-74.081949,40.598894],[-74.081952,40.601596],[-74.085023,40.602944],[-74.088091,40.601591],[-74.088087,40.59889],[-74.085016,40.597541],[-74.081949,40.598894]]]},"properties":{"t":"All other types","n":145,"q":2}},{"type":"Feature","geometry":{"type":"Polygon","coordinates":[[[-74.103366,40.554301],[-74.10337,40.557002],[-74.106439,40.55835],[-74.109505,40.556997],[-74.1095,40.554295],[-74.106431,40.552947],[-74.103366,40.554301]]]},"properties":{"t":"All other types","n":10,"q":0}},{"type":"Feature","geometry":{"type":"Polygon","coordinates":[[[-74.204502,40.525798],[-74.204511,40.5285],[-74.207581,40.529845],[-74.210643,40.528489],[-74.210635,40.525787],[-74.207564,40.524442],[-74.204502,40.525798]]]},"properties":{"t":"All other types","n":98,"q":1}},{"type":"Feature","geometry":{"type":"Polygon","coordinates":[[[-74.219819,40.521718],[-74.219828,40.524419],[-74.222899,40.525764],[-74.22596,40.524407],[-74.225951,40.521706],[-74.222881,40.520361],[-74.219819,40.521718]]]},"properties":{"t":"All other types","n":52,"q":1}},{"type":"Feature","geometry":{"type":"Polygon","coordinates":[[[-74.121859,40.602911],[-74.121864,40.605613],[-74.124936,40.60696],[-74.128003,40.605606],[-74.127998,40.602904],[-74.124926,40.601557],[-74.121859,40.602911]]]},"properties":{"t":"All other types","n":206,"q":3}},{"type":"Feature","geometry":{"type":"Polygon","coordinates":[[[-74.143285,40.57452],[-74.143291,40.577221],[-74.146362,40.578568],[-74.149428,40.577214],[-74.149422,40.574512],[-74.14635,40.573165],[-74.143285,40.57452]]]},"properties":{"t":"All other types","n":43,"q":1}},{"type":"Feature","geometry":{"type":"Polygon","coordinates":[[[-74.103504,40.643453],[-74.103508,40.646154],[-74.106582,40.647502],[-74.109651,40.646148],[-74.109647,40.643447],[-74.106573,40.642099],[-74.103504,40.643453]]]},"properties":{"t":"All other types","n":67,"q":1}},{"type":"Feature","geometry":{"type":"Polygon","coordinates":[[[-74.173905,40.550163],[-74.173912,40.552865],[-74.176983,40.554211],[-74.180047,40.552855],[-74.180039,40.550154],[-74.176969,40.548808],[-74.173905,40.550163]]]},"properties":{"t":"All other types","n":149,"q":2}},{"type":"Feature","geometry":{"type":"Polygon","coordinates":[[[-74.140242,40.586681],[-74.140248,40.589382],[-74.14332,40.590729],[-74.146386,40.589375],[-74.14638,40.586673],[-74.143308,40.585326],[-74.140242,40.586681]]]},"properties":{"t":"All other types","n":58,"q":1}},{"type":"Feature","geometry":{"type":"Polygon","coordinates":[[[-74.091185,40.619149],[-74.091188,40.62185],[-74.094261,40.623199],[-74.097329,40.621845],[-74.097325,40.619144],[-74.094253,40.617796],[-74.091185,40.619149]]]},"properties":{"t":"All other types","n":85,"q":1}},{"type":"Feature","geometry":{"type":"Polygon","coordinates":[[[-74.18314,40.562306],[-74.183147,40.565008],[-74.186219,40.566353],[-74.189283,40.564998],[-74.189275,40.562296],[-74.186204,40.56095],[-74.18314,40.562306]]]},"properties":{"t":"All other types","n":73,"q":1}},{"type":"Feature","geometry":{"type":"Polygon","coordinates":[[[-74.134186,40.627211],[-74.134191,40.629913],[-74.137265,40.63126],[-74.140333,40.629906],[-74.140327,40.627204],[-74.137254,40.625857],[-74.134186,40.627211]]]},"properties":{"t":"All other types","n":292,"q":4}},{"type":"Feature","geometry":{"type":"Polygon","coordinates":[[[-74.201522,40.55417],[-74.20153,40.556872],[-74.204602,40.558217],[-74.207665,40.556861],[-74.207657,40.55416],[-74.204585,40.552814],[-74.201522,40.55417]]]},"properties":{"t":"All other types","n":70,"q":1}},{"type":"Feature","geometry":{"type":"Polygon","coordinates":[[[-74.204478,40.517694],[-74.204486,40.520395],[-74.207556,40.521741],[-74.210618,40.520384],[-74.210609,40.517683],[-74.207539,40.516337],[-74.204478,40.517694]]]},"properties":{"t":"All other types","n":76,"q":1}},{"type":"Feature","geometry":{"type":"Polygon","coordinates":[[[-74.140345,40.635309],[-74.14035,40.63801],[-74.143424,40.639357],[-74.146493,40.638003],[-74.146487,40.635301],[-74.143413,40.633954],[-74.140345,40.635309]]]},"properties":{"t":"All other types","n":254,"q":4}},{"type":"Feature","geometry":{"type":"Polygon","coordinates":[[[-74.216819,40.541985],[-74.216828,40.544687],[-74.219899,40.546032],[-74.222962,40.544675],[-74.222953,40.541974],[-74.219882,40.540629],[-74.216819,40.541985]]]},"properties":{"t":"All other types","n":171,"q":3}},{"type":"Feature","geometry":{"type":"Polygon","coordinates":[[[-74.118825,40.623176],[-74.11883,40.625878],[-74.121903,40.627225],[-74.124971,40.625871],[-74.124966,40.62317],[-74.121893,40.621822],[-74.118825,40.623176]]]},"properties":{"t":"All other types","n":51,"q":1}},{"type":"Feature","geometry":{"type":"Polygon","coordinates":[[[-74.210609,40.517683],[-74.210618,40.520384],[-74.213688,40.521729],[-74.216749,40.520373],[-74.21674,40.517671],[-74.21367,40.516326],[-74.210609,40.517683]]]},"properties":{"t":"All other types","n":49,"q":1}},{"type":"Feature","geometry":{"type":"Polygon","coordinates":[[[-74.213791,40.554148],[-74.2138,40.55685],[-74.216872,40.558195],[-74.219935,40.556838],[-74.219926,40.554137],[-74.216854,40.552792],[-74.213791,40.554148]]]},"properties":{"t":"All other types","n":38,"q":1}},{"type":"Feature","geometry":{"type":"Polygon","coordinates":[[[-74.235192,40.533844],[-74.235201,40.536546],[-74.238273,40.537891],[-74.241334,40.536533],[-74.241325,40.533832],[-74.238253,40.532487],[-74.235192,40.533844]]]},"properties":{"t":"All other types","n":93,"q":1}},{"type":"Feature","geometry":{"type":"Polygon","coordinates":[[[-74.225896,40.505496],[-74.225906,40.508198],[-74.228975,40.509543],[-74.232036,40.508186],[-74.232027,40.505484],[-74.228957,40.504139],[-74.225896,40.505496]]]},"properties":{"t":"All other types","n":64,"q":1}},{"type":"Feature","geometry":{"type":"Polygon","coordinates":[[[-74.216793,40.533881],[-74.216802,40.536582],[-74.219873,40.537927],[-74.222935,40.536571],[-74.222926,40.533869],[-74.219855,40.532524],[-74.216793,40.533881]]]},"properties":{"t":"All other types","n":61,"q":1}},{"type":"Feature","geometry":{"type":"Polygon","coordinates":[[[-74.11871,40.558338],[-74.118715,40.56104],[-74.121785,40.562387],[-74.12485,40.561033],[-74.124845,40.558332],[-74.121775,40.556984],[-74.11871,40.558338]]]},"properties":{"t":"All other types","n":181,"q":3}},{"type":"Feature","geometry":{"type":"Polygon","coordinates":[[[-74.084992,40.57863],[-74.084996,40.581332],[-74.088066,40.58268],[-74.091133,40.581327],[-74.091129,40.578625],[-74.088059,40.577277],[-74.084992,40.57863]]]},"properties":{"t":"All other types","n":190,"q":3}},{"type":"Feature","geometry":{"type":"Polygon","coordinates":[[[-74.179996,40.533944],[-74.180003,40.536646],[-74.183073,40.537992],[-74.186136,40.536636],[-74.186129,40.533935],[-74.183058,40.532589],[-74.179996,40.533944]]]},"properties":{"t":"All other types","n":140,"q":2}},{"type":"Feature","geometry":{"type":"Polygon","coordinates":[[[-74.127982,40.5948],[-74.127988,40.597501],[-74.13106,40.598849],[-74.134126,40.597494],[-74.134121,40.594793],[-74.131049,40.593445],[-74.127982,40.5948]]]},"properties":{"t":"All other types","n":42,"q":1}},{"type":"Feature","geometry":{"type":"Polygon","coordinates":[[[-74.195269,40.513657],[-74.195277,40.516359],[-74.198346,40.517704],[-74.201408,40.516348],[-74.2014,40.513647],[-74.19833,40.512301],[-74.195269,40.513657]]]},"properties":{"t":"All other types","n":76,"q":1}},{"type":"Feature","geometry":{"type":"Polygon","coordinates":[[[-74.216714,40.509566],[-74.216723,40.512268],[-74.219793,40.513613],[-74.222854,40.512256],[-74.222845,40.509555],[-74.219775,40.50821],[-74.216714,40.509566]]]},"properties":{"t":"All other types","n":5,"q":0}},{"type":"Feature","geometry":{"type":"Polygon","coordinates":[[[-74.170952,40.594744],[-74.170959,40.597445],[-74.174032,40.598792],[-74.177097,40.597436],[-74.17709,40.594734],[-74.174017,40.593388],[-74.170952,40.594744]]]},"properties":{"t":"All other types","n":23,"q":0}},{"type":"Feature","geometry":{"type":"Polygon","coordinates":[[[-74.121888,40.61912],[-74.121893,40.621822],[-74.124966,40.62317],[-74.128034,40.621815],[-74.128029,40.619114],[-74.124956,40.617766],[-74.121888,40.61912]]]},"properties":{"t":"All other types","n":164,"q":2}},{"type":"Feature","geometry":{"type":"Polygon","coordinates":[[[-74.170827,40.546115],[-74.170834,40.548817],[-74.173905,40.550163],[-74.176969,40.548808],[-74.176961,40.546106],[-74.173891,40.54476],[-74.170827,40.546115]]]},"properties":{"t":"All other types","n":177,"q":3}},{"type":"Feature","geometry":{"type":"Polygon","coordinates":[[[-74.069705,40.631321],[-74.069708,40.634023],[-74.07278,40.635371],[-74.07585,40.634019],[-74.075847,40.631317],[-74.072774,40.629968],[-74.069705,40.631321]]]},"properties":{"t":"All other types","n":17,"q":0}},{"type":"Feature","geometry":{"type":"Polygon","coordinates":[[[-74.232083,40.521694],[-74.232092,40.524395],[-74.235163,40.52574],[-74.238224,40.524383],[-74.238215,40.521681],[-74.235144,40.520337],[-74.232083,40.521694]]]},"properties":{"t":"All other types","n":117,"q":2}},{"type":"Feature","geometry":{"type":"Polygon","coordinates":[[[-74.109514,40.5624],[-74.109518,40.565101],[-74.112588,40.566449],[-74.115654,40.565095],[-74.115649,40.562394],[-74.112579,40.561046],[-74.109514,40.5624]]]},"properties":{"t":"All other types","n":427,"q":4}},{"type":"Feature","geometry":{"type":"Polygon","coordinates":[[[-74.152444,40.554246],[-74.15245,40.556948],[-74.155521,40.558294],[-74.158585,40.556939],[-74.158579,40.554238],[-74.155508,40.552891],[-74.152444,40.554246]]]},"properties":{"t":"All other types","n":202,"q":3}},{"type":"Feature","geometry":{"type":"Polygon","coordinates":[[[-74.112684,40.623182],[-74.112689,40.625884],[-74.115762,40.627232],[-74.11883,40.625878],[-74.118825,40.623176],[-74.115752,40.621828],[-74.112684,40.623182]]]},"properties":{"t":"All other types","n":125,"q":2}},{"type":"Feature","geometry":{"type":"Polygon","coordinates":[[[-74.238186,40.513576],[-74.238196,40.516278],[-74.241266,40.517622],[-74.244327,40.516265],[-74.244317,40.513563],[-74.241247,40.512219],[-74.238186,40.513576]]]},"properties":{"t":"All other types","n":184,"q":3}},{"type":"Feature","geometry":{"type":"Polygon","coordinates":[[[-74.143233,40.550206],[-74.143239,40.552907],[-74.146309,40.554254],[-74.149373,40.552899],[-74.149367,40.550198],[-74.146297,40.548851],[-74.143233,40.550206]]]},"properties":{"t":"All other types","n":151,"q":2}},{"type":"Feature","geometry":{"type":"Polygon","coordinates":[[[-74.195292,40.521762],[-74.1953,40.524464],[-74.19837,40.525809],[-74.201432,40.524453],[-74.201424,40.521752],[-74.198354,40.520406],[-74.195292,40.521762]]]},"properties":{"t":"All other types","n":62,"q":1}},{"type":"Feature","geometry":{"type":"Polygon","coordinates":[[[-74.146345,40.570464],[-74.14635,40.573165],[-74.149422,40.574512],[-74.152487,40.573157],[-74.152481,40.570456],[-74.14941,40.569109],[-74.146345,40.570464]]]},"properties":{"t":"All other types","n":56,"q":1}},{"type":"Feature","geometry":{"type":"Polygon","coordinates":[[[-74.130996,40.56643],[-74.131001,40.569131],[-74.134072,40.570479],[-74.137137,40.569124],[-74.137132,40.566423],[-74.134061,40.565075],[-74.130996,40.56643]]]},"properties":{"t":"All other types","n":111,"q":2}},{"type":"Feature","geometry":{"type":"Polygon","coordinates":[[[-74.12489,40.582646],[-74.124895,40.585348],[-74.127967,40.586695],[-74.131033,40.585341],[-74.131028,40.582639],[-74.127956,40.581292],[-74.12489,40.582646]]]},"properties":{"t":"All other types","n":49,"q":1}},{"type":"Feature","geometry":{"type":"Polygon","coordinates":[[[-74.112561,40.55024],[-74.112566,40.552941],[-74.115635,40.554289],[-74.1187,40.552935],[-74.118695,40.550234],[-74.115626,40.548886],[-74.112561,40.55024]]]},"properties":{"t":"All other types","n":11,"q":0}},{"type":"Feature","geometry":{"type":"Polygon","coordinates":[[[-74.106543,40.623188],[-74.106547,40.62589],[-74.10962,40.627238],[-74.112689,40.625884],[-74.112684,40.623182],[-74.109611,40.621834],[-74.106543,40.623188]]]},"properties":{"t":"All other types","n":113,"q":2}},{"type":"Feature","geometry":{"type":"Polygon","coordinates":[[[-74.109593,40.611028],[-74.109598,40.61373],[-74.11267,40.615078],[-74.115738,40.613724],[-74.115733,40.611022],[-74.112661,40.609674],[-74.109593,40.611028]]]},"properties":{"t":"All other types","n":127,"q":2}},{"type":"Feature","geometry":{"type":"Polygon","coordinates":[[[-74.17694,40.538001],[-74.176947,40.540703],[-74.180017,40.542049],[-74.183081,40.540693],[-74.183073,40.537992],[-74.180003,40.536646],[-74.17694,40.538001]]]},"properties":{"t":"All other types","n":125,"q":2}},{"type":"Feature","geometry":{"type":"Polygon","coordinates":[[[-74.134072,40.570479],[-74.134077,40.57318],[-74.137148,40.574527],[-74.140214,40.573173],[-74.140208,40.570471],[-74.137137,40.569124],[-74.134072,40.570479]]]},"properties":{"t":"All other types","n":100,"q":2}},{"type":"Feature","geometry":{"type":"Polygon","coordinates":[[[-74.189275,40.562296],[-74.189283,40.564998],[-74.192355,40.566343],[-74.195419,40.564987],[-74.195411,40.562286],[-74.192339,40.56094],[-74.189275,40.562296]]]},"properties":{"t":"All other types","n":23,"q":0}},{"type":"Feature","geometry":{"type":"Polygon","coordinates":[[[-74.094261,40.623199],[-74.094264,40.6259],[-74.097337,40.627249],[-74.100406,40.625895],[-74.100402,40.623194],[-74.097329,40.621845],[-74.094261,40.623199]]]},"properties":{"t":"All other types","n":30,"q":0}},{"type":"Feature","geometry":{"type":"Polygon","coordinates":[[[-74.201497,40.546066],[-74.201506,40.548767],[-74.204577,40.550113],[-74.20764,40.548756],[-74.207631,40.546055],[-74.20456,40.54471],[-74.201497,40.546066]]]},"properties":{"t":"All other types","n":21,"q":0}},{"type":"Feature","geometry":{"type":"Polygon","coordinates":[[[-74.204577,40.550113],[-74.204585,40.552814],[-74.207657,40.55416],[-74.21072,40.552803],[-74.210711,40.550102],[-74.20764,40.548756],[-74.204577,40.550113]]]},"properties":{"t":"All other types","n":56,"q":1}},{"type":"Feature","geometry":{"type":"Polygon","coordinates":[[[-74.140208,40.570471],[-74.140214,40.573173],[-74.143285,40.57452],[-74.14635,40.573165],[-74.146345,40.570464],[-74.143274,40.569117],[-74.140208,40.570471]]]},"properties":{"t":"All other types","n":65,"q":1}},{"type":"Feature","geometry":{"type":"Polygon","coordinates":[[[-74.097361,40.643458],[-74.097365,40.646159],[-74.100438,40.647508],[-74.103508,40.646154],[-74.103504,40.643453],[-74.10043,40.642105],[-74.097361,40.643458]]]},"properties":{"t":"All other types","n":74,"q":1}},{"type":"Feature","geometry":{"type":"Polygon","coordinates":[[[-74.225951,40.521706],[-74.22596,40.524407],[-74.229031,40.525752],[-74.232092,40.524395],[-74.232083,40.521694],[-74.229012,40.520349],[-74.225951,40.521706]]]},"properties":{"t":"All other types","n":37,"q":1}},{"type":"Feature","geometry":{"type":"Polygon","coordinates":[[[-74.219899,40.546032],[-74.219908,40.548734],[-74.22298,40.550078],[-74.226043,40.548722],[-74.226033,40.54602],[-74.222962,40.544675],[-74.219899,40.546032]]]},"properties":{"t":"All other types","n":127,"q":2}},{"type":"Feature","geometry":{"type":"Polygon","coordinates":[[[-74.146309,40.554254],[-74.146315,40.556956],[-74.149385,40.558302],[-74.15245,40.556948],[-74.152444,40.554246],[-74.149373,40.552899],[-74.146309,40.554254]]]},"properties":{"t":"All other types","n":155,"q":2}},{"type":"Feature","geometry":{"type":"Polygon","coordinates":[[[-74.057407,40.615118],[-74.057409,40.61782],[-74.060481,40.619169],[-74.06355,40.617817],[-74.063547,40.615115],[-74.060476,40.613766],[-74.057407,40.615118]]]},"properties":{"t":"All other types","n":26,"q":0}},{"type":"Feature","geometry":{"type":"Polygon","coordinates":[[[-74.097349,40.635353],[-74.097353,40.638055],[-74.100426,40.639403],[-74.103495,40.638049],[-74.103491,40.635348],[-74.100418,40.634],[-74.097349,40.635353]]]},"properties":{"t":"All other types","n":111,"q":2}},{"type":"Feature","geometry":{"type":"Polygon","coordinates":[[[-74.146416,40.602882],[-74.146422,40.605584],[-74.149494,40.606931],[-74.152561,40.605576],[-74.152555,40.602874],[-74.149482,40.601528],[-74.146416,40.602882]]]},"properties":{"t":"All other types","n":7,"q":0}},{"type":"Feature","geometry":{"type":"Polygon","coordinates":[[[-74.100402,40.623194],[-74.100406,40.625895],[-74.103479,40.627243],[-74.106547,40.62589],[-74.106543,40.623188],[-74.10347,40.62184],[-74.100402,40.623194]]]},"properties":{"t":"All other types","n":79,"q":1}},{"type":"Feature","geometry":{"type":"Polygon","coordinates":[[[-74.103428,40.594824],[-74.103433,40.597526],[-74.106504,40.598874],[-74.109571,40.59752],[-74.109567,40.594819],[-74.106495,40.593471],[-74.103428,40.594824]]]},"properties":{"t":"All other types","n":51,"q":1}},{"type":"Feature","geometry":{"type":"Polygon","coordinates":[[[-74.192401,40.582553],[-74.192409,40.585254],[-74.195482,40.5866],[-74.198547,40.585244],[-74.198539,40.582542],[-74.195466,40.581197],[-74.192401,40.582553]]]},"properties":{"t":"All other types","n":11,"q":0}},{"type":"Feature","geometry":{"type":"Polygon","coordinates":[[[-74.088045,40.566471],[-74.088048,40.569172],[-74.091118,40.570521],[-74.094184,40.569167],[-74.094181,40.566466],[-74.091111,40.565117],[-74.088045,40.566471]]]},"properties":{"t":"All other types","n":35,"q":1}},{"type":"Feature","geometry":{"type":"Polygon","coordinates":[[[-74.072718,40.578638],[-74.072721,40.58134],[-74.075791,40.582689],[-74.078858,40.581336],[-74.078855,40.578634],[-74.075785,40.577286],[-74.072718,40.578638]]]},"properties":{"t":"All other types","n":39,"q":1}},{"type":"Feature","geometry":{"type":"Polygon","coordinates":[[[-74.183029,40.521782],[-74.183036,40.524484],[-74.186106,40.52583],[-74.189168,40.524474],[-74.189161,40.521772],[-74.186091,40.520427],[-74.183029,40.521782]]]},"properties":{"t":"All other types","n":71,"q":1}},{"type":"Feature","geometry":{"type":"Polygon","coordinates":[[[-74.140191,40.562366],[-74.140197,40.565068],[-74.143268,40.566415],[-74.146333,40.56506],[-74.146327,40.562359],[-74.143256,40.561012],[-74.140191,40.562366]]]},"properties":{"t":"All other types","n":72,"q":1}},{"type":"Feature","geometry":{"type":"Polygon","coordinates":[[[-74.137115,40.558318],[-74.137121,40.561019],[-74.140191,40.562366],[-74.143256,40.561012],[-74.14325,40.55831],[-74.14018,40.556963],[-74.137115,40.558318]]]},"properties":{"t":"All other types","n":36,"q":1}},{"type":"Feature","geometry":{"type":"Polygon","coordinates":[[[-74.192215,40.517715],[-74.192223,40.520416],[-74.195292,40.521762],[-74.198354,40.520406],[-74.198346,40.517704],[-74.195277,40.516359],[-74.192215,40.517715]]]},"properties":{"t":"All other types","n":113,"q":2}},{"type":"Feature","geometry":{"type":"Polygon","coordinates":[[[-74.066622,40.619166],[-74.066624,40.621867],[-74.069696,40.623216],[-74.072765,40.621864],[-74.072762,40.619162],[-74.069691,40.617813],[-74.066622,40.619166]]]},"properties":{"t":"All other types","n":134,"q":2}},{"type":"Feature","geometry":{"type":"Polygon","coordinates":[[[-74.097302,40.602934],[-74.097306,40.605636],[-74.100377,40.606984],[-74.103445,40.605631],[-74.103441,40.602929],[-74.100369,40.601581],[-74.097302,40.602934]]]},"properties":{"t":"All other types","n":113,"q":2}},{"type":"Feature","geometry":{"type":"Polygon","coordinates":[[[-74.12177,40.554283],[-74.121775,40.556984],[-74.124845,40.558332],[-74.12791,40.556978],[-74.127905,40.554276],[-74.124835,40.552929],[-74.12177,40.554283]]]},"properties":{"t":"All other types","n":52,"q":1}},{"type":"Feature","geometry":{"type":"Polygon","coordinates":[[[-74.183251,40.60283],[-74.183258,40.605531],[-74.186332,40.606877],[-74.189398,40.605521],[-74.18939,40.60282],[-74.186317,40.601474],[-74.183251,40.60283]]]},"properties":{"t":"All other types","n":45,"q":1}},{"type":"Feature","geometry":{"type":"Polygon","coordinates":[[[-74.069654,40.582693],[-74.069657,40.585394],[-74.072727,40.586743],[-74.075794,40.58539],[-74.075791,40.582689],[-74.072721,40.58134],[-74.069654,40.582693]]]},"properties":{"t":"All other types","n":13,"q":0}},{"type":"Feature","geometry":{"type":"Polygon","coordinates":[[[-74.137148,40.574527],[-74.137154,40.577229],[-74.140225,40.578576],[-74.143291,40.577221],[-74.143285,40.57452],[-74.140214,40.573173],[-74.137148,40.574527]]]},"properties":{"t":"All other types","n":51,"q":1}},{"type":"Feature","geometry":{"type":"Polygon","coordinates":[[[-74.140174,40.554262],[-74.14018,40.556963],[-74.14325,40.55831],[-74.146315,40.556956],[-74.146309,40.554254],[-74.143239,40.552907],[-74.140174,40.554262]]]},"properties":{"t":"All other types","n":129,"q":2}},{"type":"Feature","geometry":{"type":"Polygon","coordinates":[[[-74.186106,40.52583],[-74.186113,40.528531],[-74.189184,40.529877],[-74.192246,40.528521],[-74.192238,40.52582],[-74.189168,40.524474],[-74.186106,40.52583]]]},"properties":{"t":"All other types","n":117,"q":2}},{"type":"Feature","geometry":{"type":"Polygon","coordinates":[[[-74.097231,40.554306],[-74.097235,40.557008],[-74.100304,40.558356],[-74.10337,40.557002],[-74.103366,40.554301],[-74.100296,40.552953],[-74.097231,40.554306]]]},"properties":{"t":"All other types","n":15,"q":0}},{"type":"Feature","geometry":{"type":"Polygon","coordinates":[[[-74.207556,40.521741],[-74.207564,40.524442],[-74.210635,40.525787],[-74.213696,40.524431],[-74.213688,40.521729],[-74.210618,40.520384],[-74.207556,40.521741]]]},"properties":{"t":"All other types","n":107,"q":2}},{"type":"Feature","geometry":{"type":"Polygon","coordinates":[[[-74.229087,40.541962],[-74.229096,40.544663],[-74.232167,40.546008],[-74.23523,40.544651],[-74.23522,40.541949],[-74.232149,40.540605],[-74.229087,40.541962]]]},"properties":{"t":"All other types","n":9,"q":0}},{"type":"Feature","geometry":{"type":"Polygon","coordinates":[[[-74.121844,40.594806],[-74.121849,40.597508],[-74.124921,40.598855],[-74.127988,40.597501],[-74.127982,40.5948],[-74.124911,40.593452],[-74.121844,40.594806]]]},"properties":{"t":"All other types","n":34,"q":1}},{"type":"Feature","geometry":{"type":"Polygon","coordinates":[[[-74.146362,40.578568],[-74.146368,40.58127],[-74.14944,40.582617],[-74.152505,40.581262],[-74.152499,40.57856],[-74.149428,40.577214],[-74.146362,40.578568]]]},"properties":{"t":"All other types","n":10,"q":0}},{"type":"Feature","geometry":{"type":"Polygon","coordinates":[[[-74.244258,40.497354],[-74.244268,40.500056],[-74.247337,40.5014],[-74.250397,40.500042],[-74.250387,40.497341],[-74.247317,40.495997],[-74.244258,40.497354]]]},"properties":{"t":"All other types","n":16,"q":0}},{"type":"Feature","geometry":{"type":"Polygon","coordinates":[[[-74.177112,40.602839],[-74.177119,40.605541],[-74.180192,40.606887],[-74.183258,40.605531],[-74.183251,40.60283],[-74.180178,40.601484],[-74.177112,40.602839]]]},"properties":{"t":"All other types","n":17,"q":0}},{"type":"Feature","geometry":{"type":"Polygon","coordinates":[[[-74.091207,40.635358],[-74.09121,40.63806],[-74.094284,40.639408],[-74.097353,40.638055],[-74.097349,40.635353],[-74.094276,40.634005],[-74.091207,40.635358]]]},"properties":{"t":"All other types","n":99,"q":1}},{"type":"Feature","geometry":{"type":"Polygon","coordinates":[[[-74.238273,40.537891],[-74.238282,40.540592],[-74.241354,40.541936],[-74.244416,40.540579],[-74.244406,40.537878],[-74.241334,40.536533],[-74.238273,40.537891]]]},"properties":{"t":"All other types","n":10,"q":0}},{"type":"Feature","geometry":{"type":"Polygon","coordinates":[[[-74.10958,40.602923],[-74.109585,40.605625],[-74.112657,40.606973],[-74.115724,40.605619],[-74.115719,40.602917],[-74.112648,40.60157],[-74.10958,40.602923]]]},"properties":{"t":"All other types","n":19,"q":0}},{"type":"Feature","geometry":{"type":"Polygon","coordinates":[[[-74.103441,40.602929],[-74.103445,40.605631],[-74.106517,40.606979],[-74.109585,40.605625],[-74.10958,40.602923],[-74.106508,40.601576],[-74.103441,40.602929]]]},"properties":{"t":"All other types","n":16,"q":0}},{"type":"Feature","geometry":{"type":"Polygon","coordinates":[[[-74.189367,40.594715],[-74.189375,40.597416],[-74.192448,40.598762],[-74.195514,40.597406],[-74.195506,40.594705],[-74.192433,40.593359],[-74.189367,40.594715]]]},"properties":{"t":"All other types","n":29,"q":0}},{"type":"Feature","geometry":{"type":"Polygon","coordinates":[[[-74.134088,40.578583],[-74.134094,40.581285],[-74.137165,40.582632],[-74.140231,40.581277],[-74.140225,40.578576],[-74.137154,40.577229],[-74.134088,40.578583]]]},"properties":{"t":"All other types","n":26,"q":0}},{"type":"Feature","geometry":{"type":"Polygon","coordinates":[[[-74.179974,40.52584],[-74.179981,40.528541],[-74.183051,40.529887],[-74.186113,40.528531],[-74.186106,40.52583],[-74.183036,40.524484],[-74.179974,40.52584]]]},"properties":{"t":"All other types","n":23,"q":0}},{"type":"Feature","geometry":{"type":"Polygon","coordinates":[[[-74.124815,40.542122],[-74.12482,40.544824],[-74.127889,40.546171],[-74.130954,40.544817],[-74.130948,40.542115],[-74.127879,40.540768],[-74.124815,40.542122]]]},"properties":{"t":"All other types","n":8,"q":0}},{"type":"Feature","geometry":{"type":"Polygon","coordinates":[[[-74.18017,40.598782],[-74.180178,40.601484],[-74.183251,40.60283],[-74.186317,40.601474],[-74.186309,40.598772],[-74.183236,40.597426],[-74.18017,40.598782]]]},"properties":{"t":"All other types","n":30,"q":0}},{"type":"Feature","geometry":{"type":"Polygon","coordinates":[[[-74.174032,40.598792],[-74.174039,40.601493],[-74.177112,40.602839],[-74.180178,40.601484],[-74.18017,40.598782],[-74.177097,40.597436],[-74.174032,40.598792]]]},"properties":{"t":"All other types","n":28,"q":0}},{"type":"Feature","geometry":{"type":"Polygon","coordinates":[[[-74.228948,40.501438],[-74.228957,40.504139],[-74.232027,40.505484],[-74.235087,40.504127],[-74.235078,40.501426],[-74.232008,40.500081],[-74.228948,40.501438]]]},"properties":{"t":"All other types","n":30,"q":0}},{"type":"Feature","geometry":{"type":"Polygon","coordinates":[[[-74.225924,40.513601],[-74.225933,40.516303],[-74.229003,40.517647],[-74.232064,40.51629],[-74.232055,40.513589],[-74.228985,40.512244],[-74.225924,40.513601]]]},"properties":{"t":"All other types","n":19,"q":0}},{"type":"Feature","geometry":{"type":"Polygon","coordinates":[[[-74.121829,40.586702],[-74.121834,40.589403],[-74.124906,40.590751],[-74.127972,40.589397],[-74.127967,40.586695],[-74.124895,40.585348],[-74.121829,40.586702]]]},"properties":{"t":"All other types","n":7,"q":0}},{"type":"Feature","geometry":{"type":"Polygon","coordinates":[[[-74.173821,40.517744],[-74.173828,40.520446],[-74.176897,40.521792],[-74.179959,40.520436],[-74.179952,40.517735],[-74.176883,40.516389],[-74.173821,40.517744]]]},"properties":{"t":"All other types","n":5,"q":0}},{"type":"Feature","geometry":{"type":"Polygon","coordinates":[[[-74.103416,40.58672],[-74.10342,40.589421],[-74.106491,40.590769],[-74.109558,40.589416],[-74.109554,40.586714],[-74.106483,40.585366],[-74.103416,40.58672]]]},"properties":{"t":"All other types","n":77,"q":1}},{"type":"Feature","geometry":{"type":"Polygon","coordinates":[[[-74.17709,40.594734],[-74.177097,40.597436],[-74.18017,40.598782],[-74.183236,40.597426],[-74.183229,40.594725],[-74.180156,40.593379],[-74.17709,40.594734]]]},"properties":{"t":"All other types","n":49,"q":1}},{"type":"Feature","geometry":{"type":"Polygon","coordinates":[[[-74.177176,40.627153],[-74.177183,40.629855],[-74.180258,40.631201],[-74.183325,40.629845],[-74.183318,40.627144],[-74.180243,40.625798],[-74.177176,40.627153]]]},"properties":{"t":"All other types","n":28,"q":0}},{"type":"Feature","geometry":{"type":"Polygon","coordinates":[[[-74.176897,40.521792],[-74.176904,40.524494],[-74.179974,40.52584],[-74.183036,40.524484],[-74.183029,40.521782],[-74.179959,40.520436],[-74.176897,40.521792]]]},"properties":{"t":"All other types","n":33,"q":0}},{"type":"Feature","geometry":{"type":"Polygon","coordinates":[[[-74.183318,40.627144],[-74.183325,40.629845],[-74.1864,40.631191],[-74.189467,40.629835],[-74.189459,40.627134],[-74.186385,40.625788],[-74.183318,40.627144]]]},"properties":{"t":"All other types","n":32,"q":0}},{"type":"Feature","geometry":{"type":"Polygon","coordinates":[[[-74.229114,40.550066],[-74.229124,40.552768],[-74.232196,40.554113],[-74.235258,40.552756],[-74.235249,40.550054],[-74.232177,40.548709],[-74.229114,40.550066]]]},"properties":{"t":"All other types","n":5,"q":0}},{"type":"Feature","geometry":{"type":"Polygon","coordinates":[[[-74.164813,40.594753],[-74.16482,40.597454],[-74.167893,40.598801],[-74.170959,40.597445],[-74.170952,40.594744],[-74.167879,40.593398],[-74.164813,40.594753]]]},"properties":{"t":"All other types","n":151,"q":2}},{"type":"Feature","geometry":{"type":"Polygon","coordinates":[[[-74.143268,40.566415],[-74.143274,40.569117],[-74.146345,40.570464],[-74.14941,40.569109],[-74.149404,40.566407],[-74.146333,40.56506],[-74.143268,40.566415]]]},"properties":{"t":"All other types","n":4,"q":0}},{"type":"Feature","geometry":{"type":"Polygon","coordinates":[[[-74.170973,40.602848],[-74.170979,40.60555],[-74.174053,40.606896],[-74.177119,40.605541],[-74.177112,40.602839],[-74.174039,40.601493],[-74.170973,40.602848]]]},"properties":{"t":"All other types","n":30,"q":0}},{"type":"Feature","geometry":{"type":"Polygon","coordinates":[[[-74.155615,40.598818],[-74.155621,40.60152],[-74.158694,40.602866],[-74.16176,40.601511],[-74.161754,40.598809],[-74.158681,40.597463],[-74.155615,40.598818]]]},"properties":{"t":"All other types","n":7,"q":0}},{"type":"Feature","geometry":{"type":"Polygon","coordinates":[[[-74.170993,40.610953],[-74.171,40.613655],[-74.174074,40.615001],[-74.17714,40.613645],[-74.177133,40.610944],[-74.17406,40.609598],[-74.170993,40.610953]]]},"properties":{"t":"All other types","n":40,"q":1}},{"type":"Feature","geometry":{"type":"Polygon","coordinates":[[[-74.170869,40.562325],[-74.170876,40.565026],[-74.173947,40.566373],[-74.177011,40.565017],[-74.177004,40.562316],[-74.173933,40.56097],[-74.170869,40.562325]]]},"properties":{"t":"All other types","n":66,"q":1}},{"type":"Feature","geometry":{"type":"Polygon","coordinates":[[[-74.174137,40.639315],[-74.174144,40.642017],[-74.177219,40.643363],[-74.180287,40.642007],[-74.18028,40.639305],[-74.177205,40.637959],[-74.174137,40.639315]]]},"properties":{"t":"All other types","n":16,"q":0}},{"type":"Feature","geometry":{"type":"Polygon","coordinates":[[[-74.118753,40.582652],[-74.118758,40.585354],[-74.121829,40.586702],[-74.124895,40.585348],[-74.12489,40.582646],[-74.121819,40.581298],[-74.118753,40.582652]]]},"properties":{"t":"All other types","n":10,"q":0}},{"type":"Feature","geometry":{"type":"Polygon","coordinates":[[[-74.131044,40.590744],[-74.131049,40.593445],[-74.134121,40.594793],[-74.137187,40.593438],[-74.137182,40.590737],[-74.13411,40.58939],[-74.131044,40.590744]]]},"properties":{"t":"All other types","n":107,"q":2}},{"type":"Feature","geometry":{"type":"Polygon","coordinates":[[[-74.131028,40.582639],[-74.131033,40.585341],[-74.134105,40.586688],[-74.137171,40.585334],[-74.137165,40.582632],[-74.134094,40.581285],[-74.131028,40.582639]]]},"properties":{"t":"All other types","n":4,"q":0}},{"type":"Feature","geometry":{"type":"Polygon","coordinates":[[[-74.078846,40.57053],[-74.078849,40.573231],[-74.081919,40.57458],[-74.084985,40.573227],[-74.084982,40.570525],[-74.081912,40.569177],[-74.078846,40.57053]]]},"properties":{"t":"All other types","n":5,"q":0}},{"type":"Feature","geometry":{"type":"Polygon","coordinates":[[[-74.204453,40.509589],[-74.204461,40.512291],[-74.207531,40.513636],[-74.210592,40.512279],[-74.210584,40.509578],[-74.207514,40.508233],[-74.204453,40.509589]]]},"properties":{"t":"All other types","n":4,"q":0}},{"type":"Feature","geometry":{"type":"Polygon","coordinates":[[[-74.21674,40.517671],[-74.216749,40.520373],[-74.219819,40.521718],[-74.222881,40.520361],[-74.222872,40.517659],[-74.219802,40.516315],[-74.21674,40.517671]]]},"properties":{"t":"All other types","n":2,"q":0}},{"type":"Feature","geometry":{"type":"Polygon","coordinates":[[[-74.186309,40.598772],[-74.186317,40.601474],[-74.18939,40.60282],[-74.192456,40.601464],[-74.192448,40.598762],[-74.189375,40.597416],[-74.186309,40.598772]]]},"properties":{"t":"All other types","n":31,"q":0}},{"type":"Feature","geometry":{"type":"Polygon","coordinates":[[[-74.180258,40.631201],[-74.180265,40.633902],[-74.18334,40.635248],[-74.186407,40.633893],[-74.1864,40.631191],[-74.183325,40.629845],[-74.180258,40.631201]]]},"properties":{"t":"All other types","n":8,"q":0}},{"type":"Feature","geometry":{"type":"Polygon","coordinates":[[[-74.186196,40.558249],[-74.186204,40.56095],[-74.189275,40.562296],[-74.192339,40.56094],[-74.192331,40.558239],[-74.18926,40.556893],[-74.186196,40.558249]]]},"properties":{"t":"All other types","n":16,"q":0}},{"type":"Feature","geometry":{"type":"Polygon","coordinates":[[[-74.180083,40.566363],[-74.18009,40.569065],[-74.183162,40.570411],[-74.186226,40.569055],[-74.186219,40.566353],[-74.183147,40.565008],[-74.180083,40.566363]]]},"properties":{"t":"All other types","n":16,"q":0}},{"type":"Feature","geometry":{"type":"Polygon","coordinates":[[[-74.158598,40.562343],[-74.158604,40.565044],[-74.161675,40.566391],[-74.16474,40.565035],[-74.164733,40.562334],[-74.161662,40.560987],[-74.158598,40.562343]]]},"properties":{"t":"All other types","n":14,"q":0}},{"type":"Feature","geometry":{"type":"Polygon","coordinates":[[[-74.207581,40.529845],[-74.207589,40.532547],[-74.21066,40.533892],[-74.213722,40.532536],[-74.213714,40.529834],[-74.210643,40.528489],[-74.207581,40.529845]]]},"properties":{"t":"All other types","n":65,"q":1}},{"type":"Feature","geometry":{"type":"Polygon","coordinates":[[[-74.174095,40.623106],[-74.174102,40.625807],[-74.177176,40.627153],[-74.180243,40.625798],[-74.180236,40.623096],[-74.177162,40.62175],[-74.174095,40.623106]]]},"properties":{"t":"All other types","n":9,"q":0}},{"type":"Feature","geometry":{"type":"Polygon","coordinates":[[[-74.195482,40.5866],[-74.19549,40.589302],[-74.198563,40.590647],[-74.201628,40.589291],[-74.20162,40.586589],[-74.198547,40.585244],[-74.195482,40.5866]]]},"properties":{"t":"All other types","n":29,"q":0}},{"type":"Feature","geometry":{"type":"Polygon","coordinates":[[[-74.167954,40.623115],[-74.167961,40.625816],[-74.171035,40.627163],[-74.174102,40.625807],[-74.174095,40.623106],[-74.171021,40.621759],[-74.167954,40.623115]]]},"properties":{"t":"All other types","n":8,"q":0}},{"type":"Feature","geometry":{"type":"Polygon","coordinates":[[[-74.222845,40.509555],[-74.222854,40.512256],[-74.225924,40.513601],[-74.228985,40.512244],[-74.228975,40.509543],[-74.225906,40.508198],[-74.222845,40.509555]]]},"properties":{"t":"All other types","n":22,"q":0}},{"type":"Feature","geometry":{"type":"Polygon","coordinates":[[[-74.23522,40.541949],[-74.23523,40.544651],[-74.238301,40.545995],[-74.241364,40.544638],[-74.241354,40.541936],[-74.238282,40.540592],[-74.23522,40.541949]]]},"properties":{"t":"All other types","n":12,"q":0}},{"type":"Feature","geometry":{"type":"Polygon","coordinates":[[[-74.177133,40.610944],[-74.17714,40.613645],[-74.180214,40.614991],[-74.183281,40.613636],[-74.183273,40.610934],[-74.1802,40.609588],[-74.177133,40.610944]]]},"properties":{"t":"All other types","n":4,"q":0}},{"type":"Feature","geometry":{"type":"Polygon","coordinates":[[[-74.183273,40.610934],[-74.183281,40.613636],[-74.186355,40.614982],[-74.189421,40.613626],[-74.189413,40.610924],[-74.186339,40.609579],[-74.183273,40.610934]]]},"properties":{"t":"All other types","n":9,"q":0}},{"type":"Feature","geometry":{"type":"Polygon","coordinates":[[[-74.100365,40.598879],[-74.100369,40.601581],[-74.103441,40.602929],[-74.106508,40.601576],[-74.106504,40.598874],[-74.103433,40.597526],[-74.100365,40.598879]]]},"properties":{"t":"All other types","n":46,"q":1}},{"type":"Feature","geometry":{"type":"Polygon","coordinates":[[[-74.189161,40.521772],[-74.189168,40.524474],[-74.192238,40.52582],[-74.1953,40.524464],[-74.195292,40.521762],[-74.192223,40.520416],[-74.189161,40.521772]]]},"properties":{"t":"All other types","n":12,"q":0}},{"type":"Feature","geometry":{"type":"Polygon","coordinates":[[[-74.174074,40.615001],[-74.174081,40.617702],[-74.177155,40.619049],[-74.180221,40.617693],[-74.180214,40.614991],[-74.17714,40.613645],[-74.174074,40.615001]]]},"properties":{"t":"All other types","n":11,"q":0}},{"type":"Feature","geometry":{"type":"Polygon","coordinates":[[[-74.192355,40.566343],[-74.192363,40.569045],[-74.195435,40.570391],[-74.198499,40.569034],[-74.198491,40.566333],[-74.195419,40.564987],[-74.192355,40.566343]]]},"properties":{"t":"All other types","n":2,"q":0}},{"type":"Feature","geometry":{"type":"Polygon","coordinates":[[[-74.18939,40.60282],[-74.189398,40.605521],[-74.192472,40.606867],[-74.195537,40.605511],[-74.195529,40.602809],[-74.192456,40.601464],[-74.18939,40.60282]]]},"properties":{"t":"All other types","n":19,"q":0}},{"type":"Feature","geometry":{"type":"Polygon","coordinates":[[[-74.176918,40.529897],[-74.176926,40.532598],[-74.179996,40.533944],[-74.183058,40.532589],[-74.183051,40.529887],[-74.179981,40.528541],[-74.176918,40.529897]]]},"properties":{"t":"All other types","n":3,"q":0}},{"type":"Feature","geometry":{"type":"Polygon","coordinates":[[[-74.229059,40.533857],[-74.229068,40.536558],[-74.232139,40.537903],[-74.235201,40.536546],[-74.235192,40.533844],[-74.232121,40.5325],[-74.229059,40.533857]]]},"properties":{"t":"All other types","n":5,"q":0}},{"type":"Feature","geometry":{"type":"Polygon","coordinates":[[[-74.238244,40.529786],[-74.238253,40.532487],[-74.241325,40.533832],[-74.244386,40.532474],[-74.244376,40.529773],[-74.241305,40.528429],[-74.238244,40.529786]]]},"properties":{"t":"All other types","n":27,"q":0}},{"type":"Feature","geometry":{"type":"Polygon","coordinates":[[[-74.106517,40.606979],[-74.106521,40.60968],[-74.109593,40.611028],[-74.112661,40.609674],[-74.112657,40.606973],[-74.109585,40.605625],[-74.106517,40.606979]]]},"properties":{"t":"All other types","n":4,"q":0}},{"type":"Feature","geometry":{"type":"Polygon","coordinates":[[[-74.088152,40.647518],[-74.088155,40.650219],[-74.091229,40.651568],[-74.094299,40.650214],[-74.094295,40.647513],[-74.091221,40.646165],[-74.088152,40.647518]]]},"properties":{"t":"All other types","n":2,"q":0}},{"type":"Feature","geometry":{"type":"Polygon","coordinates":[[[-74.155558,40.574504],[-74.155565,40.577205],[-74.158636,40.578552],[-74.161702,40.577197],[-74.161695,40.574495],[-74.158623,40.573149],[-74.155558,40.574504]]]},"properties":{"t":"All other types","n":20,"q":0}},{"type":"Feature","geometry":{"type":"Polygon","coordinates":[[[-74.106491,40.590769],[-74.106495,40.593471],[-74.109567,40.594819],[-74.112634,40.593465],[-74.112629,40.590763],[-74.109558,40.589416],[-74.106491,40.590769]]]},"properties":{"t":"All other types","n":14,"q":0}},{"type":"Feature","geometry":{"type":"Polygon","coordinates":[[[-74.164733,40.562334],[-74.16474,40.565035],[-74.167811,40.566382],[-74.170876,40.565026],[-74.170869,40.562325],[-74.167798,40.560979],[-74.164733,40.562334]]]},"properties":{"t":"All other types","n":58,"q":1}},{"type":"Feature","geometry":{"type":"Polygon","coordinates":[[[-74.075865,40.647526],[-74.075868,40.650228],[-74.078941,40.651577],[-74.082012,40.650224],[-74.082008,40.647522],[-74.078935,40.646174],[-74.075865,40.647526]]]},"properties":{"t":"All other types","n":26,"q":0}},{"type":"Feature","geometry":{"type":"Polygon","coordinates":[[[-74.180192,40.606887],[-74.1802,40.609588],[-74.183273,40.610934],[-74.186339,40.609579],[-74.186332,40.606877],[-74.183258,40.605531],[-74.180192,40.606887]]]},"properties":{"t":"All other types","n":1,"q":0}},{"type":"Feature","geometry":{"type":"Polygon","coordinates":[[[-74.226006,40.537915],[-74.226015,40.540617],[-74.229087,40.541962],[-74.232149,40.540605],[-74.232139,40.537903],[-74.229068,40.536558],[-74.226006,40.537915]]]},"properties":{"t":"All other types","n":5,"q":0}},{"type":"Feature","geometry":{"type":"Polygon","coordinates":[[[-74.232196,40.554113],[-74.232205,40.556814],[-74.235277,40.558159],[-74.23834,40.556802],[-74.23833,40.5541],[-74.235258,40.552756],[-74.232196,40.554113]]]},"properties":{"t":"All other types","n":4,"q":0}},{"type":"Feature","geometry":{"type":"Polygon","coordinates":[[[-74.167893,40.598801],[-74.1679,40.601502],[-74.170973,40.602848],[-74.174039,40.601493],[-74.174032,40.598792],[-74.170959,40.597445],[-74.167893,40.598801]]]},"properties":{"t":"All other types","n":5,"q":0}},{"type":"Feature","geometry":{"type":"Polygon","coordinates":[[[-74.232167,40.546008],[-74.232177,40.548709],[-74.235249,40.550054],[-74.238311,40.548697],[-74.238301,40.545995],[-74.23523,40.544651],[-74.232167,40.546008]]]},"properties":{"t":"All other types","n":5,"q":0}},{"type":"Feature","geometry":{"type":"Polygon","coordinates":[[[-74.118695,40.550234],[-74.1187,40.552935],[-74.12177,40.554283],[-74.124835,40.552929],[-74.12483,40.550227],[-74.12176,40.54888],[-74.118695,40.550234]]]},"properties":{"t":"All other types","n":1,"q":0}},{"type":"Feature","geometry":{"type":"Polygon","coordinates":[[[-74.192238,40.52582],[-74.192246,40.528521],[-74.195316,40.529867],[-74.198378,40.528511],[-74.19837,40.525809],[-74.1953,40.524464],[-74.192238,40.52582]]]},"properties":{"t":"All other types","n":13,"q":0}},{"type":"Feature","geometry":{"type":"Polygon","coordinates":[[[-74.146256,40.52994],[-74.146262,40.532641],[-74.149331,40.533988],[-74.152395,40.532633],[-74.152388,40.529932],[-74.149319,40.528585],[-74.146256,40.52994]]]},"properties":{"t":"All other types","n":6,"q":0}},{"type":"Feature","geometry":{"type":"Polygon","coordinates":[[[-74.167811,40.566382],[-74.167818,40.569083],[-74.17089,40.57043],[-74.173954,40.569074],[-74.173947,40.566373],[-74.170876,40.565026],[-74.167811,40.566382]]]},"properties":{"t":"All other types","n":1,"q":0}},{"type":"Feature","geometry":{"type":"Polygon","coordinates":[[[-74.198539,40.582542],[-74.198547,40.585244],[-74.20162,40.586589],[-74.204684,40.585233],[-74.204676,40.582532],[-74.201603,40.581186],[-74.198539,40.582542]]]},"properties":{"t":"All other types","n":2,"q":0}},{"type":"Feature","geometry":{"type":"Polygon","coordinates":[[[-74.210584,40.509578],[-74.210592,40.512279],[-74.213662,40.513625],[-74.216723,40.512268],[-74.216714,40.509566],[-74.213645,40.508221],[-74.210584,40.509578]]]},"properties":{"t":"All other types","n":1,"q":0}},{"type":"Feature","geometry":{"type":"Polygon","coordinates":[[[-74.177198,40.635258],[-74.177205,40.637959],[-74.18028,40.639305],[-74.183347,40.63795],[-74.18334,40.635248],[-74.180265,40.633902],[-74.177198,40.635258]]]},"properties":{"t":"All other types","n":1,"q":0}},{"type":"Feature","geometry":{"type":"Polygon","coordinates":[[[-74.192378,40.574448],[-74.192386,40.57715],[-74.195458,40.578495],[-74.198523,40.577139],[-74.198515,40.574438],[-74.195442,40.573092],[-74.192378,40.574448]]]},"properties":{"t":"All other types","n":2,"q":0}},{"type":"Feature","geometry":{"type":"Polygon","coordinates":[[[-74.232111,40.529798],[-74.232121,40.5325],[-74.235192,40.533844],[-74.238253,40.532487],[-74.238244,40.529786],[-74.235173,40.528441],[-74.232111,40.529798]]]},"properties":{"t":"All other types","n":1,"q":0}},{"type":"Feature","geometry":{"type":"Polygon","coordinates":[[[-74.198467,40.558228],[-74.198475,40.56093],[-74.201546,40.562275],[-74.20461,40.560919],[-74.204602,40.558217],[-74.20153,40.556872],[-74.198467,40.558228]]]},"properties":{"t":"All other types","n":5,"q":0}},{"type":"Feature","geometry":{"type":"Polygon","coordinates":[[[-74.189298,40.570401],[-74.189306,40.573102],[-74.192378,40.574448],[-74.195442,40.573092],[-74.195435,40.570391],[-74.192363,40.569045],[-74.189298,40.570401]]]},"properties":{"t":"All other types","n":4,"q":0}},{"type":"Feature","geometry":{"type":"Polygon","coordinates":[[[-74.222953,40.541974],[-74.222962,40.544675],[-74.226033,40.54602],[-74.229096,40.544663],[-74.229087,40.541962],[-74.226015,40.540617],[-74.222953,40.541974]]]},"properties":{"t":"All other types","n":2,"q":0}},{"type":"Feature","geometry":{"type":"Polygon","coordinates":[[[-74.078865,40.586739],[-74.078868,40.589441],[-74.081939,40.590789],[-74.085006,40.589436],[-74.085003,40.586735],[-74.081932,40.585386],[-74.078865,40.586739]]]},"properties":{"t":"All other types","n":11,"q":0}},{"type":"Feature","geometry":{"type":"Polygon","coordinates":[[[-74.186332,40.606877],[-74.186339,40.609579],[-74.189413,40.610924],[-74.192479,40.609568],[-74.192472,40.606867],[-74.189398,40.605521],[-74.186332,40.606877]]]},"properties":{"t":"All other types","n":2,"q":0}},{"type":"Feature","geometry":{"type":"Polygon","coordinates":[[[-74.222899,40.525764],[-74.222908,40.528466],[-74.225979,40.529811],[-74.22904,40.528454],[-74.229031,40.525752],[-74.22596,40.524407],[-74.222899,40.525764]]]},"properties":{"t":"All other types","n":1,"q":0}},{"type":"Feature","geometry":{"type":"Polygon","coordinates":[[[-74.195624,40.635228],[-74.195632,40.63793],[-74.198708,40.639275],[-74.201775,40.637919],[-74.201767,40.635217],[-74.198691,40.633872],[-74.195624,40.635228]]]},"properties":{"t":"All other types","n":2,"q":0}},{"type":"Feature","geometry":{"type":"Polygon","coordinates":[[[-74.241295,40.525727],[-74.241305,40.528429],[-74.244376,40.529773],[-74.247437,40.528416],[-74.247427,40.525714],[-74.244356,40.52437],[-74.241295,40.525727]]]},"properties":{"t":"All other types","n":1,"q":0}},{"type":"Feature","geometry":{"type":"Polygon","coordinates":[[[-74.091107,40.562416],[-74.091111,40.565117],[-74.094181,40.566466],[-74.097247,40.565112],[-74.097243,40.562411],[-74.094173,40.561063],[-74.091107,40.562416]]]},"properties":{"t":"All other types","n":4,"q":0}},{"type":"Feature","geometry":{"type":"Polygon","coordinates":[[[-74.149476,40.598826],[-74.149482,40.601528],[-74.152555,40.602874],[-74.155621,40.60152],[-74.155615,40.598818],[-74.152542,40.597471],[-74.149476,40.598826]]]},"properties":{"t":"All other types","n":1,"q":0}},{"type":"Feature","geometry":{"type":"Polygon","coordinates":[[[-74.179952,40.517735],[-74.179959,40.520436],[-74.183029,40.521782],[-74.186091,40.520427],[-74.186083,40.517725],[-74.183014,40.516379],[-74.179952,40.517735]]]},"properties":{"t":"All other types","n":5,"q":0}},{"type":"Feature","geometry":{"type":"Polygon","coordinates":[[[-74.192425,40.590657],[-74.192433,40.593359],[-74.195506,40.594705],[-74.198571,40.593349],[-74.198563,40.590647],[-74.19549,40.589302],[-74.192425,40.590657]]]},"properties":{"t":"All other types","n":2,"q":0}},{"type":"Feature","geometry":{"type":"Polygon","coordinates":[[[-74.198322,40.5096],[-74.19833,40.512301],[-74.2014,40.513647],[-74.204461,40.512291],[-74.204453,40.509589],[-74.201383,40.508244],[-74.198322,40.5096]]]},"properties":{"t":"All other types","n":5,"q":0}},{"type":"Feature","geometry":{"type":"Polygon","coordinates":[[[-74.137182,40.590737],[-74.137187,40.593438],[-74.140259,40.594785],[-74.143326,40.593431],[-74.14332,40.590729],[-74.140248,40.589382],[-74.137182,40.590737]]]},"properties":{"t":"All other types","n":3,"q":0}},{"type":"Feature","geometry":{"type":"Polygon","coordinates":[[[-74.192495,40.614972],[-74.192503,40.617673],[-74.195577,40.619019],[-74.198643,40.617663],[-74.198635,40.614961],[-74.195561,40.613616],[-74.192495,40.614972]]]},"properties":{"t":"All other types","n":1,"q":0}},{"type":"Feature","geometry":{"type":"Polygon","coordinates":[[[-74.05432,40.594858],[-74.054323,40.59756],[-74.057393,40.598909],[-74.060461,40.597557],[-74.060459,40.594855],[-74.057388,40.593506],[-74.05432,40.594858]]]},"properties":{"t":"All other types","n":1,"q":0}},{"type":"Feature","geometry":{"type":"Polygon","coordinates":[[[-74.222818,40.50145],[-74.222827,40.504152],[-74.225896,40.505496],[-74.228957,40.504139],[-74.228948,40.501438],[-74.225878,40.500093],[-74.222818,40.50145]]]},"properties":{"t":"All other types","n":6,"q":0}},{"type":"Feature","geometry":{"type":"Polygon","coordinates":[[[-74.253467,40.501386],[-74.253478,40.504088],[-74.256548,40.505432],[-74.259608,40.504074],[-74.259597,40.501373],[-74.256527,40.500029],[-74.253467,40.501386]]]},"properties":{"t":"All other types","n":1,"q":0}},{"type":"Feature","geometry":{"type":"Polygon","coordinates":[[[-74.235249,40.550054],[-74.235258,40.552756],[-74.23833,40.5541],[-74.241393,40.552743],[-74.241383,40.550041],[-74.238311,40.548697],[-74.235249,40.550054]]]},"properties":{"t":"All other types","n":1,"q":0}},{"type":"Feature","geometry":{"type":"Polygon","coordinates":[[[-74.207631,40.546055],[-74.20764,40.548756],[-74.210711,40.550102],[-74.213774,40.548745],[-74.213765,40.546044],[-74.210694,40.544698],[-74.207631,40.546055]]]},"properties":{"t":"Noise - Residential","n":19,"q":3}},{"type":"Feature","geometry":{"type":"Polygon","coordinates":[[[-74.207556,40.521741],[-74.207564,40.524442],[-74.210635,40.525787],[-74.213696,40.524431],[-74.213688,40.521729],[-74.210618,40.520384],[-74.207556,40.521741]]]},"properties":{"t":"Noise - Residential","n":14,"q":2}},{"type":"Feature","geometry":{"type":"Polygon","coordinates":[[[-74.075856,40.639422],[-74.075859,40.642123],[-74.078932,40.643472],[-74.082002,40.642119],[-74.081998,40.639418],[-74.078925,40.638069],[-74.075856,40.639422]]]},"properties":{"t":"Noise - Residential","n":253,"q":4}},{"type":"Feature","geometry":{"type":"Polygon","coordinates":[[[-74.167995,40.639324],[-74.168001,40.642026],[-74.171076,40.643372],[-74.174144,40.642017],[-74.174137,40.639315],[-74.171063,40.637969],[-74.167995,40.639324]]]},"properties":{"t":"Noise - Residential","n":188,"q":4}},{"type":"Feature","geometry":{"type":"Polygon","coordinates":[[[-74.2014,40.513647],[-74.201408,40.516348],[-74.204478,40.517694],[-74.207539,40.516337],[-74.207531,40.513636],[-74.204461,40.512291],[-74.2014,40.513647]]]},"properties":{"t":"Noise - Residential","n":15,"q":2}},{"type":"Feature","geometry":{"type":"Polygon","coordinates":[[[-74.078874,40.594844],[-74.078878,40.597545],[-74.081949,40.598894],[-74.085016,40.597541],[-74.085013,40.59484],[-74.081942,40.593491],[-74.078874,40.594844]]]},"properties":{"t":"Noise - Residential","n":252,"q":4}},{"type":"Feature","geometry":{"type":"Polygon","coordinates":[[[-74.072762,40.619162],[-74.072765,40.621864],[-74.075837,40.623212],[-74.078906,40.62186],[-74.078903,40.619158],[-74.075831,40.617809],[-74.072762,40.619162]]]},"properties":{"t":"Noise - Residential","n":50,"q":4}},{"type":"Feature","geometry":{"type":"Polygon","coordinates":[[[-74.078932,40.643472],[-74.078935,40.646174],[-74.082008,40.647522],[-74.085078,40.646169],[-74.085075,40.643468],[-74.082002,40.642119],[-74.078932,40.643472]]]},"properties":{"t":"Noise - Residential","n":193,"q":4}},{"type":"Feature","geometry":{"type":"Polygon","coordinates":[[[-74.075837,40.623212],[-74.07584,40.625914],[-74.078913,40.627263],[-74.081982,40.62591],[-74.081978,40.623208],[-74.078906,40.62186],[-74.075837,40.623212]]]},"properties":{"t":"Noise - Residential","n":127,"q":4}},{"type":"Feature","geometry":{"type":"Polygon","coordinates":[[[-74.155521,40.558294],[-74.155527,40.560996],[-74.158598,40.562343],[-74.161662,40.560987],[-74.161656,40.558286],[-74.158585,40.556939],[-74.155521,40.558294]]]},"properties":{"t":"Noise - Residential","n":13,"q":2}},{"type":"Feature","geometry":{"type":"Polygon","coordinates":[[[-74.085064,40.635363],[-74.085068,40.638065],[-74.088141,40.639413],[-74.09121,40.63806],[-74.091207,40.635358],[-74.088134,40.63401],[-74.085064,40.635363]]]},"properties":{"t":"Noise - Residential","n":112,"q":4}},{"type":"Feature","geometry":{"type":"Polygon","coordinates":[[[-74.115762,40.627232],[-74.115766,40.629933],[-74.11884,40.631281],[-74.121908,40.629927],[-74.121903,40.627225],[-74.11883,40.625878],[-74.115762,40.627232]]]},"properties":{"t":"Noise - Residential","n":39,"q":4}},{"type":"Feature","geometry":{"type":"Polygon","coordinates":[[[-74.19534,40.537972],[-74.195348,40.540673],[-74.198418,40.542019],[-74.201481,40.540663],[-74.201473,40.537961],[-74.198402,40.536616],[-74.19534,40.537972]]]},"properties":{"t":"Noise - Residential","n":23,"q":3}},{"type":"Feature","geometry":{"type":"Polygon","coordinates":[[[-74.078913,40.627263],[-74.078916,40.629964],[-74.081988,40.631313],[-74.085058,40.62996],[-74.085054,40.627258],[-74.081982,40.62591],[-74.078913,40.627263]]]},"properties":{"t":"Noise - Residential","n":56,"q":4}},{"type":"Feature","geometry":{"type":"Polygon","coordinates":[[[-74.106556,40.631293],[-74.10656,40.633994],[-74.109633,40.635342],[-74.112702,40.633988],[-74.112698,40.631287],[-74.109625,40.629939],[-74.106556,40.631293]]]},"properties":{"t":"Noise - Residential","n":22,"q":3}},{"type":"Feature","geometry":{"type":"Polygon","coordinates":[[[-74.06354,40.60701],[-74.063542,40.609712],[-74.066614,40.611061],[-74.069682,40.609708],[-74.069679,40.607007],[-74.066608,40.605658],[-74.06354,40.60701]]]},"properties":{"t":"Noise - Residential","n":11,"q":2}},{"type":"Feature","geometry":{"type":"Polygon","coordinates":[[[-74.094203,40.582675],[-74.094207,40.585377],[-74.097278,40.586725],[-74.100345,40.585372],[-74.100341,40.58267],[-74.09727,40.581322],[-74.094203,40.582675]]]},"properties":{"t":"Noise - Residential","n":19,"q":3}},{"type":"Feature","geometry":{"type":"Polygon","coordinates":[[[-74.152592,40.619084],[-74.152598,40.621785],[-74.155672,40.623132],[-74.158739,40.621777],[-74.158733,40.619075],[-74.155659,40.617729],[-74.152592,40.619084]]]},"properties":{"t":"Noise - Residential","n":4,"q":1}},{"type":"Feature","geometry":{"type":"Polygon","coordinates":[[[-74.112711,40.639392],[-74.112716,40.642093],[-74.11579,40.643441],[-74.118859,40.642087],[-74.118854,40.639385],[-74.11578,40.638038],[-74.112711,40.639392]]]},"properties":{"t":"Noise - Residential","n":30,"q":4}},{"type":"Feature","geometry":{"type":"Polygon","coordinates":[[[-74.060459,40.594855],[-74.060461,40.597557],[-74.063532,40.598906],[-74.0666,40.597553],[-74.066597,40.594852],[-74.063527,40.593503],[-74.060459,40.594855]]]},"properties":{"t":"Noise - Residential","n":116,"q":4}},{"type":"Feature","geometry":{"type":"Polygon","coordinates":[[[-74.170848,40.55422],[-74.170855,40.556922],[-74.173926,40.558268],[-74.17699,40.556912],[-74.176983,40.554211],[-74.173912,40.552865],[-74.170848,40.55422]]]},"properties":{"t":"Noise - Residential","n":28,"q":3}},{"type":"Feature","geometry":{"type":"Polygon","coordinates":[[[-74.081968,40.615104],[-74.081972,40.617805],[-74.085044,40.619154],[-74.088112,40.617801],[-74.088109,40.615099],[-74.085037,40.61375],[-74.081968,40.615104]]]},"properties":{"t":"Noise - Residential","n":57,"q":4}},{"type":"Feature","geometry":{"type":"Polygon","coordinates":[[[-74.131123,40.631267],[-74.131129,40.633969],[-74.134202,40.635316],[-74.137271,40.633962],[-74.137265,40.63126],[-74.134191,40.629913],[-74.131123,40.631267]]]},"properties":{"t":"Noise - Residential","n":49,"q":4}},{"type":"Feature","geometry":{"type":"Polygon","coordinates":[[[-74.091185,40.619149],[-74.091188,40.62185],[-74.094261,40.623199],[-74.097329,40.621845],[-74.097325,40.619144],[-74.094253,40.617796],[-74.091185,40.619149]]]},"properties":{"t":"Noise - Residential","n":51,"q":4}},{"type":"Feature","geometry":{"type":"Polygon","coordinates":[[[-74.164813,40.594753],[-74.16482,40.597454],[-74.167893,40.598801],[-74.170959,40.597445],[-74.170952,40.594744],[-74.167879,40.593398],[-74.164813,40.594753]]]},"properties":{"t":"Noise - Residential","n":15,"q":2}},{"type":"Feature","geometry":{"type":"Polygon","coordinates":[[[-74.078855,40.578634],[-74.078858,40.581336],[-74.081929,40.582685],[-74.084996,40.581332],[-74.084992,40.57863],[-74.081922,40.577282],[-74.078855,40.578634]]]},"properties":{"t":"Noise - Residential","n":22,"q":3}},{"type":"Feature","geometry":{"type":"Polygon","coordinates":[[[-74.094284,40.639408],[-74.094287,40.64211],[-74.097361,40.643458],[-74.10043,40.642105],[-74.100426,40.639403],[-74.097353,40.638055],[-74.094284,40.639408]]]},"properties":{"t":"Noise - Residential","n":29,"q":4}},{"type":"Feature","geometry":{"type":"Polygon","coordinates":[[[-74.155464,40.53398],[-74.15547,40.536682],[-74.15854,40.538028],[-74.161603,40.536673],[-74.161597,40.533972],[-74.158527,40.532625],[-74.155464,40.53398]]]},"properties":{"t":"Noise - Residential","n":22,"q":3}},{"type":"Feature","geometry":{"type":"Polygon","coordinates":[[[-74.158521,40.529924],[-74.158527,40.532625],[-74.161597,40.533972],[-74.16466,40.532617],[-74.164653,40.529915],[-74.161584,40.528568],[-74.158521,40.529924]]]},"properties":{"t":"Noise - Residential","n":13,"q":2}},{"type":"Feature","geometry":{"type":"Polygon","coordinates":[[[-74.149458,40.590721],[-74.149464,40.593423],[-74.152536,40.59477],[-74.155602,40.593415],[-74.155596,40.590713],[-74.152524,40.589367],[-74.149458,40.590721]]]},"properties":{"t":"Noise - Residential","n":10,"q":2}},{"type":"Feature","geometry":{"type":"Polygon","coordinates":[[[-74.17694,40.538001],[-74.176947,40.540703],[-74.180017,40.542049],[-74.183081,40.540693],[-74.183073,40.537992],[-74.180003,40.536646],[-74.17694,40.538001]]]},"properties":{"t":"Noise - Residential","n":19,"q":3}},{"type":"Feature","geometry":{"type":"Polygon","coordinates":[[[-74.078894,40.611053],[-74.078897,40.613755],[-74.081968,40.615104],[-74.085037,40.61375],[-74.085034,40.611049],[-74.081962,40.6097],[-74.078894,40.611053]]]},"properties":{"t":"Noise - Residential","n":169,"q":4}},{"type":"Feature","geometry":{"type":"Polygon","coordinates":[[[-74.060474,40.611064],[-74.060476,40.613766],[-74.063547,40.615115],[-74.066616,40.613763],[-74.066614,40.611061],[-74.063542,40.609712],[-74.060474,40.611064]]]},"properties":{"t":"Noise - Residential","n":46,"q":4}},{"type":"Feature","geometry":{"type":"Polygon","coordinates":[[[-74.1218,40.570492],[-74.121804,40.573194],[-74.124875,40.574541],[-74.127941,40.573187],[-74.127936,40.570486],[-74.124865,40.569138],[-74.1218,40.570492]]]},"properties":{"t":"Noise - Residential","n":30,"q":4}},{"type":"Feature","geometry":{"type":"Polygon","coordinates":[[[-74.078903,40.619158],[-74.078906,40.62186],[-74.081978,40.623208],[-74.085047,40.621855],[-74.085044,40.619154],[-74.081972,40.617805],[-74.078903,40.619158]]]},"properties":{"t":"Noise - Residential","n":384,"q":4}},{"type":"Feature","geometry":{"type":"Polygon","coordinates":[[[-74.219873,40.537927],[-74.219882,40.540629],[-74.222953,40.541974],[-74.226015,40.540617],[-74.226006,40.537915],[-74.222935,40.536571],[-74.219873,40.537927]]]},"properties":{"t":"Noise - Residential","n":13,"q":2}},{"type":"Feature","geometry":{"type":"Polygon","coordinates":[[[-74.164913,40.635276],[-74.16492,40.637978],[-74.167995,40.639324],[-74.171063,40.637969],[-74.171056,40.635267],[-74.167981,40.633921],[-74.164913,40.635276]]]},"properties":{"t":"Noise - Residential","n":57,"q":4}},{"type":"Feature","geometry":{"type":"Polygon","coordinates":[[[-74.213765,40.546044],[-74.213774,40.548745],[-74.216846,40.55009],[-74.219908,40.548734],[-74.219899,40.546032],[-74.216828,40.544687],[-74.213765,40.546044]]]},"properties":{"t":"Noise - Residential","n":32,"q":4}},{"type":"Feature","geometry":{"type":"Polygon","coordinates":[[[-74.15261,40.627188],[-74.152617,40.62989],[-74.155691,40.631237],[-74.158758,40.629882],[-74.158752,40.62718],[-74.155678,40.625834],[-74.15261,40.627188]]]},"properties":{"t":"Noise - Residential","n":55,"q":4}},{"type":"Feature","geometry":{"type":"Polygon","coordinates":[[[-74.238157,40.505472],[-74.238167,40.508173],[-74.241237,40.509518],[-74.244297,40.50816],[-74.244287,40.505459],[-74.241217,40.504114],[-74.238157,40.505472]]]},"properties":{"t":"Noise - Residential","n":40,"q":4}},{"type":"Feature","geometry":{"type":"Polygon","coordinates":[[[-74.146291,40.546149],[-74.146297,40.548851],[-74.149367,40.550198],[-74.152431,40.548843],[-74.152425,40.546141],[-74.149355,40.544795],[-74.146291,40.546149]]]},"properties":{"t":"Noise - Residential","n":14,"q":2}},{"type":"Feature","geometry":{"type":"Polygon","coordinates":[[[-74.158559,40.546133],[-74.158566,40.548835],[-74.161636,40.550181],[-74.1647,40.548826],[-74.164693,40.546124],[-74.161623,40.544778],[-74.158559,40.546133]]]},"properties":{"t":"Noise - Residential","n":10,"q":2}},{"type":"Feature","geometry":{"type":"Polygon","coordinates":[[[-74.094226,40.598885],[-74.09423,40.601586],[-74.097302,40.602934],[-74.100369,40.601581],[-74.100365,40.598879],[-74.097294,40.597531],[-74.094226,40.598885]]]},"properties":{"t":"Noise - Residential","n":56,"q":4}},{"type":"Feature","geometry":{"type":"Polygon","coordinates":[[[-74.124936,40.60696],[-74.124941,40.609662],[-74.128013,40.611009],[-74.131081,40.609655],[-74.131075,40.606953],[-74.128003,40.605606],[-74.124936,40.60696]]]},"properties":{"t":"Noise - Residential","n":293,"q":4}},{"type":"Feature","geometry":{"type":"Polygon","coordinates":[[[-74.140327,40.627204],[-74.140333,40.629906],[-74.143407,40.631253],[-74.146475,40.629898],[-74.146469,40.627196],[-74.143395,40.62585],[-74.140327,40.627204]]]},"properties":{"t":"Noise - Residential","n":117,"q":4}},{"type":"Feature","geometry":{"type":"Polygon","coordinates":[[[-74.103453,40.611034],[-74.103458,40.613735],[-74.10653,40.615083],[-74.109598,40.61373],[-74.109593,40.611028],[-74.106521,40.60968],[-74.103453,40.611034]]]},"properties":{"t":"Noise - Residential","n":35,"q":4}},{"type":"Feature","geometry":{"type":"Polygon","coordinates":[[[-74.192308,40.550134],[-74.192316,40.552835],[-74.195387,40.554181],[-74.19845,40.552825],[-74.198442,40.550123],[-74.195371,40.548778],[-74.192308,40.550134]]]},"properties":{"t":"Noise - Residential","n":30,"q":4}},{"type":"Feature","geometry":{"type":"Polygon","coordinates":[[[-74.244317,40.513563],[-74.244327,40.516265],[-74.247397,40.517609],[-74.250458,40.516252],[-74.250448,40.51355],[-74.247377,40.512206],[-74.244317,40.513563]]]},"properties":{"t":"Noise - Residential","n":119,"q":4}},{"type":"Feature","geometry":{"type":"Polygon","coordinates":[[[-74.097278,40.586725],[-74.097282,40.589427],[-74.100353,40.590775],[-74.10342,40.589421],[-74.103416,40.58672],[-74.100345,40.585372],[-74.097278,40.586725]]]},"properties":{"t":"Noise - Residential","n":289,"q":4}},{"type":"Feature","geometry":{"type":"Polygon","coordinates":[[[-74.075828,40.615108],[-74.075831,40.617809],[-74.078903,40.619158],[-74.081972,40.617805],[-74.081968,40.615104],[-74.078897,40.613755],[-74.075828,40.615108]]]},"properties":{"t":"Noise - Residential","n":124,"q":4}},{"type":"Feature","geometry":{"type":"Polygon","coordinates":[[[-74.152518,40.586665],[-74.152524,40.589367],[-74.155596,40.590713],[-74.158662,40.589358],[-74.158656,40.586657],[-74.155584,40.58531],[-74.152518,40.586665]]]},"properties":{"t":"Noise - Residential","n":19,"q":3}},{"type":"Feature","geometry":{"type":"Polygon","coordinates":[[[-74.134153,40.611002],[-74.134159,40.613704],[-74.137232,40.615051],[-74.140299,40.613696],[-74.140293,40.610995],[-74.137221,40.609648],[-74.134153,40.611002]]]},"properties":{"t":"Noise - Residential","n":12,"q":2}},{"type":"Feature","geometry":{"type":"Polygon","coordinates":[[[-74.081988,40.631313],[-74.081992,40.634014],[-74.085064,40.635363],[-74.088134,40.63401],[-74.08813,40.631308],[-74.085058,40.62996],[-74.081988,40.631313]]]},"properties":{"t":"Noise - Residential","n":62,"q":4}},{"type":"Feature","geometry":{"type":"Polygon","coordinates":[[[-74.140345,40.635309],[-74.14035,40.63801],[-74.143424,40.639357],[-74.146493,40.638003],[-74.146487,40.635301],[-74.143413,40.633954],[-74.140345,40.635309]]]},"properties":{"t":"Noise - Residential","n":26,"q":3}},{"type":"Feature","geometry":{"type":"Polygon","coordinates":[[[-74.10039,40.615089],[-74.100394,40.61779],[-74.103466,40.619139],[-74.106534,40.617785],[-74.10653,40.615083],[-74.103458,40.613735],[-74.10039,40.615089]]]},"properties":{"t":"Noise - Residential","n":53,"q":4}},{"type":"Feature","geometry":{"type":"Polygon","coordinates":[[[-74.081998,40.639418],[-74.082002,40.642119],[-74.085075,40.643468],[-74.088145,40.642115],[-74.088141,40.639413],[-74.085068,40.638065],[-74.081998,40.639418]]]},"properties":{"t":"Noise - Residential","n":73,"q":4}},{"type":"Feature","geometry":{"type":"Polygon","coordinates":[[[-74.146487,40.635301],[-74.146493,40.638003],[-74.149567,40.63935],[-74.152635,40.637995],[-74.152629,40.635293],[-74.149555,40.633946],[-74.146487,40.635301]]]},"properties":{"t":"Noise - Residential","n":27,"q":3}},{"type":"Feature","geometry":{"type":"Polygon","coordinates":[[[-74.161774,40.606914],[-74.16178,40.609616],[-74.164853,40.610962],[-74.16792,40.609607],[-74.167913,40.606905],[-74.16484,40.605559],[-74.161774,40.606914]]]},"properties":{"t":"Noise - Residential","n":18,"q":3}},{"type":"Feature","geometry":{"type":"Polygon","coordinates":[[[-74.143372,40.615043],[-74.143378,40.617745],[-74.146451,40.619092],[-74.149518,40.617737],[-74.149512,40.615035],[-74.146439,40.613689],[-74.143372,40.615043]]]},"properties":{"t":"Noise - Residential","n":26,"q":3}},{"type":"Feature","geometry":{"type":"Polygon","coordinates":[[[-74.100329,40.574565],[-74.100333,40.577267],[-74.103403,40.578615],[-74.10647,40.577261],[-74.106465,40.57456],[-74.103395,40.573212],[-74.100329,40.574565]]]},"properties":{"t":"Noise - Residential","n":16,"q":3}},{"type":"Feature","geometry":{"type":"Polygon","coordinates":[[[-74.11884,40.631281],[-74.118844,40.633982],[-74.121918,40.63533],[-74.124986,40.633976],[-74.124981,40.631274],[-74.121908,40.629927],[-74.11884,40.631281]]]},"properties":{"t":"Noise - Residential","n":59,"q":4}},{"type":"Feature","geometry":{"type":"Polygon","coordinates":[[[-74.161656,40.558286],[-74.161662,40.560987],[-74.164733,40.562334],[-74.167798,40.560979],[-74.167791,40.558277],[-74.16472,40.556931],[-74.161656,40.558286]]]},"properties":{"t":"Noise - Residential","n":4,"q":1}},{"type":"Feature","geometry":{"type":"Polygon","coordinates":[[[-74.121903,40.627225],[-74.121908,40.629927],[-74.124981,40.631274],[-74.12805,40.62992],[-74.128045,40.627218],[-74.124971,40.625871],[-74.121903,40.627225]]]},"properties":{"t":"Noise - Residential","n":19,"q":3}},{"type":"Feature","geometry":{"type":"Polygon","coordinates":[[[-74.235106,40.50953],[-74.235116,40.512232],[-74.238186,40.513576],[-74.241247,40.512219],[-74.241237,40.509518],[-74.238167,40.508173],[-74.235106,40.50953]]]},"properties":{"t":"Noise - Residential","n":37,"q":4}},{"type":"Feature","geometry":{"type":"Polygon","coordinates":[[[-74.149549,40.631245],[-74.149555,40.633946],[-74.152629,40.635293],[-74.155697,40.633938],[-74.155691,40.631237],[-74.152617,40.62989],[-74.149549,40.631245]]]},"properties":{"t":"Noise - Residential","n":24,"q":3}},{"type":"Feature","geometry":{"type":"Polygon","coordinates":[[[-74.069662,40.590797],[-74.069665,40.593499],[-74.072736,40.594848],[-74.075804,40.593495],[-74.075801,40.590794],[-74.07273,40.589445],[-74.069662,40.590797]]]},"properties":{"t":"Noise - Residential","n":11,"q":2}},{"type":"Feature","geometry":{"type":"Polygon","coordinates":[[[-74.103416,40.58672],[-74.10342,40.589421],[-74.106491,40.590769],[-74.109558,40.589416],[-74.109554,40.586714],[-74.106483,40.585366],[-74.103416,40.58672]]]},"properties":{"t":"Noise - Residential","n":34,"q":4}},{"type":"Feature","geometry":{"type":"Polygon","coordinates":[[[-74.072789,40.643476],[-74.072792,40.646178],[-74.075865,40.647526],[-74.078935,40.646174],[-74.078932,40.643472],[-74.075859,40.642123],[-74.072789,40.643476]]]},"properties":{"t":"Noise - Residential","n":214,"q":4}},{"type":"Feature","geometry":{"type":"Polygon","coordinates":[[[-74.112575,40.558344],[-74.112579,40.561046],[-74.115649,40.562394],[-74.118715,40.56104],[-74.11871,40.558338],[-74.11564,40.556991],[-74.112575,40.558344]]]},"properties":{"t":"Noise - Residential","n":43,"q":4}},{"type":"Feature","geometry":{"type":"Polygon","coordinates":[[[-74.078922,40.635367],[-74.078925,40.638069],[-74.081998,40.639418],[-74.085068,40.638065],[-74.085064,40.635363],[-74.081992,40.634014],[-74.078922,40.635367]]]},"properties":{"t":"Noise - Residential","n":91,"q":4}},{"type":"Feature","geometry":{"type":"Polygon","coordinates":[[[-74.189206,40.537982],[-74.189214,40.540683],[-74.192285,40.542029],[-74.195348,40.540673],[-74.19534,40.537972],[-74.192269,40.536626],[-74.189206,40.537982]]]},"properties":{"t":"Noise - Residential","n":5,"q":1}},{"type":"Feature","geometry":{"type":"Polygon","coordinates":[[[-74.161832,40.631228],[-74.161839,40.63393],[-74.164913,40.635276],[-74.167981,40.633921],[-74.167974,40.631219],[-74.1649,40.629873],[-74.161832,40.631228]]]},"properties":{"t":"Noise - Residential","n":34,"q":4}},{"type":"Feature","geometry":{"type":"Polygon","coordinates":[[[-74.100365,40.598879],[-74.100369,40.601581],[-74.103441,40.602929],[-74.106508,40.601576],[-74.106504,40.598874],[-74.103433,40.597526],[-74.100365,40.598879]]]},"properties":{"t":"Noise - Residential","n":1,"q":0}},{"type":"Feature","geometry":{"type":"Polygon","coordinates":[[[-74.155502,40.55019],[-74.155508,40.552891],[-74.158579,40.554238],[-74.161643,40.552883],[-74.161636,40.550181],[-74.158566,40.548835],[-74.155502,40.55019]]]},"properties":{"t":"Noise - Residential","n":23,"q":3}},{"type":"Feature","geometry":{"type":"Polygon","coordinates":[[[-74.091162,40.60294],[-74.091166,40.605641],[-74.094238,40.606989],[-74.097306,40.605636],[-74.097302,40.602934],[-74.09423,40.601586],[-74.091162,40.60294]]]},"properties":{"t":"Noise - Residential","n":7,"q":1}},{"type":"Feature","geometry":{"type":"Polygon","coordinates":[[[-74.091207,40.635358],[-74.09121,40.63806],[-74.094284,40.639408],[-74.097353,40.638055],[-74.097349,40.635353],[-74.094276,40.634005],[-74.091207,40.635358]]]},"properties":{"t":"Noise - Residential","n":3,"q":0}},{"type":"Feature","geometry":{"type":"Polygon","coordinates":[[[-74.231999,40.497379],[-74.232008,40.500081],[-74.235078,40.501426],[-74.238138,40.500068],[-74.238128,40.497367],[-74.235059,40.496022],[-74.231999,40.497379]]]},"properties":{"t":"Noise - Residential","n":8,"q":1}},{"type":"Feature","geometry":{"type":"Polygon","coordinates":[[[-74.115663,40.570499],[-74.115668,40.5732],[-74.118739,40.574548],[-74.121804,40.573194],[-74.1218,40.570492],[-74.118729,40.569145],[-74.115663,40.570499]]]},"properties":{"t":"Noise - Residential","n":22,"q":3}},{"type":"Feature","geometry":{"type":"Polygon","coordinates":[[[-74.09114,40.58673],[-74.091144,40.589432],[-74.094215,40.59078],[-74.097282,40.589427],[-74.097278,40.586725],[-74.094207,40.585377],[-74.09114,40.58673]]]},"properties":{"t":"Noise - Residential","n":49,"q":4}},{"type":"Feature","geometry":{"type":"Polygon","coordinates":[[[-74.21374,40.537939],[-74.213748,40.54064],[-74.216819,40.541985],[-74.219882,40.540629],[-74.219873,40.537927],[-74.216802,40.536582],[-74.21374,40.537939]]]},"properties":{"t":"Noise - Residential","n":58,"q":4}},{"type":"Feature","geometry":{"type":"Polygon","coordinates":[[[-74.124875,40.574541],[-74.12488,40.577243],[-74.127951,40.57859],[-74.131017,40.577236],[-74.131012,40.574534],[-74.127941,40.573187],[-74.124875,40.574541]]]},"properties":{"t":"Noise - Residential","n":21,"q":3}},{"type":"Feature","geometry":{"type":"Polygon","coordinates":[[[-74.134202,40.635316],[-74.134208,40.638018],[-74.137282,40.639365],[-74.14035,40.63801],[-74.140345,40.635309],[-74.137271,40.633962],[-74.134202,40.635316]]]},"properties":{"t":"Noise - Residential","n":78,"q":4}},{"type":"Feature","geometry":{"type":"Polygon","coordinates":[[[-74.247367,40.509504],[-74.247377,40.512206],[-74.250448,40.51355],[-74.253508,40.512193],[-74.253498,40.509491],[-74.250428,40.508147],[-74.247367,40.509504]]]},"properties":{"t":"Noise - Residential","n":17,"q":3}},{"type":"Feature","geometry":{"type":"Polygon","coordinates":[[[-74.204527,40.533903],[-74.204535,40.536605],[-74.207606,40.53795],[-74.210669,40.536594],[-74.21066,40.533892],[-74.207589,40.532547],[-74.204527,40.533903]]]},"properties":{"t":"Noise - Residential","n":17,"q":3}},{"type":"Feature","geometry":{"type":"Polygon","coordinates":[[[-74.109633,40.635342],[-74.109638,40.638044],[-74.112711,40.639392],[-74.11578,40.638038],[-74.115776,40.635336],[-74.112702,40.633988],[-74.109633,40.635342]]]},"properties":{"t":"Noise - Residential","n":24,"q":3}},{"type":"Feature","geometry":{"type":"Polygon","coordinates":[[[-74.097313,40.611039],[-74.097317,40.613741],[-74.10039,40.615089],[-74.103458,40.613735],[-74.103453,40.611034],[-74.100381,40.609686],[-74.097313,40.611039]]]},"properties":{"t":"Noise - Residential","n":40,"q":4}},{"type":"Feature","geometry":{"type":"Polygon","coordinates":[[[-74.109514,40.5624],[-74.109518,40.565101],[-74.112588,40.566449],[-74.115654,40.565095],[-74.115649,40.562394],[-74.112579,40.561046],[-74.109514,40.5624]]]},"properties":{"t":"Noise - Residential","n":239,"q":4}},{"type":"Feature","geometry":{"type":"Polygon","coordinates":[[[-74.121888,40.61912],[-74.121893,40.621822],[-74.124966,40.62317],[-74.128034,40.621815],[-74.128029,40.619114],[-74.124956,40.617766],[-74.121888,40.61912]]]},"properties":{"t":"Noise - Residential","n":13,"q":2}},{"type":"Feature","geometry":{"type":"Polygon","coordinates":[[[-74.149367,40.550198],[-74.149373,40.552899],[-74.152444,40.554246],[-74.155508,40.552891],[-74.155502,40.55019],[-74.152431,40.548843],[-74.149367,40.550198]]]},"properties":{"t":"Noise - Residential","n":8,"q":1}},{"type":"Feature","geometry":{"type":"Polygon","coordinates":[[[-74.152629,40.635293],[-74.152635,40.637995],[-74.15571,40.639341],[-74.158778,40.637986],[-74.158771,40.635285],[-74.155697,40.633938],[-74.152629,40.635293]]]},"properties":{"t":"Noise - Residential","n":24,"q":3}},{"type":"Feature","geometry":{"type":"Polygon","coordinates":[[[-74.106439,40.55835],[-74.106444,40.561052],[-74.109514,40.5624],[-74.112579,40.561046],[-74.112575,40.558344],[-74.109505,40.556997],[-74.106439,40.55835]]]},"properties":{"t":"Noise - Residential","n":35,"q":4}},{"type":"Feature","geometry":{"type":"Polygon","coordinates":[[[-74.137198,40.598841],[-74.137204,40.601543],[-74.140276,40.60289],[-74.143343,40.601535],[-74.143337,40.598834],[-74.140265,40.597487],[-74.137198,40.598841]]]},"properties":{"t":"Noise - Residential","n":24,"q":3}},{"type":"Feature","geometry":{"type":"Polygon","coordinates":[[[-74.081978,40.623208],[-74.081982,40.62591],[-74.085054,40.627258],[-74.088123,40.625905],[-74.08812,40.623204],[-74.085047,40.621855],[-74.081978,40.623208]]]},"properties":{"t":"Noise - Residential","n":42,"q":4}},{"type":"Feature","geometry":{"type":"Polygon","coordinates":[[[-74.09729,40.59483],[-74.097294,40.597531],[-74.100365,40.598879],[-74.103433,40.597526],[-74.103428,40.594824],[-74.100357,40.593476],[-74.09729,40.59483]]]},"properties":{"t":"Noise - Residential","n":12,"q":2}},{"type":"Feature","geometry":{"type":"Polygon","coordinates":[[[-74.14031,40.619099],[-74.140316,40.621801],[-74.143389,40.623148],[-74.146457,40.621793],[-74.146451,40.619092],[-74.143378,40.617745],[-74.14031,40.619099]]]},"properties":{"t":"Noise - Residential","n":9,"q":1}},{"type":"Feature","geometry":{"type":"Polygon","coordinates":[[[-74.14638,40.586673],[-74.146386,40.589375],[-74.149458,40.590721],[-74.152524,40.589367],[-74.152518,40.586665],[-74.149446,40.585318],[-74.14638,40.586673]]]},"properties":{"t":"Noise - Residential","n":11,"q":2}},{"type":"Feature","geometry":{"type":"Polygon","coordinates":[[[-74.115776,40.635336],[-74.11578,40.638038],[-74.118854,40.639385],[-74.121923,40.638031],[-74.121918,40.63533],[-74.118844,40.633982],[-74.115776,40.635336]]]},"properties":{"t":"Noise - Residential","n":185,"q":4}},{"type":"Feature","geometry":{"type":"Polygon","coordinates":[[[-74.195292,40.521762],[-74.1953,40.524464],[-74.19837,40.525809],[-74.201432,40.524453],[-74.201424,40.521752],[-74.198354,40.520406],[-74.195292,40.521762]]]},"properties":{"t":"Noise - Residential","n":12,"q":2}},{"type":"Feature","geometry":{"type":"Polygon","coordinates":[[[-74.082008,40.647522],[-74.082012,40.650224],[-74.085085,40.651572],[-74.088155,40.650219],[-74.088152,40.647518],[-74.085078,40.646169],[-74.082008,40.647522]]]},"properties":{"t":"Noise - Residential","n":65,"q":4}},{"type":"Feature","geometry":{"type":"Polygon","coordinates":[[[-74.07278,40.635371],[-74.072783,40.638073],[-74.075856,40.639422],[-74.078925,40.638069],[-74.078922,40.635367],[-74.07585,40.634019],[-74.07278,40.635371]]]},"properties":{"t":"Noise - Residential","n":22,"q":3}},{"type":"Feature","geometry":{"type":"Polygon","coordinates":[[[-74.146469,40.627196],[-74.146475,40.629898],[-74.149549,40.631245],[-74.152617,40.62989],[-74.15261,40.627188],[-74.149537,40.625842],[-74.146469,40.627196]]]},"properties":{"t":"Noise - Residential","n":45,"q":4}},{"type":"Feature","geometry":{"type":"Polygon","coordinates":[[[-74.146274,40.538045],[-74.146279,40.540746],[-74.149349,40.542093],[-74.152413,40.540738],[-74.152407,40.538037],[-74.149337,40.53669],[-74.146274,40.538045]]]},"properties":{"t":"Noise - Residential","n":35,"q":4}},{"type":"Feature","geometry":{"type":"Polygon","coordinates":[[[-74.161793,40.615019],[-74.1618,40.61772],[-74.164873,40.619067],[-74.16794,40.617712],[-74.167933,40.61501],[-74.16486,40.613664],[-74.161793,40.615019]]]},"properties":{"t":"Noise - Residential","n":12,"q":2}},{"type":"Feature","geometry":{"type":"Polygon","coordinates":[[[-74.152462,40.562351],[-74.152468,40.565052],[-74.155539,40.566399],[-74.158604,40.565044],[-74.158598,40.562343],[-74.155527,40.560996],[-74.152462,40.562351]]]},"properties":{"t":"Noise - Residential","n":19,"q":3}},{"type":"Feature","geometry":{"type":"Polygon","coordinates":[[[-74.100304,40.558356],[-74.100308,40.561057],[-74.103378,40.562405],[-74.106444,40.561052],[-74.106439,40.55835],[-74.10337,40.557002],[-74.100304,40.558356]]]},"properties":{"t":"Noise - Residential","n":353,"q":4}},{"type":"Feature","geometry":{"type":"Polygon","coordinates":[[[-74.21066,40.533892],[-74.210669,40.536594],[-74.21374,40.537939],[-74.216802,40.536582],[-74.216793,40.533881],[-74.213722,40.532536],[-74.21066,40.533892]]]},"properties":{"t":"Noise - Residential","n":16,"q":3}},{"type":"Feature","geometry":{"type":"Polygon","coordinates":[[[-74.195363,40.546076],[-74.195371,40.548778],[-74.198442,40.550123],[-74.201506,40.548767],[-74.201497,40.546066],[-74.198426,40.54472],[-74.195363,40.546076]]]},"properties":{"t":"Noise - Residential","n":29,"q":4}},{"type":"Feature","geometry":{"type":"Polygon","coordinates":[[[-74.066605,40.602956],[-74.066608,40.605658],[-74.069679,40.607007],[-74.072748,40.605654],[-74.072745,40.602953],[-74.069674,40.601604],[-74.066605,40.602956]]]},"properties":{"t":"Noise - Residential","n":11,"q":2}},{"type":"Feature","geometry":{"type":"Polygon","coordinates":[[[-74.072771,40.627267],[-74.072774,40.629968],[-74.075847,40.631317],[-74.078916,40.629964],[-74.078913,40.627263],[-74.07584,40.625914],[-74.072771,40.627267]]]},"properties":{"t":"Noise - Residential","n":148,"q":4}},{"type":"Feature","geometry":{"type":"Polygon","coordinates":[[[-74.146451,40.619092],[-74.146457,40.621793],[-74.149531,40.62314],[-74.152598,40.621785],[-74.152592,40.619084],[-74.149518,40.617737],[-74.146451,40.619092]]]},"properties":{"t":"Noise - Residential","n":1,"q":0}},{"type":"Feature","geometry":{"type":"Polygon","coordinates":[[[-74.146433,40.610987],[-74.146439,40.613689],[-74.149512,40.615035],[-74.15258,40.613681],[-74.152573,40.610979],[-74.1495,40.609632],[-74.146433,40.610987]]]},"properties":{"t":"Noise - Residential","n":9,"q":1}},{"type":"Feature","geometry":{"type":"Polygon","coordinates":[[[-74.152425,40.546141],[-74.152431,40.548843],[-74.155502,40.55019],[-74.158566,40.548835],[-74.158559,40.546133],[-74.155489,40.544786],[-74.152425,40.546141]]]},"properties":{"t":"Noise - Residential","n":6,"q":1}},{"type":"Feature","geometry":{"type":"Polygon","coordinates":[[[-74.180039,40.550154],[-74.180047,40.552855],[-74.183118,40.554201],[-74.186181,40.552846],[-74.186174,40.550144],[-74.183103,40.548798],[-74.180039,40.550154]]]},"properties":{"t":"Noise - Residential","n":10,"q":2}},{"type":"Feature","geometry":{"type":"Polygon","coordinates":[[[-74.106569,40.639397],[-74.106573,40.642099],[-74.109647,40.643447],[-74.112716,40.642093],[-74.112711,40.639392],[-74.109638,40.638044],[-74.106569,40.639397]]]},"properties":{"t":"Noise - Residential","n":17,"q":3}},{"type":"Feature","geometry":{"type":"Polygon","coordinates":[[[-74.210609,40.517683],[-74.210618,40.520384],[-74.213688,40.521729],[-74.216749,40.520373],[-74.21674,40.517671],[-74.21367,40.516326],[-74.210609,40.517683]]]},"properties":{"t":"Noise - Residential","n":19,"q":3}},{"type":"Feature","geometry":{"type":"Polygon","coordinates":[[[-74.146327,40.562359],[-74.146333,40.56506],[-74.149404,40.566407],[-74.152468,40.565052],[-74.152462,40.562351],[-74.149392,40.561004],[-74.146327,40.562359]]]},"properties":{"t":"Noise - Residential","n":5,"q":1}},{"type":"Feature","geometry":{"type":"Polygon","coordinates":[[[-74.081959,40.606999],[-74.081962,40.6097],[-74.085034,40.611049],[-74.088102,40.609696],[-74.088098,40.606994],[-74.085027,40.605646],[-74.081959,40.606999]]]},"properties":{"t":"Noise - Residential","n":65,"q":4}},{"type":"Feature","geometry":{"type":"Polygon","coordinates":[[[-74.158636,40.578552],[-74.158643,40.581254],[-74.161715,40.5826],[-74.16478,40.581245],[-74.164773,40.578543],[-74.161702,40.577197],[-74.158636,40.578552]]]},"properties":{"t":"Noise - Residential","n":15,"q":2}},{"type":"Feature","geometry":{"type":"Polygon","coordinates":[[[-74.143407,40.631253],[-74.143413,40.633954],[-74.146487,40.635301],[-74.149555,40.633946],[-74.149549,40.631245],[-74.146475,40.629898],[-74.143407,40.631253]]]},"properties":{"t":"Noise - Residential","n":32,"q":4}},{"type":"Feature","geometry":{"type":"Polygon","coordinates":[[[-74.084982,40.570525],[-74.084985,40.573227],[-74.088055,40.574575],[-74.091122,40.573222],[-74.091118,40.570521],[-74.088048,40.569172],[-74.084982,40.570525]]]},"properties":{"t":"Noise - Residential","n":5,"q":1}},{"type":"Feature","geometry":{"type":"Polygon","coordinates":[[[-74.198394,40.533914],[-74.198402,40.536616],[-74.201473,40.537961],[-74.204535,40.536605],[-74.204527,40.533903],[-74.201457,40.532558],[-74.198394,40.533914]]]},"properties":{"t":"Noise - Residential","n":12,"q":2}},{"type":"Feature","geometry":{"type":"Polygon","coordinates":[[[-74.134023,40.546164],[-74.134029,40.548866],[-74.137099,40.550213],[-74.140163,40.548859],[-74.140157,40.546157],[-74.137087,40.54481],[-74.134023,40.546164]]]},"properties":{"t":"Noise - Residential","n":28,"q":3}},{"type":"Feature","geometry":{"type":"Polygon","coordinates":[[[-74.103403,40.578615],[-74.103407,40.581317],[-74.106478,40.582665],[-74.109545,40.581311],[-74.10954,40.578609],[-74.10647,40.577261],[-74.103403,40.578615]]]},"properties":{"t":"Noise - Residential","n":68,"q":4}},{"type":"Feature","geometry":{"type":"Polygon","coordinates":[[[-74.250418,40.505445],[-74.250428,40.508147],[-74.253498,40.509491],[-74.256558,40.508134],[-74.256548,40.505432],[-74.253478,40.504088],[-74.250418,40.505445]]]},"properties":{"t":"Noise - Residential","n":33,"q":4}},{"type":"Feature","geometry":{"type":"Polygon","coordinates":[[[-74.149531,40.62314],[-74.149537,40.625842],[-74.15261,40.627188],[-74.155678,40.625834],[-74.155672,40.623132],[-74.152598,40.621785],[-74.149531,40.62314]]]},"properties":{"t":"Noise - Residential","n":15,"q":2}},{"type":"Feature","geometry":{"type":"Polygon","coordinates":[[[-74.158579,40.554238],[-74.158585,40.556939],[-74.161656,40.558286],[-74.16472,40.556931],[-74.164713,40.554229],[-74.161643,40.552883],[-74.158579,40.554238]]]},"properties":{"t":"Noise - Residential","n":28,"q":3}},{"type":"Feature","geometry":{"type":"Polygon","coordinates":[[[-74.204552,40.542008],[-74.20456,40.54471],[-74.207631,40.546055],[-74.210694,40.544698],[-74.210686,40.541997],[-74.207615,40.540652],[-74.204552,40.542008]]]},"properties":{"t":"Noise - Residential","n":15,"q":2}},{"type":"Feature","geometry":{"type":"Polygon","coordinates":[[[-74.155577,40.582609],[-74.155584,40.58531],[-74.158656,40.586657],[-74.161721,40.585302],[-74.161715,40.5826],[-74.158643,40.581254],[-74.155577,40.582609]]]},"properties":{"t":"Noise - Residential","n":46,"q":4}},{"type":"Feature","geometry":{"type":"Polygon","coordinates":[[[-74.210635,40.525787],[-74.210643,40.528489],[-74.213714,40.529834],[-74.216775,40.528478],[-74.216767,40.525776],[-74.213696,40.524431],[-74.210635,40.525787]]]},"properties":{"t":"Noise - Residential","n":1,"q":0}},{"type":"Feature","geometry":{"type":"Polygon","coordinates":[[[-74.094238,40.606989],[-74.094242,40.609691],[-74.097313,40.611039],[-74.100381,40.609686],[-74.100377,40.606984],[-74.097306,40.605636],[-74.094238,40.606989]]]},"properties":{"t":"Noise - Residential","n":8,"q":1}},{"type":"Feature","geometry":{"type":"Polygon","coordinates":[[[-74.118825,40.623176],[-74.11883,40.625878],[-74.121903,40.627225],[-74.124971,40.625871],[-74.124966,40.62317],[-74.121893,40.621822],[-74.118825,40.623176]]]},"properties":{"t":"Noise - Residential","n":7,"q":1}},{"type":"Feature","geometry":{"type":"Polygon","coordinates":[[[-74.094192,40.574571],[-74.094196,40.577272],[-74.097266,40.57862],[-74.100333,40.577267],[-74.100329,40.574565],[-74.097258,40.573217],[-74.094192,40.574571]]]},"properties":{"t":"Noise - Residential","n":36,"q":4}},{"type":"Feature","geometry":{"type":"Polygon","coordinates":[[[-74.137248,40.623156],[-74.137254,40.625857],[-74.140327,40.627204],[-74.143395,40.62585],[-74.143389,40.623148],[-74.140316,40.621801],[-74.137248,40.623156]]]},"properties":{"t":"Noise - Residential","n":9,"q":1}},{"type":"Feature","geometry":{"type":"Polygon","coordinates":[[[-74.143233,40.550206],[-74.143239,40.552907],[-74.146309,40.554254],[-74.149373,40.552899],[-74.149367,40.550198],[-74.146297,40.548851],[-74.143233,40.550206]]]},"properties":{"t":"Noise - Residential","n":11,"q":2}},{"type":"Feature","geometry":{"type":"Polygon","coordinates":[[[-74.189252,40.554191],[-74.18926,40.556893],[-74.192331,40.558239],[-74.195395,40.556883],[-74.195387,40.554181],[-74.192316,40.552835],[-74.189252,40.554191]]]},"properties":{"t":"Noise - Residential","n":4,"q":1}},{"type":"Feature","geometry":{"type":"Polygon","coordinates":[[[-74.15854,40.538028],[-74.158547,40.54073],[-74.161617,40.542076],[-74.16468,40.540721],[-74.164673,40.53802],[-74.161603,40.536673],[-74.15854,40.538028]]]},"properties":{"t":"Noise - Residential","n":18,"q":3}},{"type":"Feature","geometry":{"type":"Polygon","coordinates":[[[-74.103466,40.619139],[-74.10347,40.62184],[-74.106543,40.623188],[-74.109611,40.621834],[-74.109607,40.619133],[-74.106534,40.617785],[-74.103466,40.619139]]]},"properties":{"t":"Noise - Residential","n":12,"q":2}},{"type":"Feature","geometry":{"type":"Polygon","coordinates":[[[-74.158656,40.586657],[-74.158662,40.589358],[-74.161734,40.590705],[-74.1648,40.58935],[-74.164793,40.586648],[-74.161721,40.585302],[-74.158656,40.586657]]]},"properties":{"t":"Noise - Residential","n":21,"q":3}},{"type":"Feature","geometry":{"type":"Polygon","coordinates":[[[-74.106452,40.566455],[-74.106457,40.569157],[-74.109527,40.570505],[-74.112593,40.569151],[-74.112588,40.566449],[-74.109518,40.565101],[-74.106452,40.566455]]]},"properties":{"t":"Noise - Residential","n":40,"q":4}},{"type":"Feature","geometry":{"type":"Polygon","coordinates":[[[-74.216819,40.541985],[-74.216828,40.544687],[-74.219899,40.546032],[-74.222962,40.544675],[-74.222953,40.541974],[-74.219882,40.540629],[-74.216819,40.541985]]]},"properties":{"t":"Noise - Residential","n":19,"q":3}},{"type":"Feature","geometry":{"type":"Polygon","coordinates":[[[-74.091151,40.594835],[-74.091155,40.597536],[-74.094226,40.598885],[-74.097294,40.597531],[-74.09729,40.59483],[-74.094219,40.593482],[-74.091151,40.594835]]]},"properties":{"t":"Noise - Residential","n":15,"q":2}},{"type":"Feature","geometry":{"type":"Polygon","coordinates":[[[-74.134137,40.602897],[-74.134143,40.605599],[-74.137215,40.606946],[-74.140282,40.605592],[-74.140276,40.60289],[-74.137204,40.601543],[-74.134137,40.602897]]]},"properties":{"t":"Noise - Residential","n":22,"q":3}},{"type":"Feature","geometry":{"type":"Polygon","coordinates":[[[-74.152407,40.538037],[-74.152413,40.540738],[-74.155483,40.542085],[-74.158547,40.54073],[-74.15854,40.538028],[-74.15547,40.536682],[-74.152407,40.538037]]]},"properties":{"t":"Noise - Residential","n":28,"q":3}},{"type":"Feature","geometry":{"type":"Polygon","coordinates":[[[-74.063524,40.590801],[-74.063527,40.593503],[-74.066597,40.594852],[-74.069665,40.593499],[-74.069662,40.590797],[-74.066592,40.589449],[-74.063524,40.590801]]]},"properties":{"t":"Noise - Residential","n":15,"q":2}},{"type":"Feature","geometry":{"type":"Polygon","coordinates":[[[-74.155691,40.631237],[-74.155697,40.633938],[-74.158771,40.635285],[-74.161839,40.63393],[-74.161832,40.631228],[-74.158758,40.629882],[-74.155691,40.631237]]]},"properties":{"t":"Noise - Residential","n":89,"q":4}},{"type":"Feature","geometry":{"type":"Polygon","coordinates":[[[-74.158733,40.619075],[-74.158739,40.621777],[-74.161813,40.623124],[-74.16488,40.621768],[-74.164873,40.619067],[-74.1618,40.61772],[-74.158733,40.619075]]]},"properties":{"t":"Noise - Residential","n":22,"q":3}},{"type":"Feature","geometry":{"type":"Polygon","coordinates":[[[-74.140157,40.546157],[-74.140163,40.548859],[-74.143233,40.550206],[-74.146297,40.548851],[-74.146291,40.546149],[-74.143221,40.544802],[-74.140157,40.546157]]]},"properties":{"t":"Noise - Residential","n":7,"q":1}},{"type":"Feature","geometry":{"type":"Polygon","coordinates":[[[-74.134186,40.627211],[-74.134191,40.629913],[-74.137265,40.63126],[-74.140333,40.629906],[-74.140327,40.627204],[-74.137254,40.625857],[-74.134186,40.627211]]]},"properties":{"t":"Noise - Residential","n":25,"q":3}},{"type":"Feature","geometry":{"type":"Polygon","coordinates":[[[-74.155672,40.623132],[-74.155678,40.625834],[-74.158752,40.62718],[-74.161819,40.625825],[-74.161813,40.623124],[-74.158739,40.621777],[-74.155672,40.623132]]]},"properties":{"t":"Noise - Residential","n":30,"q":4}},{"type":"Feature","geometry":{"type":"Polygon","coordinates":[[[-74.131075,40.606953],[-74.131081,40.609655],[-74.134153,40.611002],[-74.137221,40.609648],[-74.137215,40.606946],[-74.134143,40.605599],[-74.131075,40.606953]]]},"properties":{"t":"Noise - Residential","n":10,"q":2}},{"type":"Feature","geometry":{"type":"Polygon","coordinates":[[[-74.247337,40.5014],[-74.247347,40.504101],[-74.250418,40.505445],[-74.253478,40.504088],[-74.253467,40.501386],[-74.250397,40.500042],[-74.247337,40.5014]]]},"properties":{"t":"Noise - Residential","n":35,"q":4}},{"type":"Feature","geometry":{"type":"Polygon","coordinates":[[[-74.069688,40.615112],[-74.069691,40.617813],[-74.072762,40.619162],[-74.075831,40.617809],[-74.075828,40.615108],[-74.072756,40.613759],[-74.069688,40.615112]]]},"properties":{"t":"Noise - Residential","n":25,"q":3}},{"type":"Feature","geometry":{"type":"Polygon","coordinates":[[[-74.124981,40.631274],[-74.124986,40.633976],[-74.12806,40.635323],[-74.131129,40.633969],[-74.131123,40.631267],[-74.12805,40.62992],[-74.124981,40.631274]]]},"properties":{"t":"Noise - Residential","n":13,"q":2}},{"type":"Feature","geometry":{"type":"Polygon","coordinates":[[[-74.085003,40.586735],[-74.085006,40.589436],[-74.088077,40.590785],[-74.091144,40.589432],[-74.09114,40.58673],[-74.08807,40.585382],[-74.085003,40.586735]]]},"properties":{"t":"Noise - Residential","n":4,"q":1}},{"type":"Feature","geometry":{"type":"Polygon","coordinates":[[[-74.066614,40.611061],[-74.066616,40.613763],[-74.069688,40.615112],[-74.072756,40.613759],[-74.072754,40.611057],[-74.069682,40.609708],[-74.066614,40.611061]]]},"properties":{"t":"Noise - Residential","n":24,"q":3}},{"type":"Feature","geometry":{"type":"Polygon","coordinates":[[[-74.118811,40.615071],[-74.118815,40.617773],[-74.121888,40.61912],[-74.124956,40.617766],[-74.124951,40.615065],[-74.121878,40.613717],[-74.118811,40.615071]]]},"properties":{"t":"Noise - Residential","n":13,"q":2}},{"type":"Feature","geometry":{"type":"Polygon","coordinates":[[[-74.210711,40.550102],[-74.21072,40.552803],[-74.213791,40.554148],[-74.216854,40.552792],[-74.216846,40.55009],[-74.213774,40.548745],[-74.210711,40.550102]]]},"properties":{"t":"Noise - Residential","n":41,"q":4}},{"type":"Feature","geometry":{"type":"Polygon","coordinates":[[[-74.127936,40.570486],[-74.127941,40.573187],[-74.131012,40.574534],[-74.134077,40.57318],[-74.134072,40.570479],[-74.131001,40.569131],[-74.127936,40.570486]]]},"properties":{"t":"Noise - Residential","n":13,"q":2}},{"type":"Feature","geometry":{"type":"Polygon","coordinates":[[[-74.152536,40.59477],[-74.152542,40.597471],[-74.155615,40.598818],[-74.158681,40.597463],[-74.158675,40.594761],[-74.155602,40.593415],[-74.152536,40.59477]]]},"properties":{"t":"Noise - Residential","n":2,"q":0}},{"type":"Feature","geometry":{"type":"Polygon","coordinates":[[[-74.149404,40.566407],[-74.14941,40.569109],[-74.152481,40.570456],[-74.155546,40.569101],[-74.155539,40.566399],[-74.152468,40.565052],[-74.149404,40.566407]]]},"properties":{"t":"Noise - Residential","n":5,"q":1}},{"type":"Feature","geometry":{"type":"Polygon","coordinates":[[[-74.158694,40.602866],[-74.1587,40.605568],[-74.161774,40.606914],[-74.16484,40.605559],[-74.164833,40.602857],[-74.16176,40.601511],[-74.158694,40.602866]]]},"properties":{"t":"Noise - Residential","n":9,"q":1}},{"type":"Feature","geometry":{"type":"Polygon","coordinates":[[[-74.13106,40.598849],[-74.131065,40.60155],[-74.134137,40.602897],[-74.137204,40.601543],[-74.137198,40.598841],[-74.134126,40.597494],[-74.13106,40.598849]]]},"properties":{"t":"Noise - Residential","n":37,"q":4}},{"type":"Feature","geometry":{"type":"Polygon","coordinates":[[[-74.14014,40.538052],[-74.140146,40.540754],[-74.143216,40.542101],[-74.146279,40.540746],[-74.146274,40.538045],[-74.143204,40.536698],[-74.14014,40.538052]]]},"properties":{"t":"Noise - Residential","n":9,"q":1}},{"type":"Feature","geometry":{"type":"Polygon","coordinates":[[[-74.118854,40.639385],[-74.118859,40.642087],[-74.121933,40.643435],[-74.125002,40.64208],[-74.124997,40.639379],[-74.121923,40.638031],[-74.118854,40.639385]]]},"properties":{"t":"Noise - Residential","n":6,"q":1}},{"type":"Feature","geometry":{"type":"Polygon","coordinates":[[[-74.097337,40.627249],[-74.097341,40.62995],[-74.100414,40.631298],[-74.103483,40.629945],[-74.103479,40.627243],[-74.100406,40.625895],[-74.097337,40.627249]]]},"properties":{"t":"Noise - Residential","n":56,"q":4}},{"type":"Feature","geometry":{"type":"Polygon","coordinates":[[[-74.183095,40.546097],[-74.183103,40.548798],[-74.186174,40.550144],[-74.189237,40.548788],[-74.189229,40.546087],[-74.186159,40.544741],[-74.183095,40.546097]]]},"properties":{"t":"Noise - Residential","n":10,"q":2}},{"type":"Feature","geometry":{"type":"Polygon","coordinates":[[[-74.204502,40.525798],[-74.204511,40.5285],[-74.207581,40.529845],[-74.210643,40.528489],[-74.210635,40.525787],[-74.207564,40.524442],[-74.204502,40.525798]]]},"properties":{"t":"Noise - Residential","n":10,"q":2}},{"type":"Feature","geometry":{"type":"Polygon","coordinates":[[[-74.192215,40.517715],[-74.192223,40.520416],[-74.195292,40.521762],[-74.198354,40.520406],[-74.198346,40.517704],[-74.195277,40.516359],[-74.192215,40.517715]]]},"properties":{"t":"Noise - Residential","n":4,"q":1}},{"type":"Feature","geometry":{"type":"Polygon","coordinates":[[[-74.241237,40.509518],[-74.241247,40.512219],[-74.244317,40.513563],[-74.247377,40.512206],[-74.247367,40.509504],[-74.244297,40.50816],[-74.241237,40.509518]]]},"properties":{"t":"Noise - Residential","n":20,"q":3}},{"type":"Feature","geometry":{"type":"Polygon","coordinates":[[[-74.112698,40.631287],[-74.112702,40.633988],[-74.115776,40.635336],[-74.118844,40.633982],[-74.11884,40.631281],[-74.115766,40.629933],[-74.112698,40.631287]]]},"properties":{"t":"Noise - Residential","n":50,"q":4}},{"type":"Feature","geometry":{"type":"Polygon","coordinates":[[[-74.161813,40.623124],[-74.161819,40.625825],[-74.164893,40.627172],[-74.167961,40.625816],[-74.167954,40.623115],[-74.16488,40.621768],[-74.161813,40.623124]]]},"properties":{"t":"Noise - Residential","n":77,"q":4}},{"type":"Feature","geometry":{"type":"Polygon","coordinates":[[[-74.173884,40.542058],[-74.173891,40.54476],[-74.176961,40.546106],[-74.180025,40.544751],[-74.180017,40.542049],[-74.176947,40.540703],[-74.173884,40.542058]]]},"properties":{"t":"Noise - Residential","n":7,"q":1}},{"type":"Feature","geometry":{"type":"Polygon","coordinates":[[[-74.106465,40.57456],[-74.10647,40.577261],[-74.10954,40.578609],[-74.112606,40.577256],[-74.112602,40.574554],[-74.109531,40.573206],[-74.106465,40.57456]]]},"properties":{"t":"Noise - Residential","n":18,"q":3}},{"type":"Feature","geometry":{"type":"Polygon","coordinates":[[[-74.115733,40.611022],[-74.115738,40.613724],[-74.118811,40.615071],[-74.121878,40.613717],[-74.121873,40.611016],[-74.118801,40.609668],[-74.115733,40.611022]]]},"properties":{"t":"Noise - Residential","n":6,"q":1}},{"type":"Feature","geometry":{"type":"Polygon","coordinates":[[[-74.143216,40.542101],[-74.143221,40.544802],[-74.146291,40.546149],[-74.149355,40.544795],[-74.149349,40.542093],[-74.146279,40.540746],[-74.143216,40.542101]]]},"properties":{"t":"Noise - Residential","n":9,"q":1}},{"type":"Feature","geometry":{"type":"Polygon","coordinates":[[[-74.106504,40.598874],[-74.106508,40.601576],[-74.10958,40.602923],[-74.112648,40.60157],[-74.112643,40.598868],[-74.109571,40.59752],[-74.106504,40.598874]]]},"properties":{"t":"Noise - Residential","n":1,"q":0}},{"type":"Feature","geometry":{"type":"Polygon","coordinates":[[[-74.180149,40.590677],[-74.180156,40.593379],[-74.183229,40.594725],[-74.186294,40.593369],[-74.186287,40.590668],[-74.183214,40.589322],[-74.180149,40.590677]]]},"properties":{"t":"Noise - Residential","n":13,"q":2}},{"type":"Feature","geometry":{"type":"Polygon","coordinates":[[[-74.241208,40.501413],[-74.241217,40.504114],[-74.244287,40.505459],[-74.247347,40.504101],[-74.247337,40.5014],[-74.244268,40.500056],[-74.241208,40.501413]]]},"properties":{"t":"Noise - Residential","n":57,"q":4}},{"type":"Feature","geometry":{"type":"Polygon","coordinates":[[[-74.094215,40.59078],[-74.094219,40.593482],[-74.09729,40.59483],[-74.100357,40.593476],[-74.100353,40.590775],[-74.097282,40.589427],[-74.094215,40.59078]]]},"properties":{"t":"Noise - Residential","n":14,"q":2}},{"type":"Feature","geometry":{"type":"Polygon","coordinates":[[[-74.063532,40.598906],[-74.063535,40.601607],[-74.066605,40.602956],[-74.069674,40.601604],[-74.069671,40.598902],[-74.0666,40.597553],[-74.063532,40.598906]]]},"properties":{"t":"Noise - Residential","n":10,"q":2}},{"type":"Feature","geometry":{"type":"Polygon","coordinates":[[[-74.11871,40.558338],[-74.118715,40.56104],[-74.121785,40.562387],[-74.12485,40.561033],[-74.124845,40.558332],[-74.121775,40.556984],[-74.11871,40.558338]]]},"properties":{"t":"Noise - Residential","n":9,"q":1}},{"type":"Feature","geometry":{"type":"Polygon","coordinates":[[[-74.069696,40.623216],[-74.069699,40.625918],[-74.072771,40.627267],[-74.07584,40.625914],[-74.075837,40.623212],[-74.072765,40.621864],[-74.069696,40.623216]]]},"properties":{"t":"Noise - Residential","n":10,"q":2}},{"type":"Feature","geometry":{"type":"Polygon","coordinates":[[[-74.124921,40.598855],[-74.124926,40.601557],[-74.127998,40.602904],[-74.131065,40.60155],[-74.13106,40.598849],[-74.127988,40.597501],[-74.124921,40.598855]]]},"properties":{"t":"Noise - Residential","n":39,"q":4}},{"type":"Feature","geometry":{"type":"Polygon","coordinates":[[[-74.124951,40.615065],[-74.124956,40.617766],[-74.128029,40.619114],[-74.131097,40.61776],[-74.131091,40.615058],[-74.128019,40.613711],[-74.124951,40.615065]]]},"properties":{"t":"Noise - Residential","n":17,"q":3}},{"type":"Feature","geometry":{"type":"Polygon","coordinates":[[[-74.088098,40.606994],[-74.088102,40.609696],[-74.091173,40.611044],[-74.094242,40.609691],[-74.094238,40.606989],[-74.091166,40.605641],[-74.088098,40.606994]]]},"properties":{"t":"Noise - Residential","n":1,"q":0}},{"type":"Feature","geometry":{"type":"Polygon","coordinates":[[[-74.075847,40.631317],[-74.07585,40.634019],[-74.078922,40.635367],[-74.081992,40.634014],[-74.081988,40.631313],[-74.078916,40.629964],[-74.075847,40.631317]]]},"properties":{"t":"Noise - Residential","n":65,"q":4}},{"type":"Feature","geometry":{"type":"Polygon","coordinates":[[[-74.128045,40.627218],[-74.12805,40.62992],[-74.131123,40.631267],[-74.134191,40.629913],[-74.134186,40.627211],[-74.131113,40.625864],[-74.128045,40.627218]]]},"properties":{"t":"Noise - Residential","n":62,"q":4}},{"type":"Feature","geometry":{"type":"Polygon","coordinates":[[[-74.179996,40.533944],[-74.180003,40.536646],[-74.183073,40.537992],[-74.186136,40.536636],[-74.186129,40.533935],[-74.183058,40.532589],[-74.179996,40.533944]]]},"properties":{"t":"Noise - Residential","n":8,"q":1}},{"type":"Feature","geometry":{"type":"Polygon","coordinates":[[[-74.161852,40.639333],[-74.161859,40.642034],[-74.164933,40.643381],[-74.168001,40.642026],[-74.167995,40.639324],[-74.16492,40.637978],[-74.161852,40.639333]]]},"properties":{"t":"Noise - Residential","n":53,"q":4}},{"type":"Feature","geometry":{"type":"Polygon","coordinates":[[[-74.149331,40.533988],[-74.149337,40.53669],[-74.152407,40.538037],[-74.15547,40.536682],[-74.155464,40.53398],[-74.152395,40.532633],[-74.149331,40.533988]]]},"properties":{"t":"Noise - Residential","n":21,"q":3}},{"type":"Feature","geometry":{"type":"Polygon","coordinates":[[[-74.183207,40.58662],[-74.183214,40.589322],[-74.186287,40.590668],[-74.189352,40.589312],[-74.189344,40.58661],[-74.186272,40.585264],[-74.183207,40.58662]]]},"properties":{"t":"Noise - Residential","n":7,"q":1}},{"type":"Feature","geometry":{"type":"Polygon","coordinates":[[[-74.14944,40.582617],[-74.149446,40.585318],[-74.152518,40.586665],[-74.155584,40.58531],[-74.155577,40.582609],[-74.152505,40.581262],[-74.14944,40.582617]]]},"properties":{"t":"Noise - Residential","n":24,"q":3}},{"type":"Feature","geometry":{"type":"Polygon","coordinates":[[[-74.134056,40.562374],[-74.134061,40.565075],[-74.137132,40.566423],[-74.140197,40.565068],[-74.140191,40.562366],[-74.137121,40.561019],[-74.134056,40.562374]]]},"properties":{"t":"Noise - Residential","n":10,"q":2}},{"type":"Feature","geometry":{"type":"Polygon","coordinates":[[[-74.088109,40.615099],[-74.088112,40.617801],[-74.091185,40.619149],[-74.094253,40.617796],[-74.094249,40.615094],[-74.091177,40.613746],[-74.088109,40.615099]]]},"properties":{"t":"Noise - Residential","n":12,"q":2}},{"type":"Feature","geometry":{"type":"Polygon","coordinates":[[[-74.177004,40.562316],[-74.177011,40.565017],[-74.180083,40.566363],[-74.183147,40.565008],[-74.18314,40.562306],[-74.180068,40.56096],[-74.177004,40.562316]]]},"properties":{"t":"Noise - Residential","n":9,"q":1}},{"type":"Feature","geometry":{"type":"Polygon","coordinates":[[[-74.131091,40.615058],[-74.131097,40.61776],[-74.13417,40.619107],[-74.137237,40.617752],[-74.137232,40.615051],[-74.134159,40.613704],[-74.131091,40.615058]]]},"properties":{"t":"Noise - Residential","n":10,"q":2}},{"type":"Feature","geometry":{"type":"Polygon","coordinates":[[[-74.066597,40.594852],[-74.0666,40.597553],[-74.069671,40.598902],[-74.072739,40.59755],[-74.072736,40.594848],[-74.069665,40.593499],[-74.066597,40.594852]]]},"properties":{"t":"Noise - Residential","n":20,"q":3}},{"type":"Feature","geometry":{"type":"Polygon","coordinates":[[[-74.121859,40.602911],[-74.121864,40.605613],[-74.124936,40.60696],[-74.128003,40.605606],[-74.127998,40.602904],[-74.124926,40.601557],[-74.121859,40.602911]]]},"properties":{"t":"Noise - Residential","n":17,"q":3}},{"type":"Feature","geometry":{"type":"Polygon","coordinates":[[[-74.183073,40.537992],[-74.183081,40.540693],[-74.186151,40.542039],[-74.189214,40.540683],[-74.189206,40.537982],[-74.186136,40.536636],[-74.183073,40.537992]]]},"properties":{"t":"Noise - Residential","n":5,"q":1}},{"type":"Feature","geometry":{"type":"Polygon","coordinates":[[[-74.097325,40.619144],[-74.097329,40.621845],[-74.100402,40.623194],[-74.10347,40.62184],[-74.103466,40.619139],[-74.100394,40.61779],[-74.097325,40.619144]]]},"properties":{"t":"Noise - Residential","n":20,"q":3}},{"type":"Feature","geometry":{"type":"Polygon","coordinates":[[[-74.112657,40.606973],[-74.112661,40.609674],[-74.115733,40.611022],[-74.118801,40.609668],[-74.118796,40.606967],[-74.115724,40.605619],[-74.112657,40.606973]]]},"properties":{"t":"Noise - Residential","n":17,"q":3}},{"type":"Feature","geometry":{"type":"Polygon","coordinates":[[[-74.164693,40.546124],[-74.1647,40.548826],[-74.167771,40.550172],[-74.170834,40.548817],[-74.170827,40.546115],[-74.167757,40.544769],[-74.164693,40.546124]]]},"properties":{"t":"Noise - Residential","n":13,"q":2}},{"type":"Feature","geometry":{"type":"Polygon","coordinates":[[[-74.140242,40.586681],[-74.140248,40.589382],[-74.14332,40.590729],[-74.146386,40.589375],[-74.14638,40.586673],[-74.143308,40.585326],[-74.140242,40.586681]]]},"properties":{"t":"Noise - Residential","n":6,"q":1}},{"type":"Feature","geometry":{"type":"Polygon","coordinates":[[[-74.18314,40.562306],[-74.183147,40.565008],[-74.186219,40.566353],[-74.189283,40.564998],[-74.189275,40.562296],[-74.186204,40.56095],[-74.18314,40.562306]]]},"properties":{"t":"Noise - Residential","n":10,"q":2}},{"type":"Feature","geometry":{"type":"Polygon","coordinates":[[[-74.081949,40.598894],[-74.081952,40.601596],[-74.085023,40.602944],[-74.088091,40.601591],[-74.088087,40.59889],[-74.085016,40.597541],[-74.081949,40.598894]]]},"properties":{"t":"Noise - Residential","n":40,"q":4}},{"type":"Feature","geometry":{"type":"Polygon","coordinates":[[[-74.08813,40.631308],[-74.088134,40.63401],[-74.091207,40.635358],[-74.094276,40.634005],[-74.094272,40.631303],[-74.091199,40.629955],[-74.08813,40.631308]]]},"properties":{"t":"Noise - Residential","n":9,"q":1}},{"type":"Feature","geometry":{"type":"Polygon","coordinates":[[[-74.176983,40.554211],[-74.17699,40.556912],[-74.180061,40.558258],[-74.183125,40.556903],[-74.183118,40.554201],[-74.180047,40.552855],[-74.176983,40.554211]]]},"properties":{"t":"Noise - Residential","n":14,"q":2}},{"type":"Feature","geometry":{"type":"Polygon","coordinates":[[[-74.161577,40.525867],[-74.161584,40.528568],[-74.164653,40.529915],[-74.167716,40.52856],[-74.16771,40.525858],[-74.16464,40.524512],[-74.161577,40.525867]]]},"properties":{"t":"Noise - Residential","n":12,"q":2}},{"type":"Feature","geometry":{"type":"Polygon","coordinates":[[[-74.130964,40.55022],[-74.130969,40.552922],[-74.134039,40.554269],[-74.137104,40.552915],[-74.137099,40.550213],[-74.134029,40.548866],[-74.130964,40.55022]]]},"properties":{"t":"Noise - Residential","n":10,"q":2}},{"type":"Feature","geometry":{"type":"Polygon","coordinates":[[[-74.158752,40.62718],[-74.158758,40.629882],[-74.161832,40.631228],[-74.1649,40.629873],[-74.164893,40.627172],[-74.161819,40.625825],[-74.158752,40.62718]]]},"properties":{"t":"Noise - Residential","n":23,"q":3}},{"type":"Feature","geometry":{"type":"Polygon","coordinates":[[[-74.131012,40.574534],[-74.131017,40.577236],[-74.134088,40.578583],[-74.137154,40.577229],[-74.137148,40.574527],[-74.134077,40.57318],[-74.131012,40.574534]]]},"properties":{"t":"Noise - Residential","n":4,"q":1}},{"type":"Feature","geometry":{"type":"Polygon","coordinates":[[[-74.128029,40.619114],[-74.128034,40.621815],[-74.131107,40.623163],[-74.134175,40.621808],[-74.13417,40.619107],[-74.131097,40.61776],[-74.128029,40.619114]]]},"properties":{"t":"Noise - Residential","n":16,"q":3}},{"type":"Feature","geometry":{"type":"Polygon","coordinates":[[[-74.128013,40.611009],[-74.128019,40.613711],[-74.131091,40.615058],[-74.134159,40.613704],[-74.134153,40.611002],[-74.131081,40.609655],[-74.128013,40.611009]]]},"properties":{"t":"Noise - Residential","n":12,"q":2}},{"type":"Feature","geometry":{"type":"Polygon","coordinates":[[[-74.12486,40.566437],[-74.124865,40.569138],[-74.127936,40.570486],[-74.131001,40.569131],[-74.130996,40.56643],[-74.127925,40.565082],[-74.12486,40.566437]]]},"properties":{"t":"Noise - Residential","n":8,"q":1}},{"type":"Feature","geometry":{"type":"Polygon","coordinates":[[[-74.137132,40.566423],[-74.137137,40.569124],[-74.140208,40.570471],[-74.143274,40.569117],[-74.143268,40.566415],[-74.140197,40.565068],[-74.137132,40.566423]]]},"properties":{"t":"Noise - Residential","n":9,"q":1}},{"type":"Feature","geometry":{"type":"Polygon","coordinates":[[[-74.109527,40.570505],[-74.109531,40.573206],[-74.112602,40.574554],[-74.115668,40.5732],[-74.115663,40.570499],[-74.112593,40.569151],[-74.109527,40.570505]]]},"properties":{"t":"Noise - Residential","n":3,"q":0}},{"type":"Feature","geometry":{"type":"Polygon","coordinates":[[[-74.213688,40.521729],[-74.213696,40.524431],[-74.216767,40.525776],[-74.219828,40.524419],[-74.219819,40.521718],[-74.216749,40.520373],[-74.213688,40.521729]]]},"properties":{"t":"Noise - Residential","n":11,"q":2}},{"type":"Feature","geometry":{"type":"Polygon","coordinates":[[[-74.176961,40.546106],[-74.176969,40.548808],[-74.180039,40.550154],[-74.183103,40.548798],[-74.183095,40.546097],[-74.180025,40.544751],[-74.176961,40.546106]]]},"properties":{"t":"Noise - Residential","n":6,"q":1}},{"type":"Feature","geometry":{"type":"Polygon","coordinates":[[[-74.186196,40.558249],[-74.186204,40.56095],[-74.189275,40.562296],[-74.192339,40.56094],[-74.192331,40.558239],[-74.18926,40.556893],[-74.186196,40.558249]]]},"properties":{"t":"Noise - Residential","n":6,"q":1}},{"type":"Feature","geometry":{"type":"Polygon","coordinates":[[[-74.131139,40.639372],[-74.131144,40.642074],[-74.134219,40.643421],[-74.137287,40.642066],[-74.137282,40.639365],[-74.134208,40.638018],[-74.131139,40.639372]]]},"properties":{"t":"Noise - Residential","n":36,"q":4}},{"type":"Feature","geometry":{"type":"Polygon","coordinates":[[[-74.121918,40.63533],[-74.121923,40.638031],[-74.124997,40.639379],[-74.128065,40.638025],[-74.12806,40.635323],[-74.124986,40.633976],[-74.121918,40.63533]]]},"properties":{"t":"Noise - Residential","n":19,"q":3}},{"type":"Feature","geometry":{"type":"Polygon","coordinates":[[[-74.091218,40.643463],[-74.091221,40.646165],[-74.094295,40.647513],[-74.097365,40.646159],[-74.097361,40.643458],[-74.094287,40.64211],[-74.091218,40.643463]]]},"properties":{"t":"Noise - Residential","n":28,"q":3}},{"type":"Feature","geometry":{"type":"Polygon","coordinates":[[[-74.072736,40.594848],[-74.072739,40.59755],[-74.07581,40.598898],[-74.078878,40.597545],[-74.078874,40.594844],[-74.075804,40.593495],[-74.072736,40.594848]]]},"properties":{"t":"Noise - Residential","n":42,"q":4}},{"type":"Feature","geometry":{"type":"Polygon","coordinates":[[[-74.103378,40.562405],[-74.103382,40.565107],[-74.106452,40.566455],[-74.109518,40.565101],[-74.109514,40.5624],[-74.106444,40.561052],[-74.103378,40.562405]]]},"properties":{"t":"Noise - Residential","n":21,"q":3}},{"type":"Feature","geometry":{"type":"Polygon","coordinates":[[[-74.121785,40.562387],[-74.12179,40.565089],[-74.12486,40.566437],[-74.127925,40.565082],[-74.12792,40.562381],[-74.12485,40.561033],[-74.121785,40.562387]]]},"properties":{"t":"Noise - Residential","n":1,"q":0}},{"type":"Feature","geometry":{"type":"Polygon","coordinates":[[[-74.152499,40.57856],[-74.152505,40.581262],[-74.155577,40.582609],[-74.158643,40.581254],[-74.158636,40.578552],[-74.155565,40.577205],[-74.152499,40.57856]]]},"properties":{"t":"Noise - Residential","n":17,"q":3}},{"type":"Feature","geometry":{"type":"Polygon","coordinates":[[[-74.127998,40.602904],[-74.128003,40.605606],[-74.131075,40.606953],[-74.134143,40.605599],[-74.134137,40.602897],[-74.131065,40.60155],[-74.127998,40.602904]]]},"properties":{"t":"Noise - Residential","n":53,"q":4}},{"type":"Feature","geometry":{"type":"Polygon","coordinates":[[[-74.170827,40.546115],[-74.170834,40.548817],[-74.173905,40.550163],[-74.176969,40.548808],[-74.176961,40.546106],[-74.173891,40.54476],[-74.170827,40.546115]]]},"properties":{"t":"Noise - Residential","n":12,"q":2}},{"type":"Feature","geometry":{"type":"Polygon","coordinates":[[[-74.155653,40.615027],[-74.155659,40.617729],[-74.158733,40.619075],[-74.1618,40.61772],[-74.161793,40.615019],[-74.15872,40.613672],[-74.155653,40.615027]]]},"properties":{"t":"Noise - Residential","n":17,"q":3}},{"type":"Feature","geometry":{"type":"Polygon","coordinates":[[[-74.176897,40.521792],[-74.176904,40.524494],[-74.179974,40.52584],[-74.183036,40.524484],[-74.183029,40.521782],[-74.179959,40.520436],[-74.176897,40.521792]]]},"properties":{"t":"Noise - Residential","n":2,"q":0}},{"type":"Feature","geometry":{"type":"Polygon","coordinates":[[[-74.170807,40.538011],[-74.170814,40.540712],[-74.173884,40.542058],[-74.176947,40.540703],[-74.17694,40.538001],[-74.17387,40.536655],[-74.170807,40.538011]]]},"properties":{"t":"Noise - Residential","n":7,"q":1}},{"type":"Feature","geometry":{"type":"Polygon","coordinates":[[[-74.091129,40.578625],[-74.091133,40.581327],[-74.094203,40.582675],[-74.09727,40.581322],[-74.097266,40.57862],[-74.094196,40.577272],[-74.091129,40.578625]]]},"properties":{"t":"Noise - Residential","n":24,"q":3}},{"type":"Feature","geometry":{"type":"Polygon","coordinates":[[[-74.14325,40.55831],[-74.143256,40.561012],[-74.146327,40.562359],[-74.149392,40.561004],[-74.149385,40.558302],[-74.146315,40.556956],[-74.14325,40.55831]]]},"properties":{"t":"Noise - Residential","n":12,"q":2}},{"type":"Feature","geometry":{"type":"Polygon","coordinates":[[[-74.091118,40.570521],[-74.091122,40.573222],[-74.094192,40.574571],[-74.097258,40.573217],[-74.097254,40.570516],[-74.094184,40.569167],[-74.091118,40.570521]]]},"properties":{"t":"Noise - Residential","n":29,"q":4}},{"type":"Feature","geometry":{"type":"Polygon","coordinates":[[[-74.238215,40.521681],[-74.238224,40.524383],[-74.241295,40.525727],[-74.244356,40.52437],[-74.244347,40.521668],[-74.241276,40.520324],[-74.238215,40.521681]]]},"properties":{"t":"Noise - Residential","n":5,"q":1}},{"type":"Feature","geometry":{"type":"Polygon","coordinates":[[[-74.130996,40.56643],[-74.131001,40.569131],[-74.134072,40.570479],[-74.137137,40.569124],[-74.137132,40.566423],[-74.134061,40.565075],[-74.130996,40.56643]]]},"properties":{"t":"Noise - Residential","n":10,"q":2}},{"type":"Feature","geometry":{"type":"Polygon","coordinates":[[[-74.085075,40.643468],[-74.085078,40.646169],[-74.088152,40.647518],[-74.091221,40.646165],[-74.091218,40.643463],[-74.088145,40.642115],[-74.085075,40.643468]]]},"properties":{"t":"Noise - Residential","n":94,"q":4}},{"type":"Feature","geometry":{"type":"Polygon","coordinates":[[[-74.12806,40.635323],[-74.128065,40.638025],[-74.131139,40.639372],[-74.134208,40.638018],[-74.134202,40.635316],[-74.131129,40.633969],[-74.12806,40.635323]]]},"properties":{"t":"Noise - Residential","n":81,"q":4}},{"type":"Feature","geometry":{"type":"Polygon","coordinates":[[[-74.097266,40.57862],[-74.09727,40.581322],[-74.100341,40.58267],[-74.103407,40.581317],[-74.103403,40.578615],[-74.100333,40.577267],[-74.097266,40.57862]]]},"properties":{"t":"Noise - Residential","n":23,"q":3}},{"type":"Feature","geometry":{"type":"Polygon","coordinates":[[[-74.085054,40.627258],[-74.085058,40.62996],[-74.08813,40.631308],[-74.091199,40.629955],[-74.091196,40.627254],[-74.088123,40.625905],[-74.085054,40.627258]]]},"properties":{"t":"Noise - Residential","n":2,"q":0}},{"type":"Feature","geometry":{"type":"Polygon","coordinates":[[[-74.189229,40.546087],[-74.189237,40.548788],[-74.192308,40.550134],[-74.195371,40.548778],[-74.195363,40.546076],[-74.192293,40.544731],[-74.189229,40.546087]]]},"properties":{"t":"Noise - Residential","n":20,"q":3}},{"type":"Feature","geometry":{"type":"Polygon","coordinates":[[[-74.158771,40.635285],[-74.158778,40.637986],[-74.161852,40.639333],[-74.16492,40.637978],[-74.164913,40.635276],[-74.161839,40.63393],[-74.158771,40.635285]]]},"properties":{"t":"Noise - Residential","n":21,"q":3}},{"type":"Feature","geometry":{"type":"Polygon","coordinates":[[[-74.164833,40.602857],[-74.16484,40.605559],[-74.167913,40.606905],[-74.170979,40.60555],[-74.170973,40.602848],[-74.1679,40.601502],[-74.164833,40.602857]]]},"properties":{"t":"Noise - Residential","n":13,"q":2}},{"type":"Feature","geometry":{"type":"Polygon","coordinates":[[[-74.072727,40.586743],[-74.07273,40.589445],[-74.075801,40.590794],[-74.078868,40.589441],[-74.078865,40.586739],[-74.075794,40.58539],[-74.072727,40.586743]]]},"properties":{"t":"Noise - Residential","n":9,"q":1}},{"type":"Feature","geometry":{"type":"Polygon","coordinates":[[[-74.118739,40.574548],[-74.118743,40.577249],[-74.121814,40.578597],[-74.12488,40.577243],[-74.124875,40.574541],[-74.121804,40.573194],[-74.118739,40.574548]]]},"properties":{"t":"Noise - Residential","n":22,"q":3}},{"type":"Feature","geometry":{"type":"Polygon","coordinates":[[[-74.069705,40.631321],[-74.069708,40.634023],[-74.07278,40.635371],[-74.07585,40.634019],[-74.075847,40.631317],[-74.072774,40.629968],[-74.069705,40.631321]]]},"properties":{"t":"Noise - Residential","n":6,"q":1}},{"type":"Feature","geometry":{"type":"Polygon","coordinates":[[[-74.140259,40.594785],[-74.140265,40.597487],[-74.143337,40.598834],[-74.146404,40.597479],[-74.146398,40.594778],[-74.143326,40.593431],[-74.140259,40.594785]]]},"properties":{"t":"Noise - Residential","n":3,"q":0}},{"type":"Feature","geometry":{"type":"Polygon","coordinates":[[[-74.066589,40.586747],[-74.066592,40.589449],[-74.069662,40.590797],[-74.07273,40.589445],[-74.072727,40.586743],[-74.069657,40.585394],[-74.066589,40.586747]]]},"properties":{"t":"Noise - Residential","n":10,"q":2}},{"type":"Feature","geometry":{"type":"Polygon","coordinates":[[[-74.072745,40.602953],[-74.072748,40.605654],[-74.075819,40.607003],[-74.078887,40.60565],[-74.078884,40.602949],[-74.075813,40.6016],[-74.072745,40.602953]]]},"properties":{"t":"Noise - Residential","n":33,"q":4}},{"type":"Feature","geometry":{"type":"Polygon","coordinates":[[[-74.100341,40.58267],[-74.100345,40.585372],[-74.103416,40.58672],[-74.106483,40.585366],[-74.106478,40.582665],[-74.103407,40.581317],[-74.100341,40.58267]]]},"properties":{"t":"Noise - Residential","n":92,"q":4}},{"type":"Feature","geometry":{"type":"Polygon","coordinates":[[[-74.07581,40.598898],[-74.075813,40.6016],[-74.078884,40.602949],[-74.081952,40.601596],[-74.081949,40.598894],[-74.078878,40.597545],[-74.07581,40.598898]]]},"properties":{"t":"Noise - Residential","n":2,"q":0}},{"type":"Feature","geometry":{"type":"Polygon","coordinates":[[[-74.155634,40.606923],[-74.15564,40.609624],[-74.158713,40.610971],[-74.16178,40.609616],[-74.161774,40.606914],[-74.1587,40.605568],[-74.155634,40.606923]]]},"properties":{"t":"Noise - Residential","n":7,"q":1}},{"type":"Feature","geometry":{"type":"Polygon","coordinates":[[[-74.085034,40.611049],[-74.085037,40.61375],[-74.088109,40.615099],[-74.091177,40.613746],[-74.091173,40.611044],[-74.088102,40.609696],[-74.085034,40.611049]]]},"properties":{"t":"Noise - Residential","n":12,"q":2}},{"type":"Feature","geometry":{"type":"Polygon","coordinates":[[[-74.207606,40.53795],[-74.207615,40.540652],[-74.210686,40.541997],[-74.213748,40.54064],[-74.21374,40.537939],[-74.210669,40.536594],[-74.207606,40.53795]]]},"properties":{"t":"Noise - Residential","n":7,"q":1}},{"type":"Feature","geometry":{"type":"Polygon","coordinates":[[[-74.186174,40.550144],[-74.186181,40.552846],[-74.189252,40.554191],[-74.192316,40.552835],[-74.192308,40.550134],[-74.189237,40.548788],[-74.186174,40.550144]]]},"properties":{"t":"Noise - Residential","n":9,"q":1}},{"type":"Feature","geometry":{"type":"Polygon","coordinates":[[[-74.192285,40.542029],[-74.192293,40.544731],[-74.195363,40.546076],[-74.198426,40.54472],[-74.198418,40.542019],[-74.195348,40.540673],[-74.192285,40.542029]]]},"properties":{"t":"Noise - Residential","n":7,"q":1}},{"type":"Feature","geometry":{"type":"Polygon","coordinates":[[[-74.13098,40.558325],[-74.130985,40.561027],[-74.134056,40.562374],[-74.137121,40.561019],[-74.137115,40.558318],[-74.134045,40.556971],[-74.13098,40.558325]]]},"properties":{"t":"Noise - Residential","n":5,"q":1}},{"type":"Feature","geometry":{"type":"Polygon","coordinates":[[[-74.08812,40.623204],[-74.088123,40.625905],[-74.091196,40.627254],[-74.094264,40.6259],[-74.094261,40.623199],[-74.091188,40.62185],[-74.08812,40.623204]]]},"properties":{"t":"Noise - Residential","n":46,"q":4}},{"type":"Feature","geometry":{"type":"Polygon","coordinates":[[[-74.069679,40.607007],[-74.069682,40.609708],[-74.072754,40.611057],[-74.075822,40.609705],[-74.075819,40.607003],[-74.072748,40.605654],[-74.069679,40.607007]]]},"properties":{"t":"Noise - Residential","n":19,"q":3}},{"type":"Feature","geometry":{"type":"Polygon","coordinates":[[[-74.106543,40.623188],[-74.106547,40.62589],[-74.10962,40.627238],[-74.112689,40.625884],[-74.112684,40.623182],[-74.109611,40.621834],[-74.106543,40.623188]]]},"properties":{"t":"Noise - Residential","n":3,"q":0}},{"type":"Feature","geometry":{"type":"Polygon","coordinates":[[[-74.112602,40.574554],[-74.112606,40.577256],[-74.115677,40.578603],[-74.118743,40.577249],[-74.118739,40.574548],[-74.115668,40.5732],[-74.112602,40.574554]]]},"properties":{"t":"Noise - Residential","n":3,"q":0}},{"type":"Feature","geometry":{"type":"Polygon","coordinates":[[[-74.186287,40.590668],[-74.186294,40.593369],[-74.189367,40.594715],[-74.192433,40.593359],[-74.192425,40.590657],[-74.189352,40.589312],[-74.186287,40.590668]]]},"properties":{"t":"Noise - Residential","n":24,"q":3}},{"type":"Feature","geometry":{"type":"Polygon","coordinates":[[[-74.161734,40.590705],[-74.161741,40.593406],[-74.164813,40.594753],[-74.167879,40.593398],[-74.167872,40.590696],[-74.1648,40.58935],[-74.161734,40.590705]]]},"properties":{"t":"Noise - Residential","n":1,"q":0}},{"type":"Feature","geometry":{"type":"Polygon","coordinates":[[[-74.085013,40.59484],[-74.085016,40.597541],[-74.088087,40.59889],[-74.091155,40.597536],[-74.091151,40.594835],[-74.08808,40.593486],[-74.085013,40.59484]]]},"properties":{"t":"Noise - Residential","n":21,"q":3}},{"type":"Feature","geometry":{"type":"Polygon","coordinates":[[[-74.164713,40.554229],[-74.16472,40.556931],[-74.167791,40.558277],[-74.170855,40.556922],[-74.170848,40.55422],[-74.167777,40.552874],[-74.164713,40.554229]]]},"properties":{"t":"Noise - Residential","n":26,"q":3}},{"type":"Feature","geometry":{"type":"Polygon","coordinates":[[[-74.115719,40.602917],[-74.115724,40.605619],[-74.118796,40.606967],[-74.121864,40.605613],[-74.121859,40.602911],[-74.118787,40.601563],[-74.115719,40.602917]]]},"properties":{"t":"Noise - Residential","n":19,"q":3}},{"type":"Feature","geometry":{"type":"Polygon","coordinates":[[[-74.204577,40.550113],[-74.204585,40.552814],[-74.207657,40.55416],[-74.21072,40.552803],[-74.210711,40.550102],[-74.20764,40.548756],[-74.204577,40.550113]]]},"properties":{"t":"Noise - Residential","n":8,"q":1}},{"type":"Feature","geometry":{"type":"Polygon","coordinates":[[[-74.134072,40.570479],[-74.134077,40.57318],[-74.137148,40.574527],[-74.140214,40.573173],[-74.140208,40.570471],[-74.137137,40.569124],[-74.134072,40.570479]]]},"properties":{"t":"Noise - Residential","n":12,"q":2}},{"type":"Feature","geometry":{"type":"Polygon","coordinates":[[[-74.210686,40.541997],[-74.210694,40.544698],[-74.213765,40.546044],[-74.216828,40.544687],[-74.216819,40.541985],[-74.213748,40.54064],[-74.210686,40.541997]]]},"properties":{"t":"Noise - Residential","n":19,"q":3}},{"type":"Feature","geometry":{"type":"Polygon","coordinates":[[[-74.085023,40.602944],[-74.085027,40.605646],[-74.088098,40.606994],[-74.091166,40.605641],[-74.091162,40.60294],[-74.088091,40.601591],[-74.085023,40.602944]]]},"properties":{"t":"Noise - Residential","n":15,"q":2}},{"type":"Feature","geometry":{"type":"Polygon","coordinates":[[[-74.170765,40.521801],[-74.170772,40.524503],[-74.173842,40.525849],[-74.176904,40.524494],[-74.176897,40.521792],[-74.173828,40.520446],[-74.170765,40.521801]]]},"properties":{"t":"Noise - Residential","n":3,"q":0}},{"type":"Feature","geometry":{"type":"Polygon","coordinates":[[[-74.140208,40.570471],[-74.140214,40.573173],[-74.143285,40.57452],[-74.14635,40.573165],[-74.146345,40.570464],[-74.143274,40.569117],[-74.140208,40.570471]]]},"properties":{"t":"Noise - Residential","n":2,"q":0}},{"type":"Feature","geometry":{"type":"Polygon","coordinates":[[[-74.063547,40.615115],[-74.06355,40.617817],[-74.066622,40.619166],[-74.069691,40.617813],[-74.069688,40.615112],[-74.066616,40.613763],[-74.063547,40.615115]]]},"properties":{"t":"Noise - Residential","n":18,"q":3}},{"type":"Feature","geometry":{"type":"Polygon","coordinates":[[[-74.232027,40.505484],[-74.232036,40.508186],[-74.235106,40.50953],[-74.238167,40.508173],[-74.238157,40.505472],[-74.235087,40.504127],[-74.232027,40.505484]]]},"properties":{"t":"Noise - Residential","n":8,"q":1}},{"type":"Feature","geometry":{"type":"Polygon","coordinates":[[[-74.066622,40.619166],[-74.066624,40.621867],[-74.069696,40.623216],[-74.072765,40.621864],[-74.072762,40.619162],[-74.069691,40.617813],[-74.066622,40.619166]]]},"properties":{"t":"Noise - Residential","n":9,"q":1}},{"type":"Feature","geometry":{"type":"Polygon","coordinates":[[[-74.158675,40.594761],[-74.158681,40.597463],[-74.161754,40.598809],[-74.16482,40.597454],[-74.164813,40.594753],[-74.161741,40.593406],[-74.158675,40.594761]]]},"properties":{"t":"Noise - Residential","n":23,"q":3}},{"type":"Feature","geometry":{"type":"Polygon","coordinates":[[[-74.198442,40.550123],[-74.19845,40.552825],[-74.201522,40.55417],[-74.204585,40.552814],[-74.204577,40.550113],[-74.201506,40.548767],[-74.198442,40.550123]]]},"properties":{"t":"Noise - Residential","n":9,"q":1}},{"type":"Feature","geometry":{"type":"Polygon","coordinates":[[[-74.075801,40.590794],[-74.075804,40.593495],[-74.078874,40.594844],[-74.081942,40.593491],[-74.081939,40.590789],[-74.078868,40.589441],[-74.075801,40.590794]]]},"properties":{"t":"Noise - Residential","n":16,"q":3}},{"type":"Feature","geometry":{"type":"Polygon","coordinates":[[[-74.164793,40.586648],[-74.1648,40.58935],[-74.167872,40.590696],[-74.170938,40.589341],[-74.170931,40.586639],[-74.167859,40.585293],[-74.164793,40.586648]]]},"properties":{"t":"Noise - Residential","n":7,"q":1}},{"type":"Feature","geometry":{"type":"Polygon","coordinates":[[[-74.097243,40.562411],[-74.097247,40.565112],[-74.100316,40.566461],[-74.103382,40.565107],[-74.103378,40.562405],[-74.100308,40.561057],[-74.097243,40.562411]]]},"properties":{"t":"Noise - Residential","n":49,"q":4}},{"type":"Feature","geometry":{"type":"Polygon","coordinates":[[[-74.10954,40.578609],[-74.109545,40.581311],[-74.112616,40.582659],[-74.115682,40.581305],[-74.115677,40.578603],[-74.112606,40.577256],[-74.10954,40.578609]]]},"properties":{"t":"Noise - Residential","n":11,"q":2}},{"type":"Feature","geometry":{"type":"Polygon","coordinates":[[[-74.235078,40.501426],[-74.235087,40.504127],[-74.238157,40.505472],[-74.241217,40.504114],[-74.241208,40.501413],[-74.238138,40.500068],[-74.235078,40.501426]]]},"properties":{"t":"Noise - Residential","n":9,"q":1}},{"type":"Feature","geometry":{"type":"Polygon","coordinates":[[[-74.152444,40.554246],[-74.15245,40.556948],[-74.155521,40.558294],[-74.158585,40.556939],[-74.158579,40.554238],[-74.155508,40.552891],[-74.152444,40.554246]]]},"properties":{"t":"Noise - Residential","n":10,"q":2}},{"type":"Feature","geometry":{"type":"Polygon","coordinates":[[[-74.094249,40.615094],[-74.094253,40.617796],[-74.097325,40.619144],[-74.100394,40.61779],[-74.10039,40.615089],[-74.097317,40.613741],[-74.094249,40.615094]]]},"properties":{"t":"Noise - Residential","n":1,"q":0}},{"type":"Feature","geometry":{"type":"Polygon","coordinates":[[[-74.115649,40.562394],[-74.115654,40.565095],[-74.118724,40.566443],[-74.12179,40.565089],[-74.121785,40.562387],[-74.118715,40.56104],[-74.115649,40.562394]]]},"properties":{"t":"Noise - Residential","n":14,"q":2}},{"type":"Feature","geometry":{"type":"Polygon","coordinates":[[[-74.103428,40.594824],[-74.103433,40.597526],[-74.106504,40.598874],[-74.109571,40.59752],[-74.109567,40.594819],[-74.106495,40.593471],[-74.103428,40.594824]]]},"properties":{"t":"Noise - Residential","n":7,"q":1}},{"type":"Feature","geometry":{"type":"Polygon","coordinates":[[[-74.173821,40.517744],[-74.173828,40.520446],[-74.176897,40.521792],[-74.179959,40.520436],[-74.179952,40.517735],[-74.176883,40.516389],[-74.173821,40.517744]]]},"properties":{"t":"Noise - Residential","n":1,"q":0}},{"type":"Feature","geometry":{"type":"Polygon","coordinates":[[[-74.216767,40.525776],[-74.216775,40.528478],[-74.219846,40.529822],[-74.222908,40.528466],[-74.222899,40.525764],[-74.219828,40.524419],[-74.216767,40.525776]]]},"properties":{"t":"Noise - Residential","n":10,"q":2}},{"type":"Feature","geometry":{"type":"Polygon","coordinates":[[[-74.173926,40.558268],[-74.173933,40.56097],[-74.177004,40.562316],[-74.180068,40.56096],[-74.180061,40.558258],[-74.17699,40.556912],[-74.173926,40.558268]]]},"properties":{"t":"Noise - Residential","n":20,"q":3}},{"type":"Feature","geometry":{"type":"Polygon","coordinates":[[[-74.189344,40.58661],[-74.189352,40.589312],[-74.192425,40.590657],[-74.19549,40.589302],[-74.195482,40.5866],[-74.192409,40.585254],[-74.189344,40.58661]]]},"properties":{"t":"Noise - Residential","n":17,"q":3}},{"type":"Feature","geometry":{"type":"Polygon","coordinates":[[[-74.137215,40.606946],[-74.137221,40.609648],[-74.140293,40.610995],[-74.14336,40.60964],[-74.143355,40.606939],[-74.140282,40.605592],[-74.137215,40.606946]]]},"properties":{"t":"Noise - Residential","n":4,"q":1}},{"type":"Feature","geometry":{"type":"Polygon","coordinates":[[[-74.097302,40.602934],[-74.097306,40.605636],[-74.100377,40.606984],[-74.103445,40.605631],[-74.103441,40.602929],[-74.100369,40.601581],[-74.097302,40.602934]]]},"properties":{"t":"Noise - Residential","n":5,"q":1}},{"type":"Feature","geometry":{"type":"Polygon","coordinates":[[[-74.189413,40.610924],[-74.189421,40.613626],[-74.192495,40.614972],[-74.195561,40.613616],[-74.195553,40.610914],[-74.192479,40.609568],[-74.189413,40.610924]]]},"properties":{"t":"Noise - Residential","n":1,"q":0}},{"type":"Feature","geometry":{"type":"Polygon","coordinates":[[[-74.164673,40.53802],[-74.16468,40.540721],[-74.16775,40.542068],[-74.170814,40.540712],[-74.170807,40.538011],[-74.167737,40.536664],[-74.164673,40.53802]]]},"properties":{"t":"Noise - Residential","n":5,"q":1}},{"type":"Feature","geometry":{"type":"Polygon","coordinates":[[[-74.10962,40.627238],[-74.109625,40.629939],[-74.112698,40.631287],[-74.115766,40.629933],[-74.115762,40.627232],[-74.112689,40.625884],[-74.10962,40.627238]]]},"properties":{"t":"Noise - Residential","n":4,"q":1}},{"type":"Feature","geometry":{"type":"Polygon","coordinates":[[[-74.081919,40.57458],[-74.081922,40.577282],[-74.084992,40.57863],[-74.088059,40.577277],[-74.088055,40.574575],[-74.084985,40.573227],[-74.081919,40.57458]]]},"properties":{"t":"Noise - Residential","n":3,"q":0}},{"type":"Feature","geometry":{"type":"Polygon","coordinates":[[[-74.180061,40.558258],[-74.180068,40.56096],[-74.18314,40.562306],[-74.186204,40.56095],[-74.186196,40.558249],[-74.183125,40.556903],[-74.180061,40.558258]]]},"properties":{"t":"Noise - Residential","n":4,"q":1}},{"type":"Feature","geometry":{"type":"Polygon","coordinates":[[[-74.085044,40.619154],[-74.085047,40.621855],[-74.08812,40.623204],[-74.091188,40.62185],[-74.091185,40.619149],[-74.088112,40.617801],[-74.085044,40.619154]]]},"properties":{"t":"Noise - Residential","n":11,"q":2}},{"type":"Feature","geometry":{"type":"Polygon","coordinates":[[[-74.137265,40.63126],[-74.137271,40.633962],[-74.140345,40.635309],[-74.143413,40.633954],[-74.143407,40.631253],[-74.140333,40.629906],[-74.137265,40.63126]]]},"properties":{"t":"Noise - Residential","n":35,"q":4}},{"type":"Feature","geometry":{"type":"Polygon","coordinates":[[[-74.097361,40.643458],[-74.097365,40.646159],[-74.100438,40.647508],[-74.103508,40.646154],[-74.103504,40.643453],[-74.10043,40.642105],[-74.097361,40.643458]]]},"properties":{"t":"Noise - Residential","n":1,"q":0}},{"type":"Feature","geometry":{"type":"Polygon","coordinates":[[[-74.100353,40.590775],[-74.100357,40.593476],[-74.103428,40.594824],[-74.106495,40.593471],[-74.106491,40.590769],[-74.10342,40.589421],[-74.100353,40.590775]]]},"properties":{"t":"Noise - Residential","n":3,"q":0}},{"type":"Feature","geometry":{"type":"Polygon","coordinates":[[[-74.118724,40.566443],[-74.118729,40.569145],[-74.1218,40.570492],[-74.124865,40.569138],[-74.12486,40.566437],[-74.12179,40.565089],[-74.118724,40.566443]]]},"properties":{"t":"Noise - Residential","n":7,"q":1}},{"type":"Feature","geometry":{"type":"Polygon","coordinates":[[[-74.075865,40.647526],[-74.075868,40.650228],[-74.078941,40.651577],[-74.082012,40.650224],[-74.082008,40.647522],[-74.078935,40.646174],[-74.075865,40.647526]]]},"properties":{"t":"Noise - Residential","n":1,"q":0}},{"type":"Feature","geometry":{"type":"Polygon","coordinates":[[[-74.118782,40.598862],[-74.118787,40.601563],[-74.121859,40.602911],[-74.124926,40.601557],[-74.124921,40.598855],[-74.121849,40.597508],[-74.118782,40.598862]]]},"properties":{"t":"Noise - Residential","n":3,"q":0}},{"type":"Feature","geometry":{"type":"Polygon","coordinates":[[[-74.164893,40.627172],[-74.1649,40.629873],[-74.167974,40.631219],[-74.171042,40.629864],[-74.171035,40.627163],[-74.167961,40.625816],[-74.164893,40.627172]]]},"properties":{"t":"Noise - Residential","n":1,"q":0}},{"type":"Feature","geometry":{"type":"Polygon","coordinates":[[[-74.1095,40.554295],[-74.109505,40.556997],[-74.112575,40.558344],[-74.11564,40.556991],[-74.115635,40.554289],[-74.112566,40.552941],[-74.1095,40.554295]]]},"properties":{"t":"Noise - Residential","n":2,"q":0}},{"type":"Feature","geometry":{"type":"Polygon","coordinates":[[[-74.195387,40.554181],[-74.195395,40.556883],[-74.198467,40.558228],[-74.20153,40.556872],[-74.201522,40.55417],[-74.19845,40.552825],[-74.195387,40.554181]]]},"properties":{"t":"Noise - Residential","n":7,"q":1}},{"type":"Feature","geometry":{"type":"Polygon","coordinates":[[[-74.118796,40.606967],[-74.118801,40.609668],[-74.121873,40.611016],[-74.124941,40.609662],[-74.124936,40.60696],[-74.121864,40.605613],[-74.118796,40.606967]]]},"properties":{"t":"Noise - Residential","n":15,"q":2}},{"type":"Feature","geometry":{"type":"Polygon","coordinates":[[[-74.134088,40.578583],[-74.134094,40.581285],[-74.137165,40.582632],[-74.140231,40.581277],[-74.140225,40.578576],[-74.137154,40.577229],[-74.134088,40.578583]]]},"properties":{"t":"Noise - Residential","n":3,"q":0}},{"type":"Feature","geometry":{"type":"Polygon","coordinates":[[[-74.088141,40.639413],[-74.088145,40.642115],[-74.091218,40.643463],[-74.094287,40.64211],[-74.094284,40.639408],[-74.09121,40.63806],[-74.088141,40.639413]]]},"properties":{"t":"Noise - Residential","n":11,"q":2}},{"type":"Feature","geometry":{"type":"Polygon","coordinates":[[[-74.124845,40.558332],[-74.12485,40.561033],[-74.12792,40.562381],[-74.130985,40.561027],[-74.13098,40.558325],[-74.12791,40.556978],[-74.124845,40.558332]]]},"properties":{"t":"Noise - Residential","n":11,"q":2}},{"type":"Feature","geometry":{"type":"Polygon","coordinates":[[[-74.16775,40.542068],[-74.167757,40.544769],[-74.170827,40.546115],[-74.173891,40.54476],[-74.173884,40.542058],[-74.170814,40.540712],[-74.16775,40.542068]]]},"properties":{"t":"Noise - Residential","n":10,"q":2}},{"type":"Feature","geometry":{"type":"Polygon","coordinates":[[[-74.189184,40.529877],[-74.189191,40.532579],[-74.192261,40.533924],[-74.195324,40.532568],[-74.195316,40.529867],[-74.192246,40.528521],[-74.189184,40.529877]]]},"properties":{"t":"Noise - Residential","n":2,"q":0}},{"type":"Feature","geometry":{"type":"Polygon","coordinates":[[[-74.121873,40.611016],[-74.121878,40.613717],[-74.124951,40.615065],[-74.128019,40.613711],[-74.128013,40.611009],[-74.124941,40.609662],[-74.121873,40.611016]]]},"properties":{"t":"Noise - Residential","n":4,"q":1}},{"type":"Feature","geometry":{"type":"Polygon","coordinates":[[[-74.094272,40.631303],[-74.094276,40.634005],[-74.097349,40.635353],[-74.100418,40.634],[-74.100414,40.631298],[-74.097341,40.62995],[-74.094272,40.631303]]]},"properties":{"t":"Noise - Residential","n":14,"q":2}},{"type":"Feature","geometry":{"type":"Polygon","coordinates":[[[-74.100377,40.606984],[-74.100381,40.609686],[-74.103453,40.611034],[-74.106521,40.60968],[-74.106517,40.606979],[-74.103445,40.605631],[-74.100377,40.606984]]]},"properties":{"t":"Noise - Residential","n":1,"q":0}},{"type":"Feature","geometry":{"type":"Polygon","coordinates":[[[-74.167913,40.606905],[-74.16792,40.609607],[-74.170993,40.610953],[-74.17406,40.609598],[-74.174053,40.606896],[-74.170979,40.60555],[-74.167913,40.606905]]]},"properties":{"t":"Noise - Residential","n":9,"q":1}},{"type":"Feature","geometry":{"type":"Polygon","coordinates":[[[-74.219846,40.529822],[-74.219855,40.532524],[-74.222926,40.533869],[-74.225988,40.532512],[-74.225979,40.529811],[-74.222908,40.528466],[-74.219846,40.529822]]]},"properties":{"t":"Noise - Residential","n":1,"q":0}},{"type":"Feature","geometry":{"type":"Polygon","coordinates":[[[-74.155596,40.590713],[-74.155602,40.593415],[-74.158675,40.594761],[-74.161741,40.593406],[-74.161734,40.590705],[-74.158662,40.589358],[-74.155596,40.590713]]]},"properties":{"t":"Noise - Residential","n":34,"q":4}},{"type":"Feature","geometry":{"type":"Polygon","coordinates":[[[-74.235192,40.533844],[-74.235201,40.536546],[-74.238273,40.537891],[-74.241334,40.536533],[-74.241325,40.533832],[-74.238253,40.532487],[-74.235192,40.533844]]]},"properties":{"t":"Noise - Residential","n":10,"q":2}},{"type":"Feature","geometry":{"type":"Polygon","coordinates":[[[-74.143389,40.623148],[-74.143395,40.62585],[-74.146469,40.627196],[-74.149537,40.625842],[-74.149531,40.62314],[-74.146457,40.621793],[-74.143389,40.623148]]]},"properties":{"t":"Noise - Residential","n":6,"q":1}},{"type":"Feature","geometry":{"type":"Polygon","coordinates":[[[-74.115677,40.578603],[-74.115682,40.581305],[-74.118753,40.582652],[-74.121819,40.581298],[-74.121814,40.578597],[-74.118743,40.577249],[-74.115677,40.578603]]]},"properties":{"t":"Noise - Residential","n":2,"q":0}},{"type":"Feature","geometry":{"type":"Polygon","coordinates":[[[-74.088077,40.590785],[-74.08808,40.593486],[-74.091151,40.594835],[-74.094219,40.593482],[-74.094215,40.59078],[-74.091144,40.589432],[-74.088077,40.590785]]]},"properties":{"t":"Noise - Residential","n":18,"q":3}},{"type":"Feature","geometry":{"type":"Polygon","coordinates":[[[-74.173905,40.550163],[-74.173912,40.552865],[-74.176983,40.554211],[-74.180047,40.552855],[-74.180039,40.550154],[-74.176969,40.548808],[-74.173905,40.550163]]]},"properties":{"t":"Noise - Residential","n":4,"q":1}},{"type":"Feature","geometry":{"type":"Polygon","coordinates":[[[-74.057386,40.590804],[-74.057388,40.593506],[-74.060459,40.594855],[-74.063527,40.593503],[-74.063524,40.590801],[-74.060454,40.589452],[-74.057386,40.590804]]]},"properties":{"t":"Noise - Residential","n":2,"q":0}},{"type":"Feature","geometry":{"type":"Polygon","coordinates":[[[-74.124966,40.62317],[-74.124971,40.625871],[-74.128045,40.627218],[-74.131113,40.625864],[-74.131107,40.623163],[-74.128034,40.621815],[-74.124966,40.62317]]]},"properties":{"t":"Noise - Residential","n":6,"q":1}},{"type":"Feature","geometry":{"type":"Polygon","coordinates":[[[-74.161636,40.550181],[-74.161643,40.552883],[-74.164713,40.554229],[-74.167777,40.552874],[-74.167771,40.550172],[-74.1647,40.548826],[-74.161636,40.550181]]]},"properties":{"t":"Noise - Residential","n":16,"q":3}},{"type":"Feature","geometry":{"type":"Polygon","coordinates":[[[-74.195316,40.529867],[-74.195324,40.532568],[-74.198394,40.533914],[-74.201457,40.532558],[-74.201449,40.529856],[-74.198378,40.528511],[-74.195316,40.529867]]]},"properties":{"t":"Noise - Residential","n":3,"q":0}},{"type":"Feature","geometry":{"type":"Polygon","coordinates":[[[-74.072754,40.611057],[-74.072756,40.613759],[-74.075828,40.615108],[-74.078897,40.613755],[-74.078894,40.611053],[-74.075822,40.609705],[-74.072754,40.611057]]]},"properties":{"t":"Noise - Residential","n":27,"q":3}},{"type":"Feature","geometry":{"type":"Polygon","coordinates":[[[-74.140293,40.610995],[-74.140299,40.613696],[-74.143372,40.615043],[-74.146439,40.613689],[-74.146433,40.610987],[-74.14336,40.60964],[-74.140293,40.610995]]]},"properties":{"t":"Noise - Residential","n":10,"q":2}},{"type":"Feature","geometry":{"type":"Polygon","coordinates":[[[-74.134039,40.554269],[-74.134045,40.556971],[-74.137115,40.558318],[-74.14018,40.556963],[-74.140174,40.554262],[-74.137104,40.552915],[-74.134039,40.554269]]]},"properties":{"t":"Noise - Residential","n":19,"q":3}},{"type":"Feature","geometry":{"type":"Polygon","coordinates":[[[-74.195482,40.5866],[-74.19549,40.589302],[-74.198563,40.590647],[-74.201628,40.589291],[-74.20162,40.586589],[-74.198547,40.585244],[-74.195482,40.5866]]]},"properties":{"t":"Noise - Residential","n":10,"q":2}},{"type":"Feature","geometry":{"type":"Polygon","coordinates":[[[-74.103391,40.57051],[-74.103395,40.573212],[-74.106465,40.57456],[-74.109531,40.573206],[-74.109527,40.570505],[-74.106457,40.569157],[-74.103391,40.57051]]]},"properties":{"t":"Noise - Residential","n":2,"q":0}},{"type":"Feature","geometry":{"type":"Polygon","coordinates":[[[-74.225896,40.505496],[-74.225906,40.508198],[-74.228975,40.509543],[-74.232036,40.508186],[-74.232027,40.505484],[-74.228957,40.504139],[-74.225896,40.505496]]]},"properties":{"t":"Noise - Residential","n":8,"q":1}},{"type":"Feature","geometry":{"type":"Polygon","coordinates":[[[-74.12792,40.562381],[-74.127925,40.565082],[-74.130996,40.56643],[-74.134061,40.565075],[-74.134056,40.562374],[-74.130985,40.561027],[-74.12792,40.562381]]]},"properties":{"t":"Noise - Residential","n":7,"q":1}},{"type":"Feature","geometry":{"type":"Polygon","coordinates":[[[-74.140191,40.562366],[-74.140197,40.565068],[-74.143268,40.566415],[-74.146333,40.56506],[-74.146327,40.562359],[-74.143256,40.561012],[-74.140191,40.562366]]]},"properties":{"t":"Noise - Residential","n":7,"q":1}},{"type":"Feature","geometry":{"type":"Polygon","coordinates":[[[-74.216793,40.533881],[-74.216802,40.536582],[-74.219873,40.537927],[-74.222935,40.536571],[-74.222926,40.533869],[-74.219855,40.532524],[-74.216793,40.533881]]]},"properties":{"t":"Noise - Residential","n":10,"q":2}},{"type":"Feature","geometry":{"type":"Polygon","coordinates":[[[-74.167791,40.558277],[-74.167798,40.560979],[-74.170869,40.562325],[-74.173933,40.56097],[-74.173926,40.558268],[-74.170855,40.556922],[-74.167791,40.558277]]]},"properties":{"t":"Noise - Residential","n":6,"q":1}},{"type":"Feature","geometry":{"type":"Polygon","coordinates":[[[-74.161597,40.533972],[-74.161603,40.536673],[-74.164673,40.53802],[-74.167737,40.536664],[-74.16773,40.533963],[-74.16466,40.532617],[-74.161597,40.533972]]]},"properties":{"t":"Noise - Residential","n":33,"q":4}},{"type":"Feature","geometry":{"type":"Polygon","coordinates":[[[-74.137148,40.574527],[-74.137154,40.577229],[-74.140225,40.578576],[-74.143291,40.577221],[-74.143285,40.57452],[-74.140214,40.573173],[-74.137148,40.574527]]]},"properties":{"t":"Noise - Residential","n":3,"q":0}},{"type":"Feature","geometry":{"type":"Polygon","coordinates":[[[-74.219819,40.521718],[-74.219828,40.524419],[-74.222899,40.525764],[-74.22596,40.524407],[-74.225951,40.521706],[-74.222881,40.520361],[-74.219819,40.521718]]]},"properties":{"t":"Noise - Residential","n":7,"q":1}},{"type":"Feature","geometry":{"type":"Polygon","coordinates":[[[-74.238128,40.497367],[-74.238138,40.500068],[-74.241208,40.501413],[-74.244268,40.500056],[-74.244258,40.497354],[-74.241188,40.49601],[-74.238128,40.497367]]]},"properties":{"t":"Noise - Residential","n":3,"q":0}},{"type":"Feature","geometry":{"type":"Polygon","coordinates":[[[-74.204478,40.517694],[-74.204486,40.520395],[-74.207556,40.521741],[-74.210618,40.520384],[-74.210609,40.517683],[-74.207539,40.516337],[-74.204478,40.517694]]]},"properties":{"t":"Noise - Residential","n":12,"q":2}},{"type":"Feature","geometry":{"type":"Polygon","coordinates":[[[-74.232055,40.513589],[-74.232064,40.51629],[-74.235135,40.517635],[-74.238196,40.516278],[-74.238186,40.513576],[-74.235116,40.512232],[-74.232055,40.513589]]]},"properties":{"t":"Noise - Residential","n":13,"q":2}},{"type":"Feature","geometry":{"type":"Polygon","coordinates":[[[-74.081929,40.582685],[-74.081932,40.585386],[-74.085003,40.586735],[-74.08807,40.585382],[-74.088066,40.58268],[-74.084996,40.581332],[-74.081929,40.582685]]]},"properties":{"t":"Noise - Residential","n":1,"q":0}},{"type":"Feature","geometry":{"type":"Polygon","coordinates":[[[-74.238186,40.513576],[-74.238196,40.516278],[-74.241266,40.517622],[-74.244327,40.516265],[-74.244317,40.513563],[-74.241247,40.512219],[-74.238186,40.513576]]]},"properties":{"t":"Noise - Residential","n":10,"q":2}},{"type":"Feature","geometry":{"type":"Polygon","coordinates":[[[-74.103491,40.635348],[-74.103495,40.638049],[-74.106569,40.639397],[-74.109638,40.638044],[-74.109633,40.635342],[-74.10656,40.633994],[-74.103491,40.635348]]]},"properties":{"t":"Noise - Residential","n":10,"q":2}},{"type":"Feature","geometry":{"type":"Polygon","coordinates":[[[-74.235135,40.517635],[-74.235144,40.520337],[-74.238215,40.521681],[-74.241276,40.520324],[-74.241266,40.517622],[-74.238196,40.516278],[-74.235135,40.517635]]]},"properties":{"t":"Noise - Residential","n":2,"q":0}},{"type":"Feature","geometry":{"type":"Polygon","coordinates":[[[-74.140276,40.60289],[-74.140282,40.605592],[-74.143355,40.606939],[-74.146422,40.605584],[-74.146416,40.602882],[-74.143343,40.601535],[-74.140276,40.60289]]]},"properties":{"t":"Noise - Residential","n":3,"q":0}},{"type":"Feature","geometry":{"type":"Polygon","coordinates":[[[-74.244287,40.505459],[-74.244297,40.50816],[-74.247367,40.509504],[-74.250428,40.508147],[-74.250418,40.505445],[-74.247347,40.504101],[-74.244287,40.505459]]]},"properties":{"t":"Noise - Residential","n":11,"q":2}},{"type":"Feature","geometry":{"type":"Polygon","coordinates":[[[-74.155558,40.574504],[-74.155565,40.577205],[-74.158636,40.578552],[-74.161702,40.577197],[-74.161695,40.574495],[-74.158623,40.573149],[-74.155558,40.574504]]]},"properties":{"t":"Noise - Residential","n":7,"q":1}},{"type":"Feature","geometry":{"type":"Polygon","coordinates":[[[-74.137099,40.550213],[-74.137104,40.552915],[-74.140174,40.554262],[-74.143239,40.552907],[-74.143233,40.550206],[-74.140163,40.548859],[-74.137099,40.550213]]]},"properties":{"t":"Noise - Residential","n":51,"q":4}},{"type":"Feature","geometry":{"type":"Polygon","coordinates":[[[-74.106491,40.590769],[-74.106495,40.593471],[-74.109567,40.594819],[-74.112634,40.593465],[-74.112629,40.590763],[-74.109558,40.589416],[-74.106491,40.590769]]]},"properties":{"t":"Noise - Residential","n":2,"q":0}},{"type":"Feature","geometry":{"type":"Polygon","coordinates":[[[-74.131107,40.623163],[-74.131113,40.625864],[-74.134186,40.627211],[-74.137254,40.625857],[-74.137248,40.623156],[-74.134175,40.621808],[-74.131107,40.623163]]]},"properties":{"t":"Noise - Residential","n":23,"q":3}},{"type":"Feature","geometry":{"type":"Polygon","coordinates":[[[-74.143198,40.533996],[-74.143204,40.536698],[-74.146274,40.538045],[-74.149337,40.53669],[-74.149331,40.533988],[-74.146262,40.532641],[-74.143198,40.533996]]]},"properties":{"t":"Noise - Residential","n":2,"q":0}},{"type":"Feature","geometry":{"type":"Polygon","coordinates":[[[-74.100402,40.623194],[-74.100406,40.625895],[-74.103479,40.627243],[-74.106547,40.62589],[-74.106543,40.623188],[-74.10347,40.62184],[-74.100402,40.623194]]]},"properties":{"t":"Noise - Residential","n":3,"q":0}},{"type":"Feature","geometry":{"type":"Polygon","coordinates":[[[-74.127951,40.57859],[-74.127956,40.581292],[-74.131028,40.582639],[-74.134094,40.581285],[-74.134088,40.578583],[-74.131017,40.577236],[-74.127951,40.57859]]]},"properties":{"t":"Noise - Residential","n":1,"q":0}},{"type":"Feature","geometry":{"type":"Polygon","coordinates":[[[-74.109607,40.619133],[-74.109611,40.621834],[-74.112684,40.623182],[-74.115752,40.621828],[-74.115748,40.619127],[-74.112675,40.617779],[-74.109607,40.619133]]]},"properties":{"t":"Noise - Residential","n":2,"q":0}},{"type":"Feature","geometry":{"type":"Polygon","coordinates":[[[-74.109567,40.594819],[-74.109571,40.59752],[-74.112643,40.598868],[-74.11571,40.597514],[-74.115705,40.594813],[-74.112634,40.593465],[-74.109567,40.594819]]]},"properties":{"t":"Noise - Residential","n":1,"q":0}},{"type":"Feature","geometry":{"type":"Polygon","coordinates":[[[-74.149385,40.558302],[-74.149392,40.561004],[-74.152462,40.562351],[-74.155527,40.560996],[-74.155521,40.558294],[-74.15245,40.556948],[-74.149385,40.558302]]]},"properties":{"t":"Noise - Residential","n":11,"q":2}},{"type":"Feature","geometry":{"type":"Polygon","coordinates":[[[-74.137282,40.639365],[-74.137287,40.642066],[-74.140362,40.643413],[-74.14343,40.642059],[-74.143424,40.639357],[-74.14035,40.63801],[-74.137282,40.639365]]]},"properties":{"t":"Noise - Residential","n":4,"q":1}},{"type":"Feature","geometry":{"type":"Polygon","coordinates":[[[-74.228975,40.509543],[-74.228985,40.512244],[-74.232055,40.513589],[-74.235116,40.512232],[-74.235106,40.50953],[-74.232036,40.508186],[-74.228975,40.509543]]]},"properties":{"t":"Noise - Residential","n":5,"q":1}},{"type":"Feature","geometry":{"type":"Polygon","coordinates":[[[-74.201449,40.529856],[-74.201457,40.532558],[-74.204527,40.533903],[-74.207589,40.532547],[-74.207581,40.529845],[-74.204511,40.5285],[-74.201449,40.529856]]]},"properties":{"t":"Noise - Residential","n":13,"q":2}},{"type":"Feature","geometry":{"type":"Polygon","coordinates":[[[-74.149349,40.542093],[-74.149355,40.544795],[-74.152425,40.546141],[-74.155489,40.544786],[-74.155483,40.542085],[-74.152413,40.540738],[-74.149349,40.542093]]]},"properties":{"t":"Noise - Residential","n":8,"q":1}},{"type":"Feature","geometry":{"type":"Polygon","coordinates":[[[-74.060466,40.60296],[-74.060469,40.605661],[-74.06354,40.60701],[-74.066608,40.605658],[-74.066605,40.602956],[-74.063535,40.601607],[-74.060466,40.60296]]]},"properties":{"t":"Noise - Residential","n":3,"q":0}},{"type":"Feature","geometry":{"type":"Polygon","coordinates":[[[-74.127982,40.5948],[-74.127988,40.597501],[-74.13106,40.598849],[-74.134126,40.597494],[-74.134121,40.594793],[-74.131049,40.593445],[-74.127982,40.5948]]]},"properties":{"t":"Noise - Residential","n":3,"q":0}},{"type":"Feature","geometry":{"type":"Polygon","coordinates":[[[-74.164873,40.619067],[-74.16488,40.621768],[-74.167954,40.623115],[-74.171021,40.621759],[-74.171014,40.619058],[-74.16794,40.617712],[-74.164873,40.619067]]]},"properties":{"t":"Noise - Residential","n":5,"q":1}},{"type":"Feature","geometry":{"type":"Polygon","coordinates":[[[-74.100414,40.631298],[-74.100418,40.634],[-74.103491,40.635348],[-74.10656,40.633994],[-74.106556,40.631293],[-74.103483,40.629945],[-74.100414,40.631298]]]},"properties":{"t":"Noise - Residential","n":4,"q":1}},{"type":"Feature","geometry":{"type":"Polygon","coordinates":[[[-74.097254,40.570516],[-74.097258,40.573217],[-74.100329,40.574565],[-74.103395,40.573212],[-74.103391,40.57051],[-74.100321,40.569162],[-74.097254,40.570516]]]},"properties":{"t":"Noise - Residential","n":13,"q":2}},{"type":"Feature","geometry":{"type":"Polygon","coordinates":[[[-74.201473,40.537961],[-74.201481,40.540663],[-74.204552,40.542008],[-74.207615,40.540652],[-74.207606,40.53795],[-74.204535,40.536605],[-74.201473,40.537961]]]},"properties":{"t":"Noise - Residential","n":9,"q":1}},{"type":"Feature","geometry":{"type":"Polygon","coordinates":[[[-74.155483,40.542085],[-74.155489,40.544786],[-74.158559,40.546133],[-74.161623,40.544778],[-74.161617,40.542076],[-74.158547,40.54073],[-74.155483,40.542085]]]},"properties":{"t":"Noise - Residential","n":10,"q":2}},{"type":"Feature","geometry":{"type":"Polygon","coordinates":[[[-74.183118,40.554201],[-74.183125,40.556903],[-74.186196,40.558249],[-74.18926,40.556893],[-74.189252,40.554191],[-74.186181,40.552846],[-74.183118,40.554201]]]},"properties":{"t":"Noise - Residential","n":1,"q":0}},{"type":"Feature","geometry":{"type":"Polygon","coordinates":[[[-74.140174,40.554262],[-74.14018,40.556963],[-74.14325,40.55831],[-74.146315,40.556956],[-74.146309,40.554254],[-74.143239,40.552907],[-74.140174,40.554262]]]},"properties":{"t":"Noise - Residential","n":7,"q":1}},{"type":"Feature","geometry":{"type":"Polygon","coordinates":[[[-74.161715,40.5826],[-74.161721,40.585302],[-74.164793,40.586648],[-74.167859,40.585293],[-74.167852,40.582591],[-74.16478,40.581245],[-74.161715,40.5826]]]},"properties":{"t":"Noise - Residential","n":19,"q":3}},{"type":"Feature","geometry":{"type":"Polygon","coordinates":[[[-74.149494,40.606931],[-74.1495,40.609632],[-74.152573,40.610979],[-74.15564,40.609624],[-74.155634,40.606923],[-74.152561,40.605576],[-74.149494,40.606931]]]},"properties":{"t":"Noise - Residential","n":7,"q":1}},{"type":"Feature","geometry":{"type":"Polygon","coordinates":[[[-74.152573,40.610979],[-74.15258,40.613681],[-74.155653,40.615027],[-74.15872,40.613672],[-74.158713,40.610971],[-74.15564,40.609624],[-74.152573,40.610979]]]},"properties":{"t":"Noise - Residential","n":3,"q":0}},{"type":"Feature","geometry":{"type":"Polygon","coordinates":[[[-74.088055,40.574575],[-74.088059,40.577277],[-74.091129,40.578625],[-74.094196,40.577272],[-74.094192,40.574571],[-74.091122,40.573222],[-74.088055,40.574575]]]},"properties":{"t":"Noise - Residential","n":8,"q":1}},{"type":"Feature","geometry":{"type":"Polygon","coordinates":[[[-74.164853,40.610962],[-74.16486,40.613664],[-74.167933,40.61501],[-74.171,40.613655],[-74.170993,40.610953],[-74.16792,40.609607],[-74.164853,40.610962]]]},"properties":{"t":"Noise - Residential","n":16,"q":3}},{"type":"Feature","geometry":{"type":"Polygon","coordinates":[[[-74.084992,40.57863],[-74.084996,40.581332],[-74.088066,40.58268],[-74.091133,40.581327],[-74.091129,40.578625],[-74.088059,40.577277],[-74.084992,40.57863]]]},"properties":{"t":"Noise - Residential","n":20,"q":3}},{"type":"Feature","geometry":{"type":"Polygon","coordinates":[[[-74.170869,40.562325],[-74.170876,40.565026],[-74.173947,40.566373],[-74.177011,40.565017],[-74.177004,40.562316],[-74.173933,40.56097],[-74.170869,40.562325]]]},"properties":{"t":"Noise - Residential","n":1,"q":0}},{"type":"Feature","geometry":{"type":"Polygon","coordinates":[[[-74.103479,40.627243],[-74.103483,40.629945],[-74.106556,40.631293],[-74.109625,40.629939],[-74.10962,40.627238],[-74.106547,40.62589],[-74.103479,40.627243]]]},"properties":{"t":"Noise - Residential","n":23,"q":3}},{"type":"Feature","geometry":{"type":"Polygon","coordinates":[[[-74.201497,40.546066],[-74.201506,40.548767],[-74.204577,40.550113],[-74.20764,40.548756],[-74.207631,40.546055],[-74.20456,40.54471],[-74.201497,40.546066]]]},"properties":{"t":"Noise - Residential","n":2,"q":0}},{"type":"Feature","geometry":{"type":"Polygon","coordinates":[[[-74.149512,40.615035],[-74.149518,40.617737],[-74.152592,40.619084],[-74.155659,40.617729],[-74.155653,40.615027],[-74.15258,40.613681],[-74.149512,40.615035]]]},"properties":{"t":"Noise - Residential","n":5,"q":1}},{"type":"Feature","geometry":{"type":"Polygon","coordinates":[[[-74.161695,40.574495],[-74.161702,40.577197],[-74.164773,40.578543],[-74.167838,40.577188],[-74.167832,40.574487],[-74.16476,40.57314],[-74.161695,40.574495]]]},"properties":{"t":"Noise - Residential","n":40,"q":4}},{"type":"Feature","geometry":{"type":"Polygon","coordinates":[[[-74.170993,40.610953],[-74.171,40.613655],[-74.174074,40.615001],[-74.17714,40.613645],[-74.177133,40.610944],[-74.17406,40.609598],[-74.170993,40.610953]]]},"properties":{"t":"Noise - Residential","n":3,"q":0}},{"type":"Feature","geometry":{"type":"Polygon","coordinates":[[[-74.134121,40.594793],[-74.134126,40.597494],[-74.137198,40.598841],[-74.140265,40.597487],[-74.140259,40.594785],[-74.137187,40.593438],[-74.134121,40.594793]]]},"properties":{"t":"Noise - Residential","n":12,"q":2}},{"type":"Feature","geometry":{"type":"Polygon","coordinates":[[[-74.167933,40.61501],[-74.16794,40.617712],[-74.171014,40.619058],[-74.174081,40.617702],[-74.174074,40.615001],[-74.171,40.613655],[-74.167933,40.61501]]]},"properties":{"t":"Noise - Residential","n":2,"q":0}},{"type":"Feature","geometry":{"type":"Polygon","coordinates":[[[-74.100316,40.566461],[-74.100321,40.569162],[-74.103391,40.57051],[-74.106457,40.569157],[-74.106452,40.566455],[-74.103382,40.565107],[-74.100316,40.566461]]]},"properties":{"t":"Noise - Residential","n":2,"q":0}},{"type":"Feature","geometry":{"type":"Polygon","coordinates":[[[-74.112588,40.566449],[-74.112593,40.569151],[-74.115663,40.570499],[-74.118729,40.569145],[-74.118724,40.566443],[-74.115654,40.565095],[-74.112588,40.566449]]]},"properties":{"t":"Noise - Residential","n":5,"q":1}},{"type":"Feature","geometry":{"type":"Polygon","coordinates":[[[-74.088066,40.58268],[-74.08807,40.585382],[-74.09114,40.58673],[-74.094207,40.585377],[-74.094203,40.582675],[-74.091133,40.581327],[-74.088066,40.58268]]]},"properties":{"t":"Noise - Residential","n":3,"q":0}},{"type":"Feature","geometry":{"type":"Polygon","coordinates":[[[-74.228948,40.501438],[-74.228957,40.504139],[-74.232027,40.505484],[-74.235087,40.504127],[-74.235078,40.501426],[-74.232008,40.500081],[-74.228948,40.501438]]]},"properties":{"t":"Noise - Residential","n":7,"q":1}},{"type":"Feature","geometry":{"type":"Polygon","coordinates":[[[-74.186151,40.542039],[-74.186159,40.544741],[-74.189229,40.546087],[-74.192293,40.544731],[-74.192285,40.542029],[-74.189214,40.540683],[-74.186151,40.542039]]]},"properties":{"t":"Noise - Residential","n":3,"q":0}},{"type":"Feature","geometry":{"type":"Polygon","coordinates":[[[-74.0574,40.607014],[-74.057402,40.609715],[-74.060474,40.611064],[-74.063542,40.609712],[-74.06354,40.60701],[-74.060469,40.605661],[-74.0574,40.607014]]]},"properties":{"t":"Noise - Residential","n":14,"q":2}},{"type":"Feature","geometry":{"type":"Polygon","coordinates":[[[-74.167771,40.550172],[-74.167777,40.552874],[-74.170848,40.55422],[-74.173912,40.552865],[-74.173905,40.550163],[-74.170834,40.548817],[-74.167771,40.550172]]]},"properties":{"t":"Noise - Residential","n":7,"q":1}},{"type":"Feature","geometry":{"type":"Polygon","coordinates":[[[-74.112684,40.623182],[-74.112689,40.625884],[-74.115762,40.627232],[-74.11883,40.625878],[-74.118825,40.623176],[-74.115752,40.621828],[-74.112684,40.623182]]]},"properties":{"t":"Noise - Residential","n":7,"q":1}},{"type":"Feature","geometry":{"type":"Polygon","coordinates":[[[-74.170973,40.602848],[-74.170979,40.60555],[-74.174053,40.606896],[-74.177119,40.605541],[-74.177112,40.602839],[-74.174039,40.601493],[-74.170973,40.602848]]]},"properties":{"t":"Noise - Residential","n":2,"q":0}},{"type":"Feature","geometry":{"type":"Polygon","coordinates":[[[-74.088087,40.59889],[-74.088091,40.601591],[-74.091162,40.60294],[-74.09423,40.601586],[-74.094226,40.598885],[-74.091155,40.597536],[-74.088087,40.59889]]]},"properties":{"t":"Noise - Residential","n":5,"q":1}},{"type":"Feature","geometry":{"type":"Polygon","coordinates":[[[-74.198346,40.517704],[-74.198354,40.520406],[-74.201424,40.521752],[-74.204486,40.520395],[-74.204478,40.517694],[-74.201408,40.516348],[-74.198346,40.517704]]]},"properties":{"t":"Noise - Residential","n":8,"q":1}},{"type":"Feature","geometry":{"type":"Polygon","coordinates":[[[-74.158713,40.610971],[-74.15872,40.613672],[-74.161793,40.615019],[-74.16486,40.613664],[-74.164853,40.610962],[-74.16178,40.609616],[-74.158713,40.610971]]]},"properties":{"t":"Noise - Residential","n":6,"q":1}},{"type":"Feature","geometry":{"type":"Polygon","coordinates":[[[-74.161754,40.598809],[-74.16176,40.601511],[-74.164833,40.602857],[-74.1679,40.601502],[-74.167893,40.598801],[-74.16482,40.597454],[-74.161754,40.598809]]]},"properties":{"t":"Noise - Residential","n":15,"q":2}},{"type":"Feature","geometry":{"type":"Polygon","coordinates":[[[-74.183229,40.594725],[-74.183236,40.597426],[-74.186309,40.598772],[-74.189375,40.597416],[-74.189367,40.594715],[-74.186294,40.593369],[-74.183229,40.594725]]]},"properties":{"t":"Noise - Residential","n":6,"q":1}},{"type":"Feature","geometry":{"type":"Polygon","coordinates":[[[-74.195269,40.513657],[-74.195277,40.516359],[-74.198346,40.517704],[-74.201408,40.516348],[-74.2014,40.513647],[-74.19833,40.512301],[-74.195269,40.513657]]]},"properties":{"t":"Noise - Residential","n":6,"q":1}},{"type":"Feature","geometry":{"type":"Polygon","coordinates":[[[-74.216846,40.55009],[-74.216854,40.552792],[-74.219926,40.554137],[-74.222989,40.55278],[-74.22298,40.550078],[-74.219908,40.548734],[-74.216846,40.55009]]]},"properties":{"t":"Noise - Residential","n":15,"q":2}},{"type":"Feature","geometry":{"type":"Polygon","coordinates":[[[-74.183273,40.610934],[-74.183281,40.613636],[-74.186355,40.614982],[-74.189421,40.613626],[-74.189413,40.610924],[-74.186339,40.609579],[-74.183273,40.610934]]]},"properties":{"t":"Noise - Residential","n":1,"q":0}},{"type":"Feature","geometry":{"type":"Polygon","coordinates":[[[-74.183051,40.529887],[-74.183058,40.532589],[-74.186129,40.533935],[-74.189191,40.532579],[-74.189184,40.529877],[-74.186113,40.528531],[-74.183051,40.529887]]]},"properties":{"t":"Noise - Residential","n":4,"q":1}},{"type":"Feature","geometry":{"type":"Polygon","coordinates":[[[-74.146309,40.554254],[-74.146315,40.556956],[-74.149385,40.558302],[-74.15245,40.556948],[-74.152444,40.554246],[-74.149373,40.552899],[-74.146309,40.554254]]]},"properties":{"t":"Noise - Residential","n":5,"q":1}},{"type":"Feature","geometry":{"type":"Polygon","coordinates":[[[-74.161617,40.542076],[-74.161623,40.544778],[-74.164693,40.546124],[-74.167757,40.544769],[-74.16775,40.542068],[-74.16468,40.540721],[-74.161617,40.542076]]]},"properties":{"t":"Noise - Residential","n":5,"q":1}},{"type":"Feature","geometry":{"type":"Polygon","coordinates":[[[-74.192448,40.598762],[-74.192456,40.601464],[-74.195529,40.602809],[-74.198595,40.601453],[-74.198587,40.598752],[-74.195514,40.597406],[-74.192448,40.598762]]]},"properties":{"t":"Noise - Residential","n":4,"q":1}},{"type":"Feature","geometry":{"type":"Polygon","coordinates":[[[-74.081939,40.590789],[-74.081942,40.593491],[-74.085013,40.59484],[-74.08808,40.593486],[-74.088077,40.590785],[-74.085006,40.589436],[-74.081939,40.590789]]]},"properties":{"t":"Noise - Residential","n":3,"q":0}},{"type":"Feature","geometry":{"type":"Polygon","coordinates":[[[-74.18939,40.60282],[-74.189398,40.605521],[-74.192472,40.606867],[-74.195537,40.605511],[-74.195529,40.602809],[-74.192456,40.601464],[-74.18939,40.60282]]]},"properties":{"t":"Noise - Residential","n":1,"q":0}},{"type":"Feature","geometry":{"type":"Polygon","coordinates":[[[-74.106478,40.582665],[-74.106483,40.585366],[-74.109554,40.586714],[-74.11262,40.58536],[-74.112616,40.582659],[-74.109545,40.581311],[-74.106478,40.582665]]]},"properties":{"t":"Noise - Residential","n":1,"q":0}},{"type":"Feature","geometry":{"type":"Polygon","coordinates":[[[-74.121844,40.594806],[-74.121849,40.597508],[-74.124921,40.598855],[-74.127988,40.597501],[-74.127982,40.5948],[-74.124911,40.593452],[-74.121844,40.594806]]]},"properties":{"t":"Noise - Residential","n":1,"q":0}},{"type":"Feature","geometry":{"type":"Polygon","coordinates":[[[-74.057393,40.598909],[-74.057395,40.601611],[-74.060466,40.60296],[-74.063535,40.601607],[-74.063532,40.598906],[-74.060461,40.597557],[-74.057393,40.598909]]]},"properties":{"t":"Noise - Residential","n":11,"q":2}},{"type":"Feature","geometry":{"type":"Polygon","coordinates":[[[-74.088045,40.566471],[-74.088048,40.569172],[-74.091118,40.570521],[-74.094184,40.569167],[-74.094181,40.566466],[-74.091111,40.565117],[-74.088045,40.566471]]]},"properties":{"t":"Noise - Residential","n":3,"q":0}},{"type":"Feature","geometry":{"type":"Polygon","coordinates":[[[-74.091173,40.611044],[-74.091177,40.613746],[-74.094249,40.615094],[-74.097317,40.613741],[-74.097313,40.611039],[-74.094242,40.609691],[-74.091173,40.611044]]]},"properties":{"t":"Noise - Residential","n":2,"q":0}},{"type":"Feature","geometry":{"type":"Polygon","coordinates":[[[-74.186106,40.52583],[-74.186113,40.528531],[-74.189184,40.529877],[-74.192246,40.528521],[-74.192238,40.52582],[-74.189168,40.524474],[-74.186106,40.52583]]]},"properties":{"t":"Noise - Residential","n":16,"q":3}},{"type":"Feature","geometry":{"type":"Polygon","coordinates":[[[-74.127905,40.554276],[-74.12791,40.556978],[-74.13098,40.558325],[-74.134045,40.556971],[-74.134039,40.554269],[-74.130969,40.552922],[-74.127905,40.554276]]]},"properties":{"t":"Noise - Residential","n":13,"q":2}},{"type":"Feature","geometry":{"type":"Polygon","coordinates":[[[-74.072718,40.578638],[-74.072721,40.58134],[-74.075791,40.582689],[-74.078858,40.581336],[-74.078855,40.578634],[-74.075785,40.577286],[-74.072718,40.578638]]]},"properties":{"t":"Noise - Residential","n":1,"q":0}},{"type":"Feature","geometry":{"type":"Polygon","coordinates":[[[-74.069713,40.639426],[-74.069716,40.642127],[-74.072789,40.643476],[-74.075859,40.642123],[-74.075856,40.639422],[-74.072783,40.638073],[-74.069713,40.639426]]]},"properties":{"t":"Noise - Residential","n":6,"q":1}},{"type":"Feature","geometry":{"type":"Polygon","coordinates":[[[-74.192331,40.558239],[-74.192339,40.56094],[-74.195411,40.562286],[-74.198475,40.56093],[-74.198467,40.558228],[-74.195395,40.556883],[-74.192331,40.558239]]]},"properties":{"t":"Noise - Residential","n":1,"q":0}},{"type":"Feature","geometry":{"type":"Polygon","coordinates":[[[-74.143302,40.582624],[-74.143308,40.585326],[-74.14638,40.586673],[-74.149446,40.585318],[-74.14944,40.582617],[-74.146368,40.58127],[-74.143302,40.582624]]]},"properties":{"t":"Noise - Residential","n":2,"q":0}},{"type":"Feature","geometry":{"type":"Polygon","coordinates":[[[-74.19837,40.525809],[-74.198378,40.528511],[-74.201449,40.529856],[-74.204511,40.5285],[-74.204502,40.525798],[-74.201432,40.524453],[-74.19837,40.525809]]]},"properties":{"t":"Noise - Residential","n":6,"q":1}},{"type":"Feature","geometry":{"type":"Polygon","coordinates":[[[-74.16773,40.533963],[-74.167737,40.536664],[-74.170807,40.538011],[-74.17387,40.536655],[-74.173863,40.533954],[-74.170793,40.532608],[-74.16773,40.533963]]]},"properties":{"t":"Noise - Residential","n":1,"q":0}},{"type":"Feature","geometry":{"type":"Polygon","coordinates":[[[-74.180083,40.566363],[-74.18009,40.569065],[-74.183162,40.570411],[-74.186226,40.569055],[-74.186219,40.566353],[-74.183147,40.565008],[-74.180083,40.566363]]]},"properties":{"t":"Noise - Residential","n":1,"q":0}},{"type":"Feature","geometry":{"type":"Polygon","coordinates":[[[-74.222926,40.533869],[-74.222935,40.536571],[-74.226006,40.537915],[-74.229068,40.536558],[-74.229059,40.533857],[-74.225988,40.532512],[-74.222926,40.533869]]]},"properties":{"t":"Noise - Residential","n":1,"q":0}},{"type":"Feature","geometry":{"type":"Polygon","coordinates":[[[-74.229003,40.517647],[-74.229012,40.520349],[-74.232083,40.521694],[-74.235144,40.520337],[-74.235135,40.517635],[-74.232064,40.51629],[-74.229003,40.517647]]]},"properties":{"t":"Noise - Residential","n":6,"q":1}},{"type":"Feature","geometry":{"type":"Polygon","coordinates":[[[-74.198418,40.542019],[-74.198426,40.54472],[-74.201497,40.546066],[-74.20456,40.54471],[-74.204552,40.542008],[-74.201481,40.540663],[-74.198418,40.542019]]]},"properties":{"t":"Noise - Residential","n":2,"q":0}},{"type":"Feature","geometry":{"type":"Polygon","coordinates":[[[-74.164653,40.529915],[-74.16466,40.532617],[-74.16773,40.533963],[-74.170793,40.532608],[-74.170786,40.529906],[-74.167716,40.52856],[-74.164653,40.529915]]]},"properties":{"t":"Noise - Residential","n":5,"q":1}},{"type":"Feature","geometry":{"type":"Polygon","coordinates":[[[-74.171056,40.635267],[-74.171063,40.637969],[-74.174137,40.639315],[-74.177205,40.637959],[-74.177198,40.635258],[-74.174123,40.633912],[-74.171056,40.635267]]]},"properties":{"t":"Noise - Residential","n":2,"q":0}},{"type":"Feature","geometry":{"type":"Polygon","coordinates":[[[-74.250448,40.51355],[-74.250458,40.516252],[-74.253529,40.517596],[-74.256589,40.516238],[-74.256579,40.513537],[-74.253508,40.512193],[-74.250448,40.51355]]]},"properties":{"t":"Noise - Residential","n":3,"q":0}},{"type":"Feature","geometry":{"type":"Polygon","coordinates":[[[-74.137232,40.615051],[-74.137237,40.617752],[-74.14031,40.619099],[-74.143378,40.617745],[-74.143372,40.615043],[-74.140299,40.613696],[-74.137232,40.615051]]]},"properties":{"t":"Noise - Residential","n":6,"q":1}},{"type":"Feature","geometry":{"type":"Polygon","coordinates":[[[-74.078865,40.586739],[-74.078868,40.589441],[-74.081939,40.590789],[-74.085006,40.589436],[-74.085003,40.586735],[-74.081932,40.585386],[-74.078865,40.586739]]]},"properties":{"t":"Noise - Residential","n":1,"q":0}},{"type":"Feature","geometry":{"type":"Polygon","coordinates":[[[-74.137082,40.542108],[-74.137087,40.54481],[-74.140157,40.546157],[-74.143221,40.544802],[-74.143216,40.542101],[-74.140146,40.540754],[-74.137082,40.542108]]]},"properties":{"t":"Noise - Residential","n":3,"q":0}},{"type":"Feature","geometry":{"type":"Polygon","coordinates":[[[-74.115635,40.554289],[-74.11564,40.556991],[-74.11871,40.558338],[-74.121775,40.556984],[-74.12177,40.554283],[-74.1187,40.552935],[-74.115635,40.554289]]]},"properties":{"t":"Noise - Residential","n":17,"q":3}},{"type":"Feature","geometry":{"type":"Polygon","coordinates":[[[-74.183029,40.521782],[-74.183036,40.524484],[-74.186106,40.52583],[-74.189168,40.524474],[-74.189161,40.521772],[-74.186091,40.520427],[-74.183029,40.521782]]]},"properties":{"t":"Noise - Residential","n":1,"q":0}},{"type":"Feature","geometry":{"type":"Polygon","coordinates":[[[-74.146345,40.570464],[-74.14635,40.573165],[-74.149422,40.574512],[-74.152487,40.573157],[-74.152481,40.570456],[-74.14941,40.569109],[-74.146345,40.570464]]]},"properties":{"t":"Noise - Residential","n":1,"q":0}},{"type":"Feature","geometry":{"type":"Polygon","coordinates":[[[-74.14332,40.590729],[-74.143326,40.593431],[-74.146398,40.594778],[-74.149464,40.593423],[-74.149458,40.590721],[-74.146386,40.589375],[-74.14332,40.590729]]]},"properties":{"t":"Noise - Residential","n":1,"q":0}},{"type":"Feature","geometry":{"type":"Polygon","coordinates":[[[-74.13417,40.619107],[-74.134175,40.621808],[-74.137248,40.623156],[-74.140316,40.621801],[-74.14031,40.619099],[-74.137237,40.617752],[-74.13417,40.619107]]]},"properties":{"t":"Noise - Residential","n":10,"q":2}},{"type":"Feature","geometry":{"type":"Polygon","coordinates":[[[-74.097349,40.635353],[-74.097353,40.638055],[-74.100426,40.639403],[-74.103495,40.638049],[-74.103491,40.635348],[-74.100418,40.634],[-74.097349,40.635353]]]},"properties":{"t":"Noise - Residential","n":2,"q":0}},{"type":"Feature","geometry":{"type":"Polygon","coordinates":[[[-74.186083,40.517725],[-74.186091,40.520427],[-74.189161,40.521772],[-74.192223,40.520416],[-74.192215,40.517715],[-74.189145,40.516369],[-74.186083,40.517725]]]},"properties":{"t":"Noise - Residential","n":1,"q":0}},{"type":"Feature","geometry":{"type":"Polygon","coordinates":[[[-74.075819,40.607003],[-74.075822,40.609705],[-74.078894,40.611053],[-74.081962,40.6097],[-74.081959,40.606999],[-74.078887,40.60565],[-74.075819,40.607003]]]},"properties":{"t":"Noise - Residential","n":4,"q":1}},{"type":"Feature","geometry":{"type":"Polygon","coordinates":[[[-74.17709,40.594734],[-74.177097,40.597436],[-74.18017,40.598782],[-74.183236,40.597426],[-74.183229,40.594725],[-74.180156,40.593379],[-74.17709,40.594734]]]},"properties":{"t":"Noise - Residential","n":4,"q":1}},{"type":"Feature","geometry":{"type":"Polygon","coordinates":[[[-74.186129,40.533935],[-74.186136,40.536636],[-74.189206,40.537982],[-74.192269,40.536626],[-74.192261,40.533924],[-74.189191,40.532579],[-74.186129,40.533935]]]},"properties":{"t":"Noise - Residential","n":1,"q":0}},{"type":"Feature","geometry":{"type":"Polygon","coordinates":[[[-74.11267,40.615078],[-74.112675,40.617779],[-74.115748,40.619127],[-74.118815,40.617773],[-74.118811,40.615071],[-74.115738,40.613724],[-74.11267,40.615078]]]},"properties":{"t":"Noise - Residential","n":1,"q":0}},{"type":"Feature","geometry":{"type":"Polygon","coordinates":[[[-74.155445,40.525875],[-74.155451,40.528577],[-74.158521,40.529924],[-74.161584,40.528568],[-74.161577,40.525867],[-74.158508,40.52452],[-74.155445,40.525875]]]},"properties":{"t":"Noise - Residential","n":1,"q":0}},{"type":"Feature","geometry":{"type":"Polygon","coordinates":[[[-74.173842,40.525849],[-74.173849,40.528551],[-74.176918,40.529897],[-74.179981,40.528541],[-74.179974,40.52584],[-74.176904,40.524494],[-74.173842,40.525849]]]},"properties":{"t":"Noise - Residential","n":2,"q":0}},{"type":"Feature","geometry":{"type":"Polygon","coordinates":[[[-74.180017,40.542049],[-74.180025,40.544751],[-74.183095,40.546097],[-74.186159,40.544741],[-74.186151,40.542039],[-74.183081,40.540693],[-74.180017,40.542049]]]},"properties":{"t":"Noise - Residential","n":6,"q":1}},{"type":"Feature","geometry":{"type":"Polygon","coordinates":[[[-74.131044,40.590744],[-74.131049,40.593445],[-74.134121,40.594793],[-74.137187,40.593438],[-74.137182,40.590737],[-74.13411,40.58939],[-74.131044,40.590744]]]},"properties":{"t":"Noise - Residential","n":1,"q":0}},{"type":"Feature","geometry":{"type":"Polygon","coordinates":[[[-74.225924,40.513601],[-74.225933,40.516303],[-74.229003,40.517647],[-74.232064,40.51629],[-74.232055,40.513589],[-74.228985,40.512244],[-74.225924,40.513601]]]},"properties":{"t":"Noise - Residential","n":1,"q":0}},{"type":"Feature","geometry":{"type":"Polygon","coordinates":[[[-74.232083,40.521694],[-74.232092,40.524395],[-74.235163,40.52574],[-74.238224,40.524383],[-74.238215,40.521681],[-74.235144,40.520337],[-74.232083,40.521694]]]},"properties":{"t":"Noise - Residential","n":2,"q":0}},{"type":"Feature","geometry":{"type":"Polygon","coordinates":[[[-74.121814,40.578597],[-74.121819,40.581298],[-74.12489,40.582646],[-74.127956,40.581292],[-74.127951,40.57859],[-74.12488,40.577243],[-74.121814,40.578597]]]},"properties":{"t":"Noise - Residential","n":1,"q":0}},{"type":"Feature","geometry":{"type":"Polygon","coordinates":[[[-74.207657,40.55416],[-74.207665,40.556861],[-74.210737,40.558206],[-74.2138,40.55685],[-74.213791,40.554148],[-74.21072,40.552803],[-74.207657,40.55416]]]},"properties":{"t":"Noise - Residential","n":1,"q":0}},{"type":"Feature","geometry":{"type":"Polygon","coordinates":[[[-74.192261,40.533924],[-74.192269,40.536626],[-74.19534,40.537972],[-74.198402,40.536616],[-74.198394,40.533914],[-74.195324,40.532568],[-74.192261,40.533924]]]},"properties":{"t":"Noise - Residential","n":3,"q":0}},{"type":"Feature","geometry":{"type":"Polygon","coordinates":[[[-74.143355,40.606939],[-74.14336,40.60964],[-74.146433,40.610987],[-74.1495,40.609632],[-74.149494,40.606931],[-74.146422,40.605584],[-74.143355,40.606939]]]},"properties":{"t":"Noise - Residential","n":1,"q":0}},{"type":"Feature","geometry":{"type":"Polygon","coordinates":[[[-74.207531,40.513636],[-74.207539,40.516337],[-74.210609,40.517683],[-74.21367,40.516326],[-74.213662,40.513625],[-74.210592,40.512279],[-74.207531,40.513636]]]},"properties":{"t":"Noise - Residential","n":2,"q":0}},{"type":"Feature","geometry":{"type":"Polygon","coordinates":[[[-74.10653,40.615083],[-74.106534,40.617785],[-74.109607,40.619133],[-74.112675,40.617779],[-74.11267,40.615078],[-74.109598,40.61373],[-74.10653,40.615083]]]},"properties":{"t":"Noise - Residential","n":1,"q":0}},{"type":"Feature","geometry":{"type":"Polygon","coordinates":[[[-74.21674,40.517671],[-74.216749,40.520373],[-74.219819,40.521718],[-74.222881,40.520361],[-74.222872,40.517659],[-74.219802,40.516315],[-74.21674,40.517671]]]},"properties":{"t":"Noise - Residential","n":1,"q":0}},{"type":"Feature","geometry":{"type":"Polygon","coordinates":[[[-74.164873,40.619067],[-74.16488,40.621768],[-74.167954,40.623115],[-74.171021,40.621759],[-74.171014,40.619058],[-74.16794,40.617712],[-74.164873,40.619067]]]},"properties":{"t":"Illegal Parking","n":137,"q":4}},{"type":"Feature","geometry":{"type":"Polygon","coordinates":[[[-74.121903,40.627225],[-74.121908,40.629927],[-74.124981,40.631274],[-74.12805,40.62992],[-74.128045,40.627218],[-74.124971,40.625871],[-74.121903,40.627225]]]},"properties":{"t":"Illegal Parking","n":101,"q":4}},{"type":"Feature","geometry":{"type":"Polygon","coordinates":[[[-74.143198,40.533996],[-74.143204,40.536698],[-74.146274,40.538045],[-74.149337,40.53669],[-74.149331,40.533988],[-74.146262,40.532641],[-74.143198,40.533996]]]},"properties":{"t":"Illegal Parking","n":19,"q":2}},{"type":"Feature","geometry":{"type":"Polygon","coordinates":[[[-74.124921,40.598855],[-74.124926,40.601557],[-74.127998,40.602904],[-74.131065,40.60155],[-74.13106,40.598849],[-74.127988,40.597501],[-74.124921,40.598855]]]},"properties":{"t":"Illegal Parking","n":77,"q":4}},{"type":"Feature","geometry":{"type":"Polygon","coordinates":[[[-74.152629,40.635293],[-74.152635,40.637995],[-74.15571,40.639341],[-74.158778,40.637986],[-74.158771,40.635285],[-74.155697,40.633938],[-74.152629,40.635293]]]},"properties":{"t":"Illegal Parking","n":54,"q":4}},{"type":"Feature","geometry":{"type":"Polygon","coordinates":[[[-74.158733,40.619075],[-74.158739,40.621777],[-74.161813,40.623124],[-74.16488,40.621768],[-74.164873,40.619067],[-74.1618,40.61772],[-74.158733,40.619075]]]},"properties":{"t":"Illegal Parking","n":170,"q":4}},{"type":"Feature","geometry":{"type":"Polygon","coordinates":[[[-74.180061,40.558258],[-74.180068,40.56096],[-74.18314,40.562306],[-74.186204,40.56095],[-74.186196,40.558249],[-74.183125,40.556903],[-74.180061,40.558258]]]},"properties":{"t":"Illegal Parking","n":41,"q":3}},{"type":"Feature","geometry":{"type":"Polygon","coordinates":[[[-74.198322,40.5096],[-74.19833,40.512301],[-74.2014,40.513647],[-74.204461,40.512291],[-74.204453,40.509589],[-74.201383,40.508244],[-74.198322,40.5096]]]},"properties":{"t":"Illegal Parking","n":50,"q":3}},{"type":"Feature","geometry":{"type":"Polygon","coordinates":[[[-74.137099,40.550213],[-74.137104,40.552915],[-74.140174,40.554262],[-74.143239,40.552907],[-74.143233,40.550206],[-74.140163,40.548859],[-74.137099,40.550213]]]},"properties":{"t":"Illegal Parking","n":24,"q":2}},{"type":"Feature","geometry":{"type":"Polygon","coordinates":[[[-74.180149,40.590677],[-74.180156,40.593379],[-74.183229,40.594725],[-74.186294,40.593369],[-74.186287,40.590668],[-74.183214,40.589322],[-74.180149,40.590677]]]},"properties":{"t":"Illegal Parking","n":6,"q":0}},{"type":"Feature","geometry":{"type":"Polygon","coordinates":[[[-74.060474,40.611064],[-74.060476,40.613766],[-74.063547,40.615115],[-74.066616,40.613763],[-74.066614,40.611061],[-74.063542,40.609712],[-74.060474,40.611064]]]},"properties":{"t":"Illegal Parking","n":105,"q":4}},{"type":"Feature","geometry":{"type":"Polygon","coordinates":[[[-74.204527,40.533903],[-74.204535,40.536605],[-74.207606,40.53795],[-74.210669,40.536594],[-74.21066,40.533892],[-74.207589,40.532547],[-74.204527,40.533903]]]},"properties":{"t":"Illegal Parking","n":88,"q":4}},{"type":"Feature","geometry":{"type":"Polygon","coordinates":[[[-74.155653,40.615027],[-74.155659,40.617729],[-74.158733,40.619075],[-74.1618,40.61772],[-74.161793,40.615019],[-74.15872,40.613672],[-74.155653,40.615027]]]},"properties":{"t":"Illegal Parking","n":24,"q":2}},{"type":"Feature","geometry":{"type":"Polygon","coordinates":[[[-74.072745,40.602953],[-74.072748,40.605654],[-74.075819,40.607003],[-74.078887,40.60565],[-74.078884,40.602949],[-74.075813,40.6016],[-74.072745,40.602953]]]},"properties":{"t":"Illegal Parking","n":27,"q":2}},{"type":"Feature","geometry":{"type":"Polygon","coordinates":[[[-74.115649,40.562394],[-74.115654,40.565095],[-74.118724,40.566443],[-74.12179,40.565089],[-74.121785,40.562387],[-74.118715,40.56104],[-74.115649,40.562394]]]},"properties":{"t":"Illegal Parking","n":37,"q":3}},{"type":"Feature","geometry":{"type":"Polygon","coordinates":[[[-74.100304,40.558356],[-74.100308,40.561057],[-74.103378,40.562405],[-74.106444,40.561052],[-74.106439,40.55835],[-74.10337,40.557002],[-74.100304,40.558356]]]},"properties":{"t":"Illegal Parking","n":394,"q":4}},{"type":"Feature","geometry":{"type":"Polygon","coordinates":[[[-74.075856,40.639422],[-74.075859,40.642123],[-74.078932,40.643472],[-74.082002,40.642119],[-74.081998,40.639418],[-74.078925,40.638069],[-74.075856,40.639422]]]},"properties":{"t":"Illegal Parking","n":64,"q":4}},{"type":"Feature","geometry":{"type":"Polygon","coordinates":[[[-74.085054,40.627258],[-74.085058,40.62996],[-74.08813,40.631308],[-74.091199,40.629955],[-74.091196,40.627254],[-74.088123,40.625905],[-74.085054,40.627258]]]},"properties":{"t":"Illegal Parking","n":34,"q":3}},{"type":"Feature","geometry":{"type":"Polygon","coordinates":[[[-74.115748,40.619127],[-74.115752,40.621828],[-74.118825,40.623176],[-74.121893,40.621822],[-74.121888,40.61912],[-74.118815,40.617773],[-74.115748,40.619127]]]},"properties":{"t":"Illegal Parking","n":12,"q":1}},{"type":"Feature","geometry":{"type":"Polygon","coordinates":[[[-74.189252,40.554191],[-74.18926,40.556893],[-74.192331,40.558239],[-74.195395,40.556883],[-74.195387,40.554181],[-74.192316,40.552835],[-74.189252,40.554191]]]},"properties":{"t":"Illegal Parking","n":104,"q":4}},{"type":"Feature","geometry":{"type":"Polygon","coordinates":[[[-74.109527,40.570505],[-74.109531,40.573206],[-74.112602,40.574554],[-74.115668,40.5732],[-74.115663,40.570499],[-74.112593,40.569151],[-74.109527,40.570505]]]},"properties":{"t":"Illegal Parking","n":48,"q":3}},{"type":"Feature","geometry":{"type":"Polygon","coordinates":[[[-74.189229,40.546087],[-74.189237,40.548788],[-74.192308,40.550134],[-74.195371,40.548778],[-74.195363,40.546076],[-74.192293,40.544731],[-74.189229,40.546087]]]},"properties":{"t":"Illegal Parking","n":136,"q":4}},{"type":"Feature","geometry":{"type":"Polygon","coordinates":[[[-74.192448,40.598762],[-74.192456,40.601464],[-74.195529,40.602809],[-74.198595,40.601453],[-74.198587,40.598752],[-74.195514,40.597406],[-74.192448,40.598762]]]},"properties":{"t":"Illegal Parking","n":77,"q":4}},{"type":"Feature","geometry":{"type":"Polygon","coordinates":[[[-74.146469,40.627196],[-74.146475,40.629898],[-74.149549,40.631245],[-74.152617,40.62989],[-74.15261,40.627188],[-74.149537,40.625842],[-74.146469,40.627196]]]},"properties":{"t":"Illegal Parking","n":98,"q":4}},{"type":"Feature","geometry":{"type":"Polygon","coordinates":[[[-74.164713,40.554229],[-74.16472,40.556931],[-74.167791,40.558277],[-74.170855,40.556922],[-74.170848,40.55422],[-74.167777,40.552874],[-74.164713,40.554229]]]},"properties":{"t":"Illegal Parking","n":43,"q":3}},{"type":"Feature","geometry":{"type":"Polygon","coordinates":[[[-74.219873,40.537927],[-74.219882,40.540629],[-74.222953,40.541974],[-74.226015,40.540617],[-74.226006,40.537915],[-74.222935,40.536571],[-74.219873,40.537927]]]},"properties":{"t":"Illegal Parking","n":26,"q":2}},{"type":"Feature","geometry":{"type":"Polygon","coordinates":[[[-74.085003,40.586735],[-74.085006,40.589436],[-74.088077,40.590785],[-74.091144,40.589432],[-74.09114,40.58673],[-74.08807,40.585382],[-74.085003,40.586735]]]},"properties":{"t":"Illegal Parking","n":96,"q":4}},{"type":"Feature","geometry":{"type":"Polygon","coordinates":[[[-74.069679,40.607007],[-74.069682,40.609708],[-74.072754,40.611057],[-74.075822,40.609705],[-74.075819,40.607003],[-74.072748,40.605654],[-74.069679,40.607007]]]},"properties":{"t":"Illegal Parking","n":57,"q":4}},{"type":"Feature","geometry":{"type":"Polygon","coordinates":[[[-74.192308,40.550134],[-74.192316,40.552835],[-74.195387,40.554181],[-74.19845,40.552825],[-74.198442,40.550123],[-74.195371,40.548778],[-74.192308,40.550134]]]},"properties":{"t":"Illegal Parking","n":226,"q":4}},{"type":"Feature","geometry":{"type":"Polygon","coordinates":[[[-74.213765,40.546044],[-74.213774,40.548745],[-74.216846,40.55009],[-74.219908,40.548734],[-74.219899,40.546032],[-74.216828,40.544687],[-74.213765,40.546044]]]},"properties":{"t":"Illegal Parking","n":89,"q":4}},{"type":"Feature","geometry":{"type":"Polygon","coordinates":[[[-74.198394,40.533914],[-74.198402,40.536616],[-74.201473,40.537961],[-74.204535,40.536605],[-74.204527,40.533903],[-74.201457,40.532558],[-74.198394,40.533914]]]},"properties":{"t":"Illegal Parking","n":53,"q":3}},{"type":"Feature","geometry":{"type":"Polygon","coordinates":[[[-74.183073,40.537992],[-74.183081,40.540693],[-74.186151,40.542039],[-74.189214,40.540683],[-74.189206,40.537982],[-74.186136,40.536636],[-74.183073,40.537992]]]},"properties":{"t":"Illegal Parking","n":41,"q":3}},{"type":"Feature","geometry":{"type":"Polygon","coordinates":[[[-74.0574,40.607014],[-74.057402,40.609715],[-74.060474,40.611064],[-74.063542,40.609712],[-74.06354,40.60701],[-74.060469,40.605661],[-74.0574,40.607014]]]},"properties":{"t":"Illegal Parking","n":25,"q":2}},{"type":"Feature","geometry":{"type":"Polygon","coordinates":[[[-74.07278,40.635371],[-74.072783,40.638073],[-74.075856,40.639422],[-74.078925,40.638069],[-74.078922,40.635367],[-74.07585,40.634019],[-74.07278,40.635371]]]},"properties":{"t":"Illegal Parking","n":58,"q":4}},{"type":"Feature","geometry":{"type":"Polygon","coordinates":[[[-74.195363,40.546076],[-74.195371,40.548778],[-74.198442,40.550123],[-74.201506,40.548767],[-74.201497,40.546066],[-74.198426,40.54472],[-74.195363,40.546076]]]},"properties":{"t":"Illegal Parking","n":108,"q":4}},{"type":"Feature","geometry":{"type":"Polygon","coordinates":[[[-74.204478,40.517694],[-74.204486,40.520395],[-74.207556,40.521741],[-74.210618,40.520384],[-74.210609,40.517683],[-74.207539,40.516337],[-74.204478,40.517694]]]},"properties":{"t":"Illegal Parking","n":34,"q":3}},{"type":"Feature","geometry":{"type":"Polygon","coordinates":[[[-74.094215,40.59078],[-74.094219,40.593482],[-74.09729,40.59483],[-74.100357,40.593476],[-74.100353,40.590775],[-74.097282,40.589427],[-74.094215,40.59078]]]},"properties":{"t":"Illegal Parking","n":16,"q":1}},{"type":"Feature","geometry":{"type":"Polygon","coordinates":[[[-74.143389,40.623148],[-74.143395,40.62585],[-74.146469,40.627196],[-74.149537,40.625842],[-74.149531,40.62314],[-74.146457,40.621793],[-74.143389,40.623148]]]},"properties":{"t":"Illegal Parking","n":70,"q":4}},{"type":"Feature","geometry":{"type":"Polygon","coordinates":[[[-74.11884,40.631281],[-74.118844,40.633982],[-74.121918,40.63533],[-74.124986,40.633976],[-74.124981,40.631274],[-74.121908,40.629927],[-74.11884,40.631281]]]},"properties":{"t":"Illegal Parking","n":164,"q":4}},{"type":"Feature","geometry":{"type":"Polygon","coordinates":[[[-74.186106,40.52583],[-74.186113,40.528531],[-74.189184,40.529877],[-74.192246,40.528521],[-74.192238,40.52582],[-74.189168,40.524474],[-74.186106,40.52583]]]},"properties":{"t":"Illegal Parking","n":65,"q":4}},{"type":"Feature","geometry":{"type":"Polygon","coordinates":[[[-74.149458,40.590721],[-74.149464,40.593423],[-74.152536,40.59477],[-74.155602,40.593415],[-74.155596,40.590713],[-74.152524,40.589367],[-74.149458,40.590721]]]},"properties":{"t":"Illegal Parking","n":49,"q":3}},{"type":"Feature","geometry":{"type":"Polygon","coordinates":[[[-74.219846,40.529822],[-74.219855,40.532524],[-74.222926,40.533869],[-74.225988,40.532512],[-74.225979,40.529811],[-74.222908,40.528466],[-74.219846,40.529822]]]},"properties":{"t":"Illegal Parking","n":33,"q":2}},{"type":"Feature","geometry":{"type":"Polygon","coordinates":[[[-74.170848,40.55422],[-74.170855,40.556922],[-74.173926,40.558268],[-74.17699,40.556912],[-74.176983,40.554211],[-74.173912,40.552865],[-74.170848,40.55422]]]},"properties":{"t":"Illegal Parking","n":142,"q":4}},{"type":"Feature","geometry":{"type":"Polygon","coordinates":[[[-74.14014,40.538052],[-74.140146,40.540754],[-74.143216,40.542101],[-74.146279,40.540746],[-74.146274,40.538045],[-74.143204,40.536698],[-74.14014,40.538052]]]},"properties":{"t":"Illegal Parking","n":18,"q":1}},{"type":"Feature","geometry":{"type":"Polygon","coordinates":[[[-74.069688,40.615112],[-74.069691,40.617813],[-74.072762,40.619162],[-74.075831,40.617809],[-74.075828,40.615108],[-74.072756,40.613759],[-74.069688,40.615112]]]},"properties":{"t":"Illegal Parking","n":97,"q":4}},{"type":"Feature","geometry":{"type":"Polygon","coordinates":[[[-74.134202,40.635316],[-74.134208,40.638018],[-74.137282,40.639365],[-74.14035,40.63801],[-74.140345,40.635309],[-74.137271,40.633962],[-74.134202,40.635316]]]},"properties":{"t":"Illegal Parking","n":236,"q":4}},{"type":"Feature","geometry":{"type":"Polygon","coordinates":[[[-74.134137,40.602897],[-74.134143,40.605599],[-74.137215,40.606946],[-74.140282,40.605592],[-74.140276,40.60289],[-74.137204,40.601543],[-74.134137,40.602897]]]},"properties":{"t":"Illegal Parking","n":64,"q":4}},{"type":"Feature","geometry":{"type":"Polygon","coordinates":[[[-74.121918,40.63533],[-74.121923,40.638031],[-74.124997,40.639379],[-74.128065,40.638025],[-74.12806,40.635323],[-74.124986,40.633976],[-74.121918,40.63533]]]},"properties":{"t":"Illegal Parking","n":56,"q":4}},{"type":"Feature","geometry":{"type":"Polygon","coordinates":[[[-74.124936,40.60696],[-74.124941,40.609662],[-74.128013,40.611009],[-74.131081,40.609655],[-74.131075,40.606953],[-74.128003,40.605606],[-74.124936,40.60696]]]},"properties":{"t":"Illegal Parking","n":116,"q":4}},{"type":"Feature","geometry":{"type":"Polygon","coordinates":[[[-74.084992,40.57863],[-74.084996,40.581332],[-74.088066,40.58268],[-74.091133,40.581327],[-74.091129,40.578625],[-74.088059,40.577277],[-74.084992,40.57863]]]},"properties":{"t":"Illegal Parking","n":24,"q":2}},{"type":"Feature","geometry":{"type":"Polygon","coordinates":[[[-74.16775,40.542068],[-74.167757,40.544769],[-74.170827,40.546115],[-74.173891,40.54476],[-74.173884,40.542058],[-74.170814,40.540712],[-74.16775,40.542068]]]},"properties":{"t":"Illegal Parking","n":14,"q":1}},{"type":"Feature","geometry":{"type":"Polygon","coordinates":[[[-74.152425,40.546141],[-74.152431,40.548843],[-74.155502,40.55019],[-74.158566,40.548835],[-74.158559,40.546133],[-74.155489,40.544786],[-74.152425,40.546141]]]},"properties":{"t":"Illegal Parking","n":26,"q":2}},{"type":"Feature","geometry":{"type":"Polygon","coordinates":[[[-74.069713,40.639426],[-74.069716,40.642127],[-74.072789,40.643476],[-74.075859,40.642123],[-74.075856,40.639422],[-74.072783,40.638073],[-74.069713,40.639426]]]},"properties":{"t":"Illegal Parking","n":14,"q":1}},{"type":"Feature","geometry":{"type":"Polygon","coordinates":[[[-74.213688,40.521729],[-74.213696,40.524431],[-74.216767,40.525776],[-74.219828,40.524419],[-74.219819,40.521718],[-74.216749,40.520373],[-74.213688,40.521729]]]},"properties":{"t":"Illegal Parking","n":26,"q":2}},{"type":"Feature","geometry":{"type":"Polygon","coordinates":[[[-74.143372,40.615043],[-74.143378,40.617745],[-74.146451,40.619092],[-74.149518,40.617737],[-74.149512,40.615035],[-74.146439,40.613689],[-74.143372,40.615043]]]},"properties":{"t":"Illegal Parking","n":22,"q":2}},{"type":"Feature","geometry":{"type":"Polygon","coordinates":[[[-74.100329,40.574565],[-74.100333,40.577267],[-74.103403,40.578615],[-74.10647,40.577261],[-74.106465,40.57456],[-74.103395,40.573212],[-74.100329,40.574565]]]},"properties":{"t":"Illegal Parking","n":21,"q":2}},{"type":"Feature","geometry":{"type":"Polygon","coordinates":[[[-74.08812,40.623204],[-74.088123,40.625905],[-74.091196,40.627254],[-74.094264,40.6259],[-74.094261,40.623199],[-74.091188,40.62185],[-74.08812,40.623204]]]},"properties":{"t":"Illegal Parking","n":33,"q":2}},{"type":"Feature","geometry":{"type":"Polygon","coordinates":[[[-74.072771,40.627267],[-74.072774,40.629968],[-74.075847,40.631317],[-74.078916,40.629964],[-74.078913,40.627263],[-74.07584,40.625914],[-74.072771,40.627267]]]},"properties":{"t":"Illegal Parking","n":61,"q":4}},{"type":"Feature","geometry":{"type":"Polygon","coordinates":[[[-74.094272,40.631303],[-74.094276,40.634005],[-74.097349,40.635353],[-74.100418,40.634],[-74.100414,40.631298],[-74.097341,40.62995],[-74.094272,40.631303]]]},"properties":{"t":"Illegal Parking","n":60,"q":4}},{"type":"Feature","geometry":{"type":"Polygon","coordinates":[[[-74.13106,40.598849],[-74.131065,40.60155],[-74.134137,40.602897],[-74.137204,40.601543],[-74.137198,40.598841],[-74.134126,40.597494],[-74.13106,40.598849]]]},"properties":{"t":"Illegal Parking","n":54,"q":4}},{"type":"Feature","geometry":{"type":"Polygon","coordinates":[[[-74.198346,40.517704],[-74.198354,40.520406],[-74.201424,40.521752],[-74.204486,40.520395],[-74.204478,40.517694],[-74.201408,40.516348],[-74.198346,40.517704]]]},"properties":{"t":"Illegal Parking","n":65,"q":4}},{"type":"Feature","geometry":{"type":"Polygon","coordinates":[[[-74.140259,40.594785],[-74.140265,40.597487],[-74.143337,40.598834],[-74.146404,40.597479],[-74.146398,40.594778],[-74.143326,40.593431],[-74.140259,40.594785]]]},"properties":{"t":"Illegal Parking","n":4,"q":0}},{"type":"Feature","geometry":{"type":"Polygon","coordinates":[[[-74.167913,40.606905],[-74.16792,40.609607],[-74.170993,40.610953],[-74.17406,40.609598],[-74.174053,40.606896],[-74.170979,40.60555],[-74.167913,40.606905]]]},"properties":{"t":"Illegal Parking","n":63,"q":4}},{"type":"Feature","geometry":{"type":"Polygon","coordinates":[[[-74.228975,40.509543],[-74.228985,40.512244],[-74.232055,40.513589],[-74.235116,40.512232],[-74.235106,40.50953],[-74.232036,40.508186],[-74.228975,40.509543]]]},"properties":{"t":"Illegal Parking","n":25,"q":2}},{"type":"Feature","geometry":{"type":"Polygon","coordinates":[[[-74.09114,40.58673],[-74.091144,40.589432],[-74.094215,40.59078],[-74.097282,40.589427],[-74.097278,40.586725],[-74.094207,40.585377],[-74.09114,40.58673]]]},"properties":{"t":"Illegal Parking","n":49,"q":3}},{"type":"Feature","geometry":{"type":"Polygon","coordinates":[[[-74.100341,40.58267],[-74.100345,40.585372],[-74.103416,40.58672],[-74.106483,40.585366],[-74.106478,40.582665],[-74.103407,40.581317],[-74.100341,40.58267]]]},"properties":{"t":"Illegal Parking","n":36,"q":3}},{"type":"Feature","geometry":{"type":"Polygon","coordinates":[[[-74.176983,40.554211],[-74.17699,40.556912],[-74.180061,40.558258],[-74.183125,40.556903],[-74.183118,40.554201],[-74.180047,40.552855],[-74.176983,40.554211]]]},"properties":{"t":"Illegal Parking","n":297,"q":4}},{"type":"Feature","geometry":{"type":"Polygon","coordinates":[[[-74.226033,40.54602],[-74.226043,40.548722],[-74.229114,40.550066],[-74.232177,40.548709],[-74.232167,40.546008],[-74.229096,40.544663],[-74.226033,40.54602]]]},"properties":{"t":"Illegal Parking","n":11,"q":1}},{"type":"Feature","geometry":{"type":"Polygon","coordinates":[[[-74.167791,40.558277],[-74.167798,40.560979],[-74.170869,40.562325],[-74.173933,40.56097],[-74.173926,40.558268],[-74.170855,40.556922],[-74.167791,40.558277]]]},"properties":{"t":"Illegal Parking","n":52,"q":3}},{"type":"Feature","geometry":{"type":"Polygon","coordinates":[[[-74.161832,40.631228],[-74.161839,40.63393],[-74.164913,40.635276],[-74.167981,40.633921],[-74.167974,40.631219],[-74.1649,40.629873],[-74.161832,40.631228]]]},"properties":{"t":"Illegal Parking","n":13,"q":1}},{"type":"Feature","geometry":{"type":"Polygon","coordinates":[[[-74.14944,40.582617],[-74.149446,40.585318],[-74.152518,40.586665],[-74.155584,40.58531],[-74.155577,40.582609],[-74.152505,40.581262],[-74.14944,40.582617]]]},"properties":{"t":"Illegal Parking","n":46,"q":3}},{"type":"Feature","geometry":{"type":"Polygon","coordinates":[[[-74.075837,40.623212],[-74.07584,40.625914],[-74.078913,40.627263],[-74.081982,40.62591],[-74.081978,40.623208],[-74.078906,40.62186],[-74.075837,40.623212]]]},"properties":{"t":"Illegal Parking","n":42,"q":3}},{"type":"Feature","geometry":{"type":"Polygon","coordinates":[[[-74.063524,40.590801],[-74.063527,40.593503],[-74.066597,40.594852],[-74.069665,40.593499],[-74.069662,40.590797],[-74.066592,40.589449],[-74.063524,40.590801]]]},"properties":{"t":"Illegal Parking","n":69,"q":4}},{"type":"Feature","geometry":{"type":"Polygon","coordinates":[[[-74.091118,40.570521],[-74.091122,40.573222],[-74.094192,40.574571],[-74.097258,40.573217],[-74.097254,40.570516],[-74.094184,40.569167],[-74.091118,40.570521]]]},"properties":{"t":"Illegal Parking","n":72,"q":4}},{"type":"Feature","geometry":{"type":"Polygon","coordinates":[[[-74.219899,40.546032],[-74.219908,40.548734],[-74.22298,40.550078],[-74.226043,40.548722],[-74.226033,40.54602],[-74.222962,40.544675],[-74.219899,40.546032]]]},"properties":{"t":"Illegal Parking","n":29,"q":2}},{"type":"Feature","geometry":{"type":"Polygon","coordinates":[[[-74.128045,40.627218],[-74.12805,40.62992],[-74.131123,40.631267],[-74.134191,40.629913],[-74.134186,40.627211],[-74.131113,40.625864],[-74.128045,40.627218]]]},"properties":{"t":"Illegal Parking","n":81,"q":4}},{"type":"Feature","geometry":{"type":"Polygon","coordinates":[[[-74.235078,40.501426],[-74.235087,40.504127],[-74.238157,40.505472],[-74.241217,40.504114],[-74.241208,40.501413],[-74.238138,40.500068],[-74.235078,40.501426]]]},"properties":{"t":"Illegal Parking","n":8,"q":1}},{"type":"Feature","geometry":{"type":"Polygon","coordinates":[[[-74.216846,40.55009],[-74.216854,40.552792],[-74.219926,40.554137],[-74.222989,40.55278],[-74.22298,40.550078],[-74.219908,40.548734],[-74.216846,40.55009]]]},"properties":{"t":"Illegal Parking","n":21,"q":2}},{"type":"Feature","geometry":{"type":"Polygon","coordinates":[[[-74.12486,40.566437],[-74.124865,40.569138],[-74.127936,40.570486],[-74.131001,40.569131],[-74.130996,40.56643],[-74.127925,40.565082],[-74.12486,40.566437]]]},"properties":{"t":"Illegal Parking","n":32,"q":2}},{"type":"Feature","geometry":{"type":"Polygon","coordinates":[[[-74.088066,40.58268],[-74.08807,40.585382],[-74.09114,40.58673],[-74.094207,40.585377],[-74.094203,40.582675],[-74.091133,40.581327],[-74.088066,40.58268]]]},"properties":{"t":"Illegal Parking","n":64,"q":4}},{"type":"Feature","geometry":{"type":"Polygon","coordinates":[[[-74.158559,40.546133],[-74.158566,40.548835],[-74.161636,40.550181],[-74.1647,40.548826],[-74.164693,40.546124],[-74.161623,40.544778],[-74.158559,40.546133]]]},"properties":{"t":"Illegal Parking","n":32,"q":2}},{"type":"Feature","geometry":{"type":"Polygon","coordinates":[[[-74.238157,40.505472],[-74.238167,40.508173],[-74.241237,40.509518],[-74.244297,40.50816],[-74.244287,40.505459],[-74.241217,40.504114],[-74.238157,40.505472]]]},"properties":{"t":"Illegal Parking","n":25,"q":2}},{"type":"Feature","geometry":{"type":"Polygon","coordinates":[[[-74.244317,40.513563],[-74.244327,40.516265],[-74.247397,40.517609],[-74.250458,40.516252],[-74.250448,40.51355],[-74.247377,40.512206],[-74.244317,40.513563]]]},"properties":{"t":"Illegal Parking","n":41,"q":3}},{"type":"Feature","geometry":{"type":"Polygon","coordinates":[[[-74.210711,40.550102],[-74.21072,40.552803],[-74.213791,40.554148],[-74.216854,40.552792],[-74.216846,40.55009],[-74.213774,40.548745],[-74.210711,40.550102]]]},"properties":{"t":"Illegal Parking","n":29,"q":2}},{"type":"Feature","geometry":{"type":"Polygon","coordinates":[[[-74.072762,40.619162],[-74.072765,40.621864],[-74.075837,40.623212],[-74.078906,40.62186],[-74.078903,40.619158],[-74.075831,40.617809],[-74.072762,40.619162]]]},"properties":{"t":"Illegal Parking","n":40,"q":3}},{"type":"Feature","geometry":{"type":"Polygon","coordinates":[[[-74.238215,40.521681],[-74.238224,40.524383],[-74.241295,40.525727],[-74.244356,40.52437],[-74.244347,40.521668],[-74.241276,40.520324],[-74.238215,40.521681]]]},"properties":{"t":"Illegal Parking","n":5,"q":0}},{"type":"Feature","geometry":{"type":"Polygon","coordinates":[[[-74.115776,40.635336],[-74.11578,40.638038],[-74.118854,40.639385],[-74.121923,40.638031],[-74.121918,40.63533],[-74.118844,40.633982],[-74.115776,40.635336]]]},"properties":{"t":"Illegal Parking","n":40,"q":3}},{"type":"Feature","geometry":{"type":"Polygon","coordinates":[[[-74.146291,40.546149],[-74.146297,40.548851],[-74.149367,40.550198],[-74.152431,40.548843],[-74.152425,40.546141],[-74.149355,40.544795],[-74.146291,40.546149]]]},"properties":{"t":"Illegal Parking","n":30,"q":2}},{"type":"Feature","geometry":{"type":"Polygon","coordinates":[[[-74.12806,40.635323],[-74.128065,40.638025],[-74.131139,40.639372],[-74.134208,40.638018],[-74.134202,40.635316],[-74.131129,40.633969],[-74.12806,40.635323]]]},"properties":{"t":"Illegal Parking","n":97,"q":4}},{"type":"Feature","geometry":{"type":"Polygon","coordinates":[[[-74.127936,40.570486],[-74.127941,40.573187],[-74.131012,40.574534],[-74.134077,40.57318],[-74.134072,40.570479],[-74.131001,40.569131],[-74.127936,40.570486]]]},"properties":{"t":"Illegal Parking","n":16,"q":1}},{"type":"Feature","geometry":{"type":"Polygon","coordinates":[[[-74.137215,40.606946],[-74.137221,40.609648],[-74.140293,40.610995],[-74.14336,40.60964],[-74.143355,40.606939],[-74.140282,40.605592],[-74.137215,40.606946]]]},"properties":{"t":"Illegal Parking","n":41,"q":3}},{"type":"Feature","geometry":{"type":"Polygon","coordinates":[[[-74.158694,40.602866],[-74.1587,40.605568],[-74.161774,40.606914],[-74.16484,40.605559],[-74.164833,40.602857],[-74.16176,40.601511],[-74.158694,40.602866]]]},"properties":{"t":"Illegal Parking","n":31,"q":2}},{"type":"Feature","geometry":{"type":"Polygon","coordinates":[[[-74.066597,40.594852],[-74.0666,40.597553],[-74.069671,40.598902],[-74.072739,40.59755],[-74.072736,40.594848],[-74.069665,40.593499],[-74.066597,40.594852]]]},"properties":{"t":"Illegal Parking","n":119,"q":4}},{"type":"Feature","geometry":{"type":"Polygon","coordinates":[[[-74.081988,40.631313],[-74.081992,40.634014],[-74.085064,40.635363],[-74.088134,40.63401],[-74.08813,40.631308],[-74.085058,40.62996],[-74.081988,40.631313]]]},"properties":{"t":"Illegal Parking","n":69,"q":4}},{"type":"Feature","geometry":{"type":"Polygon","coordinates":[[[-74.097337,40.627249],[-74.097341,40.62995],[-74.100414,40.631298],[-74.103483,40.629945],[-74.103479,40.627243],[-74.100406,40.625895],[-74.097337,40.627249]]]},"properties":{"t":"Illegal Parking","n":89,"q":4}},{"type":"Feature","geometry":{"type":"Polygon","coordinates":[[[-74.131107,40.623163],[-74.131113,40.625864],[-74.134186,40.627211],[-74.137254,40.625857],[-74.137248,40.623156],[-74.134175,40.621808],[-74.131107,40.623163]]]},"properties":{"t":"Illegal Parking","n":55,"q":4}},{"type":"Feature","geometry":{"type":"Polygon","coordinates":[[[-74.072754,40.611057],[-74.072756,40.613759],[-74.075828,40.615108],[-74.078897,40.613755],[-74.078894,40.611053],[-74.075822,40.609705],[-74.072754,40.611057]]]},"properties":{"t":"Illegal Parking","n":271,"q":4}},{"type":"Feature","geometry":{"type":"Polygon","coordinates":[[[-74.109607,40.619133],[-74.109611,40.621834],[-74.112684,40.623182],[-74.115752,40.621828],[-74.115748,40.619127],[-74.112675,40.617779],[-74.109607,40.619133]]]},"properties":{"t":"Illegal Parking","n":8,"q":1}},{"type":"Feature","geometry":{"type":"Polygon","coordinates":[[[-74.14325,40.55831],[-74.143256,40.561012],[-74.146327,40.562359],[-74.149392,40.561004],[-74.149385,40.558302],[-74.146315,40.556956],[-74.14325,40.55831]]]},"properties":{"t":"Illegal Parking","n":68,"q":4}},{"type":"Feature","geometry":{"type":"Polygon","coordinates":[[[-74.081978,40.623208],[-74.081982,40.62591],[-74.085054,40.627258],[-74.088123,40.625905],[-74.08812,40.623204],[-74.085047,40.621855],[-74.081978,40.623208]]]},"properties":{"t":"Illegal Parking","n":34,"q":3}},{"type":"Feature","geometry":{"type":"Polygon","coordinates":[[[-74.06354,40.60701],[-74.063542,40.609712],[-74.066614,40.611061],[-74.069682,40.609708],[-74.069679,40.607007],[-74.066608,40.605658],[-74.06354,40.60701]]]},"properties":{"t":"Illegal Parking","n":52,"q":3}},{"type":"Feature","geometry":{"type":"Polygon","coordinates":[[[-74.231999,40.497379],[-74.232008,40.500081],[-74.235078,40.501426],[-74.238138,40.500068],[-74.238128,40.497367],[-74.235059,40.496022],[-74.231999,40.497379]]]},"properties":{"t":"Illegal Parking","n":6,"q":0}},{"type":"Feature","geometry":{"type":"Polygon","coordinates":[[[-74.155502,40.55019],[-74.155508,40.552891],[-74.158579,40.554238],[-74.161643,40.552883],[-74.161636,40.550181],[-74.158566,40.548835],[-74.155502,40.55019]]]},"properties":{"t":"Illegal Parking","n":20,"q":2}},{"type":"Feature","geometry":{"type":"Polygon","coordinates":[[[-74.082008,40.647522],[-74.082012,40.650224],[-74.085085,40.651572],[-74.088155,40.650219],[-74.088152,40.647518],[-74.085078,40.646169],[-74.082008,40.647522]]]},"properties":{"t":"Illegal Parking","n":66,"q":4}},{"type":"Feature","geometry":{"type":"Polygon","coordinates":[[[-74.094284,40.639408],[-74.094287,40.64211],[-74.097361,40.643458],[-74.10043,40.642105],[-74.100426,40.639403],[-74.097353,40.638055],[-74.094284,40.639408]]]},"properties":{"t":"Illegal Parking","n":25,"q":2}},{"type":"Feature","geometry":{"type":"Polygon","coordinates":[[[-74.140191,40.562366],[-74.140197,40.565068],[-74.143268,40.566415],[-74.146333,40.56506],[-74.146327,40.562359],[-74.143256,40.561012],[-74.140191,40.562366]]]},"properties":{"t":"Illegal Parking","n":66,"q":4}},{"type":"Feature","geometry":{"type":"Polygon","coordinates":[[[-74.091185,40.619149],[-74.091188,40.62185],[-74.094261,40.623199],[-74.097329,40.621845],[-74.097325,40.619144],[-74.094253,40.617796],[-74.091185,40.619149]]]},"properties":{"t":"Illegal Parking","n":45,"q":3}},{"type":"Feature","geometry":{"type":"Polygon","coordinates":[[[-74.069662,40.590797],[-74.069665,40.593499],[-74.072736,40.594848],[-74.075804,40.593495],[-74.075801,40.590794],[-74.07273,40.589445],[-74.069662,40.590797]]]},"properties":{"t":"Illegal Parking","n":28,"q":2}},{"type":"Feature","geometry":{"type":"Polygon","coordinates":[[[-74.115762,40.627232],[-74.115766,40.629933],[-74.11884,40.631281],[-74.121908,40.629927],[-74.121903,40.627225],[-74.11883,40.625878],[-74.115762,40.627232]]]},"properties":{"t":"Illegal Parking","n":121,"q":4}},{"type":"Feature","geometry":{"type":"Polygon","coordinates":[[[-74.183118,40.554201],[-74.183125,40.556903],[-74.186196,40.558249],[-74.18926,40.556893],[-74.189252,40.554191],[-74.186181,40.552846],[-74.183118,40.554201]]]},"properties":{"t":"Illegal Parking","n":16,"q":1}},{"type":"Feature","geometry":{"type":"Polygon","coordinates":[[[-74.118724,40.566443],[-74.118729,40.569145],[-74.1218,40.570492],[-74.124865,40.569138],[-74.12486,40.566437],[-74.12179,40.565089],[-74.118724,40.566443]]]},"properties":{"t":"Illegal Parking","n":42,"q":3}},{"type":"Feature","geometry":{"type":"Polygon","coordinates":[[[-74.097243,40.562411],[-74.097247,40.565112],[-74.100316,40.566461],[-74.103382,40.565107],[-74.103378,40.562405],[-74.100308,40.561057],[-74.097243,40.562411]]]},"properties":{"t":"Illegal Parking","n":46,"q":3}},{"type":"Feature","geometry":{"type":"Polygon","coordinates":[[[-74.106569,40.639397],[-74.106573,40.642099],[-74.109647,40.643447],[-74.112716,40.642093],[-74.112711,40.639392],[-74.109638,40.638044],[-74.106569,40.639397]]]},"properties":{"t":"Illegal Parking","n":20,"q":2}},{"type":"Feature","geometry":{"type":"Polygon","coordinates":[[[-74.161636,40.550181],[-74.161643,40.552883],[-74.164713,40.554229],[-74.167777,40.552874],[-74.167771,40.550172],[-74.1647,40.548826],[-74.161636,40.550181]]]},"properties":{"t":"Illegal Parking","n":30,"q":2}},{"type":"Feature","geometry":{"type":"Polygon","coordinates":[[[-74.17694,40.538001],[-74.176947,40.540703],[-74.180017,40.542049],[-74.183081,40.540693],[-74.183073,40.537992],[-74.180003,40.536646],[-74.17694,40.538001]]]},"properties":{"t":"Illegal Parking","n":7,"q":1}},{"type":"Feature","geometry":{"type":"Polygon","coordinates":[[[-74.201424,40.521752],[-74.201432,40.524453],[-74.204502,40.525798],[-74.207564,40.524442],[-74.207556,40.521741],[-74.204486,40.520395],[-74.201424,40.521752]]]},"properties":{"t":"Illegal Parking","n":24,"q":2}},{"type":"Feature","geometry":{"type":"Polygon","coordinates":[[[-74.072736,40.594848],[-74.072739,40.59755],[-74.07581,40.598898],[-74.078878,40.597545],[-74.078874,40.594844],[-74.075804,40.593495],[-74.072736,40.594848]]]},"properties":{"t":"Illegal Parking","n":49,"q":3}},{"type":"Feature","geometry":{"type":"Polygon","coordinates":[[[-74.131139,40.639372],[-74.131144,40.642074],[-74.134219,40.643421],[-74.137287,40.642066],[-74.137282,40.639365],[-74.134208,40.638018],[-74.131139,40.639372]]]},"properties":{"t":"Illegal Parking","n":25,"q":2}},{"type":"Feature","geometry":{"type":"Polygon","coordinates":[[[-74.232055,40.513589],[-74.232064,40.51629],[-74.235135,40.517635],[-74.238196,40.516278],[-74.238186,40.513576],[-74.235116,40.512232],[-74.232055,40.513589]]]},"properties":{"t":"Illegal Parking","n":24,"q":2}},{"type":"Feature","geometry":{"type":"Polygon","coordinates":[[[-74.15261,40.627188],[-74.152617,40.62989],[-74.155691,40.631237],[-74.158758,40.629882],[-74.158752,40.62718],[-74.155678,40.625834],[-74.15261,40.627188]]]},"properties":{"t":"Illegal Parking","n":66,"q":4}},{"type":"Feature","geometry":{"type":"Polygon","coordinates":[[[-74.152462,40.562351],[-74.152468,40.565052],[-74.155539,40.566399],[-74.158604,40.565044],[-74.158598,40.562343],[-74.155527,40.560996],[-74.152462,40.562351]]]},"properties":{"t":"Illegal Parking","n":34,"q":3}},{"type":"Feature","geometry":{"type":"Polygon","coordinates":[[[-74.100402,40.623194],[-74.100406,40.625895],[-74.103479,40.627243],[-74.106547,40.62589],[-74.106543,40.623188],[-74.10347,40.62184],[-74.100402,40.623194]]]},"properties":{"t":"Illegal Parking","n":5,"q":0}},{"type":"Feature","geometry":{"type":"Polygon","coordinates":[[[-74.121859,40.602911],[-74.121864,40.605613],[-74.124936,40.60696],[-74.128003,40.605606],[-74.127998,40.602904],[-74.124926,40.601557],[-74.121859,40.602911]]]},"properties":{"t":"Illegal Parking","n":117,"q":4}},{"type":"Feature","geometry":{"type":"Polygon","coordinates":[[[-74.164833,40.602857],[-74.16484,40.605559],[-74.167913,40.606905],[-74.170979,40.60555],[-74.170973,40.602848],[-74.1679,40.601502],[-74.164833,40.602857]]]},"properties":{"t":"Illegal Parking","n":41,"q":3}},{"type":"Feature","geometry":{"type":"Polygon","coordinates":[[[-74.161656,40.558286],[-74.161662,40.560987],[-74.164733,40.562334],[-74.167798,40.560979],[-74.167791,40.558277],[-74.16472,40.556931],[-74.161656,40.558286]]]},"properties":{"t":"Illegal Parking","n":27,"q":2}},{"type":"Feature","geometry":{"type":"Polygon","coordinates":[[[-74.112698,40.631287],[-74.112702,40.633988],[-74.115776,40.635336],[-74.118844,40.633982],[-74.11884,40.631281],[-74.115766,40.629933],[-74.112698,40.631287]]]},"properties":{"t":"Illegal Parking","n":132,"q":4}},{"type":"Feature","geometry":{"type":"Polygon","coordinates":[[[-74.155672,40.623132],[-74.155678,40.625834],[-74.158752,40.62718],[-74.161819,40.625825],[-74.161813,40.623124],[-74.158739,40.621777],[-74.155672,40.623132]]]},"properties":{"t":"Illegal Parking","n":57,"q":4}},{"type":"Feature","geometry":{"type":"Polygon","coordinates":[[[-74.149531,40.62314],[-74.149537,40.625842],[-74.15261,40.627188],[-74.155678,40.625834],[-74.155672,40.623132],[-74.152598,40.621785],[-74.149531,40.62314]]]},"properties":{"t":"Illegal Parking","n":28,"q":2}},{"type":"Feature","geometry":{"type":"Polygon","coordinates":[[[-74.171056,40.635267],[-74.171063,40.637969],[-74.174137,40.639315],[-74.177205,40.637959],[-74.177198,40.635258],[-74.174123,40.633912],[-74.171056,40.635267]]]},"properties":{"t":"Illegal Parking","n":4,"q":0}},{"type":"Feature","geometry":{"type":"Polygon","coordinates":[[[-74.128013,40.611009],[-74.128019,40.613711],[-74.131091,40.615058],[-74.134159,40.613704],[-74.134153,40.611002],[-74.131081,40.609655],[-74.128013,40.611009]]]},"properties":{"t":"Illegal Parking","n":40,"q":3}},{"type":"Feature","geometry":{"type":"Polygon","coordinates":[[[-74.134186,40.627211],[-74.134191,40.629913],[-74.137265,40.63126],[-74.140333,40.629906],[-74.140327,40.627204],[-74.137254,40.625857],[-74.134186,40.627211]]]},"properties":{"t":"Illegal Parking","n":58,"q":4}},{"type":"Feature","geometry":{"type":"Polygon","coordinates":[[[-74.115719,40.602917],[-74.115724,40.605619],[-74.118796,40.606967],[-74.121864,40.605613],[-74.121859,40.602911],[-74.118787,40.601563],[-74.115719,40.602917]]]},"properties":{"t":"Illegal Parking","n":34,"q":3}},{"type":"Feature","geometry":{"type":"Polygon","coordinates":[[[-74.075801,40.590794],[-74.075804,40.593495],[-74.078874,40.594844],[-74.081942,40.593491],[-74.081939,40.590789],[-74.078868,40.589441],[-74.075801,40.590794]]]},"properties":{"t":"Illegal Parking","n":95,"q":4}},{"type":"Feature","geometry":{"type":"Polygon","coordinates":[[[-74.241208,40.501413],[-74.241217,40.504114],[-74.244287,40.505459],[-74.247347,40.504101],[-74.247337,40.5014],[-74.244268,40.500056],[-74.241208,40.501413]]]},"properties":{"t":"Illegal Parking","n":65,"q":4}},{"type":"Feature","geometry":{"type":"Polygon","coordinates":[[[-74.091218,40.643463],[-74.091221,40.646165],[-74.094295,40.647513],[-74.097365,40.646159],[-74.097361,40.643458],[-74.094287,40.64211],[-74.091218,40.643463]]]},"properties":{"t":"Illegal Parking","n":28,"q":2}},{"type":"Feature","geometry":{"type":"Polygon","coordinates":[[[-74.195292,40.521762],[-74.1953,40.524464],[-74.19837,40.525809],[-74.201432,40.524453],[-74.201424,40.521752],[-74.198354,40.520406],[-74.195292,40.521762]]]},"properties":{"t":"Illegal Parking","n":31,"q":2}},{"type":"Feature","geometry":{"type":"Polygon","coordinates":[[[-74.085075,40.643468],[-74.085078,40.646169],[-74.088152,40.647518],[-74.091221,40.646165],[-74.091218,40.643463],[-74.088145,40.642115],[-74.085075,40.643468]]]},"properties":{"t":"Illegal Parking","n":27,"q":2}},{"type":"Feature","geometry":{"type":"Polygon","coordinates":[[[-74.192261,40.533924],[-74.192269,40.536626],[-74.19534,40.537972],[-74.198402,40.536616],[-74.198394,40.533914],[-74.195324,40.532568],[-74.192261,40.533924]]]},"properties":{"t":"Illegal Parking","n":36,"q":3}},{"type":"Feature","geometry":{"type":"Polygon","coordinates":[[[-74.063547,40.615115],[-74.06355,40.617817],[-74.066622,40.619166],[-74.069691,40.617813],[-74.069688,40.615112],[-74.066616,40.613763],[-74.063547,40.615115]]]},"properties":{"t":"Illegal Parking","n":33,"q":2}},{"type":"Feature","geometry":{"type":"Polygon","coordinates":[[[-74.081939,40.590789],[-74.081942,40.593491],[-74.085013,40.59484],[-74.08808,40.593486],[-74.088077,40.590785],[-74.085006,40.589436],[-74.081939,40.590789]]]},"properties":{"t":"Illegal Parking","n":47,"q":3}},{"type":"Feature","geometry":{"type":"Polygon","coordinates":[[[-74.134039,40.554269],[-74.134045,40.556971],[-74.137115,40.558318],[-74.14018,40.556963],[-74.140174,40.554262],[-74.137104,40.552915],[-74.134039,40.554269]]]},"properties":{"t":"Illegal Parking","n":41,"q":3}},{"type":"Feature","geometry":{"type":"Polygon","coordinates":[[[-74.232139,40.537903],[-74.232149,40.540605],[-74.23522,40.541949],[-74.238282,40.540592],[-74.238273,40.537891],[-74.235201,40.536546],[-74.232139,40.537903]]]},"properties":{"t":"Illegal Parking","n":25,"q":2}},{"type":"Feature","geometry":{"type":"Polygon","coordinates":[[[-74.164853,40.610962],[-74.16486,40.613664],[-74.167933,40.61501],[-74.171,40.613655],[-74.170993,40.610953],[-74.16792,40.609607],[-74.164853,40.610962]]]},"properties":{"t":"Illegal Parking","n":103,"q":4}},{"type":"Feature","geometry":{"type":"Polygon","coordinates":[[[-74.131123,40.631267],[-74.131129,40.633969],[-74.134202,40.635316],[-74.137271,40.633962],[-74.137265,40.63126],[-74.134191,40.629913],[-74.131123,40.631267]]]},"properties":{"t":"Illegal Parking","n":118,"q":4}},{"type":"Feature","geometry":{"type":"Polygon","coordinates":[[[-74.103479,40.627243],[-74.103483,40.629945],[-74.106556,40.631293],[-74.109625,40.629939],[-74.10962,40.627238],[-74.106547,40.62589],[-74.103479,40.627243]]]},"properties":{"t":"Illegal Parking","n":27,"q":2}},{"type":"Feature","geometry":{"type":"Polygon","coordinates":[[[-74.134153,40.611002],[-74.134159,40.613704],[-74.137232,40.615051],[-74.140299,40.613696],[-74.140293,40.610995],[-74.137221,40.609648],[-74.134153,40.611002]]]},"properties":{"t":"Illegal Parking","n":46,"q":3}},{"type":"Feature","geometry":{"type":"Polygon","coordinates":[[[-74.118811,40.615071],[-74.118815,40.617773],[-74.121888,40.61912],[-74.124956,40.617766],[-74.124951,40.615065],[-74.121878,40.613717],[-74.118811,40.615071]]]},"properties":{"t":"Illegal Parking","n":164,"q":4}},{"type":"Feature","geometry":{"type":"Polygon","coordinates":[[[-74.081929,40.582685],[-74.081932,40.585386],[-74.085003,40.586735],[-74.08807,40.585382],[-74.088066,40.58268],[-74.084996,40.581332],[-74.081929,40.582685]]]},"properties":{"t":"Illegal Parking","n":37,"q":3}},{"type":"Feature","geometry":{"type":"Polygon","coordinates":[[[-74.152444,40.554246],[-74.15245,40.556948],[-74.155521,40.558294],[-74.158585,40.556939],[-74.158579,40.554238],[-74.155508,40.552891],[-74.152444,40.554246]]]},"properties":{"t":"Illegal Parking","n":31,"q":2}},{"type":"Feature","geometry":{"type":"Polygon","coordinates":[[[-74.075828,40.615108],[-74.075831,40.617809],[-74.078903,40.619158],[-74.081972,40.617805],[-74.081968,40.615104],[-74.078897,40.613755],[-74.075828,40.615108]]]},"properties":{"t":"Illegal Parking","n":67,"q":4}},{"type":"Feature","geometry":{"type":"Polygon","coordinates":[[[-74.066614,40.611061],[-74.066616,40.613763],[-74.069688,40.615112],[-74.072756,40.613759],[-74.072754,40.611057],[-74.069682,40.609708],[-74.066614,40.611061]]]},"properties":{"t":"Illegal Parking","n":71,"q":4}},{"type":"Feature","geometry":{"type":"Polygon","coordinates":[[[-74.137248,40.623156],[-74.137254,40.625857],[-74.140327,40.627204],[-74.143395,40.62585],[-74.143389,40.623148],[-74.140316,40.621801],[-74.137248,40.623156]]]},"properties":{"t":"Illegal Parking","n":59,"q":4}},{"type":"Feature","geometry":{"type":"Polygon","coordinates":[[[-74.11871,40.558338],[-74.118715,40.56104],[-74.121785,40.562387],[-74.12485,40.561033],[-74.124845,40.558332],[-74.121775,40.556984],[-74.11871,40.558338]]]},"properties":{"t":"Illegal Parking","n":15,"q":1}},{"type":"Feature","geometry":{"type":"Polygon","coordinates":[[[-74.195269,40.513657],[-74.195277,40.516359],[-74.198346,40.517704],[-74.201408,40.516348],[-74.2014,40.513647],[-74.19833,40.512301],[-74.195269,40.513657]]]},"properties":{"t":"Illegal Parking","n":34,"q":3}},{"type":"Feature","geometry":{"type":"Polygon","coordinates":[[[-74.128029,40.619114],[-74.128034,40.621815],[-74.131107,40.623163],[-74.134175,40.621808],[-74.13417,40.619107],[-74.131097,40.61776],[-74.128029,40.619114]]]},"properties":{"t":"Illegal Parking","n":27,"q":2}},{"type":"Feature","geometry":{"type":"Polygon","coordinates":[[[-74.155634,40.606923],[-74.15564,40.609624],[-74.158713,40.610971],[-74.16178,40.609616],[-74.161774,40.606914],[-74.1587,40.605568],[-74.155634,40.606923]]]},"properties":{"t":"Illegal Parking","n":73,"q":4}},{"type":"Feature","geometry":{"type":"Polygon","coordinates":[[[-74.140345,40.635309],[-74.14035,40.63801],[-74.143424,40.639357],[-74.146493,40.638003],[-74.146487,40.635301],[-74.143413,40.633954],[-74.140345,40.635309]]]},"properties":{"t":"Illegal Parking","n":31,"q":2}},{"type":"Feature","geometry":{"type":"Polygon","coordinates":[[[-74.155445,40.525875],[-74.155451,40.528577],[-74.158521,40.529924],[-74.161584,40.528568],[-74.161577,40.525867],[-74.158508,40.52452],[-74.155445,40.525875]]]},"properties":{"t":"Illegal Parking","n":15,"q":1}},{"type":"Feature","geometry":{"type":"Polygon","coordinates":[[[-74.078932,40.643472],[-74.078935,40.646174],[-74.082008,40.647522],[-74.085078,40.646169],[-74.085075,40.643468],[-74.082002,40.642119],[-74.078932,40.643472]]]},"properties":{"t":"Illegal Parking","n":76,"q":4}},{"type":"Feature","geometry":{"type":"Polygon","coordinates":[[[-74.155596,40.590713],[-74.155602,40.593415],[-74.158675,40.594761],[-74.161741,40.593406],[-74.161734,40.590705],[-74.158662,40.589358],[-74.155596,40.590713]]]},"properties":{"t":"Illegal Parking","n":51,"q":3}},{"type":"Feature","geometry":{"type":"Polygon","coordinates":[[[-74.097266,40.57862],[-74.09727,40.581322],[-74.100341,40.58267],[-74.103407,40.581317],[-74.103403,40.578615],[-74.100333,40.577267],[-74.097266,40.57862]]]},"properties":{"t":"Illegal Parking","n":47,"q":3}},{"type":"Feature","geometry":{"type":"Polygon","coordinates":[[[-74.060466,40.60296],[-74.060469,40.605661],[-74.06354,40.60701],[-74.066608,40.605658],[-74.066605,40.602956],[-74.063535,40.601607],[-74.060466,40.60296]]]},"properties":{"t":"Illegal Parking","n":21,"q":2}},{"type":"Feature","geometry":{"type":"Polygon","coordinates":[[[-74.158521,40.529924],[-74.158527,40.532625],[-74.161597,40.533972],[-74.16466,40.532617],[-74.164653,40.529915],[-74.161584,40.528568],[-74.158521,40.529924]]]},"properties":{"t":"Illegal Parking","n":8,"q":1}},{"type":"Feature","geometry":{"type":"Polygon","coordinates":[[[-74.094203,40.582675],[-74.094207,40.585377],[-74.097278,40.586725],[-74.100345,40.585372],[-74.100341,40.58267],[-74.09727,40.581322],[-74.094203,40.582675]]]},"properties":{"t":"Illegal Parking","n":33,"q":2}},{"type":"Feature","geometry":{"type":"Polygon","coordinates":[[[-74.213714,40.529834],[-74.213722,40.532536],[-74.216793,40.533881],[-74.219855,40.532524],[-74.219846,40.529822],[-74.216775,40.528478],[-74.213714,40.529834]]]},"properties":{"t":"Illegal Parking","n":14,"q":1}},{"type":"Feature","geometry":{"type":"Polygon","coordinates":[[[-74.088141,40.639413],[-74.088145,40.642115],[-74.091218,40.643463],[-74.094287,40.64211],[-74.094284,40.639408],[-74.09121,40.63806],[-74.088141,40.639413]]]},"properties":{"t":"Illegal Parking","n":18,"q":1}},{"type":"Feature","geometry":{"type":"Polygon","coordinates":[[[-74.198418,40.542019],[-74.198426,40.54472],[-74.201497,40.546066],[-74.20456,40.54471],[-74.204552,40.542008],[-74.201481,40.540663],[-74.198418,40.542019]]]},"properties":{"t":"Illegal Parking","n":16,"q":1}},{"type":"Feature","geometry":{"type":"Polygon","coordinates":[[[-74.078922,40.635367],[-74.078925,40.638069],[-74.081998,40.639418],[-74.085068,40.638065],[-74.085064,40.635363],[-74.081992,40.634014],[-74.078922,40.635367]]]},"properties":{"t":"Illegal Parking","n":57,"q":4}},{"type":"Feature","geometry":{"type":"Polygon","coordinates":[[[-74.158675,40.594761],[-74.158681,40.597463],[-74.161754,40.598809],[-74.16482,40.597454],[-74.164813,40.594753],[-74.161741,40.593406],[-74.158675,40.594761]]]},"properties":{"t":"Illegal Parking","n":62,"q":4}},{"type":"Feature","geometry":{"type":"Polygon","coordinates":[[[-74.094192,40.574571],[-74.094196,40.577272],[-74.097266,40.57862],[-74.100333,40.577267],[-74.100329,40.574565],[-74.097258,40.573217],[-74.094192,40.574571]]]},"properties":{"t":"Illegal Parking","n":39,"q":3}},{"type":"Feature","geometry":{"type":"Polygon","coordinates":[[[-74.081959,40.606999],[-74.081962,40.6097],[-74.085034,40.611049],[-74.088102,40.609696],[-74.088098,40.606994],[-74.085027,40.605646],[-74.081959,40.606999]]]},"properties":{"t":"Illegal Parking","n":19,"q":2}},{"type":"Feature","geometry":{"type":"Polygon","coordinates":[[[-74.131075,40.606953],[-74.131081,40.609655],[-74.134153,40.611002],[-74.137221,40.609648],[-74.137215,40.606946],[-74.134143,40.605599],[-74.131075,40.606953]]]},"properties":{"t":"Illegal Parking","n":19,"q":2}},{"type":"Feature","geometry":{"type":"Polygon","coordinates":[[[-74.13417,40.619107],[-74.134175,40.621808],[-74.137248,40.623156],[-74.140316,40.621801],[-74.14031,40.619099],[-74.137237,40.617752],[-74.13417,40.619107]]]},"properties":{"t":"Illegal Parking","n":21,"q":2}},{"type":"Feature","geometry":{"type":"Polygon","coordinates":[[[-74.103403,40.578615],[-74.103407,40.581317],[-74.106478,40.582665],[-74.109545,40.581311],[-74.10954,40.578609],[-74.10647,40.577261],[-74.103403,40.578615]]]},"properties":{"t":"Illegal Parking","n":82,"q":4}},{"type":"Feature","geometry":{"type":"Polygon","coordinates":[[[-74.137265,40.63126],[-74.137271,40.633962],[-74.140345,40.635309],[-74.143413,40.633954],[-74.143407,40.631253],[-74.140333,40.629906],[-74.137265,40.63126]]]},"properties":{"t":"Illegal Parking","n":97,"q":4}},{"type":"Feature","geometry":{"type":"Polygon","coordinates":[[[-74.149385,40.558302],[-74.149392,40.561004],[-74.152462,40.562351],[-74.155527,40.560996],[-74.155521,40.558294],[-74.15245,40.556948],[-74.149385,40.558302]]]},"properties":{"t":"Illegal Parking","n":43,"q":3}},{"type":"Feature","geometry":{"type":"Polygon","coordinates":[[[-74.152518,40.586665],[-74.152524,40.589367],[-74.155596,40.590713],[-74.158662,40.589358],[-74.158656,40.586657],[-74.155584,40.58531],[-74.152518,40.586665]]]},"properties":{"t":"Illegal Parking","n":73,"q":4}},{"type":"Feature","geometry":{"type":"Polygon","coordinates":[[[-74.066605,40.602956],[-74.066608,40.605658],[-74.069679,40.607007],[-74.072748,40.605654],[-74.072745,40.602953],[-74.069674,40.601604],[-74.066605,40.602956]]]},"properties":{"t":"Illegal Parking","n":28,"q":2}},{"type":"Feature","geometry":{"type":"Polygon","coordinates":[[[-74.112575,40.558344],[-74.112579,40.561046],[-74.115649,40.562394],[-74.118715,40.56104],[-74.11871,40.558338],[-74.11564,40.556991],[-74.112575,40.558344]]]},"properties":{"t":"Illegal Parking","n":46,"q":3}},{"type":"Feature","geometry":{"type":"Polygon","coordinates":[[[-74.1218,40.570492],[-74.121804,40.573194],[-74.124875,40.574541],[-74.127941,40.573187],[-74.127936,40.570486],[-74.124865,40.569138],[-74.1218,40.570492]]]},"properties":{"t":"Illegal Parking","n":29,"q":2}},{"type":"Feature","geometry":{"type":"Polygon","coordinates":[[[-74.118739,40.574548],[-74.118743,40.577249],[-74.121814,40.578597],[-74.12488,40.577243],[-74.124875,40.574541],[-74.121804,40.573194],[-74.118739,40.574548]]]},"properties":{"t":"Illegal Parking","n":32,"q":2}},{"type":"Feature","geometry":{"type":"Polygon","coordinates":[[[-74.10039,40.615089],[-74.100394,40.61779],[-74.103466,40.619139],[-74.106534,40.617785],[-74.10653,40.615083],[-74.103458,40.613735],[-74.10039,40.615089]]]},"properties":{"t":"Illegal Parking","n":44,"q":3}},{"type":"Feature","geometry":{"type":"Polygon","coordinates":[[[-74.124966,40.62317],[-74.124971,40.625871],[-74.128045,40.627218],[-74.131113,40.625864],[-74.131107,40.623163],[-74.128034,40.621815],[-74.124966,40.62317]]]},"properties":{"t":"Illegal Parking","n":20,"q":2}},{"type":"Feature","geometry":{"type":"Polygon","coordinates":[[[-74.164813,40.594753],[-74.16482,40.597454],[-74.167893,40.598801],[-74.170959,40.597445],[-74.170952,40.594744],[-74.167879,40.593398],[-74.164813,40.594753]]]},"properties":{"t":"Illegal Parking","n":38,"q":3}},{"type":"Feature","geometry":{"type":"Polygon","coordinates":[[[-74.137232,40.615051],[-74.137237,40.617752],[-74.14031,40.619099],[-74.143378,40.617745],[-74.143372,40.615043],[-74.140299,40.613696],[-74.137232,40.615051]]]},"properties":{"t":"Illegal Parking","n":25,"q":2}},{"type":"Feature","geometry":{"type":"Polygon","coordinates":[[[-74.140327,40.627204],[-74.140333,40.629906],[-74.143407,40.631253],[-74.146475,40.629898],[-74.146469,40.627196],[-74.143395,40.62585],[-74.140327,40.627204]]]},"properties":{"t":"Illegal Parking","n":86,"q":4}},{"type":"Feature","geometry":{"type":"Polygon","coordinates":[[[-74.192331,40.558239],[-74.192339,40.56094],[-74.195411,40.562286],[-74.198475,40.56093],[-74.198467,40.558228],[-74.195395,40.556883],[-74.192331,40.558239]]]},"properties":{"t":"Illegal Parking","n":12,"q":1}},{"type":"Feature","geometry":{"type":"Polygon","coordinates":[[[-74.195387,40.554181],[-74.195395,40.556883],[-74.198467,40.558228],[-74.20153,40.556872],[-74.201522,40.55417],[-74.19845,40.552825],[-74.195387,40.554181]]]},"properties":{"t":"Illegal Parking","n":38,"q":3}},{"type":"Feature","geometry":{"type":"Polygon","coordinates":[[[-74.149549,40.631245],[-74.149555,40.633946],[-74.152629,40.635293],[-74.155697,40.633938],[-74.155691,40.631237],[-74.152617,40.62989],[-74.149549,40.631245]]]},"properties":{"t":"Illegal Parking","n":23,"q":2}},{"type":"Feature","geometry":{"type":"Polygon","coordinates":[[[-74.085044,40.619154],[-74.085047,40.621855],[-74.08812,40.623204],[-74.091188,40.62185],[-74.091185,40.619149],[-74.088112,40.617801],[-74.085044,40.619154]]]},"properties":{"t":"Illegal Parking","n":43,"q":3}},{"type":"Feature","geometry":{"type":"Polygon","coordinates":[[[-74.192285,40.542029],[-74.192293,40.544731],[-74.195363,40.546076],[-74.198426,40.54472],[-74.198418,40.542019],[-74.195348,40.540673],[-74.192285,40.542029]]]},"properties":{"t":"Illegal Parking","n":35,"q":3}},{"type":"Feature","geometry":{"type":"Polygon","coordinates":[[[-74.152573,40.610979],[-74.15258,40.613681],[-74.155653,40.615027],[-74.15872,40.613672],[-74.158713,40.610971],[-74.15564,40.609624],[-74.152573,40.610979]]]},"properties":{"t":"Illegal Parking","n":14,"q":1}},{"type":"Feature","geometry":{"type":"Polygon","coordinates":[[[-74.091151,40.594835],[-74.091155,40.597536],[-74.094226,40.598885],[-74.097294,40.597531],[-74.09729,40.59483],[-74.094219,40.593482],[-74.091151,40.594835]]]},"properties":{"t":"Illegal Parking","n":122,"q":4}},{"type":"Feature","geometry":{"type":"Polygon","coordinates":[[[-74.158771,40.635285],[-74.158778,40.637986],[-74.161852,40.639333],[-74.16492,40.637978],[-74.164913,40.635276],[-74.161839,40.63393],[-74.158771,40.635285]]]},"properties":{"t":"Illegal Parking","n":82,"q":4}},{"type":"Feature","geometry":{"type":"Polygon","coordinates":[[[-74.078913,40.627263],[-74.078916,40.629964],[-74.081988,40.631313],[-74.085058,40.62996],[-74.085054,40.627258],[-74.081982,40.62591],[-74.078913,40.627263]]]},"properties":{"t":"Illegal Parking","n":42,"q":3}},{"type":"Feature","geometry":{"type":"Polygon","coordinates":[[[-74.112602,40.574554],[-74.112606,40.577256],[-74.115677,40.578603],[-74.118743,40.577249],[-74.118739,40.574548],[-74.115668,40.5732],[-74.112602,40.574554]]]},"properties":{"t":"Illegal Parking","n":51,"q":3}},{"type":"Feature","geometry":{"type":"Polygon","coordinates":[[[-74.106452,40.566455],[-74.106457,40.569157],[-74.109527,40.570505],[-74.112593,40.569151],[-74.112588,40.566449],[-74.109518,40.565101],[-74.106452,40.566455]]]},"properties":{"t":"Illegal Parking","n":48,"q":3}},{"type":"Feature","geometry":{"type":"Polygon","coordinates":[[[-74.225896,40.505496],[-74.225906,40.508198],[-74.228975,40.509543],[-74.232036,40.508186],[-74.232027,40.505484],[-74.228957,40.504139],[-74.225896,40.505496]]]},"properties":{"t":"Illegal Parking","n":20,"q":2}},{"type":"Feature","geometry":{"type":"Polygon","coordinates":[[[-74.097313,40.611039],[-74.097317,40.613741],[-74.10039,40.615089],[-74.103458,40.613735],[-74.103453,40.611034],[-74.100381,40.609686],[-74.097313,40.611039]]]},"properties":{"t":"Illegal Parking","n":54,"q":4}},{"type":"Feature","geometry":{"type":"Polygon","coordinates":[[[-74.204552,40.542008],[-74.20456,40.54471],[-74.207631,40.546055],[-74.210694,40.544698],[-74.210686,40.541997],[-74.207615,40.540652],[-74.204552,40.542008]]]},"properties":{"t":"Illegal Parking","n":19,"q":2}},{"type":"Feature","geometry":{"type":"Polygon","coordinates":[[[-74.244287,40.505459],[-74.244297,40.50816],[-74.247367,40.509504],[-74.250428,40.508147],[-74.250418,40.505445],[-74.247347,40.504101],[-74.244287,40.505459]]]},"properties":{"t":"Illegal Parking","n":20,"q":2}},{"type":"Feature","geometry":{"type":"Polygon","coordinates":[[[-74.100316,40.566461],[-74.100321,40.569162],[-74.103391,40.57051],[-74.106457,40.569157],[-74.106452,40.566455],[-74.103382,40.565107],[-74.100316,40.566461]]]},"properties":{"t":"Illegal Parking","n":33,"q":2}},{"type":"Feature","geometry":{"type":"Polygon","coordinates":[[[-74.229003,40.517647],[-74.229012,40.520349],[-74.232083,40.521694],[-74.235144,40.520337],[-74.235135,40.517635],[-74.232064,40.51629],[-74.229003,40.517647]]]},"properties":{"t":"Illegal Parking","n":34,"q":3}},{"type":"Feature","geometry":{"type":"Polygon","coordinates":[[[-74.109647,40.643447],[-74.109651,40.646148],[-74.112725,40.647496],[-74.115794,40.646142],[-74.11579,40.643441],[-74.112716,40.642093],[-74.109647,40.643447]]]},"properties":{"t":"Illegal Parking","n":4,"q":0}},{"type":"Feature","geometry":{"type":"Polygon","coordinates":[[[-74.088077,40.590785],[-74.08808,40.593486],[-74.091151,40.594835],[-74.094219,40.593482],[-74.094215,40.59078],[-74.091144,40.589432],[-74.088077,40.590785]]]},"properties":{"t":"Illegal Parking","n":190,"q":4}},{"type":"Feature","geometry":{"type":"Polygon","coordinates":[[[-74.189344,40.58661],[-74.189352,40.589312],[-74.192425,40.590657],[-74.19549,40.589302],[-74.195482,40.5866],[-74.192409,40.585254],[-74.189344,40.58661]]]},"properties":{"t":"Illegal Parking","n":51,"q":3}},{"type":"Feature","geometry":{"type":"Polygon","coordinates":[[[-74.060459,40.594855],[-74.060461,40.597557],[-74.063532,40.598906],[-74.0666,40.597553],[-74.066597,40.594852],[-74.063527,40.593503],[-74.060459,40.594855]]]},"properties":{"t":"Illegal Parking","n":45,"q":3}},{"type":"Feature","geometry":{"type":"Polygon","coordinates":[[[-74.143355,40.606939],[-74.14336,40.60964],[-74.146433,40.610987],[-74.1495,40.609632],[-74.149494,40.606931],[-74.146422,40.605584],[-74.143355,40.606939]]]},"properties":{"t":"Illegal Parking","n":70,"q":4}},{"type":"Feature","geometry":{"type":"Polygon","coordinates":[[[-74.078903,40.619158],[-74.078906,40.62186],[-74.081978,40.623208],[-74.085047,40.621855],[-74.085044,40.619154],[-74.081972,40.617805],[-74.078903,40.619158]]]},"properties":{"t":"Illegal Parking","n":70,"q":4}},{"type":"Feature","geometry":{"type":"Polygon","coordinates":[[[-74.130964,40.55022],[-74.130969,40.552922],[-74.134039,40.554269],[-74.137104,40.552915],[-74.137099,40.550213],[-74.134029,40.548866],[-74.130964,40.55022]]]},"properties":{"t":"Illegal Parking","n":28,"q":2}},{"type":"Feature","geometry":{"type":"Polygon","coordinates":[[[-74.21374,40.537939],[-74.213748,40.54064],[-74.216819,40.541985],[-74.219882,40.540629],[-74.219873,40.537927],[-74.216802,40.536582],[-74.21374,40.537939]]]},"properties":{"t":"Illegal Parking","n":91,"q":4}},{"type":"Feature","geometry":{"type":"Polygon","coordinates":[[[-74.161617,40.542076],[-74.161623,40.544778],[-74.164693,40.546124],[-74.167757,40.544769],[-74.16775,40.542068],[-74.16468,40.540721],[-74.161617,40.542076]]]},"properties":{"t":"Illegal Parking","n":37,"q":3}},{"type":"Feature","geometry":{"type":"Polygon","coordinates":[[[-74.155577,40.582609],[-74.155584,40.58531],[-74.158656,40.586657],[-74.161721,40.585302],[-74.161715,40.5826],[-74.158643,40.581254],[-74.155577,40.582609]]]},"properties":{"t":"Illegal Parking","n":87,"q":4}},{"type":"Feature","geometry":{"type":"Polygon","coordinates":[[[-74.115733,40.611022],[-74.115738,40.613724],[-74.118811,40.615071],[-74.121878,40.613717],[-74.121873,40.611016],[-74.118801,40.609668],[-74.115733,40.611022]]]},"properties":{"t":"Illegal Parking","n":39,"q":3}},{"type":"Feature","geometry":{"type":"Polygon","coordinates":[[[-74.072789,40.643476],[-74.072792,40.646178],[-74.075865,40.647526],[-74.078935,40.646174],[-74.078932,40.643472],[-74.075859,40.642123],[-74.072789,40.643476]]]},"properties":{"t":"Illegal Parking","n":51,"q":3}},{"type":"Feature","geometry":{"type":"Polygon","coordinates":[[[-74.149331,40.533988],[-74.149337,40.53669],[-74.152407,40.538037],[-74.15547,40.536682],[-74.155464,40.53398],[-74.152395,40.532633],[-74.149331,40.533988]]]},"properties":{"t":"Illegal Parking","n":40,"q":3}},{"type":"Feature","geometry":{"type":"Polygon","coordinates":[[[-74.115663,40.570499],[-74.115668,40.5732],[-74.118739,40.574548],[-74.121804,40.573194],[-74.1218,40.570492],[-74.118729,40.569145],[-74.115663,40.570499]]]},"properties":{"t":"Illegal Parking","n":42,"q":3}},{"type":"Feature","geometry":{"type":"Polygon","coordinates":[[[-74.158656,40.586657],[-74.158662,40.589358],[-74.161734,40.590705],[-74.1648,40.58935],[-74.164793,40.586648],[-74.161721,40.585302],[-74.158656,40.586657]]]},"properties":{"t":"Illegal Parking","n":44,"q":3}},{"type":"Feature","geometry":{"type":"Polygon","coordinates":[[[-74.127998,40.602904],[-74.128003,40.605606],[-74.131075,40.606953],[-74.134143,40.605599],[-74.134137,40.602897],[-74.131065,40.60155],[-74.127998,40.602904]]]},"properties":{"t":"Illegal Parking","n":51,"q":3}},{"type":"Feature","geometry":{"type":"Polygon","coordinates":[[[-74.173926,40.558268],[-74.173933,40.56097],[-74.177004,40.562316],[-74.180068,40.56096],[-74.180061,40.558258],[-74.17699,40.556912],[-74.173926,40.558268]]]},"properties":{"t":"Illegal Parking","n":64,"q":4}},{"type":"Feature","geometry":{"type":"Polygon","coordinates":[[[-74.085034,40.611049],[-74.085037,40.61375],[-74.088109,40.615099],[-74.091177,40.613746],[-74.091173,40.611044],[-74.088102,40.609696],[-74.085034,40.611049]]]},"properties":{"t":"Illegal Parking","n":53,"q":3}},{"type":"Feature","geometry":{"type":"Polygon","coordinates":[[[-74.170827,40.546115],[-74.170834,40.548817],[-74.173905,40.550163],[-74.176969,40.548808],[-74.176961,40.546106],[-74.173891,40.54476],[-74.170827,40.546115]]]},"properties":{"t":"Illegal Parking","n":25,"q":2}},{"type":"Feature","geometry":{"type":"Polygon","coordinates":[[[-74.164673,40.53802],[-74.16468,40.540721],[-74.16775,40.542068],[-74.170814,40.540712],[-74.170807,40.538011],[-74.167737,40.536664],[-74.164673,40.53802]]]},"properties":{"t":"Illegal Parking","n":19,"q":2}},{"type":"Feature","geometry":{"type":"Polygon","coordinates":[[[-74.143216,40.542101],[-74.143221,40.544802],[-74.146291,40.546149],[-74.149355,40.544795],[-74.149349,40.542093],[-74.146279,40.540746],[-74.143216,40.542101]]]},"properties":{"t":"Illegal Parking","n":64,"q":4}},{"type":"Feature","geometry":{"type":"Polygon","coordinates":[[[-74.109514,40.5624],[-74.109518,40.565101],[-74.112588,40.566449],[-74.115654,40.565095],[-74.115649,40.562394],[-74.112579,40.561046],[-74.109514,40.5624]]]},"properties":{"t":"Illegal Parking","n":69,"q":4}},{"type":"Feature","geometry":{"type":"Polygon","coordinates":[[[-74.235192,40.533844],[-74.235201,40.536546],[-74.238273,40.537891],[-74.241334,40.536533],[-74.241325,40.533832],[-74.238253,40.532487],[-74.235192,40.533844]]]},"properties":{"t":"Illegal Parking","n":12,"q":1}},{"type":"Feature","geometry":{"type":"Polygon","coordinates":[[[-74.134056,40.562374],[-74.134061,40.565075],[-74.137132,40.566423],[-74.140197,40.565068],[-74.140191,40.562366],[-74.137121,40.561019],[-74.134056,40.562374]]]},"properties":{"t":"Illegal Parking","n":38,"q":3}},{"type":"Feature","geometry":{"type":"Polygon","coordinates":[[[-74.121888,40.61912],[-74.121893,40.621822],[-74.124966,40.62317],[-74.128034,40.621815],[-74.128029,40.619114],[-74.124956,40.617766],[-74.121888,40.61912]]]},"properties":{"t":"Illegal Parking","n":32,"q":2}},{"type":"Feature","geometry":{"type":"Polygon","coordinates":[[[-74.127905,40.554276],[-74.12791,40.556978],[-74.13098,40.558325],[-74.134045,40.556971],[-74.134039,40.554269],[-74.130969,40.552922],[-74.127905,40.554276]]]},"properties":{"t":"Illegal Parking","n":24,"q":2}},{"type":"Feature","geometry":{"type":"Polygon","coordinates":[[[-74.152499,40.57856],[-74.152505,40.581262],[-74.155577,40.582609],[-74.158643,40.581254],[-74.158636,40.578552],[-74.155565,40.577205],[-74.152499,40.57856]]]},"properties":{"t":"Illegal Parking","n":33,"q":2}},{"type":"Feature","geometry":{"type":"Polygon","coordinates":[[[-74.2014,40.513647],[-74.201408,40.516348],[-74.204478,40.517694],[-74.207539,40.516337],[-74.207531,40.513636],[-74.204461,40.512291],[-74.2014,40.513647]]]},"properties":{"t":"Illegal Parking","n":53,"q":3}},{"type":"Feature","geometry":{"type":"Polygon","coordinates":[[[-74.207631,40.546055],[-74.20764,40.548756],[-74.210711,40.550102],[-74.213774,40.548745],[-74.213765,40.546044],[-74.210694,40.544698],[-74.207631,40.546055]]]},"properties":{"t":"Illegal Parking","n":58,"q":4}},{"type":"Feature","geometry":{"type":"Polygon","coordinates":[[[-74.161774,40.606914],[-74.16178,40.609616],[-74.164853,40.610962],[-74.16792,40.609607],[-74.167913,40.606905],[-74.16484,40.605559],[-74.161774,40.606914]]]},"properties":{"t":"Illegal Parking","n":64,"q":4}},{"type":"Feature","geometry":{"type":"Polygon","coordinates":[[[-74.16771,40.525858],[-74.167716,40.52856],[-74.170786,40.529906],[-74.173849,40.528551],[-74.173842,40.525849],[-74.170772,40.524503],[-74.16771,40.525858]]]},"properties":{"t":"Illegal Parking","n":13,"q":1}},{"type":"Feature","geometry":{"type":"Polygon","coordinates":[[[-74.207606,40.53795],[-74.207615,40.540652],[-74.210686,40.541997],[-74.213748,40.54064],[-74.21374,40.537939],[-74.210669,40.536594],[-74.207606,40.53795]]]},"properties":{"t":"Illegal Parking","n":46,"q":3}},{"type":"Feature","geometry":{"type":"Polygon","coordinates":[[[-74.115677,40.578603],[-74.115682,40.581305],[-74.118753,40.582652],[-74.121819,40.581298],[-74.121814,40.578597],[-74.118743,40.577249],[-74.115677,40.578603]]]},"properties":{"t":"Illegal Parking","n":4,"q":0}},{"type":"Feature","geometry":{"type":"Polygon","coordinates":[[[-74.121873,40.611016],[-74.121878,40.613717],[-74.124951,40.615065],[-74.128019,40.613711],[-74.128013,40.611009],[-74.124941,40.609662],[-74.121873,40.611016]]]},"properties":{"t":"Illegal Parking","n":43,"q":3}},{"type":"Feature","geometry":{"type":"Polygon","coordinates":[[[-74.167995,40.639324],[-74.168001,40.642026],[-74.171076,40.643372],[-74.174144,40.642017],[-74.174137,40.639315],[-74.171063,40.637969],[-74.167995,40.639324]]]},"properties":{"t":"Illegal Parking","n":22,"q":2}},{"type":"Feature","geometry":{"type":"Polygon","coordinates":[[[-74.103391,40.57051],[-74.103395,40.573212],[-74.106465,40.57456],[-74.109531,40.573206],[-74.109527,40.570505],[-74.106457,40.569157],[-74.103391,40.57051]]]},"properties":{"t":"Illegal Parking","n":19,"q":2}},{"type":"Feature","geometry":{"type":"Polygon","coordinates":[[[-74.091173,40.611044],[-74.091177,40.613746],[-74.094249,40.615094],[-74.097317,40.613741],[-74.097313,40.611039],[-74.094242,40.609691],[-74.091173,40.611044]]]},"properties":{"t":"Illegal Parking","n":7,"q":1}},{"type":"Feature","geometry":{"type":"Polygon","coordinates":[[[-74.146274,40.538045],[-74.146279,40.540746],[-74.149349,40.542093],[-74.152413,40.540738],[-74.152407,40.538037],[-74.149337,40.53669],[-74.146274,40.538045]]]},"properties":{"t":"Illegal Parking","n":31,"q":2}},{"type":"Feature","geometry":{"type":"Polygon","coordinates":[[[-74.088045,40.566471],[-74.088048,40.569172],[-74.091118,40.570521],[-74.094184,40.569167],[-74.094181,40.566466],[-74.091111,40.565117],[-74.088045,40.566471]]]},"properties":{"t":"Illegal Parking","n":2,"q":0}},{"type":"Feature","geometry":{"type":"Polygon","coordinates":[[[-74.216793,40.533881],[-74.216802,40.536582],[-74.219873,40.537927],[-74.222935,40.536571],[-74.222926,40.533869],[-74.219855,40.532524],[-74.216793,40.533881]]]},"properties":{"t":"Illegal Parking","n":20,"q":2}},{"type":"Feature","geometry":{"type":"Polygon","coordinates":[[[-74.17709,40.594734],[-74.177097,40.597436],[-74.18017,40.598782],[-74.183236,40.597426],[-74.183229,40.594725],[-74.180156,40.593379],[-74.17709,40.594734]]]},"properties":{"t":"Illegal Parking","n":13,"q":1}},{"type":"Feature","geometry":{"type":"Polygon","coordinates":[[[-74.106543,40.623188],[-74.106547,40.62589],[-74.10962,40.627238],[-74.112689,40.625884],[-74.112684,40.623182],[-74.109611,40.621834],[-74.106543,40.623188]]]},"properties":{"t":"Illegal Parking","n":7,"q":1}},{"type":"Feature","geometry":{"type":"Polygon","coordinates":[[[-74.158752,40.62718],[-74.158758,40.629882],[-74.161832,40.631228],[-74.1649,40.629873],[-74.164893,40.627172],[-74.161819,40.625825],[-74.158752,40.62718]]]},"properties":{"t":"Illegal Parking","n":42,"q":3}},{"type":"Feature","geometry":{"type":"Polygon","coordinates":[[[-74.063532,40.598906],[-74.063535,40.601607],[-74.066605,40.602956],[-74.069674,40.601604],[-74.069671,40.598902],[-74.0666,40.597553],[-74.063532,40.598906]]]},"properties":{"t":"Illegal Parking","n":30,"q":2}},{"type":"Feature","geometry":{"type":"Polygon","coordinates":[[[-74.094249,40.615094],[-74.094253,40.617796],[-74.097325,40.619144],[-74.100394,40.61779],[-74.10039,40.615089],[-74.097317,40.613741],[-74.094249,40.615094]]]},"properties":{"t":"Illegal Parking","n":24,"q":2}},{"type":"Feature","geometry":{"type":"Polygon","coordinates":[[[-74.183095,40.546097],[-74.183103,40.548798],[-74.186174,40.550144],[-74.189237,40.548788],[-74.189229,40.546087],[-74.186159,40.544741],[-74.183095,40.546097]]]},"properties":{"t":"Illegal Parking","n":40,"q":3}},{"type":"Feature","geometry":{"type":"Polygon","coordinates":[[[-74.232083,40.521694],[-74.232092,40.524395],[-74.235163,40.52574],[-74.238224,40.524383],[-74.238215,40.521681],[-74.235144,40.520337],[-74.232083,40.521694]]]},"properties":{"t":"Illegal Parking","n":31,"q":2}},{"type":"Feature","geometry":{"type":"Polygon","coordinates":[[[-74.155691,40.631237],[-74.155697,40.633938],[-74.158771,40.635285],[-74.161839,40.63393],[-74.161832,40.631228],[-74.158758,40.629882],[-74.155691,40.631237]]]},"properties":{"t":"Illegal Parking","n":73,"q":4}},{"type":"Feature","geometry":{"type":"Polygon","coordinates":[[[-74.140174,40.554262],[-74.14018,40.556963],[-74.14325,40.55831],[-74.146315,40.556956],[-74.146309,40.554254],[-74.143239,40.552907],[-74.140174,40.554262]]]},"properties":{"t":"Illegal Parking","n":12,"q":1}},{"type":"Feature","geometry":{"type":"Polygon","coordinates":[[[-74.137082,40.542108],[-74.137087,40.54481],[-74.140157,40.546157],[-74.143221,40.544802],[-74.143216,40.542101],[-74.140146,40.540754],[-74.137082,40.542108]]]},"properties":{"t":"Illegal Parking","n":25,"q":2}},{"type":"Feature","geometry":{"type":"Polygon","coordinates":[[[-74.164893,40.627172],[-74.1649,40.629873],[-74.167974,40.631219],[-74.171042,40.629864],[-74.171035,40.627163],[-74.167961,40.625816],[-74.164893,40.627172]]]},"properties":{"t":"Illegal Parking","n":18,"q":1}},{"type":"Feature","geometry":{"type":"Polygon","coordinates":[[[-74.198442,40.550123],[-74.19845,40.552825],[-74.201522,40.55417],[-74.204585,40.552814],[-74.204577,40.550113],[-74.201506,40.548767],[-74.198442,40.550123]]]},"properties":{"t":"Illegal Parking","n":58,"q":4}},{"type":"Feature","geometry":{"type":"Polygon","coordinates":[[[-74.146487,40.635301],[-74.146493,40.638003],[-74.149567,40.63935],[-74.152635,40.637995],[-74.152629,40.635293],[-74.149555,40.633946],[-74.146487,40.635301]]]},"properties":{"t":"Illegal Parking","n":35,"q":3}},{"type":"Feature","geometry":{"type":"Polygon","coordinates":[[[-74.103428,40.594824],[-74.103433,40.597526],[-74.106504,40.598874],[-74.109571,40.59752],[-74.109567,40.594819],[-74.106495,40.593471],[-74.103428,40.594824]]]},"properties":{"t":"Illegal Parking","n":7,"q":1}},{"type":"Feature","geometry":{"type":"Polygon","coordinates":[[[-74.232027,40.505484],[-74.232036,40.508186],[-74.235106,40.50953],[-74.238167,40.508173],[-74.238157,40.505472],[-74.235087,40.504127],[-74.232027,40.505484]]]},"properties":{"t":"Illegal Parking","n":12,"q":1}},{"type":"Feature","geometry":{"type":"Polygon","coordinates":[[[-74.081998,40.639418],[-74.082002,40.642119],[-74.085075,40.643468],[-74.088145,40.642115],[-74.088141,40.639413],[-74.085068,40.638065],[-74.081998,40.639418]]]},"properties":{"t":"Illegal Parking","n":56,"q":4}},{"type":"Feature","geometry":{"type":"Polygon","coordinates":[[[-74.097278,40.586725],[-74.097282,40.589427],[-74.100353,40.590775],[-74.10342,40.589421],[-74.103416,40.58672],[-74.100345,40.585372],[-74.097278,40.586725]]]},"properties":{"t":"Illegal Parking","n":36,"q":3}},{"type":"Feature","geometry":{"type":"Polygon","coordinates":[[[-74.124951,40.615065],[-74.124956,40.617766],[-74.128029,40.619114],[-74.131097,40.61776],[-74.131091,40.615058],[-74.128019,40.613711],[-74.124951,40.615065]]]},"properties":{"t":"Illegal Parking","n":44,"q":3}},{"type":"Feature","geometry":{"type":"Polygon","coordinates":[[[-74.07581,40.598898],[-74.075813,40.6016],[-74.078884,40.602949],[-74.081952,40.601596],[-74.081949,40.598894],[-74.078878,40.597545],[-74.07581,40.598898]]]},"properties":{"t":"Illegal Parking","n":17,"q":1}},{"type":"Feature","geometry":{"type":"Polygon","coordinates":[[[-74.229031,40.525752],[-74.22904,40.528454],[-74.232111,40.529798],[-74.235173,40.528441],[-74.235163,40.52574],[-74.232092,40.524395],[-74.229031,40.525752]]]},"properties":{"t":"Illegal Parking","n":23,"q":2}},{"type":"Feature","geometry":{"type":"Polygon","coordinates":[[[-74.210686,40.541997],[-74.210694,40.544698],[-74.213765,40.546044],[-74.216828,40.544687],[-74.216819,40.541985],[-74.213748,40.54064],[-74.210686,40.541997]]]},"properties":{"t":"Illegal Parking","n":65,"q":4}},{"type":"Feature","geometry":{"type":"Polygon","coordinates":[[[-74.097325,40.619144],[-74.097329,40.621845],[-74.100402,40.623194],[-74.10347,40.62184],[-74.103466,40.619139],[-74.100394,40.61779],[-74.097325,40.619144]]]},"properties":{"t":"Illegal Parking","n":14,"q":1}},{"type":"Feature","geometry":{"type":"Polygon","coordinates":[[[-74.161734,40.590705],[-74.161741,40.593406],[-74.164813,40.594753],[-74.167879,40.593398],[-74.167872,40.590696],[-74.1648,40.58935],[-74.161734,40.590705]]]},"properties":{"t":"Illegal Parking","n":34,"q":3}},{"type":"Feature","geometry":{"type":"Polygon","coordinates":[[[-74.207556,40.521741],[-74.207564,40.524442],[-74.210635,40.525787],[-74.213696,40.524431],[-74.213688,40.521729],[-74.210618,40.520384],[-74.207556,40.521741]]]},"properties":{"t":"Illegal Parking","n":38,"q":3}},{"type":"Feature","geometry":{"type":"Polygon","coordinates":[[[-74.155558,40.574504],[-74.155565,40.577205],[-74.158636,40.578552],[-74.161702,40.577197],[-74.161695,40.574495],[-74.158623,40.573149],[-74.155558,40.574504]]]},"properties":{"t":"Illegal Parking","n":3,"q":0}},{"type":"Feature","geometry":{"type":"Polygon","coordinates":[[[-74.173905,40.550163],[-74.173912,40.552865],[-74.176983,40.554211],[-74.180047,40.552855],[-74.180039,40.550154],[-74.176969,40.548808],[-74.173905,40.550163]]]},"properties":{"t":"Illegal Parking","n":51,"q":3}},{"type":"Feature","geometry":{"type":"Polygon","coordinates":[[[-74.143407,40.631253],[-74.143413,40.633954],[-74.146487,40.635301],[-74.149555,40.633946],[-74.149549,40.631245],[-74.146475,40.629898],[-74.143407,40.631253]]]},"properties":{"t":"Illegal Parking","n":42,"q":3}},{"type":"Feature","geometry":{"type":"Polygon","coordinates":[[[-74.235106,40.50953],[-74.235116,40.512232],[-74.238186,40.513576],[-74.241247,40.512219],[-74.241237,40.509518],[-74.238167,40.508173],[-74.235106,40.50953]]]},"properties":{"t":"Illegal Parking","n":32,"q":2}},{"type":"Feature","geometry":{"type":"Polygon","coordinates":[[[-74.216819,40.541985],[-74.216828,40.544687],[-74.219899,40.546032],[-74.222962,40.544675],[-74.222953,40.541974],[-74.219882,40.540629],[-74.216819,40.541985]]]},"properties":{"t":"Illegal Parking","n":45,"q":3}},{"type":"Feature","geometry":{"type":"Polygon","coordinates":[[[-74.094238,40.606989],[-74.094242,40.609691],[-74.097313,40.611039],[-74.100381,40.609686],[-74.100377,40.606984],[-74.097306,40.605636],[-74.094238,40.606989]]]},"properties":{"t":"Illegal Parking","n":52,"q":3}},{"type":"Feature","geometry":{"type":"Polygon","coordinates":[[[-74.10962,40.627238],[-74.109625,40.629939],[-74.112698,40.631287],[-74.115766,40.629933],[-74.115762,40.627232],[-74.112689,40.625884],[-74.10962,40.627238]]]},"properties":{"t":"Illegal Parking","n":16,"q":1}},{"type":"Feature","geometry":{"type":"Polygon","coordinates":[[[-74.081949,40.598894],[-74.081952,40.601596],[-74.085023,40.602944],[-74.088091,40.601591],[-74.088087,40.59889],[-74.085016,40.597541],[-74.081949,40.598894]]]},"properties":{"t":"Illegal Parking","n":25,"q":2}},{"type":"Feature","geometry":{"type":"Polygon","coordinates":[[[-74.140276,40.60289],[-74.140282,40.605592],[-74.143355,40.606939],[-74.146422,40.605584],[-74.146416,40.602882],[-74.143343,40.601535],[-74.140276,40.60289]]]},"properties":{"t":"Illegal Parking","n":14,"q":1}},{"type":"Feature","geometry":{"type":"Polygon","coordinates":[[[-74.155483,40.542085],[-74.155489,40.544786],[-74.158559,40.546133],[-74.161623,40.544778],[-74.161617,40.542076],[-74.158547,40.54073],[-74.155483,40.542085]]]},"properties":{"t":"Illegal Parking","n":51,"q":3}},{"type":"Feature","geometry":{"type":"Polygon","coordinates":[[[-74.173884,40.542058],[-74.173891,40.54476],[-74.176961,40.546106],[-74.180025,40.544751],[-74.180017,40.542049],[-74.176947,40.540703],[-74.173884,40.542058]]]},"properties":{"t":"Illegal Parking","n":25,"q":2}},{"type":"Feature","geometry":{"type":"Polygon","coordinates":[[[-74.091162,40.60294],[-74.091166,40.605641],[-74.094238,40.606989],[-74.097306,40.605636],[-74.097302,40.602934],[-74.09423,40.601586],[-74.091162,40.60294]]]},"properties":{"t":"Illegal Parking","n":18,"q":1}},{"type":"Feature","geometry":{"type":"Polygon","coordinates":[[[-74.186174,40.550144],[-74.186181,40.552846],[-74.189252,40.554191],[-74.192316,40.552835],[-74.192308,40.550134],[-74.189237,40.548788],[-74.186174,40.550144]]]},"properties":{"t":"Illegal Parking","n":20,"q":2}},{"type":"Feature","geometry":{"type":"Polygon","coordinates":[[[-74.164693,40.546124],[-74.1647,40.548826],[-74.167771,40.550172],[-74.170834,40.548817],[-74.170827,40.546115],[-74.167757,40.544769],[-74.164693,40.546124]]]},"properties":{"t":"Illegal Parking","n":21,"q":2}},{"type":"Feature","geometry":{"type":"Polygon","coordinates":[[[-74.158579,40.554238],[-74.158585,40.556939],[-74.161656,40.558286],[-74.16472,40.556931],[-74.164713,40.554229],[-74.161643,40.552883],[-74.158579,40.554238]]]},"properties":{"t":"Illegal Parking","n":32,"q":2}},{"type":"Feature","geometry":{"type":"Polygon","coordinates":[[[-74.112684,40.623182],[-74.112689,40.625884],[-74.115762,40.627232],[-74.11883,40.625878],[-74.118825,40.623176],[-74.115752,40.621828],[-74.112684,40.623182]]]},"properties":{"t":"Illegal Parking","n":15,"q":1}},{"type":"Feature","geometry":{"type":"Polygon","coordinates":[[[-74.09729,40.59483],[-74.097294,40.597531],[-74.100365,40.598879],[-74.103433,40.597526],[-74.103428,40.594824],[-74.100357,40.593476],[-74.09729,40.59483]]]},"properties":{"t":"Illegal Parking","n":59,"q":4}},{"type":"Feature","geometry":{"type":"Polygon","coordinates":[[[-74.247367,40.509504],[-74.247377,40.512206],[-74.250448,40.51355],[-74.253508,40.512193],[-74.253498,40.509491],[-74.250428,40.508147],[-74.247367,40.509504]]]},"properties":{"t":"Illegal Parking","n":40,"q":3}},{"type":"Feature","geometry":{"type":"Polygon","coordinates":[[[-74.124875,40.574541],[-74.12488,40.577243],[-74.127951,40.57859],[-74.131017,40.577236],[-74.131012,40.574534],[-74.127941,40.573187],[-74.124875,40.574541]]]},"properties":{"t":"Illegal Parking","n":43,"q":3}},{"type":"Feature","geometry":{"type":"Polygon","coordinates":[[[-74.075819,40.607003],[-74.075822,40.609705],[-74.078894,40.611053],[-74.081962,40.6097],[-74.081959,40.606999],[-74.078887,40.60565],[-74.075819,40.607003]]]},"properties":{"t":"Illegal Parking","n":17,"q":1}},{"type":"Feature","geometry":{"type":"Polygon","coordinates":[[[-74.161813,40.623124],[-74.161819,40.625825],[-74.164893,40.627172],[-74.167961,40.625816],[-74.167954,40.623115],[-74.16488,40.621768],[-74.161813,40.623124]]]},"properties":{"t":"Illegal Parking","n":102,"q":4}},{"type":"Feature","geometry":{"type":"Polygon","coordinates":[[[-74.091129,40.578625],[-74.091133,40.581327],[-74.094203,40.582675],[-74.09727,40.581322],[-74.097266,40.57862],[-74.094196,40.577272],[-74.091129,40.578625]]]},"properties":{"t":"Illegal Parking","n":54,"q":4}},{"type":"Feature","geometry":{"type":"Polygon","coordinates":[[[-74.109593,40.611028],[-74.109598,40.61373],[-74.11267,40.615078],[-74.115738,40.613724],[-74.115733,40.611022],[-74.112661,40.609674],[-74.109593,40.611028]]]},"properties":{"t":"Illegal Parking","n":18,"q":1}},{"type":"Feature","geometry":{"type":"Polygon","coordinates":[[[-74.085023,40.602944],[-74.085027,40.605646],[-74.088098,40.606994],[-74.091166,40.605641],[-74.091162,40.60294],[-74.088091,40.601591],[-74.085023,40.602944]]]},"properties":{"t":"Illegal Parking","n":31,"q":2}},{"type":"Feature","geometry":{"type":"Polygon","coordinates":[[[-74.075847,40.631317],[-74.07585,40.634019],[-74.078922,40.635367],[-74.081992,40.634014],[-74.081988,40.631313],[-74.078916,40.629964],[-74.075847,40.631317]]]},"properties":{"t":"Illegal Parking","n":28,"q":2}},{"type":"Feature","geometry":{"type":"Polygon","coordinates":[[[-74.124981,40.631274],[-74.124986,40.633976],[-74.12806,40.635323],[-74.131129,40.633969],[-74.131123,40.631267],[-74.12805,40.62992],[-74.124981,40.631274]]]},"properties":{"t":"Illegal Parking","n":75,"q":4}},{"type":"Feature","geometry":{"type":"Polygon","coordinates":[[[-74.158713,40.610971],[-74.15872,40.613672],[-74.161793,40.615019],[-74.16486,40.613664],[-74.164853,40.610962],[-74.16178,40.609616],[-74.158713,40.610971]]]},"properties":{"t":"Illegal Parking","n":36,"q":3}},{"type":"Feature","geometry":{"type":"Polygon","coordinates":[[[-74.241237,40.509518],[-74.241247,40.512219],[-74.244317,40.513563],[-74.247377,40.512206],[-74.247367,40.509504],[-74.244297,40.50816],[-74.241237,40.509518]]]},"properties":{"t":"Illegal Parking","n":89,"q":4}},{"type":"Feature","geometry":{"type":"Polygon","coordinates":[[[-74.161695,40.574495],[-74.161702,40.577197],[-74.164773,40.578543],[-74.167838,40.577188],[-74.167832,40.574487],[-74.16476,40.57314],[-74.161695,40.574495]]]},"properties":{"t":"Illegal Parking","n":140,"q":4}},{"type":"Feature","geometry":{"type":"Polygon","coordinates":[[[-74.18017,40.598782],[-74.180178,40.601484],[-74.183251,40.60283],[-74.186317,40.601474],[-74.186309,40.598772],[-74.183236,40.597426],[-74.18017,40.598782]]]},"properties":{"t":"Illegal Parking","n":6,"q":0}},{"type":"Feature","geometry":{"type":"Polygon","coordinates":[[[-74.186287,40.590668],[-74.186294,40.593369],[-74.189367,40.594715],[-74.192433,40.593359],[-74.192425,40.590657],[-74.189352,40.589312],[-74.186287,40.590668]]]},"properties":{"t":"Illegal Parking","n":80,"q":4}},{"type":"Feature","geometry":{"type":"Polygon","coordinates":[[[-74.134023,40.546164],[-74.134029,40.548866],[-74.137099,40.550213],[-74.140163,40.548859],[-74.140157,40.546157],[-74.137087,40.54481],[-74.134023,40.546164]]]},"properties":{"t":"Illegal Parking","n":18,"q":1}},{"type":"Feature","geometry":{"type":"Polygon","coordinates":[[[-74.177176,40.627153],[-74.177183,40.629855],[-74.180258,40.631201],[-74.183325,40.629845],[-74.183318,40.627144],[-74.180243,40.625798],[-74.177176,40.627153]]]},"properties":{"t":"Illegal Parking","n":3,"q":0}},{"type":"Feature","geometry":{"type":"Polygon","coordinates":[[[-74.097254,40.570516],[-74.097258,40.573217],[-74.100329,40.574565],[-74.103395,40.573212],[-74.103391,40.57051],[-74.100321,40.569162],[-74.097254,40.570516]]]},"properties":{"t":"Illegal Parking","n":47,"q":3}},{"type":"Feature","geometry":{"type":"Polygon","coordinates":[[[-74.158636,40.578552],[-74.158643,40.581254],[-74.161715,40.5826],[-74.16478,40.581245],[-74.164773,40.578543],[-74.161702,40.577197],[-74.158636,40.578552]]]},"properties":{"t":"Illegal Parking","n":53,"q":3}},{"type":"Feature","geometry":{"type":"Polygon","coordinates":[[[-74.121844,40.594806],[-74.121849,40.597508],[-74.124921,40.598855],[-74.127988,40.597501],[-74.127982,40.5948],[-74.124911,40.593452],[-74.121844,40.594806]]]},"properties":{"t":"Illegal Parking","n":5,"q":0}},{"type":"Feature","geometry":{"type":"Polygon","coordinates":[[[-74.084982,40.570525],[-74.084985,40.573227],[-74.088055,40.574575],[-74.091122,40.573222],[-74.091118,40.570521],[-74.088048,40.569172],[-74.084982,40.570525]]]},"properties":{"t":"Illegal Parking","n":38,"q":3}},{"type":"Feature","geometry":{"type":"Polygon","coordinates":[[[-74.167954,40.623115],[-74.167961,40.625816],[-74.171035,40.627163],[-74.174102,40.625807],[-74.174095,40.623106],[-74.171021,40.621759],[-74.167954,40.623115]]]},"properties":{"t":"Illegal Parking","n":1,"q":0}},{"type":"Feature","geometry":{"type":"Polygon","coordinates":[[[-74.174095,40.623106],[-74.174102,40.625807],[-74.177176,40.627153],[-74.180243,40.625798],[-74.180236,40.623096],[-74.177162,40.62175],[-74.174095,40.623106]]]},"properties":{"t":"Illegal Parking","n":2,"q":0}},{"type":"Feature","geometry":{"type":"Polygon","coordinates":[[[-74.106504,40.598874],[-74.106508,40.601576],[-74.10958,40.602923],[-74.112648,40.60157],[-74.112643,40.598868],[-74.109571,40.59752],[-74.106504,40.598874]]]},"properties":{"t":"Illegal Parking","n":12,"q":1}},{"type":"Feature","geometry":{"type":"Polygon","coordinates":[[[-74.085064,40.635363],[-74.085068,40.638065],[-74.088141,40.639413],[-74.09121,40.63806],[-74.091207,40.635358],[-74.088134,40.63401],[-74.085064,40.635363]]]},"properties":{"t":"Illegal Parking","n":37,"q":3}},{"type":"Feature","geometry":{"type":"Polygon","coordinates":[[[-74.131012,40.574534],[-74.131017,40.577236],[-74.134088,40.578583],[-74.137154,40.577229],[-74.137148,40.574527],[-74.134077,40.57318],[-74.131012,40.574534]]]},"properties":{"t":"Illegal Parking","n":4,"q":0}},{"type":"Feature","geometry":{"type":"Polygon","coordinates":[[[-74.183051,40.529887],[-74.183058,40.532589],[-74.186129,40.533935],[-74.189191,40.532579],[-74.189184,40.529877],[-74.186113,40.528531],[-74.183051,40.529887]]]},"properties":{"t":"Illegal Parking","n":24,"q":2}},{"type":"Feature","geometry":{"type":"Polygon","coordinates":[[[-74.088087,40.59889],[-74.088091,40.601591],[-74.091162,40.60294],[-74.09423,40.601586],[-74.094226,40.598885],[-74.091155,40.597536],[-74.088087,40.59889]]]},"properties":{"t":"Illegal Parking","n":29,"q":2}},{"type":"Feature","geometry":{"type":"Polygon","coordinates":[[[-74.176961,40.546106],[-74.176969,40.548808],[-74.180039,40.550154],[-74.183103,40.548798],[-74.183095,40.546097],[-74.180025,40.544751],[-74.176961,40.546106]]]},"properties":{"t":"Illegal Parking","n":10,"q":1}},{"type":"Feature","geometry":{"type":"Polygon","coordinates":[[[-74.164793,40.586648],[-74.1648,40.58935],[-74.167872,40.590696],[-74.170938,40.589341],[-74.170931,40.586639],[-74.167859,40.585293],[-74.164793,40.586648]]]},"properties":{"t":"Illegal Parking","n":12,"q":1}},{"type":"Feature","geometry":{"type":"Polygon","coordinates":[[[-74.106439,40.55835],[-74.106444,40.561052],[-74.109514,40.5624],[-74.112579,40.561046],[-74.112575,40.558344],[-74.109505,40.556997],[-74.106439,40.55835]]]},"properties":{"t":"Illegal Parking","n":18,"q":1}},{"type":"Feature","geometry":{"type":"Polygon","coordinates":[[[-74.078894,40.611053],[-74.078897,40.613755],[-74.081968,40.615104],[-74.085037,40.61375],[-74.085034,40.611049],[-74.081962,40.6097],[-74.078894,40.611053]]]},"properties":{"t":"Illegal Parking","n":32,"q":2}},{"type":"Feature","geometry":{"type":"Polygon","coordinates":[[[-74.106556,40.631293],[-74.10656,40.633994],[-74.109633,40.635342],[-74.112702,40.633988],[-74.112698,40.631287],[-74.109625,40.629939],[-74.106556,40.631293]]]},"properties":{"t":"Illegal Parking","n":37,"q":3}},{"type":"Feature","geometry":{"type":"Polygon","coordinates":[[[-74.109633,40.635342],[-74.109638,40.638044],[-74.112711,40.639392],[-74.11578,40.638038],[-74.115776,40.635336],[-74.112702,40.633988],[-74.109633,40.635342]]]},"properties":{"t":"Illegal Parking","n":17,"q":1}},{"type":"Feature","geometry":{"type":"Polygon","coordinates":[[[-74.18314,40.562306],[-74.183147,40.565008],[-74.186219,40.566353],[-74.189283,40.564998],[-74.189275,40.562296],[-74.186204,40.56095],[-74.18314,40.562306]]]},"properties":{"t":"Illegal Parking","n":58,"q":4}},{"type":"Feature","geometry":{"type":"Polygon","coordinates":[[[-74.088109,40.615099],[-74.088112,40.617801],[-74.091185,40.619149],[-74.094253,40.617796],[-74.094249,40.615094],[-74.091177,40.613746],[-74.088109,40.615099]]]},"properties":{"t":"Illegal Parking","n":16,"q":1}},{"type":"Feature","geometry":{"type":"Polygon","coordinates":[[[-74.201473,40.537961],[-74.201481,40.540663],[-74.204552,40.542008],[-74.207615,40.540652],[-74.207606,40.53795],[-74.204535,40.536605],[-74.201473,40.537961]]]},"properties":{"t":"Illegal Parking","n":34,"q":3}},{"type":"Feature","geometry":{"type":"Polygon","coordinates":[[[-74.183207,40.58662],[-74.183214,40.589322],[-74.186287,40.590668],[-74.189352,40.589312],[-74.189344,40.58661],[-74.186272,40.585264],[-74.183207,40.58662]]]},"properties":{"t":"Illegal Parking","n":18,"q":1}},{"type":"Feature","geometry":{"type":"Polygon","coordinates":[[[-74.131091,40.615058],[-74.131097,40.61776],[-74.13417,40.619107],[-74.137237,40.617752],[-74.137232,40.615051],[-74.134159,40.613704],[-74.131091,40.615058]]]},"properties":{"t":"Illegal Parking","n":38,"q":3}},{"type":"Feature","geometry":{"type":"Polygon","coordinates":[[[-74.21066,40.533892],[-74.210669,40.536594],[-74.21374,40.537939],[-74.216802,40.536582],[-74.216793,40.533881],[-74.213722,40.532536],[-74.21066,40.533892]]]},"properties":{"t":"Illegal Parking","n":91,"q":4}},{"type":"Feature","geometry":{"type":"Polygon","coordinates":[[[-74.180039,40.550154],[-74.180047,40.552855],[-74.183118,40.554201],[-74.186181,40.552846],[-74.186174,40.550144],[-74.183103,40.548798],[-74.180039,40.550154]]]},"properties":{"t":"Illegal Parking","n":45,"q":3}},{"type":"Feature","geometry":{"type":"Polygon","coordinates":[[[-74.161793,40.615019],[-74.1618,40.61772],[-74.164873,40.619067],[-74.16794,40.617712],[-74.167933,40.61501],[-74.16486,40.613664],[-74.161793,40.615019]]]},"properties":{"t":"Illegal Parking","n":44,"q":3}},{"type":"Feature","geometry":{"type":"Polygon","coordinates":[[[-74.229059,40.533857],[-74.229068,40.536558],[-74.232139,40.537903],[-74.235201,40.536546],[-74.235192,40.533844],[-74.232121,40.5325],[-74.229059,40.533857]]]},"properties":{"t":"Illegal Parking","n":1,"q":0}},{"type":"Feature","geometry":{"type":"Polygon","coordinates":[[[-74.137198,40.598841],[-74.137204,40.601543],[-74.140276,40.60289],[-74.143343,40.601535],[-74.143337,40.598834],[-74.140265,40.597487],[-74.137198,40.598841]]]},"properties":{"t":"Illegal Parking","n":18,"q":1}},{"type":"Feature","geometry":{"type":"Polygon","coordinates":[[[-74.155464,40.53398],[-74.15547,40.536682],[-74.15854,40.538028],[-74.161603,40.536673],[-74.161597,40.533972],[-74.158527,40.532625],[-74.155464,40.53398]]]},"properties":{"t":"Illegal Parking","n":32,"q":2}},{"type":"Feature","geometry":{"type":"Polygon","coordinates":[[[-74.164913,40.635276],[-74.16492,40.637978],[-74.167995,40.639324],[-74.171063,40.637969],[-74.171056,40.635267],[-74.167981,40.633921],[-74.164913,40.635276]]]},"properties":{"t":"Illegal Parking","n":44,"q":3}},{"type":"Feature","geometry":{"type":"Polygon","coordinates":[[[-74.118796,40.606967],[-74.118801,40.609668],[-74.121873,40.611016],[-74.124941,40.609662],[-74.124936,40.60696],[-74.121864,40.605613],[-74.118796,40.606967]]]},"properties":{"t":"Illegal Parking","n":47,"q":3}},{"type":"Feature","geometry":{"type":"Polygon","coordinates":[[[-74.12792,40.562381],[-74.127925,40.565082],[-74.130996,40.56643],[-74.134061,40.565075],[-74.134056,40.562374],[-74.130985,40.561027],[-74.12792,40.562381]]]},"properties":{"t":"Illegal Parking","n":14,"q":1}},{"type":"Feature","geometry":{"type":"Polygon","coordinates":[[[-74.225979,40.529811],[-74.225988,40.532512],[-74.229059,40.533857],[-74.232121,40.5325],[-74.232111,40.529798],[-74.22904,40.528454],[-74.225979,40.529811]]]},"properties":{"t":"Illegal Parking","n":3,"q":0}},{"type":"Feature","geometry":{"type":"Polygon","coordinates":[[[-74.204577,40.550113],[-74.204585,40.552814],[-74.207657,40.55416],[-74.21072,40.552803],[-74.210711,40.550102],[-74.20764,40.548756],[-74.204577,40.550113]]]},"properties":{"t":"Illegal Parking","n":11,"q":1}},{"type":"Feature","geometry":{"type":"Polygon","coordinates":[[[-74.155521,40.558294],[-74.155527,40.560996],[-74.158598,40.562343],[-74.161662,40.560987],[-74.161656,40.558286],[-74.158585,40.556939],[-74.155521,40.558294]]]},"properties":{"t":"Illegal Parking","n":41,"q":3}},{"type":"Feature","geometry":{"type":"Polygon","coordinates":[[[-74.12177,40.554283],[-74.121775,40.556984],[-74.124845,40.558332],[-74.12791,40.556978],[-74.127905,40.554276],[-74.124835,40.552929],[-74.12177,40.554283]]]},"properties":{"t":"Illegal Parking","n":21,"q":2}},{"type":"Feature","geometry":{"type":"Polygon","coordinates":[[[-74.078874,40.594844],[-74.078878,40.597545],[-74.081949,40.598894],[-74.085016,40.597541],[-74.085013,40.59484],[-74.081942,40.593491],[-74.078874,40.594844]]]},"properties":{"t":"Illegal Parking","n":32,"q":2}},{"type":"Feature","geometry":{"type":"Polygon","coordinates":[[[-74.238186,40.513576],[-74.238196,40.516278],[-74.241266,40.517622],[-74.244327,40.516265],[-74.244317,40.513563],[-74.241247,40.512219],[-74.238186,40.513576]]]},"properties":{"t":"Illegal Parking","n":42,"q":3}},{"type":"Feature","geometry":{"type":"Polygon","coordinates":[[[-74.103453,40.611034],[-74.103458,40.613735],[-74.10653,40.615083],[-74.109598,40.61373],[-74.109593,40.611028],[-74.106521,40.60968],[-74.103453,40.611034]]]},"properties":{"t":"Illegal Parking","n":25,"q":2}},{"type":"Feature","geometry":{"type":"Polygon","coordinates":[[[-74.081919,40.57458],[-74.081922,40.577282],[-74.084992,40.57863],[-74.088059,40.577277],[-74.088055,40.574575],[-74.084985,40.573227],[-74.081919,40.57458]]]},"properties":{"t":"Illegal Parking","n":18,"q":1}},{"type":"Feature","geometry":{"type":"Polygon","coordinates":[[[-74.143302,40.582624],[-74.143308,40.585326],[-74.14638,40.586673],[-74.149446,40.585318],[-74.14944,40.582617],[-74.146368,40.58127],[-74.143302,40.582624]]]},"properties":{"t":"Illegal Parking","n":9,"q":1}},{"type":"Feature","geometry":{"type":"Polygon","coordinates":[[[-74.094226,40.598885],[-74.09423,40.601586],[-74.097302,40.602934],[-74.100369,40.601581],[-74.100365,40.598879],[-74.097294,40.597531],[-74.094226,40.598885]]]},"properties":{"t":"Illegal Parking","n":12,"q":1}},{"type":"Feature","geometry":{"type":"Polygon","coordinates":[[[-74.072718,40.578638],[-74.072721,40.58134],[-74.075791,40.582689],[-74.078858,40.581336],[-74.078855,40.578634],[-74.075785,40.577286],[-74.072718,40.578638]]]},"properties":{"t":"Illegal Parking","n":24,"q":2}},{"type":"Feature","geometry":{"type":"Polygon","coordinates":[[[-74.167852,40.582591],[-74.167859,40.585293],[-74.170931,40.586639],[-74.173996,40.585284],[-74.173989,40.582582],[-74.170917,40.581236],[-74.167852,40.582591]]]},"properties":{"t":"Illegal Parking","n":4,"q":0}},{"type":"Feature","geometry":{"type":"Polygon","coordinates":[[[-74.088098,40.606994],[-74.088102,40.609696],[-74.091173,40.611044],[-74.094242,40.609691],[-74.094238,40.606989],[-74.091166,40.605641],[-74.088098,40.606994]]]},"properties":{"t":"Illegal Parking","n":29,"q":2}},{"type":"Feature","geometry":{"type":"Polygon","coordinates":[[[-74.173842,40.525849],[-74.173849,40.528551],[-74.176918,40.529897],[-74.179981,40.528541],[-74.179974,40.52584],[-74.176904,40.524494],[-74.173842,40.525849]]]},"properties":{"t":"Illegal Parking","n":8,"q":1}},{"type":"Feature","geometry":{"type":"Polygon","coordinates":[[[-74.137115,40.558318],[-74.137121,40.561019],[-74.140191,40.562366],[-74.143256,40.561012],[-74.14325,40.55831],[-74.14018,40.556963],[-74.137115,40.558318]]]},"properties":{"t":"Illegal Parking","n":16,"q":1}},{"type":"Feature","geometry":{"type":"Polygon","coordinates":[[[-74.210609,40.517683],[-74.210618,40.520384],[-74.213688,40.521729],[-74.216749,40.520373],[-74.21674,40.517671],[-74.21367,40.516326],[-74.210609,40.517683]]]},"properties":{"t":"Illegal Parking","n":13,"q":1}},{"type":"Feature","geometry":{"type":"Polygon","coordinates":[[[-74.179996,40.533944],[-74.180003,40.536646],[-74.183073,40.537992],[-74.186136,40.536636],[-74.186129,40.533935],[-74.183058,40.532589],[-74.179996,40.533944]]]},"properties":{"t":"Illegal Parking","n":3,"q":0}},{"type":"Feature","geometry":{"type":"Polygon","coordinates":[[[-74.124845,40.558332],[-74.12485,40.561033],[-74.12792,40.562381],[-74.130985,40.561027],[-74.13098,40.558325],[-74.12791,40.556978],[-74.124845,40.558332]]]},"properties":{"t":"Illegal Parking","n":15,"q":1}},{"type":"Feature","geometry":{"type":"Polygon","coordinates":[[[-74.192215,40.517715],[-74.192223,40.520416],[-74.195292,40.521762],[-74.198354,40.520406],[-74.198346,40.517704],[-74.195277,40.516359],[-74.192215,40.517715]]]},"properties":{"t":"Illegal Parking","n":22,"q":2}},{"type":"Feature","geometry":{"type":"Polygon","coordinates":[[[-74.186083,40.517725],[-74.186091,40.520427],[-74.189161,40.521772],[-74.192223,40.520416],[-74.192215,40.517715],[-74.189145,40.516369],[-74.186083,40.517725]]]},"properties":{"t":"Illegal Parking","n":1,"q":0}},{"type":"Feature","geometry":{"type":"Polygon","coordinates":[[[-74.204502,40.525798],[-74.204511,40.5285],[-74.207581,40.529845],[-74.210643,40.528489],[-74.210635,40.525787],[-74.207564,40.524442],[-74.204502,40.525798]]]},"properties":{"t":"Illegal Parking","n":35,"q":3}},{"type":"Feature","geometry":{"type":"Polygon","coordinates":[[[-74.146327,40.562359],[-74.146333,40.56506],[-74.149404,40.566407],[-74.152468,40.565052],[-74.152462,40.562351],[-74.149392,40.561004],[-74.146327,40.562359]]]},"properties":{"t":"Illegal Parking","n":38,"q":3}},{"type":"Feature","geometry":{"type":"Polygon","coordinates":[[[-74.103378,40.562405],[-74.103382,40.565107],[-74.106452,40.566455],[-74.109518,40.565101],[-74.109514,40.5624],[-74.106444,40.561052],[-74.103378,40.562405]]]},"properties":{"t":"Illegal Parking","n":42,"q":3}},{"type":"Feature","geometry":{"type":"Polygon","coordinates":[[[-74.112711,40.639392],[-74.112716,40.642093],[-74.11579,40.643441],[-74.118859,40.642087],[-74.118854,40.639385],[-74.11578,40.638038],[-74.112711,40.639392]]]},"properties":{"t":"Illegal Parking","n":37,"q":3}},{"type":"Feature","geometry":{"type":"Polygon","coordinates":[[[-74.097361,40.643458],[-74.097365,40.646159],[-74.100438,40.647508],[-74.103508,40.646154],[-74.103504,40.643453],[-74.10043,40.642105],[-74.097361,40.643458]]]},"properties":{"t":"Illegal Parking","n":7,"q":1}},{"type":"Feature","geometry":{"type":"Polygon","coordinates":[[[-74.167771,40.550172],[-74.167777,40.552874],[-74.170848,40.55422],[-74.173912,40.552865],[-74.173905,40.550163],[-74.170834,40.548817],[-74.167771,40.550172]]]},"properties":{"t":"Illegal Parking","n":70,"q":4}},{"type":"Feature","geometry":{"type":"Polygon","coordinates":[[[-74.183251,40.60283],[-74.183258,40.605531],[-74.186332,40.606877],[-74.189398,40.605521],[-74.18939,40.60282],[-74.186317,40.601474],[-74.183251,40.60283]]]},"properties":{"t":"Illegal Parking","n":1,"q":0}},{"type":"Feature","geometry":{"type":"Polygon","coordinates":[[[-74.118782,40.598862],[-74.118787,40.601563],[-74.121859,40.602911],[-74.124926,40.601557],[-74.124921,40.598855],[-74.121849,40.597508],[-74.118782,40.598862]]]},"properties":{"t":"Illegal Parking","n":48,"q":3}},{"type":"Feature","geometry":{"type":"Polygon","coordinates":[[[-74.112588,40.566449],[-74.112593,40.569151],[-74.115663,40.570499],[-74.118729,40.569145],[-74.118724,40.566443],[-74.115654,40.565095],[-74.112588,40.566449]]]},"properties":{"t":"Illegal Parking","n":43,"q":3}},{"type":"Feature","geometry":{"type":"Polygon","coordinates":[[[-74.069671,40.598902],[-74.069674,40.601604],[-74.072745,40.602953],[-74.075813,40.6016],[-74.07581,40.598898],[-74.072739,40.59755],[-74.069671,40.598902]]]},"properties":{"t":"Illegal Parking","n":26,"q":2}},{"type":"Feature","geometry":{"type":"Polygon","coordinates":[[[-74.137282,40.639365],[-74.137287,40.642066],[-74.140362,40.643413],[-74.14343,40.642059],[-74.143424,40.639357],[-74.14035,40.63801],[-74.137282,40.639365]]]},"properties":{"t":"Illegal Parking","n":38,"q":3}},{"type":"Feature","geometry":{"type":"Polygon","coordinates":[[[-74.127951,40.57859],[-74.127956,40.581292],[-74.131028,40.582639],[-74.134094,40.581285],[-74.134088,40.578583],[-74.131017,40.577236],[-74.127951,40.57859]]]},"properties":{"t":"Illegal Parking","n":2,"q":0}},{"type":"Feature","geometry":{"type":"Polygon","coordinates":[[[-74.085013,40.59484],[-74.085016,40.597541],[-74.088087,40.59889],[-74.091155,40.597536],[-74.091151,40.594835],[-74.08808,40.593486],[-74.085013,40.59484]]]},"properties":{"t":"Illegal Parking","n":54,"q":4}},{"type":"Feature","geometry":{"type":"Polygon","coordinates":[[[-74.146451,40.619092],[-74.146457,40.621793],[-74.149531,40.62314],[-74.152598,40.621785],[-74.152592,40.619084],[-74.149518,40.617737],[-74.146451,40.619092]]]},"properties":{"t":"Illegal Parking","n":23,"q":2}},{"type":"Feature","geometry":{"type":"Polygon","coordinates":[[[-74.14638,40.586673],[-74.146386,40.589375],[-74.149458,40.590721],[-74.152524,40.589367],[-74.152518,40.586665],[-74.149446,40.585318],[-74.14638,40.586673]]]},"properties":{"t":"Illegal Parking","n":49,"q":3}},{"type":"Feature","geometry":{"type":"Polygon","coordinates":[[[-74.189206,40.537982],[-74.189214,40.540683],[-74.192285,40.542029],[-74.195348,40.540673],[-74.19534,40.537972],[-74.192269,40.536626],[-74.189206,40.537982]]]},"properties":{"t":"Illegal Parking","n":7,"q":1}},{"type":"Feature","geometry":{"type":"Polygon","coordinates":[[[-74.100414,40.631298],[-74.100418,40.634],[-74.103491,40.635348],[-74.10656,40.633994],[-74.106556,40.631293],[-74.103483,40.629945],[-74.100414,40.631298]]]},"properties":{"t":"Illegal Parking","n":25,"q":2}},{"type":"Feature","geometry":{"type":"Polygon","coordinates":[[[-74.100377,40.606984],[-74.100381,40.609686],[-74.103453,40.611034],[-74.106521,40.60968],[-74.106517,40.606979],[-74.103445,40.605631],[-74.100377,40.606984]]]},"properties":{"t":"Illegal Parking","n":30,"q":2}},{"type":"Feature","geometry":{"type":"Polygon","coordinates":[[[-74.106465,40.57456],[-74.10647,40.577261],[-74.10954,40.578609],[-74.112606,40.577256],[-74.112602,40.574554],[-74.109531,40.573206],[-74.106465,40.57456]]]},"properties":{"t":"Illegal Parking","n":23,"q":2}},{"type":"Feature","geometry":{"type":"Polygon","coordinates":[[[-74.225951,40.521706],[-74.22596,40.524407],[-74.229031,40.525752],[-74.232092,40.524395],[-74.232083,40.521694],[-74.229012,40.520349],[-74.225951,40.521706]]]},"properties":{"t":"Illegal Parking","n":1,"q":0}},{"type":"Feature","geometry":{"type":"Polygon","coordinates":[[[-74.152592,40.619084],[-74.152598,40.621785],[-74.155672,40.623132],[-74.158739,40.621777],[-74.158733,40.619075],[-74.155659,40.617729],[-74.152592,40.619084]]]},"properties":{"t":"Illegal Parking","n":44,"q":3}},{"type":"Feature","geometry":{"type":"Polygon","coordinates":[[[-74.13098,40.558325],[-74.130985,40.561027],[-74.134056,40.562374],[-74.137121,40.561019],[-74.137115,40.558318],[-74.134045,40.556971],[-74.13098,40.558325]]]},"properties":{"t":"Illegal Parking","n":12,"q":1}},{"type":"Feature","geometry":{"type":"Polygon","coordinates":[[[-74.121785,40.562387],[-74.12179,40.565089],[-74.12486,40.566437],[-74.127925,40.565082],[-74.12792,40.562381],[-74.12485,40.561033],[-74.121785,40.562387]]]},"properties":{"t":"Illegal Parking","n":7,"q":1}},{"type":"Feature","geometry":{"type":"Polygon","coordinates":[[[-74.183318,40.627144],[-74.183325,40.629845],[-74.1864,40.631191],[-74.189467,40.629835],[-74.189459,40.627134],[-74.186385,40.625788],[-74.183318,40.627144]]]},"properties":{"t":"Illegal Parking","n":1,"q":0}},{"type":"Feature","geometry":{"type":"Polygon","coordinates":[[[-74.201449,40.529856],[-74.201457,40.532558],[-74.204527,40.533903],[-74.207589,40.532547],[-74.207581,40.529845],[-74.204511,40.5285],[-74.201449,40.529856]]]},"properties":{"t":"Illegal Parking","n":15,"q":1}},{"type":"Feature","geometry":{"type":"Polygon","coordinates":[[[-74.146433,40.610987],[-74.146439,40.613689],[-74.149512,40.615035],[-74.15258,40.613681],[-74.152573,40.610979],[-74.1495,40.609632],[-74.146433,40.610987]]]},"properties":{"t":"Illegal Parking","n":14,"q":1}},{"type":"Feature","geometry":{"type":"Polygon","coordinates":[[[-74.183229,40.594725],[-74.183236,40.597426],[-74.186309,40.598772],[-74.189375,40.597416],[-74.189367,40.594715],[-74.186294,40.593369],[-74.183229,40.594725]]]},"properties":{"t":"Illegal Parking","n":58,"q":4}},{"type":"Feature","geometry":{"type":"Polygon","coordinates":[[[-74.192192,40.50961],[-74.192199,40.512312],[-74.195269,40.513657],[-74.19833,40.512301],[-74.198322,40.5096],[-74.195253,40.508254],[-74.192192,40.50961]]]},"properties":{"t":"Illegal Parking","n":5,"q":0}},{"type":"Feature","geometry":{"type":"Polygon","coordinates":[[[-74.192425,40.590657],[-74.192433,40.593359],[-74.195506,40.594705],[-74.198571,40.593349],[-74.198563,40.590647],[-74.19549,40.589302],[-74.192425,40.590657]]]},"properties":{"t":"Illegal Parking","n":1,"q":0}},{"type":"Feature","geometry":{"type":"Polygon","coordinates":[[[-74.130996,40.56643],[-74.131001,40.569131],[-74.134072,40.570479],[-74.137137,40.569124],[-74.137132,40.566423],[-74.134061,40.565075],[-74.130996,40.56643]]]},"properties":{"t":"Illegal Parking","n":20,"q":2}},{"type":"Feature","geometry":{"type":"Polygon","coordinates":[[[-74.235163,40.52574],[-74.235173,40.528441],[-74.238244,40.529786],[-74.241305,40.528429],[-74.241295,40.525727],[-74.238224,40.524383],[-74.235163,40.52574]]]},"properties":{"t":"Illegal Parking","n":9,"q":1}},{"type":"Feature","geometry":{"type":"Polygon","coordinates":[[[-74.170807,40.538011],[-74.170814,40.540712],[-74.173884,40.542058],[-74.176947,40.540703],[-74.17694,40.538001],[-74.17387,40.536655],[-74.170807,40.538011]]]},"properties":{"t":"Illegal Parking","n":16,"q":1}},{"type":"Feature","geometry":{"type":"Polygon","coordinates":[[[-74.140157,40.546157],[-74.140163,40.548859],[-74.143233,40.550206],[-74.146297,40.548851],[-74.146291,40.546149],[-74.143221,40.544802],[-74.140157,40.546157]]]},"properties":{"t":"Illegal Parking","n":25,"q":2}},{"type":"Feature","geometry":{"type":"Polygon","coordinates":[[[-74.100426,40.639403],[-74.10043,40.642105],[-74.103504,40.643453],[-74.106573,40.642099],[-74.106569,40.639397],[-74.103495,40.638049],[-74.100426,40.639403]]]},"properties":{"t":"Illegal Parking","n":1,"q":0}},{"type":"Feature","geometry":{"type":"Polygon","coordinates":[[[-74.11267,40.615078],[-74.112675,40.617779],[-74.115748,40.619127],[-74.118815,40.617773],[-74.118811,40.615071],[-74.115738,40.613724],[-74.11267,40.615078]]]},"properties":{"t":"Illegal Parking","n":14,"q":1}},{"type":"Feature","geometry":{"type":"Polygon","coordinates":[[[-74.134072,40.570479],[-74.134077,40.57318],[-74.137148,40.574527],[-74.140214,40.573173],[-74.140208,40.570471],[-74.137137,40.569124],[-74.134072,40.570479]]]},"properties":{"t":"Illegal Parking","n":5,"q":0}},{"type":"Feature","geometry":{"type":"Polygon","coordinates":[[[-74.207657,40.55416],[-74.207665,40.556861],[-74.210737,40.558206],[-74.2138,40.55685],[-74.213791,40.554148],[-74.21072,40.552803],[-74.207657,40.55416]]]},"properties":{"t":"Illegal Parking","n":11,"q":1}},{"type":"Feature","geometry":{"type":"Polygon","coordinates":[[[-74.177004,40.562316],[-74.177011,40.565017],[-74.180083,40.566363],[-74.183147,40.565008],[-74.18314,40.562306],[-74.180068,40.56096],[-74.177004,40.562316]]]},"properties":{"t":"Illegal Parking","n":62,"q":4}},{"type":"Feature","geometry":{"type":"Polygon","coordinates":[[[-74.088055,40.574575],[-74.088059,40.577277],[-74.091129,40.578625],[-74.094196,40.577272],[-74.094192,40.574571],[-74.091122,40.573222],[-74.088055,40.574575]]]},"properties":{"t":"Illegal Parking","n":35,"q":3}},{"type":"Feature","geometry":{"type":"Polygon","coordinates":[[[-74.118854,40.639385],[-74.118859,40.642087],[-74.121933,40.643435],[-74.125002,40.64208],[-74.124997,40.639379],[-74.121923,40.638031],[-74.118854,40.639385]]]},"properties":{"t":"Illegal Parking","n":33,"q":2}},{"type":"Feature","geometry":{"type":"Polygon","coordinates":[[[-74.140293,40.610995],[-74.140299,40.613696],[-74.143372,40.615043],[-74.146439,40.613689],[-74.146433,40.610987],[-74.14336,40.60964],[-74.140293,40.610995]]]},"properties":{"t":"Illegal Parking","n":7,"q":1}},{"type":"Feature","geometry":{"type":"Polygon","coordinates":[[[-74.189161,40.521772],[-74.189168,40.524474],[-74.192238,40.52582],[-74.1953,40.524464],[-74.195292,40.521762],[-74.192223,40.520416],[-74.189161,40.521772]]]},"properties":{"t":"Illegal Parking","n":2,"q":0}},{"type":"Feature","geometry":{"type":"Polygon","coordinates":[[[-74.149512,40.615035],[-74.149518,40.617737],[-74.152592,40.619084],[-74.155659,40.617729],[-74.155653,40.615027],[-74.15258,40.613681],[-74.149512,40.615035]]]},"properties":{"t":"Illegal Parking","n":16,"q":1}},{"type":"Feature","geometry":{"type":"Polygon","coordinates":[[[-74.189184,40.529877],[-74.189191,40.532579],[-74.192261,40.533924],[-74.195324,40.532568],[-74.195316,40.529867],[-74.192246,40.528521],[-74.189184,40.529877]]]},"properties":{"t":"Illegal Parking","n":17,"q":1}},{"type":"Feature","geometry":{"type":"Polygon","coordinates":[[[-74.075782,40.574584],[-74.075785,40.577286],[-74.078855,40.578634],[-74.081922,40.577282],[-74.081919,40.57458],[-74.078849,40.573231],[-74.075782,40.574584]]]},"properties":{"t":"Illegal Parking","n":15,"q":1}},{"type":"Feature","geometry":{"type":"Polygon","coordinates":[[[-74.146309,40.554254],[-74.146315,40.556956],[-74.149385,40.558302],[-74.15245,40.556948],[-74.152444,40.554246],[-74.149373,40.552899],[-74.146309,40.554254]]]},"properties":{"t":"Illegal Parking","n":12,"q":1}},{"type":"Feature","geometry":{"type":"Polygon","coordinates":[[[-74.103466,40.619139],[-74.10347,40.62184],[-74.106543,40.623188],[-74.109611,40.621834],[-74.109607,40.619133],[-74.106534,40.617785],[-74.103466,40.619139]]]},"properties":{"t":"Illegal Parking","n":11,"q":1}},{"type":"Feature","geometry":{"type":"Polygon","coordinates":[[[-74.124997,40.639379],[-74.125002,40.64208],[-74.128076,40.643428],[-74.131144,40.642074],[-74.131139,40.639372],[-74.128065,40.638025],[-74.124997,40.639379]]]},"properties":{"t":"Illegal Parking","n":7,"q":1}},{"type":"Feature","geometry":{"type":"Polygon","coordinates":[[[-74.238128,40.497367],[-74.238138,40.500068],[-74.241208,40.501413],[-74.244268,40.500056],[-74.244258,40.497354],[-74.241188,40.49601],[-74.238128,40.497367]]]},"properties":{"t":"Illegal Parking","n":6,"q":0}},{"type":"Feature","geometry":{"type":"Polygon","coordinates":[[[-74.143233,40.550206],[-74.143239,40.552907],[-74.146309,40.554254],[-74.149373,40.552899],[-74.149367,40.550198],[-74.146297,40.548851],[-74.143233,40.550206]]]},"properties":{"t":"Illegal Parking","n":14,"q":1}},{"type":"Feature","geometry":{"type":"Polygon","coordinates":[[[-74.103441,40.602929],[-74.103445,40.605631],[-74.106517,40.606979],[-74.109585,40.605625],[-74.10958,40.602923],[-74.106508,40.601576],[-74.103441,40.602929]]]},"properties":{"t":"Illegal Parking","n":1,"q":0}},{"type":"Feature","geometry":{"type":"Polygon","coordinates":[[[-74.078855,40.578634],[-74.078858,40.581336],[-74.081929,40.582685],[-74.084996,40.581332],[-74.084992,40.57863],[-74.081922,40.577282],[-74.078855,40.578634]]]},"properties":{"t":"Illegal Parking","n":23,"q":2}},{"type":"Feature","geometry":{"type":"Polygon","coordinates":[[[-74.152407,40.538037],[-74.152413,40.540738],[-74.155483,40.542085],[-74.158547,40.54073],[-74.15854,40.538028],[-74.15547,40.536682],[-74.152407,40.538037]]]},"properties":{"t":"Illegal Parking","n":58,"q":4}},{"type":"Feature","geometry":{"type":"Polygon","coordinates":[[[-74.109567,40.594819],[-74.109571,40.59752],[-74.112643,40.598868],[-74.11571,40.597514],[-74.115705,40.594813],[-74.112634,40.593465],[-74.109567,40.594819]]]},"properties":{"t":"Illegal Parking","n":7,"q":1}},{"type":"Feature","geometry":{"type":"Polygon","coordinates":[[[-74.161852,40.639333],[-74.161859,40.642034],[-74.164933,40.643381],[-74.168001,40.642026],[-74.167995,40.639324],[-74.16492,40.637978],[-74.161852,40.639333]]]},"properties":{"t":"Illegal Parking","n":13,"q":1}},{"type":"Feature","geometry":{"type":"Polygon","coordinates":[[[-74.097302,40.602934],[-74.097306,40.605636],[-74.100377,40.606984],[-74.103445,40.605631],[-74.103441,40.602929],[-74.100369,40.601581],[-74.097302,40.602934]]]},"properties":{"t":"Illegal Parking","n":3,"q":0}},{"type":"Feature","geometry":{"type":"Polygon","coordinates":[[[-74.103491,40.635348],[-74.103495,40.638049],[-74.106569,40.639397],[-74.109638,40.638044],[-74.109633,40.635342],[-74.10656,40.633994],[-74.103491,40.635348]]]},"properties":{"t":"Illegal Parking","n":9,"q":1}},{"type":"Feature","geometry":{"type":"Polygon","coordinates":[[[-74.149494,40.606931],[-74.1495,40.609632],[-74.152573,40.610979],[-74.15564,40.609624],[-74.155634,40.606923],[-74.152561,40.605576],[-74.149494,40.606931]]]},"properties":{"t":"Illegal Parking","n":13,"q":1}},{"type":"Feature","geometry":{"type":"Polygon","coordinates":[[[-74.19534,40.537972],[-74.195348,40.540673],[-74.198418,40.542019],[-74.201481,40.540663],[-74.201473,40.537961],[-74.198402,40.536616],[-74.19534,40.537972]]]},"properties":{"t":"Illegal Parking","n":10,"q":1}},{"type":"Feature","geometry":{"type":"Polygon","coordinates":[[[-74.134121,40.594793],[-74.134126,40.597494],[-74.137198,40.598841],[-74.140265,40.597487],[-74.140259,40.594785],[-74.137187,40.593438],[-74.134121,40.594793]]]},"properties":{"t":"Illegal Parking","n":6,"q":0}},{"type":"Feature","geometry":{"type":"Polygon","coordinates":[[[-74.189138,40.513668],[-74.189145,40.516369],[-74.192215,40.517715],[-74.195277,40.516359],[-74.195269,40.513657],[-74.192199,40.512312],[-74.189138,40.513668]]]},"properties":{"t":"Illegal Parking","n":14,"q":1}},{"type":"Feature","geometry":{"type":"Polygon","coordinates":[[[-74.189367,40.594715],[-74.189375,40.597416],[-74.192448,40.598762],[-74.195514,40.597406],[-74.195506,40.594705],[-74.192433,40.593359],[-74.189367,40.594715]]]},"properties":{"t":"Illegal Parking","n":10,"q":1}},{"type":"Feature","geometry":{"type":"Polygon","coordinates":[[[-74.15854,40.538028],[-74.158547,40.54073],[-74.161617,40.542076],[-74.16468,40.540721],[-74.164673,40.53802],[-74.161603,40.536673],[-74.15854,40.538028]]]},"properties":{"t":"Illegal Parking","n":30,"q":2}},{"type":"Feature","geometry":{"type":"Polygon","coordinates":[[[-74.081968,40.615104],[-74.081972,40.617805],[-74.085044,40.619154],[-74.088112,40.617801],[-74.088109,40.615099],[-74.085037,40.61375],[-74.081968,40.615104]]]},"properties":{"t":"Illegal Parking","n":17,"q":1}},{"type":"Feature","geometry":{"type":"Polygon","coordinates":[[[-74.137148,40.574527],[-74.137154,40.577229],[-74.140225,40.578576],[-74.143291,40.577221],[-74.143285,40.57452],[-74.140214,40.573173],[-74.137148,40.574527]]]},"properties":{"t":"Illegal Parking","n":4,"q":0}},{"type":"Feature","geometry":{"type":"Polygon","coordinates":[[[-74.201497,40.546066],[-74.201506,40.548767],[-74.204577,40.550113],[-74.20764,40.548756],[-74.207631,40.546055],[-74.20456,40.54471],[-74.201497,40.546066]]]},"properties":{"t":"Illegal Parking","n":2,"q":0}},{"type":"Feature","geometry":{"type":"Polygon","coordinates":[[[-74.189275,40.562296],[-74.189283,40.564998],[-74.192355,40.566343],[-74.195419,40.564987],[-74.195411,40.562286],[-74.192339,40.56094],[-74.189275,40.562296]]]},"properties":{"t":"Illegal Parking","n":2,"q":0}},{"type":"Feature","geometry":{"type":"Polygon","coordinates":[[[-74.14031,40.619099],[-74.140316,40.621801],[-74.143389,40.623148],[-74.146457,40.621793],[-74.146451,40.619092],[-74.143378,40.617745],[-74.14031,40.619099]]]},"properties":{"t":"Illegal Parking","n":16,"q":1}},{"type":"Feature","geometry":{"type":"Polygon","coordinates":[[[-74.171035,40.627163],[-74.171042,40.629864],[-74.174116,40.63121],[-74.177183,40.629855],[-74.177176,40.627153],[-74.174102,40.625807],[-74.171035,40.627163]]]},"properties":{"t":"Illegal Parking","n":2,"q":0}},{"type":"Feature","geometry":{"type":"Polygon","coordinates":[[[-74.161577,40.525867],[-74.161584,40.528568],[-74.164653,40.529915],[-74.167716,40.52856],[-74.16771,40.525858],[-74.16464,40.524512],[-74.161577,40.525867]]]},"properties":{"t":"Illegal Parking","n":9,"q":1}},{"type":"Feature","geometry":{"type":"Polygon","coordinates":[[[-74.226006,40.537915],[-74.226015,40.540617],[-74.229087,40.541962],[-74.232149,40.540605],[-74.232139,40.537903],[-74.229068,40.536558],[-74.226006,40.537915]]]},"properties":{"t":"Illegal Parking","n":1,"q":0}},{"type":"Feature","geometry":{"type":"Polygon","coordinates":[[[-74.161715,40.5826],[-74.161721,40.585302],[-74.164793,40.586648],[-74.167859,40.585293],[-74.167852,40.582591],[-74.16478,40.581245],[-74.161715,40.5826]]]},"properties":{"t":"Illegal Parking","n":5,"q":0}},{"type":"Feature","geometry":{"type":"Polygon","coordinates":[[[-74.149404,40.566407],[-74.14941,40.569109],[-74.152481,40.570456],[-74.155546,40.569101],[-74.155539,40.566399],[-74.152468,40.565052],[-74.149404,40.566407]]]},"properties":{"t":"Illegal Parking","n":6,"q":0}},{"type":"Feature","geometry":{"type":"Polygon","coordinates":[[[-74.112657,40.606973],[-74.112661,40.609674],[-74.115733,40.611022],[-74.118801,40.609668],[-74.118796,40.606967],[-74.115724,40.605619],[-74.112657,40.606973]]]},"properties":{"t":"Illegal Parking","n":14,"q":1}},{"type":"Feature","geometry":{"type":"Polygon","coordinates":[[[-74.066646,40.64348],[-74.066649,40.646181],[-74.069722,40.64753],[-74.072792,40.646178],[-74.072789,40.643476],[-74.069716,40.642127],[-74.066646,40.64348]]]},"properties":{"t":"Illegal Parking","n":3,"q":0}},{"type":"Feature","geometry":{"type":"Polygon","coordinates":[[[-74.213791,40.554148],[-74.2138,40.55685],[-74.216872,40.558195],[-74.219935,40.556838],[-74.219926,40.554137],[-74.216854,40.552792],[-74.213791,40.554148]]]},"properties":{"t":"Illegal Parking","n":6,"q":0}},{"type":"Feature","geometry":{"type":"Polygon","coordinates":[[[-74.149349,40.542093],[-74.149355,40.544795],[-74.152425,40.546141],[-74.155489,40.544786],[-74.155483,40.542085],[-74.152413,40.540738],[-74.149349,40.542093]]]},"properties":{"t":"Illegal Parking","n":7,"q":1}},{"type":"Feature","geometry":{"type":"Polygon","coordinates":[[[-74.115635,40.554289],[-74.11564,40.556991],[-74.11871,40.558338],[-74.121775,40.556984],[-74.12177,40.554283],[-74.1187,40.552935],[-74.115635,40.554289]]]},"properties":{"t":"Illegal Parking","n":3,"q":0}},{"type":"Feature","geometry":{"type":"Polygon","coordinates":[[[-74.066589,40.586747],[-74.066592,40.589449],[-74.069662,40.590797],[-74.07273,40.589445],[-74.072727,40.586743],[-74.069657,40.585394],[-74.066589,40.586747]]]},"properties":{"t":"Illegal Parking","n":1,"q":0}},{"type":"Feature","geometry":{"type":"Polygon","coordinates":[[[-74.247337,40.5014],[-74.247347,40.504101],[-74.250418,40.505445],[-74.253478,40.504088],[-74.253467,40.501386],[-74.250397,40.500042],[-74.247337,40.5014]]]},"properties":{"t":"Illegal Parking","n":3,"q":0}},{"type":"Feature","geometry":{"type":"Polygon","coordinates":[[[-74.176897,40.521792],[-74.176904,40.524494],[-74.179974,40.52584],[-74.183036,40.524484],[-74.183029,40.521782],[-74.179959,40.520436],[-74.176897,40.521792]]]},"properties":{"t":"Illegal Parking","n":1,"q":0}},{"type":"Feature","geometry":{"type":"Polygon","coordinates":[[[-74.170973,40.602848],[-74.170979,40.60555],[-74.174053,40.606896],[-74.177119,40.605541],[-74.177112,40.602839],[-74.174039,40.601493],[-74.170973,40.602848]]]},"properties":{"t":"Illegal Parking","n":6,"q":0}},{"type":"Feature","geometry":{"type":"Polygon","coordinates":[[[-74.167893,40.598801],[-74.1679,40.601502],[-74.170973,40.602848],[-74.174039,40.601493],[-74.174032,40.598792],[-74.170959,40.597445],[-74.167893,40.598801]]]},"properties":{"t":"Illegal Parking","n":2,"q":0}},{"type":"Feature","geometry":{"type":"Polygon","coordinates":[[[-74.066622,40.619166],[-74.066624,40.621867],[-74.069696,40.623216],[-74.072765,40.621864],[-74.072762,40.619162],[-74.069691,40.617813],[-74.066622,40.619166]]]},"properties":{"t":"Illegal Parking","n":11,"q":1}},{"type":"Feature","geometry":{"type":"Polygon","coordinates":[[[-74.216767,40.525776],[-74.216775,40.528478],[-74.219846,40.529822],[-74.222908,40.528466],[-74.222899,40.525764],[-74.219828,40.524419],[-74.216767,40.525776]]]},"properties":{"t":"Illegal Parking","n":10,"q":1}},{"type":"Feature","geometry":{"type":"Polygon","coordinates":[[[-74.210635,40.525787],[-74.210643,40.528489],[-74.213714,40.529834],[-74.216775,40.528478],[-74.216767,40.525776],[-74.213696,40.524431],[-74.210635,40.525787]]]},"properties":{"t":"Illegal Parking","n":2,"q":0}},{"type":"Feature","geometry":{"type":"Polygon","coordinates":[[[-74.161597,40.533972],[-74.161603,40.536673],[-74.164673,40.53802],[-74.167737,40.536664],[-74.16773,40.533963],[-74.16466,40.532617],[-74.161597,40.533972]]]},"properties":{"t":"Illegal Parking","n":16,"q":1}},{"type":"Feature","geometry":{"type":"Polygon","coordinates":[[[-74.183029,40.521782],[-74.183036,40.524484],[-74.186106,40.52583],[-74.189168,40.524474],[-74.189161,40.521772],[-74.186091,40.520427],[-74.183029,40.521782]]]},"properties":{"t":"Illegal Parking","n":18,"q":1}},{"type":"Feature","geometry":{"type":"Polygon","coordinates":[[[-74.149367,40.550198],[-74.149373,40.552899],[-74.152444,40.554246],[-74.155508,40.552891],[-74.155502,40.55019],[-74.152431,40.548843],[-74.149367,40.550198]]]},"properties":{"t":"Illegal Parking","n":35,"q":3}},{"type":"Feature","geometry":{"type":"Polygon","coordinates":[[[-74.140208,40.570471],[-74.140214,40.573173],[-74.143285,40.57452],[-74.14635,40.573165],[-74.146345,40.570464],[-74.143274,40.569117],[-74.140208,40.570471]]]},"properties":{"t":"Illegal Parking","n":3,"q":0}},{"type":"Feature","geometry":{"type":"Polygon","coordinates":[[[-74.250418,40.505445],[-74.250428,40.508147],[-74.253498,40.509491],[-74.256558,40.508134],[-74.256548,40.505432],[-74.253478,40.504088],[-74.250418,40.505445]]]},"properties":{"t":"Illegal Parking","n":12,"q":1}},{"type":"Feature","geometry":{"type":"Polygon","coordinates":[[[-74.094181,40.566466],[-74.094184,40.569167],[-74.097254,40.570516],[-74.100321,40.569162],[-74.100316,40.566461],[-74.097247,40.565112],[-74.094181,40.566466]]]},"properties":{"t":"Illegal Parking","n":1,"q":0}},{"type":"Feature","geometry":{"type":"Polygon","coordinates":[[[-74.170765,40.521801],[-74.170772,40.524503],[-74.173842,40.525849],[-74.176904,40.524494],[-74.176897,40.521792],[-74.173828,40.520446],[-74.170765,40.521801]]]},"properties":{"t":"Illegal Parking","n":2,"q":0}},{"type":"Feature","geometry":{"type":"Polygon","coordinates":[[[-74.146416,40.602882],[-74.146422,40.605584],[-74.149494,40.606931],[-74.152561,40.605576],[-74.152555,40.602874],[-74.149482,40.601528],[-74.146416,40.602882]]]},"properties":{"t":"Illegal Parking","n":5,"q":0}},{"type":"Feature","geometry":{"type":"Polygon","coordinates":[[[-74.091207,40.635358],[-74.09121,40.63806],[-74.094284,40.639408],[-74.097353,40.638055],[-74.097349,40.635353],[-74.094276,40.634005],[-74.091207,40.635358]]]},"properties":{"t":"Illegal Parking","n":6,"q":0}},{"type":"Feature","geometry":{"type":"Polygon","coordinates":[[[-74.219819,40.521718],[-74.219828,40.524419],[-74.222899,40.525764],[-74.22596,40.524407],[-74.225951,40.521706],[-74.222881,40.520361],[-74.219819,40.521718]]]},"properties":{"t":"Illegal Parking","n":14,"q":1}},{"type":"Feature","geometry":{"type":"Polygon","coordinates":[[[-74.140242,40.586681],[-74.140248,40.589382],[-74.14332,40.590729],[-74.146386,40.589375],[-74.14638,40.586673],[-74.143308,40.585326],[-74.140242,40.586681]]]},"properties":{"t":"Illegal Parking","n":10,"q":1}},{"type":"Feature","geometry":{"type":"Polygon","coordinates":[[[-74.174074,40.615001],[-74.174081,40.617702],[-74.177155,40.619049],[-74.180221,40.617693],[-74.180214,40.614991],[-74.17714,40.613645],[-74.174074,40.615001]]]},"properties":{"t":"Illegal Parking","n":2,"q":0}},{"type":"Feature","geometry":{"type":"Polygon","coordinates":[[[-74.152388,40.529932],[-74.152395,40.532633],[-74.155464,40.53398],[-74.158527,40.532625],[-74.158521,40.529924],[-74.155451,40.528577],[-74.152388,40.529932]]]},"properties":{"t":"Illegal Parking","n":4,"q":0}},{"type":"Feature","geometry":{"type":"Polygon","coordinates":[[[-74.170869,40.562325],[-74.170876,40.565026],[-74.173947,40.566373],[-74.177011,40.565017],[-74.177004,40.562316],[-74.173933,40.56097],[-74.170869,40.562325]]]},"properties":{"t":"Illegal Parking","n":13,"q":1}},{"type":"Feature","geometry":{"type":"Polygon","coordinates":[[[-74.164773,40.578543],[-74.16478,40.581245],[-74.167852,40.582591],[-74.170917,40.581236],[-74.17091,40.578534],[-74.167838,40.577188],[-74.164773,40.578543]]]},"properties":{"t":"Illegal Parking","n":3,"q":0}},{"type":"Feature","geometry":{"type":"Polygon","coordinates":[[[-74.08813,40.631308],[-74.088134,40.63401],[-74.091207,40.635358],[-74.094276,40.634005],[-74.094272,40.631303],[-74.091199,40.629955],[-74.08813,40.631308]]]},"properties":{"t":"Illegal Parking","n":36,"q":3}},{"type":"Feature","geometry":{"type":"Polygon","coordinates":[[[-74.177112,40.602839],[-74.177119,40.605541],[-74.180192,40.606887],[-74.183258,40.605531],[-74.183251,40.60283],[-74.180178,40.601484],[-74.177112,40.602839]]]},"properties":{"t":"Illegal Parking","n":3,"q":0}},{"type":"Feature","geometry":{"type":"Polygon","coordinates":[[[-74.078884,40.602949],[-74.078887,40.60565],[-74.081959,40.606999],[-74.085027,40.605646],[-74.085023,40.602944],[-74.081952,40.601596],[-74.078884,40.602949]]]},"properties":{"t":"Illegal Parking","n":8,"q":1}},{"type":"Feature","geometry":{"type":"Polygon","coordinates":[[[-74.100353,40.590775],[-74.100357,40.593476],[-74.103428,40.594824],[-74.106495,40.593471],[-74.106491,40.590769],[-74.10342,40.589421],[-74.100353,40.590775]]]},"properties":{"t":"Illegal Parking","n":6,"q":0}},{"type":"Feature","geometry":{"type":"Polygon","coordinates":[[[-74.244258,40.497354],[-74.244268,40.500056],[-74.247337,40.5014],[-74.250397,40.500042],[-74.250387,40.497341],[-74.247317,40.495997],[-74.244258,40.497354]]]},"properties":{"t":"Illegal Parking","n":2,"q":0}},{"type":"Feature","geometry":{"type":"Polygon","coordinates":[[[-74.222872,40.517659],[-74.222881,40.520361],[-74.225951,40.521706],[-74.229012,40.520349],[-74.229003,40.517647],[-74.225933,40.516303],[-74.222872,40.517659]]]},"properties":{"t":"Illegal Parking","n":3,"q":0}},{"type":"Feature","geometry":{"type":"Polygon","coordinates":[[[-74.238273,40.537891],[-74.238282,40.540592],[-74.241354,40.541936],[-74.244416,40.540579],[-74.244406,40.537878],[-74.241334,40.536533],[-74.238273,40.537891]]]},"properties":{"t":"Illegal Parking","n":3,"q":0}},{"type":"Feature","geometry":{"type":"Polygon","coordinates":[[[-74.152536,40.59477],[-74.152542,40.597471],[-74.155615,40.598818],[-74.158681,40.597463],[-74.158675,40.594761],[-74.155602,40.593415],[-74.152536,40.59477]]]},"properties":{"t":"Illegal Parking","n":10,"q":1}},{"type":"Feature","geometry":{"type":"Polygon","coordinates":[[[-74.10653,40.615083],[-74.106534,40.617785],[-74.109607,40.619133],[-74.112675,40.617779],[-74.11267,40.615078],[-74.109598,40.61373],[-74.10653,40.615083]]]},"properties":{"t":"Illegal Parking","n":1,"q":0}},{"type":"Feature","geometry":{"type":"Polygon","coordinates":[[[-74.161754,40.598809],[-74.16176,40.601511],[-74.164833,40.602857],[-74.1679,40.601502],[-74.167893,40.598801],[-74.16482,40.597454],[-74.161754,40.598809]]]},"properties":{"t":"Illegal Parking","n":7,"q":1}},{"type":"Feature","geometry":{"type":"Polygon","coordinates":[[[-74.164633,40.52181],[-74.16464,40.524512],[-74.16771,40.525858],[-74.170772,40.524503],[-74.170765,40.521801],[-74.167696,40.520455],[-74.164633,40.52181]]]},"properties":{"t":"Illegal Parking","n":3,"q":0}},{"type":"Feature","geometry":{"type":"Polygon","coordinates":[[[-74.137132,40.566423],[-74.137137,40.569124],[-74.140208,40.570471],[-74.143274,40.569117],[-74.143268,40.566415],[-74.140197,40.565068],[-74.137132,40.566423]]]},"properties":{"t":"Illegal Parking","n":6,"q":0}},{"type":"Feature","geometry":{"type":"Polygon","coordinates":[[[-74.057386,40.590804],[-74.057388,40.593506],[-74.060459,40.594855],[-74.063527,40.593503],[-74.063524,40.590801],[-74.060454,40.589452],[-74.057386,40.590804]]]},"properties":{"t":"Illegal Parking","n":9,"q":1}},{"type":"Feature","geometry":{"type":"Polygon","coordinates":[[[-74.106517,40.606979],[-74.106521,40.60968],[-74.109593,40.611028],[-74.112661,40.609674],[-74.112657,40.606973],[-74.109585,40.605625],[-74.106517,40.606979]]]},"properties":{"t":"Illegal Parking","n":1,"q":0}},{"type":"Feature","geometry":{"type":"Polygon","coordinates":[[[-74.192401,40.582553],[-74.192409,40.585254],[-74.195482,40.5866],[-74.198547,40.585244],[-74.198539,40.582542],[-74.195466,40.581197],[-74.192401,40.582553]]]},"properties":{"t":"Illegal Parking","n":2,"q":0}},{"type":"Feature","geometry":{"type":"Polygon","coordinates":[[[-74.180083,40.566363],[-74.18009,40.569065],[-74.183162,40.570411],[-74.186226,40.569055],[-74.186219,40.566353],[-74.183147,40.565008],[-74.180083,40.566363]]]},"properties":{"t":"Illegal Parking","n":2,"q":0}},{"type":"Feature","geometry":{"type":"Polygon","coordinates":[[[-74.232111,40.529798],[-74.232121,40.5325],[-74.235192,40.533844],[-74.238253,40.532487],[-74.238244,40.529786],[-74.235173,40.528441],[-74.232111,40.529798]]]},"properties":{"t":"Illegal Parking","n":4,"q":0}},{"type":"Feature","geometry":{"type":"Polygon","coordinates":[[[-74.19837,40.525809],[-74.198378,40.528511],[-74.201449,40.529856],[-74.204511,40.5285],[-74.204502,40.525798],[-74.201432,40.524453],[-74.19837,40.525809]]]},"properties":{"t":"Illegal Parking","n":6,"q":0}},{"type":"Feature","geometry":{"type":"Polygon","coordinates":[[[-74.180258,40.631201],[-74.180265,40.633902],[-74.18334,40.635248],[-74.186407,40.633893],[-74.1864,40.631191],[-74.183325,40.629845],[-74.180258,40.631201]]]},"properties":{"t":"Illegal Parking","n":1,"q":0}},{"type":"Feature","geometry":{"type":"Polygon","coordinates":[[[-74.106478,40.582665],[-74.106483,40.585366],[-74.109554,40.586714],[-74.11262,40.58536],[-74.112616,40.582659],[-74.109545,40.581311],[-74.106478,40.582665]]]},"properties":{"t":"Illegal Parking","n":5,"q":0}},{"type":"Feature","geometry":{"type":"Polygon","coordinates":[[[-74.057407,40.615118],[-74.057409,40.61782],[-74.060481,40.619169],[-74.06355,40.617817],[-74.063547,40.615115],[-74.060476,40.613766],[-74.057407,40.615118]]]},"properties":{"t":"Illegal Parking","n":4,"q":0}},{"type":"Feature","geometry":{"type":"Polygon","coordinates":[[[-74.201522,40.55417],[-74.20153,40.556872],[-74.204602,40.558217],[-74.207665,40.556861],[-74.207657,40.55416],[-74.204585,40.552814],[-74.201522,40.55417]]]},"properties":{"t":"Illegal Parking","n":1,"q":0}},{"type":"Feature","geometry":{"type":"Polygon","coordinates":[[[-74.072727,40.586743],[-74.07273,40.589445],[-74.075801,40.590794],[-74.078868,40.589441],[-74.078865,40.586739],[-74.075794,40.58539],[-74.072727,40.586743]]]},"properties":{"t":"Illegal Parking","n":4,"q":0}},{"type":"Feature","geometry":{"type":"Polygon","coordinates":[[[-74.121814,40.578597],[-74.121819,40.581298],[-74.12489,40.582646],[-74.127956,40.581292],[-74.127951,40.57859],[-74.12488,40.577243],[-74.121814,40.578597]]]},"properties":{"t":"Illegal Parking","n":2,"q":0}},{"type":"Feature","geometry":{"type":"Polygon","coordinates":[[[-74.118825,40.623176],[-74.11883,40.625878],[-74.121903,40.627225],[-74.124971,40.625871],[-74.124966,40.62317],[-74.121893,40.621822],[-74.118825,40.623176]]]},"properties":{"t":"Illegal Parking","n":7,"q":1}},{"type":"Feature","geometry":{"type":"Polygon","coordinates":[[[-74.097349,40.635353],[-74.097353,40.638055],[-74.100426,40.639403],[-74.103495,40.638049],[-74.103491,40.635348],[-74.100418,40.634],[-74.097349,40.635353]]]},"properties":{"t":"Illegal Parking","n":1,"q":0}},{"type":"Feature","geometry":{"type":"Polygon","coordinates":[[[-74.103416,40.58672],[-74.10342,40.589421],[-74.106491,40.590769],[-74.109558,40.589416],[-74.109554,40.586714],[-74.106483,40.585366],[-74.103416,40.58672]]]},"properties":{"t":"Illegal Parking","n":7,"q":1}},{"type":"Feature","geometry":{"type":"Polygon","coordinates":[[[-74.186129,40.533935],[-74.186136,40.536636],[-74.189206,40.537982],[-74.192269,40.536626],[-74.192261,40.533924],[-74.189191,40.532579],[-74.186129,40.533935]]]},"properties":{"t":"Illegal Parking","n":3,"q":0}},{"type":"Feature","geometry":{"type":"Polygon","coordinates":[[[-74.088152,40.647518],[-74.088155,40.650219],[-74.091229,40.651568],[-74.094299,40.650214],[-74.094295,40.647513],[-74.091221,40.646165],[-74.088152,40.647518]]]},"properties":{"t":"Illegal Parking","n":1,"q":0}},{"type":"Feature","geometry":{"type":"Polygon","coordinates":[[[-74.180017,40.542049],[-74.180025,40.544751],[-74.183095,40.546097],[-74.186159,40.544741],[-74.186151,40.542039],[-74.183081,40.540693],[-74.180017,40.542049]]]},"properties":{"t":"Illegal Parking","n":10,"q":1}},{"type":"Feature","geometry":{"type":"Polygon","coordinates":[[[-74.167832,40.574487],[-74.167838,40.577188],[-74.17091,40.578534],[-74.173975,40.577179],[-74.173968,40.574477],[-74.170896,40.573131],[-74.167832,40.574487]]]},"properties":{"t":"Illegal Parking","n":4,"q":0}},{"type":"Feature","geometry":{"type":"Polygon","coordinates":[[[-74.10954,40.578609],[-74.109545,40.581311],[-74.112616,40.582659],[-74.115682,40.581305],[-74.115677,40.578603],[-74.112606,40.577256],[-74.10954,40.578609]]]},"properties":{"t":"Illegal Parking","n":16,"q":1}},{"type":"Feature","geometry":{"type":"Polygon","coordinates":[[[-74.183273,40.610934],[-74.183281,40.613636],[-74.186355,40.614982],[-74.189421,40.613626],[-74.189413,40.610924],[-74.186339,40.609579],[-74.183273,40.610934]]]},"properties":{"t":"Illegal Parking","n":1,"q":0}},{"type":"Feature","geometry":{"type":"Polygon","coordinates":[[[-74.164653,40.529915],[-74.16466,40.532617],[-74.16773,40.533963],[-74.170793,40.532608],[-74.170786,40.529906],[-74.167716,40.52856],[-74.164653,40.529915]]]},"properties":{"t":"Illegal Parking","n":4,"q":0}},{"type":"Feature","geometry":{"type":"Polygon","coordinates":[[[-74.235135,40.517635],[-74.235144,40.520337],[-74.238215,40.521681],[-74.241276,40.520324],[-74.241266,40.517622],[-74.238196,40.516278],[-74.235135,40.517635]]]},"properties":{"t":"Illegal Parking","n":2,"q":0}},{"type":"Feature","geometry":{"type":"Polygon","coordinates":[[[-74.228948,40.501438],[-74.228957,40.504139],[-74.232027,40.505484],[-74.235087,40.504127],[-74.235078,40.501426],[-74.232008,40.500081],[-74.228948,40.501438]]]},"properties":{"t":"Illegal Parking","n":3,"q":0}},{"type":"Feature","geometry":{"type":"Polygon","coordinates":[[[-74.164753,40.570439],[-74.16476,40.57314],[-74.167832,40.574487],[-74.170896,40.573131],[-74.17089,40.57043],[-74.167818,40.569083],[-74.164753,40.570439]]]},"properties":{"t":"Illegal Parking","n":5,"q":0}},{"type":"Feature","geometry":{"type":"Polygon","coordinates":[[[-74.069696,40.623216],[-74.069699,40.625918],[-74.072771,40.627267],[-74.07584,40.625914],[-74.075837,40.623212],[-74.072765,40.621864],[-74.069696,40.623216]]]},"properties":{"t":"Illegal Parking","n":13,"q":1}},{"type":"Feature","geometry":{"type":"Polygon","coordinates":[[[-74.057393,40.598909],[-74.057395,40.601611],[-74.060466,40.60296],[-74.063535,40.601607],[-74.063532,40.598906],[-74.060461,40.597557],[-74.057393,40.598909]]]},"properties":{"t":"Illegal Parking","n":6,"q":0}},{"type":"Feature","geometry":{"type":"Polygon","coordinates":[[[-74.134088,40.578583],[-74.134094,40.581285],[-74.137165,40.582632],[-74.140231,40.581277],[-74.140225,40.578576],[-74.137154,40.577229],[-74.134088,40.578583]]]},"properties":{"t":"Illegal Parking","n":3,"q":0}},{"type":"Feature","geometry":{"type":"Polygon","coordinates":[[[-74.170952,40.594744],[-74.170959,40.597445],[-74.174032,40.598792],[-74.177097,40.597436],[-74.17709,40.594734],[-74.174017,40.593388],[-74.170952,40.594744]]]},"properties":{"t":"Illegal Parking","n":1,"q":0}},{"type":"Feature","geometry":{"type":"Polygon","coordinates":[[[-74.14332,40.590729],[-74.143326,40.593431],[-74.146398,40.594778],[-74.149464,40.593423],[-74.149458,40.590721],[-74.146386,40.589375],[-74.14332,40.590729]]]},"properties":{"t":"Illegal Parking","n":1,"q":0}},{"type":"Feature","geometry":{"type":"Polygon","coordinates":[[[-74.186332,40.606877],[-74.186339,40.609579],[-74.189413,40.610924],[-74.192479,40.609568],[-74.192472,40.606867],[-74.189398,40.605521],[-74.186332,40.606877]]]},"properties":{"t":"Illegal Parking","n":1,"q":0}},{"type":"Feature","geometry":{"type":"Polygon","coordinates":[[[-74.170993,40.610953],[-74.171,40.613655],[-74.174074,40.615001],[-74.17714,40.613645],[-74.177133,40.610944],[-74.17406,40.609598],[-74.170993,40.610953]]]},"properties":{"t":"Illegal Parking","n":1,"q":0}},{"type":"Feature","geometry":{"type":"Polygon","coordinates":[[[-74.174032,40.598792],[-74.174039,40.601493],[-74.177112,40.602839],[-74.180178,40.601484],[-74.18017,40.598782],[-74.177097,40.597436],[-74.174032,40.598792]]]},"properties":{"t":"Illegal Parking","n":5,"q":0}},{"type":"Feature","geometry":{"type":"Polygon","coordinates":[[[-74.12489,40.582646],[-74.124895,40.585348],[-74.127967,40.586695],[-74.131033,40.585341],[-74.131028,40.582639],[-74.127956,40.581292],[-74.12489,40.582646]]]},"properties":{"t":"Illegal Parking","n":2,"q":0}},{"type":"Feature","geometry":{"type":"Polygon","coordinates":[[[-74.219766,40.505508],[-74.219775,40.50821],[-74.222845,40.509555],[-74.225906,40.508198],[-74.225896,40.505496],[-74.222827,40.504152],[-74.219766,40.505508]]]},"properties":{"t":"Illegal Parking","n":1,"q":0}},{"type":"Feature","geometry":{"type":"Polygon","coordinates":[[[-74.143285,40.57452],[-74.143291,40.577221],[-74.146362,40.578568],[-74.149428,40.577214],[-74.149422,40.574512],[-74.14635,40.573165],[-74.143285,40.57452]]]},"properties":{"t":"Illegal Parking","n":1,"q":0}},{"type":"Feature","geometry":{"type":"Polygon","coordinates":[[[-74.103504,40.643453],[-74.103508,40.646154],[-74.106582,40.647502],[-74.109651,40.646148],[-74.109647,40.643447],[-74.106573,40.642099],[-74.103504,40.643453]]]},"properties":{"t":"Illegal Parking","n":2,"q":0}},{"type":"Feature","geometry":{"type":"Polygon","coordinates":[[[-74.164733,40.562334],[-74.16474,40.565035],[-74.167811,40.566382],[-74.170876,40.565026],[-74.170869,40.562325],[-74.167798,40.560979],[-74.164733,40.562334]]]},"properties":{"t":"Illegal Parking","n":1,"q":0}},{"type":"Feature","geometry":{"type":"Polygon","coordinates":[[[-74.158598,40.562343],[-74.158604,40.565044],[-74.161675,40.566391],[-74.16474,40.565035],[-74.164733,40.562334],[-74.161662,40.560987],[-74.158598,40.562343]]]},"properties":{"t":"Illegal Parking","n":2,"q":0}},{"type":"Feature","geometry":{"type":"Polygon","coordinates":[[[-74.195316,40.529867],[-74.195324,40.532568],[-74.198394,40.533914],[-74.201457,40.532558],[-74.201449,40.529856],[-74.198378,40.528511],[-74.195316,40.529867]]]},"properties":{"t":"Illegal Parking","n":11,"q":1}},{"type":"Feature","geometry":{"type":"Polygon","coordinates":[[[-74.078865,40.586739],[-74.078868,40.589441],[-74.081939,40.590789],[-74.085006,40.589436],[-74.085003,40.586735],[-74.081932,40.585386],[-74.078865,40.586739]]]},"properties":{"t":"Illegal Parking","n":1,"q":0}},{"type":"Feature","geometry":{"type":"Polygon","coordinates":[[[-74.179952,40.517735],[-74.179959,40.520436],[-74.183029,40.521782],[-74.186091,40.520427],[-74.186083,40.517725],[-74.183014,40.516379],[-74.179952,40.517735]]]},"properties":{"t":"Illegal Parking","n":1,"q":0}},{"type":"Feature","geometry":{"type":"Polygon","coordinates":[[[-74.192238,40.52582],[-74.192246,40.528521],[-74.195316,40.529867],[-74.198378,40.528511],[-74.19837,40.525809],[-74.1953,40.524464],[-74.192238,40.52582]]]},"properties":{"t":"Illegal Parking","n":1,"q":0}},{"type":"Feature","geometry":{"type":"Polygon","coordinates":[[[-74.173863,40.533954],[-74.17387,40.536655],[-74.17694,40.538001],[-74.180003,40.536646],[-74.179996,40.533944],[-74.176926,40.532598],[-74.173863,40.533954]]]},"properties":{"t":"Illegal Parking","n":9,"q":1}},{"type":"Feature","geometry":{"type":"Polygon","coordinates":[[[-74.127982,40.5948],[-74.127988,40.597501],[-74.13106,40.598849],[-74.134126,40.597494],[-74.134121,40.594793],[-74.131049,40.593445],[-74.127982,40.5948]]]},"properties":{"t":"Illegal Parking","n":1,"q":0}},{"type":"Feature","geometry":{"type":"Polygon","coordinates":[[[-74.069654,40.582693],[-74.069657,40.585394],[-74.072727,40.586743],[-74.075794,40.58539],[-74.075791,40.582689],[-74.072721,40.58134],[-74.069654,40.582693]]]},"properties":{"t":"Illegal Parking","n":3,"q":0}},{"type":"Feature","geometry":{"type":"Polygon","coordinates":[[[-74.091107,40.562416],[-74.091111,40.565117],[-74.094181,40.566466],[-74.097247,40.565112],[-74.097243,40.562411],[-74.094173,40.561063],[-74.091107,40.562416]]]},"properties":{"t":"Illegal Parking","n":1,"q":0}},{"type":"Feature","geometry":{"type":"Polygon","coordinates":[[[-74.069705,40.631321],[-74.069708,40.634023],[-74.07278,40.635371],[-74.07585,40.634019],[-74.075847,40.631317],[-74.072774,40.629968],[-74.069705,40.631321]]]},"properties":{"t":"Illegal Parking","n":1,"q":0}},{"type":"Feature","geometry":{"type":"Polygon","coordinates":[[[-74.222845,40.509555],[-74.222854,40.512256],[-74.225924,40.513601],[-74.228985,40.512244],[-74.228975,40.509543],[-74.225906,40.508198],[-74.222845,40.509555]]]},"properties":{"t":"Illegal Parking","n":1,"q":0}},{"type":"Feature","geometry":{"type":"Polygon","coordinates":[[[-74.103366,40.554301],[-74.10337,40.557002],[-74.106439,40.55835],[-74.109505,40.556997],[-74.1095,40.554295],[-74.106431,40.552947],[-74.103366,40.554301]]]},"properties":{"t":"Illegal Parking","n":1,"q":0}},{"type":"Feature","geometry":{"type":"Polygon","coordinates":[[[-74.222926,40.533869],[-74.222935,40.536571],[-74.226006,40.537915],[-74.229068,40.536558],[-74.229059,40.533857],[-74.225988,40.532512],[-74.222926,40.533869]]]},"properties":{"t":"Illegal Parking","n":1,"q":0}},{"type":"Feature","geometry":{"type":"Polygon","coordinates":[[[-74.085013,40.59484],[-74.085016,40.597541],[-74.088087,40.59889],[-74.091155,40.597536],[-74.091151,40.594835],[-74.08808,40.593486],[-74.085013,40.59484]]]},"properties":{"t":"Damaged Tree","n":16,"q":3}},{"type":"Feature","geometry":{"type":"Polygon","coordinates":[[[-74.152444,40.554246],[-74.15245,40.556948],[-74.155521,40.558294],[-74.158585,40.556939],[-74.158579,40.554238],[-74.155508,40.552891],[-74.152444,40.554246]]]},"properties":{"t":"Damaged Tree","n":20,"q":4}},{"type":"Feature","geometry":{"type":"Polygon","coordinates":[[[-74.066597,40.594852],[-74.0666,40.597553],[-74.069671,40.598902],[-74.072739,40.59755],[-74.072736,40.594848],[-74.069665,40.593499],[-74.066597,40.594852]]]},"properties":{"t":"Damaged Tree","n":23,"q":4}},{"type":"Feature","geometry":{"type":"Polygon","coordinates":[[[-74.186129,40.533935],[-74.186136,40.536636],[-74.189206,40.537982],[-74.192269,40.536626],[-74.192261,40.533924],[-74.189191,40.532579],[-74.186129,40.533935]]]},"properties":{"t":"Damaged Tree","n":4,"q":1}},{"type":"Feature","geometry":{"type":"Polygon","coordinates":[[[-74.100329,40.574565],[-74.100333,40.577267],[-74.103403,40.578615],[-74.10647,40.577261],[-74.106465,40.57456],[-74.103395,40.573212],[-74.100329,40.574565]]]},"properties":{"t":"Damaged Tree","n":9,"q":2}},{"type":"Feature","geometry":{"type":"Polygon","coordinates":[[[-74.106465,40.57456],[-74.10647,40.577261],[-74.10954,40.578609],[-74.112606,40.577256],[-74.112602,40.574554],[-74.109531,40.573206],[-74.106465,40.57456]]]},"properties":{"t":"Damaged Tree","n":39,"q":4}},{"type":"Feature","geometry":{"type":"Polygon","coordinates":[[[-74.066605,40.602956],[-74.066608,40.605658],[-74.069679,40.607007],[-74.072748,40.605654],[-74.072745,40.602953],[-74.069674,40.601604],[-74.066605,40.602956]]]},"properties":{"t":"Damaged Tree","n":3,"q":0}},{"type":"Feature","geometry":{"type":"Polygon","coordinates":[[[-74.094215,40.59078],[-74.094219,40.593482],[-74.09729,40.59483],[-74.100357,40.593476],[-74.100353,40.590775],[-74.097282,40.589427],[-74.094215,40.59078]]]},"properties":{"t":"Damaged Tree","n":32,"q":4}},{"type":"Feature","geometry":{"type":"Polygon","coordinates":[[[-74.183095,40.546097],[-74.183103,40.548798],[-74.186174,40.550144],[-74.189237,40.548788],[-74.189229,40.546087],[-74.186159,40.544741],[-74.183095,40.546097]]]},"properties":{"t":"Damaged Tree","n":27,"q":4}},{"type":"Feature","geometry":{"type":"Polygon","coordinates":[[[-74.146433,40.610987],[-74.146439,40.613689],[-74.149512,40.615035],[-74.15258,40.613681],[-74.152573,40.610979],[-74.1495,40.609632],[-74.146433,40.610987]]]},"properties":{"t":"Damaged Tree","n":23,"q":4}},{"type":"Feature","geometry":{"type":"Polygon","coordinates":[[[-74.063524,40.590801],[-74.063527,40.593503],[-74.066597,40.594852],[-74.069665,40.593499],[-74.069662,40.590797],[-74.066592,40.589449],[-74.063524,40.590801]]]},"properties":{"t":"Damaged Tree","n":9,"q":2}},{"type":"Feature","geometry":{"type":"Polygon","coordinates":[[[-74.091118,40.570521],[-74.091122,40.573222],[-74.094192,40.574571],[-74.097258,40.573217],[-74.097254,40.570516],[-74.094184,40.569167],[-74.091118,40.570521]]]},"properties":{"t":"Damaged Tree","n":14,"q":3}},{"type":"Feature","geometry":{"type":"Polygon","coordinates":[[[-74.115663,40.570499],[-74.115668,40.5732],[-74.118739,40.574548],[-74.121804,40.573194],[-74.1218,40.570492],[-74.118729,40.569145],[-74.115663,40.570499]]]},"properties":{"t":"Damaged Tree","n":39,"q":4}},{"type":"Feature","geometry":{"type":"Polygon","coordinates":[[[-74.103479,40.627243],[-74.103483,40.629945],[-74.106556,40.631293],[-74.109625,40.629939],[-74.10962,40.627238],[-74.106547,40.62589],[-74.103479,40.627243]]]},"properties":{"t":"Damaged Tree","n":22,"q":4}},{"type":"Feature","geometry":{"type":"Polygon","coordinates":[[[-74.063532,40.598906],[-74.063535,40.601607],[-74.066605,40.602956],[-74.069674,40.601604],[-74.069671,40.598902],[-74.0666,40.597553],[-74.063532,40.598906]]]},"properties":{"t":"Damaged Tree","n":18,"q":4}},{"type":"Feature","geometry":{"type":"Polygon","coordinates":[[[-74.094226,40.598885],[-74.09423,40.601586],[-74.097302,40.602934],[-74.100369,40.601581],[-74.100365,40.598879],[-74.097294,40.597531],[-74.094226,40.598885]]]},"properties":{"t":"Damaged Tree","n":13,"q":3}},{"type":"Feature","geometry":{"type":"Polygon","coordinates":[[[-74.238244,40.529786],[-74.238253,40.532487],[-74.241325,40.533832],[-74.244386,40.532474],[-74.244376,40.529773],[-74.241305,40.528429],[-74.238244,40.529786]]]},"properties":{"t":"Damaged Tree","n":1,"q":0}},{"type":"Feature","geometry":{"type":"Polygon","coordinates":[[[-74.069662,40.590797],[-74.069665,40.593499],[-74.072736,40.594848],[-74.075804,40.593495],[-74.075801,40.590794],[-74.07273,40.589445],[-74.069662,40.590797]]]},"properties":{"t":"Damaged Tree","n":25,"q":4}},{"type":"Feature","geometry":{"type":"Polygon","coordinates":[[[-74.158579,40.554238],[-74.158585,40.556939],[-74.161656,40.558286],[-74.16472,40.556931],[-74.164713,40.554229],[-74.161643,40.552883],[-74.158579,40.554238]]]},"properties":{"t":"Damaged Tree","n":25,"q":4}},{"type":"Feature","geometry":{"type":"Polygon","coordinates":[[[-74.109593,40.611028],[-74.109598,40.61373],[-74.11267,40.615078],[-74.115738,40.613724],[-74.115733,40.611022],[-74.112661,40.609674],[-74.109593,40.611028]]]},"properties":{"t":"Damaged Tree","n":3,"q":0}},{"type":"Feature","geometry":{"type":"Polygon","coordinates":[[[-74.155502,40.55019],[-74.155508,40.552891],[-74.158579,40.554238],[-74.161643,40.552883],[-74.161636,40.550181],[-74.158566,40.548835],[-74.155502,40.55019]]]},"properties":{"t":"Damaged Tree","n":11,"q":2}},{"type":"Feature","geometry":{"type":"Polygon","coordinates":[[[-74.207581,40.529845],[-74.207589,40.532547],[-74.21066,40.533892],[-74.213722,40.532536],[-74.213714,40.529834],[-74.210643,40.528489],[-74.207581,40.529845]]]},"properties":{"t":"Damaged Tree","n":4,"q":1}},{"type":"Feature","geometry":{"type":"Polygon","coordinates":[[[-74.109527,40.570505],[-74.109531,40.573206],[-74.112602,40.574554],[-74.115668,40.5732],[-74.115663,40.570499],[-74.112593,40.569151],[-74.109527,40.570505]]]},"properties":{"t":"Damaged Tree","n":25,"q":4}},{"type":"Feature","geometry":{"type":"Polygon","coordinates":[[[-74.19837,40.525809],[-74.198378,40.528511],[-74.201449,40.529856],[-74.204511,40.5285],[-74.204502,40.525798],[-74.201432,40.524453],[-74.19837,40.525809]]]},"properties":{"t":"Damaged Tree","n":6,"q":1}},{"type":"Feature","geometry":{"type":"Polygon","coordinates":[[[-74.207606,40.53795],[-74.207615,40.540652],[-74.210686,40.541997],[-74.213748,40.54064],[-74.21374,40.537939],[-74.210669,40.536594],[-74.207606,40.53795]]]},"properties":{"t":"Damaged Tree","n":38,"q":4}},{"type":"Feature","geometry":{"type":"Polygon","coordinates":[[[-74.072754,40.611057],[-74.072756,40.613759],[-74.075828,40.615108],[-74.078897,40.613755],[-74.078894,40.611053],[-74.075822,40.609705],[-74.072754,40.611057]]]},"properties":{"t":"Damaged Tree","n":5,"q":1}},{"type":"Feature","geometry":{"type":"Polygon","coordinates":[[[-74.134153,40.611002],[-74.134159,40.613704],[-74.137232,40.615051],[-74.140299,40.613696],[-74.140293,40.610995],[-74.137221,40.609648],[-74.134153,40.611002]]]},"properties":{"t":"Damaged Tree","n":24,"q":4}},{"type":"Feature","geometry":{"type":"Polygon","coordinates":[[[-74.164653,40.529915],[-74.16466,40.532617],[-74.16773,40.533963],[-74.170793,40.532608],[-74.170786,40.529906],[-74.167716,40.52856],[-74.164653,40.529915]]]},"properties":{"t":"Damaged Tree","n":15,"q":3}},{"type":"Feature","geometry":{"type":"Polygon","coordinates":[[[-74.146327,40.562359],[-74.146333,40.56506],[-74.149404,40.566407],[-74.152468,40.565052],[-74.152462,40.562351],[-74.149392,40.561004],[-74.146327,40.562359]]]},"properties":{"t":"Damaged Tree","n":22,"q":4}},{"type":"Feature","geometry":{"type":"Polygon","coordinates":[[[-74.094203,40.582675],[-74.094207,40.585377],[-74.097278,40.586725],[-74.100345,40.585372],[-74.100341,40.58267],[-74.09727,40.581322],[-74.094203,40.582675]]]},"properties":{"t":"Damaged Tree","n":10,"q":2}},{"type":"Feature","geometry":{"type":"Polygon","coordinates":[[[-74.161832,40.631228],[-74.161839,40.63393],[-74.164913,40.635276],[-74.167981,40.633921],[-74.167974,40.631219],[-74.1649,40.629873],[-74.161832,40.631228]]]},"properties":{"t":"Damaged Tree","n":2,"q":0}},{"type":"Feature","geometry":{"type":"Polygon","coordinates":[[[-74.146274,40.538045],[-74.146279,40.540746],[-74.149349,40.542093],[-74.152413,40.540738],[-74.152407,40.538037],[-74.149337,40.53669],[-74.146274,40.538045]]]},"properties":{"t":"Damaged Tree","n":23,"q":4}},{"type":"Feature","geometry":{"type":"Polygon","coordinates":[[[-74.216819,40.541985],[-74.216828,40.544687],[-74.219899,40.546032],[-74.222962,40.544675],[-74.222953,40.541974],[-74.219882,40.540629],[-74.216819,40.541985]]]},"properties":{"t":"Damaged Tree","n":39,"q":4}},{"type":"Feature","geometry":{"type":"Polygon","coordinates":[[[-74.06354,40.60701],[-74.063542,40.609712],[-74.066614,40.611061],[-74.069682,40.609708],[-74.069679,40.607007],[-74.066608,40.605658],[-74.06354,40.60701]]]},"properties":{"t":"Damaged Tree","n":14,"q":3}},{"type":"Feature","geometry":{"type":"Polygon","coordinates":[[[-74.18017,40.598782],[-74.180178,40.601484],[-74.183251,40.60283],[-74.186317,40.601474],[-74.186309,40.598772],[-74.183236,40.597426],[-74.18017,40.598782]]]},"properties":{"t":"Damaged Tree","n":2,"q":0}},{"type":"Feature","geometry":{"type":"Polygon","coordinates":[[[-74.088077,40.590785],[-74.08808,40.593486],[-74.091151,40.594835],[-74.094219,40.593482],[-74.094215,40.59078],[-74.091144,40.589432],[-74.088077,40.590785]]]},"properties":{"t":"Damaged Tree","n":17,"q":3}},{"type":"Feature","geometry":{"type":"Polygon","coordinates":[[[-74.219846,40.529822],[-74.219855,40.532524],[-74.222926,40.533869],[-74.225988,40.532512],[-74.225979,40.529811],[-74.222908,40.528466],[-74.219846,40.529822]]]},"properties":{"t":"Damaged Tree","n":6,"q":1}},{"type":"Feature","geometry":{"type":"Polygon","coordinates":[[[-74.207631,40.546055],[-74.20764,40.548756],[-74.210711,40.550102],[-74.213774,40.548745],[-74.213765,40.546044],[-74.210694,40.544698],[-74.207631,40.546055]]]},"properties":{"t":"Damaged Tree","n":23,"q":4}},{"type":"Feature","geometry":{"type":"Polygon","coordinates":[[[-74.155464,40.53398],[-74.15547,40.536682],[-74.15854,40.538028],[-74.161603,40.536673],[-74.161597,40.533972],[-74.158527,40.532625],[-74.155464,40.53398]]]},"properties":{"t":"Damaged Tree","n":11,"q":2}},{"type":"Feature","geometry":{"type":"Polygon","coordinates":[[[-74.060466,40.60296],[-74.060469,40.605661],[-74.06354,40.60701],[-74.066608,40.605658],[-74.066605,40.602956],[-74.063535,40.601607],[-74.060466,40.60296]]]},"properties":{"t":"Damaged Tree","n":10,"q":2}},{"type":"Feature","geometry":{"type":"Polygon","coordinates":[[[-74.14638,40.586673],[-74.146386,40.589375],[-74.149458,40.590721],[-74.152524,40.589367],[-74.152518,40.586665],[-74.149446,40.585318],[-74.14638,40.586673]]]},"properties":{"t":"Damaged Tree","n":18,"q":4}},{"type":"Feature","geometry":{"type":"Polygon","coordinates":[[[-74.0574,40.607014],[-74.057402,40.609715],[-74.060474,40.611064],[-74.063542,40.609712],[-74.06354,40.60701],[-74.060469,40.605661],[-74.0574,40.607014]]]},"properties":{"t":"Damaged Tree","n":16,"q":3}},{"type":"Feature","geometry":{"type":"Polygon","coordinates":[[[-74.112684,40.623182],[-74.112689,40.625884],[-74.115762,40.627232],[-74.11883,40.625878],[-74.118825,40.623176],[-74.115752,40.621828],[-74.112684,40.623182]]]},"properties":{"t":"Damaged Tree","n":13,"q":3}},{"type":"Feature","geometry":{"type":"Polygon","coordinates":[[[-74.232055,40.513589],[-74.232064,40.51629],[-74.235135,40.517635],[-74.238196,40.516278],[-74.238186,40.513576],[-74.235116,40.512232],[-74.232055,40.513589]]]},"properties":{"t":"Damaged Tree","n":23,"q":4}},{"type":"Feature","geometry":{"type":"Polygon","coordinates":[[[-74.088098,40.606994],[-74.088102,40.609696],[-74.091173,40.611044],[-74.094242,40.609691],[-74.094238,40.606989],[-74.091166,40.605641],[-74.088098,40.606994]]]},"properties":{"t":"Damaged Tree","n":11,"q":2}},{"type":"Feature","geometry":{"type":"Polygon","coordinates":[[[-74.134137,40.602897],[-74.134143,40.605599],[-74.137215,40.606946],[-74.140282,40.605592],[-74.140276,40.60289],[-74.137204,40.601543],[-74.134137,40.602897]]]},"properties":{"t":"Damaged Tree","n":22,"q":4}},{"type":"Feature","geometry":{"type":"Polygon","coordinates":[[[-74.115719,40.602917],[-74.115724,40.605619],[-74.118796,40.606967],[-74.121864,40.605613],[-74.121859,40.602911],[-74.118787,40.601563],[-74.115719,40.602917]]]},"properties":{"t":"Damaged Tree","n":12,"q":3}},{"type":"Feature","geometry":{"type":"Polygon","coordinates":[[[-74.10962,40.627238],[-74.109625,40.629939],[-74.112698,40.631287],[-74.115766,40.629933],[-74.115762,40.627232],[-74.112689,40.625884],[-74.10962,40.627238]]]},"properties":{"t":"Damaged Tree","n":17,"q":3}},{"type":"Feature","geometry":{"type":"Polygon","coordinates":[[[-74.12792,40.562381],[-74.127925,40.565082],[-74.130996,40.56643],[-74.134061,40.565075],[-74.134056,40.562374],[-74.130985,40.561027],[-74.12792,40.562381]]]},"properties":{"t":"Damaged Tree","n":13,"q":3}},{"type":"Feature","geometry":{"type":"Polygon","coordinates":[[[-74.081919,40.57458],[-74.081922,40.577282],[-74.084992,40.57863],[-74.088059,40.577277],[-74.088055,40.574575],[-74.084985,40.573227],[-74.081919,40.57458]]]},"properties":{"t":"Damaged Tree","n":2,"q":0}},{"type":"Feature","geometry":{"type":"Polygon","coordinates":[[[-74.100402,40.623194],[-74.100406,40.625895],[-74.103479,40.627243],[-74.106547,40.62589],[-74.106543,40.623188],[-74.10347,40.62184],[-74.100402,40.623194]]]},"properties":{"t":"Damaged Tree","n":15,"q":3}},{"type":"Feature","geometry":{"type":"Polygon","coordinates":[[[-74.152536,40.59477],[-74.152542,40.597471],[-74.155615,40.598818],[-74.158681,40.597463],[-74.158675,40.594761],[-74.155602,40.593415],[-74.152536,40.59477]]]},"properties":{"t":"Damaged Tree","n":10,"q":2}},{"type":"Feature","geometry":{"type":"Polygon","coordinates":[[[-74.140259,40.594785],[-74.140265,40.597487],[-74.143337,40.598834],[-74.146404,40.597479],[-74.146398,40.594778],[-74.143326,40.593431],[-74.140259,40.594785]]]},"properties":{"t":"Damaged Tree","n":3,"q":0}},{"type":"Feature","geometry":{"type":"Polygon","coordinates":[[[-74.134088,40.578583],[-74.134094,40.581285],[-74.137165,40.582632],[-74.140231,40.581277],[-74.140225,40.578576],[-74.137154,40.577229],[-74.134088,40.578583]]]},"properties":{"t":"Damaged Tree","n":6,"q":1}},{"type":"Feature","geometry":{"type":"Polygon","coordinates":[[[-74.069688,40.615112],[-74.069691,40.617813],[-74.072762,40.619162],[-74.075831,40.617809],[-74.075828,40.615108],[-74.072756,40.613759],[-74.069688,40.615112]]]},"properties":{"t":"Damaged Tree","n":7,"q":1}},{"type":"Feature","geometry":{"type":"Polygon","coordinates":[[[-74.149385,40.558302],[-74.149392,40.561004],[-74.152462,40.562351],[-74.155527,40.560996],[-74.155521,40.558294],[-74.15245,40.556948],[-74.149385,40.558302]]]},"properties":{"t":"Damaged Tree","n":26,"q":4}},{"type":"Feature","geometry":{"type":"Polygon","coordinates":[[[-74.097337,40.627249],[-74.097341,40.62995],[-74.100414,40.631298],[-74.103483,40.629945],[-74.103479,40.627243],[-74.100406,40.625895],[-74.097337,40.627249]]]},"properties":{"t":"Damaged Tree","n":14,"q":3}},{"type":"Feature","geometry":{"type":"Polygon","coordinates":[[[-74.112588,40.566449],[-74.112593,40.569151],[-74.115663,40.570499],[-74.118729,40.569145],[-74.118724,40.566443],[-74.115654,40.565095],[-74.112588,40.566449]]]},"properties":{"t":"Damaged Tree","n":36,"q":4}},{"type":"Feature","geometry":{"type":"Polygon","coordinates":[[[-74.094238,40.606989],[-74.094242,40.609691],[-74.097313,40.611039],[-74.100381,40.609686],[-74.100377,40.606984],[-74.097306,40.605636],[-74.094238,40.606989]]]},"properties":{"t":"Damaged Tree","n":6,"q":1}},{"type":"Feature","geometry":{"type":"Polygon","coordinates":[[[-74.146291,40.546149],[-74.146297,40.548851],[-74.149367,40.550198],[-74.152431,40.548843],[-74.152425,40.546141],[-74.149355,40.544795],[-74.146291,40.546149]]]},"properties":{"t":"Damaged Tree","n":11,"q":2}},{"type":"Feature","geometry":{"type":"Polygon","coordinates":[[[-74.100414,40.631298],[-74.100418,40.634],[-74.103491,40.635348],[-74.10656,40.633994],[-74.106556,40.631293],[-74.103483,40.629945],[-74.100414,40.631298]]]},"properties":{"t":"Damaged Tree","n":19,"q":4}},{"type":"Feature","geometry":{"type":"Polygon","coordinates":[[[-74.149512,40.615035],[-74.149518,40.617737],[-74.152592,40.619084],[-74.155659,40.617729],[-74.155653,40.615027],[-74.15258,40.613681],[-74.149512,40.615035]]]},"properties":{"t":"Damaged Tree","n":14,"q":3}},{"type":"Feature","geometry":{"type":"Polygon","coordinates":[[[-74.213714,40.529834],[-74.213722,40.532536],[-74.216793,40.533881],[-74.219855,40.532524],[-74.219846,40.529822],[-74.216775,40.528478],[-74.213714,40.529834]]]},"properties":{"t":"Damaged Tree","n":12,"q":3}},{"type":"Feature","geometry":{"type":"Polygon","coordinates":[[[-74.158521,40.529924],[-74.158527,40.532625],[-74.161597,40.533972],[-74.16466,40.532617],[-74.164653,40.529915],[-74.161584,40.528568],[-74.158521,40.529924]]]},"properties":{"t":"Damaged Tree","n":8,"q":2}},{"type":"Feature","geometry":{"type":"Polygon","coordinates":[[[-74.081939,40.590789],[-74.081942,40.593491],[-74.085013,40.59484],[-74.08808,40.593486],[-74.088077,40.590785],[-74.085006,40.589436],[-74.081939,40.590789]]]},"properties":{"t":"Damaged Tree","n":12,"q":3}},{"type":"Feature","geometry":{"type":"Polygon","coordinates":[[[-74.066614,40.611061],[-74.066616,40.613763],[-74.069688,40.615112],[-74.072756,40.613759],[-74.072754,40.611057],[-74.069682,40.609708],[-74.066614,40.611061]]]},"properties":{"t":"Damaged Tree","n":29,"q":4}},{"type":"Feature","geometry":{"type":"Polygon","coordinates":[[[-74.09729,40.59483],[-74.097294,40.597531],[-74.100365,40.598879],[-74.103433,40.597526],[-74.103428,40.594824],[-74.100357,40.593476],[-74.09729,40.59483]]]},"properties":{"t":"Damaged Tree","n":8,"q":2}},{"type":"Feature","geometry":{"type":"Polygon","coordinates":[[[-74.161597,40.533972],[-74.161603,40.536673],[-74.164673,40.53802],[-74.167737,40.536664],[-74.16773,40.533963],[-74.16466,40.532617],[-74.161597,40.533972]]]},"properties":{"t":"Damaged Tree","n":15,"q":3}},{"type":"Feature","geometry":{"type":"Polygon","coordinates":[[[-74.106478,40.582665],[-74.106483,40.585366],[-74.109554,40.586714],[-74.11262,40.58536],[-74.112616,40.582659],[-74.109545,40.581311],[-74.106478,40.582665]]]},"properties":{"t":"Damaged Tree","n":9,"q":2}},{"type":"Feature","geometry":{"type":"Polygon","coordinates":[[[-74.176961,40.546106],[-74.176969,40.548808],[-74.180039,40.550154],[-74.183103,40.548798],[-74.183095,40.546097],[-74.180025,40.544751],[-74.176961,40.546106]]]},"properties":{"t":"Damaged Tree","n":21,"q":4}},{"type":"Feature","geometry":{"type":"Polygon","coordinates":[[[-74.091173,40.611044],[-74.091177,40.613746],[-74.094249,40.615094],[-74.097317,40.613741],[-74.097313,40.611039],[-74.094242,40.609691],[-74.091173,40.611044]]]},"properties":{"t":"Damaged Tree","n":1,"q":0}},{"type":"Feature","geometry":{"type":"Polygon","coordinates":[[[-74.115649,40.562394],[-74.115654,40.565095],[-74.118724,40.566443],[-74.12179,40.565089],[-74.121785,40.562387],[-74.118715,40.56104],[-74.115649,40.562394]]]},"properties":{"t":"Damaged Tree","n":16,"q":3}},{"type":"Feature","geometry":{"type":"Polygon","coordinates":[[[-74.112575,40.558344],[-74.112579,40.561046],[-74.115649,40.562394],[-74.118715,40.56104],[-74.11871,40.558338],[-74.11564,40.556991],[-74.112575,40.558344]]]},"properties":{"t":"Damaged Tree","n":19,"q":4}},{"type":"Feature","geometry":{"type":"Polygon","coordinates":[[[-74.210686,40.541997],[-74.210694,40.544698],[-74.213765,40.546044],[-74.216828,40.544687],[-74.216819,40.541985],[-74.213748,40.54064],[-74.210686,40.541997]]]},"properties":{"t":"Damaged Tree","n":28,"q":4}},{"type":"Feature","geometry":{"type":"Polygon","coordinates":[[[-74.143198,40.533996],[-74.143204,40.536698],[-74.146274,40.538045],[-74.149337,40.53669],[-74.149331,40.533988],[-74.146262,40.532641],[-74.143198,40.533996]]]},"properties":{"t":"Damaged Tree","n":7,"q":1}},{"type":"Feature","geometry":{"type":"Polygon","coordinates":[[[-74.155521,40.558294],[-74.155527,40.560996],[-74.158598,40.562343],[-74.161662,40.560987],[-74.161656,40.558286],[-74.158585,40.556939],[-74.155521,40.558294]]]},"properties":{"t":"Damaged Tree","n":26,"q":4}},{"type":"Feature","geometry":{"type":"Polygon","coordinates":[[[-74.189344,40.58661],[-74.189352,40.589312],[-74.192425,40.590657],[-74.19549,40.589302],[-74.195482,40.5866],[-74.192409,40.585254],[-74.189344,40.58661]]]},"properties":{"t":"Damaged Tree","n":3,"q":0}},{"type":"Feature","geometry":{"type":"Polygon","coordinates":[[[-74.216793,40.533881],[-74.216802,40.536582],[-74.219873,40.537927],[-74.222935,40.536571],[-74.222926,40.533869],[-74.219855,40.532524],[-74.216793,40.533881]]]},"properties":{"t":"Damaged Tree","n":14,"q":3}},{"type":"Feature","geometry":{"type":"Polygon","coordinates":[[[-74.226033,40.54602],[-74.226043,40.548722],[-74.229114,40.550066],[-74.232177,40.548709],[-74.232167,40.546008],[-74.229096,40.544663],[-74.226033,40.54602]]]},"properties":{"t":"Damaged Tree","n":2,"q":0}},{"type":"Feature","geometry":{"type":"Polygon","coordinates":[[[-74.081949,40.598894],[-74.081952,40.601596],[-74.085023,40.602944],[-74.088091,40.601591],[-74.088087,40.59889],[-74.085016,40.597541],[-74.081949,40.598894]]]},"properties":{"t":"Damaged Tree","n":8,"q":2}},{"type":"Feature","geometry":{"type":"Polygon","coordinates":[[[-74.124921,40.598855],[-74.124926,40.601557],[-74.127998,40.602904],[-74.131065,40.60155],[-74.13106,40.598849],[-74.127988,40.597501],[-74.124921,40.598855]]]},"properties":{"t":"Damaged Tree","n":25,"q":4}},{"type":"Feature","geometry":{"type":"Polygon","coordinates":[[[-74.241237,40.509518],[-74.241247,40.512219],[-74.244317,40.513563],[-74.247377,40.512206],[-74.247367,40.509504],[-74.244297,40.50816],[-74.241237,40.509518]]]},"properties":{"t":"Damaged Tree","n":12,"q":3}},{"type":"Feature","geometry":{"type":"Polygon","coordinates":[[[-74.158771,40.635285],[-74.158778,40.637986],[-74.161852,40.639333],[-74.16492,40.637978],[-74.164913,40.635276],[-74.161839,40.63393],[-74.158771,40.635285]]]},"properties":{"t":"Damaged Tree","n":5,"q":1}},{"type":"Feature","geometry":{"type":"Polygon","coordinates":[[[-74.183073,40.537992],[-74.183081,40.540693],[-74.186151,40.542039],[-74.189214,40.540683],[-74.189206,40.537982],[-74.186136,40.536636],[-74.183073,40.537992]]]},"properties":{"t":"Damaged Tree","n":10,"q":2}},{"type":"Feature","geometry":{"type":"Polygon","coordinates":[[[-74.195363,40.546076],[-74.195371,40.548778],[-74.198442,40.550123],[-74.201506,40.548767],[-74.201497,40.546066],[-74.198426,40.54472],[-74.195363,40.546076]]]},"properties":{"t":"Damaged Tree","n":21,"q":4}},{"type":"Feature","geometry":{"type":"Polygon","coordinates":[[[-74.118739,40.574548],[-74.118743,40.577249],[-74.121814,40.578597],[-74.12488,40.577243],[-74.124875,40.574541],[-74.121804,40.573194],[-74.118739,40.574548]]]},"properties":{"t":"Damaged Tree","n":18,"q":4}},{"type":"Feature","geometry":{"type":"Polygon","coordinates":[[[-74.204577,40.550113],[-74.204585,40.552814],[-74.207657,40.55416],[-74.21072,40.552803],[-74.210711,40.550102],[-74.20764,40.548756],[-74.204577,40.550113]]]},"properties":{"t":"Damaged Tree","n":23,"q":4}},{"type":"Feature","geometry":{"type":"Polygon","coordinates":[[[-74.100341,40.58267],[-74.100345,40.585372],[-74.103416,40.58672],[-74.106483,40.585366],[-74.106478,40.582665],[-74.103407,40.581317],[-74.100341,40.58267]]]},"properties":{"t":"Damaged Tree","n":25,"q":4}},{"type":"Feature","geometry":{"type":"Polygon","coordinates":[[[-74.124951,40.615065],[-74.124956,40.617766],[-74.128029,40.619114],[-74.131097,40.61776],[-74.131091,40.615058],[-74.128019,40.613711],[-74.124951,40.615065]]]},"properties":{"t":"Damaged Tree","n":32,"q":4}},{"type":"Feature","geometry":{"type":"Polygon","coordinates":[[[-74.143285,40.57452],[-74.143291,40.577221],[-74.146362,40.578568],[-74.149428,40.577214],[-74.149422,40.574512],[-74.14635,40.573165],[-74.143285,40.57452]]]},"properties":{"t":"Damaged Tree","n":11,"q":2}},{"type":"Feature","geometry":{"type":"Polygon","coordinates":[[[-74.201497,40.546066],[-74.201506,40.548767],[-74.204577,40.550113],[-74.20764,40.548756],[-74.207631,40.546055],[-74.20456,40.54471],[-74.201497,40.546066]]]},"properties":{"t":"Damaged Tree","n":5,"q":1}},{"type":"Feature","geometry":{"type":"Polygon","coordinates":[[[-74.07581,40.598898],[-74.075813,40.6016],[-74.078884,40.602949],[-74.081952,40.601596],[-74.081949,40.598894],[-74.078878,40.597545],[-74.07581,40.598898]]]},"properties":{"t":"Damaged Tree","n":17,"q":3}},{"type":"Feature","geometry":{"type":"Polygon","coordinates":[[[-74.140293,40.610995],[-74.140299,40.613696],[-74.143372,40.615043],[-74.146439,40.613689],[-74.146433,40.610987],[-74.14336,40.60964],[-74.140293,40.610995]]]},"properties":{"t":"Damaged Tree","n":16,"q":3}},{"type":"Feature","geometry":{"type":"Polygon","coordinates":[[[-74.09114,40.58673],[-74.091144,40.589432],[-74.094215,40.59078],[-74.097282,40.589427],[-74.097278,40.586725],[-74.094207,40.585377],[-74.09114,40.58673]]]},"properties":{"t":"Damaged Tree","n":20,"q":4}},{"type":"Feature","geometry":{"type":"Polygon","coordinates":[[[-74.072789,40.643476],[-74.072792,40.646178],[-74.075865,40.647526],[-74.078935,40.646174],[-74.078932,40.643472],[-74.075859,40.642123],[-74.072789,40.643476]]]},"properties":{"t":"Damaged Tree","n":3,"q":0}},{"type":"Feature","geometry":{"type":"Polygon","coordinates":[[[-74.103453,40.611034],[-74.103458,40.613735],[-74.10653,40.615083],[-74.109598,40.61373],[-74.109593,40.611028],[-74.106521,40.60968],[-74.103453,40.611034]]]},"properties":{"t":"Damaged Tree","n":15,"q":3}},{"type":"Feature","geometry":{"type":"Polygon","coordinates":[[[-74.161636,40.550181],[-74.161643,40.552883],[-74.164713,40.554229],[-74.167777,40.552874],[-74.167771,40.550172],[-74.1647,40.548826],[-74.161636,40.550181]]]},"properties":{"t":"Damaged Tree","n":19,"q":4}},{"type":"Feature","geometry":{"type":"Polygon","coordinates":[[[-74.152407,40.538037],[-74.152413,40.540738],[-74.155483,40.542085],[-74.158547,40.54073],[-74.15854,40.538028],[-74.15547,40.536682],[-74.152407,40.538037]]]},"properties":{"t":"Damaged Tree","n":24,"q":4}},{"type":"Feature","geometry":{"type":"Polygon","coordinates":[[[-74.069671,40.598902],[-74.069674,40.601604],[-74.072745,40.602953],[-74.075813,40.6016],[-74.07581,40.598898],[-74.072739,40.59755],[-74.069671,40.598902]]]},"properties":{"t":"Damaged Tree","n":5,"q":1}},{"type":"Feature","geometry":{"type":"Polygon","coordinates":[[[-74.078913,40.627263],[-74.078916,40.629964],[-74.081988,40.631313],[-74.085058,40.62996],[-74.085054,40.627258],[-74.081982,40.62591],[-74.078913,40.627263]]]},"properties":{"t":"Damaged Tree","n":15,"q":3}},{"type":"Feature","geometry":{"type":"Polygon","coordinates":[[[-74.118782,40.598862],[-74.118787,40.601563],[-74.121859,40.602911],[-74.124926,40.601557],[-74.124921,40.598855],[-74.121849,40.597508],[-74.118782,40.598862]]]},"properties":{"t":"Damaged Tree","n":6,"q":1}},{"type":"Feature","geometry":{"type":"Polygon","coordinates":[[[-74.115776,40.635336],[-74.11578,40.638038],[-74.118854,40.639385],[-74.121923,40.638031],[-74.121918,40.63533],[-74.118844,40.633982],[-74.115776,40.635336]]]},"properties":{"t":"Damaged Tree","n":2,"q":0}},{"type":"Feature","geometry":{"type":"Polygon","coordinates":[[[-74.11871,40.558338],[-74.118715,40.56104],[-74.121785,40.562387],[-74.12485,40.561033],[-74.124845,40.558332],[-74.121775,40.556984],[-74.11871,40.558338]]]},"properties":{"t":"Damaged Tree","n":20,"q":4}},{"type":"Feature","geometry":{"type":"Polygon","coordinates":[[[-74.143372,40.615043],[-74.143378,40.617745],[-74.146451,40.619092],[-74.149518,40.617737],[-74.149512,40.615035],[-74.146439,40.613689],[-74.143372,40.615043]]]},"properties":{"t":"Damaged Tree","n":20,"q":4}},{"type":"Feature","geometry":{"type":"Polygon","coordinates":[[[-74.189229,40.546087],[-74.189237,40.548788],[-74.192308,40.550134],[-74.195371,40.548778],[-74.195363,40.546076],[-74.192293,40.544731],[-74.189229,40.546087]]]},"properties":{"t":"Damaged Tree","n":29,"q":4}},{"type":"Feature","geometry":{"type":"Polygon","coordinates":[[[-74.204478,40.517694],[-74.204486,40.520395],[-74.207556,40.521741],[-74.210618,40.520384],[-74.210609,40.517683],[-74.207539,40.516337],[-74.204478,40.517694]]]},"properties":{"t":"Damaged Tree","n":10,"q":2}},{"type":"Feature","geometry":{"type":"Polygon","coordinates":[[[-74.131075,40.606953],[-74.131081,40.609655],[-74.134153,40.611002],[-74.137221,40.609648],[-74.137215,40.606946],[-74.134143,40.605599],[-74.131075,40.606953]]]},"properties":{"t":"Damaged Tree","n":12,"q":3}},{"type":"Feature","geometry":{"type":"Polygon","coordinates":[[[-74.134039,40.554269],[-74.134045,40.556971],[-74.137115,40.558318],[-74.14018,40.556963],[-74.140174,40.554262],[-74.137104,40.552915],[-74.134039,40.554269]]]},"properties":{"t":"Damaged Tree","n":21,"q":4}},{"type":"Feature","geometry":{"type":"Polygon","coordinates":[[[-74.097325,40.619144],[-74.097329,40.621845],[-74.100402,40.623194],[-74.10347,40.62184],[-74.103466,40.619139],[-74.100394,40.61779],[-74.097325,40.619144]]]},"properties":{"t":"Damaged Tree","n":16,"q":3}},{"type":"Feature","geometry":{"type":"Polygon","coordinates":[[[-74.13417,40.619107],[-74.134175,40.621808],[-74.137248,40.623156],[-74.140316,40.621801],[-74.14031,40.619099],[-74.137237,40.617752],[-74.13417,40.619107]]]},"properties":{"t":"Damaged Tree","n":32,"q":4}},{"type":"Feature","geometry":{"type":"Polygon","coordinates":[[[-74.137215,40.606946],[-74.137221,40.609648],[-74.140293,40.610995],[-74.14336,40.60964],[-74.143355,40.606939],[-74.140282,40.605592],[-74.137215,40.606946]]]},"properties":{"t":"Damaged Tree","n":22,"q":4}},{"type":"Feature","geometry":{"type":"Polygon","coordinates":[[[-74.08812,40.623204],[-74.088123,40.625905],[-74.091196,40.627254],[-74.094264,40.6259],[-74.094261,40.623199],[-74.091188,40.62185],[-74.08812,40.623204]]]},"properties":{"t":"Damaged Tree","n":18,"q":4}},{"type":"Feature","geometry":{"type":"Polygon","coordinates":[[[-74.081998,40.639418],[-74.082002,40.642119],[-74.085075,40.643468],[-74.088145,40.642115],[-74.088141,40.639413],[-74.085068,40.638065],[-74.081998,40.639418]]]},"properties":{"t":"Damaged Tree","n":16,"q":3}},{"type":"Feature","geometry":{"type":"Polygon","coordinates":[[[-74.161774,40.606914],[-74.16178,40.609616],[-74.164853,40.610962],[-74.16792,40.609607],[-74.167913,40.606905],[-74.16484,40.605559],[-74.161774,40.606914]]]},"properties":{"t":"Damaged Tree","n":18,"q":4}},{"type":"Feature","geometry":{"type":"Polygon","coordinates":[[[-74.170827,40.546115],[-74.170834,40.548817],[-74.173905,40.550163],[-74.176969,40.548808],[-74.176961,40.546106],[-74.173891,40.54476],[-74.170827,40.546115]]]},"properties":{"t":"Damaged Tree","n":21,"q":4}},{"type":"Feature","geometry":{"type":"Polygon","coordinates":[[[-74.14031,40.619099],[-74.140316,40.621801],[-74.143389,40.623148],[-74.146457,40.621793],[-74.146451,40.619092],[-74.143378,40.617745],[-74.14031,40.619099]]]},"properties":{"t":"Damaged Tree","n":32,"q":4}},{"type":"Feature","geometry":{"type":"Polygon","coordinates":[[[-74.198394,40.533914],[-74.198402,40.536616],[-74.201473,40.537961],[-74.204535,40.536605],[-74.204527,40.533903],[-74.201457,40.532558],[-74.198394,40.533914]]]},"properties":{"t":"Damaged Tree","n":21,"q":4}},{"type":"Feature","geometry":{"type":"Polygon","coordinates":[[[-74.238186,40.513576],[-74.238196,40.516278],[-74.241266,40.517622],[-74.244327,40.516265],[-74.244317,40.513563],[-74.241247,40.512219],[-74.238186,40.513576]]]},"properties":{"t":"Damaged Tree","n":42,"q":4}},{"type":"Feature","geometry":{"type":"Polygon","coordinates":[[[-74.063547,40.615115],[-74.06355,40.617817],[-74.066622,40.619166],[-74.069691,40.617813],[-74.069688,40.615112],[-74.066616,40.613763],[-74.063547,40.615115]]]},"properties":{"t":"Damaged Tree","n":8,"q":2}},{"type":"Feature","geometry":{"type":"Polygon","coordinates":[[[-74.19534,40.537972],[-74.195348,40.540673],[-74.198418,40.542019],[-74.201481,40.540663],[-74.201473,40.537961],[-74.198402,40.536616],[-74.19534,40.537972]]]},"properties":{"t":"Damaged Tree","n":11,"q":2}},{"type":"Feature","geometry":{"type":"Polygon","coordinates":[[[-74.130964,40.55022],[-74.130969,40.552922],[-74.134039,40.554269],[-74.137104,40.552915],[-74.137099,40.550213],[-74.134029,40.548866],[-74.130964,40.55022]]]},"properties":{"t":"Damaged Tree","n":7,"q":1}},{"type":"Feature","geometry":{"type":"Polygon","coordinates":[[[-74.109633,40.635342],[-74.109638,40.638044],[-74.112711,40.639392],[-74.11578,40.638038],[-74.115776,40.635336],[-74.112702,40.633988],[-74.109633,40.635342]]]},"properties":{"t":"Damaged Tree","n":5,"q":1}},{"type":"Feature","geometry":{"type":"Polygon","coordinates":[[[-74.143233,40.550206],[-74.143239,40.552907],[-74.146309,40.554254],[-74.149373,40.552899],[-74.149367,40.550198],[-74.146297,40.548851],[-74.143233,40.550206]]]},"properties":{"t":"Damaged Tree","n":6,"q":1}},{"type":"Feature","geometry":{"type":"Polygon","coordinates":[[[-74.186106,40.52583],[-74.186113,40.528531],[-74.189184,40.529877],[-74.192246,40.528521],[-74.192238,40.52582],[-74.189168,40.524474],[-74.186106,40.52583]]]},"properties":{"t":"Damaged Tree","n":17,"q":3}},{"type":"Feature","geometry":{"type":"Polygon","coordinates":[[[-74.152425,40.546141],[-74.152431,40.548843],[-74.155502,40.55019],[-74.158566,40.548835],[-74.158559,40.546133],[-74.155489,40.544786],[-74.152425,40.546141]]]},"properties":{"t":"Damaged Tree","n":17,"q":3}},{"type":"Feature","geometry":{"type":"Polygon","coordinates":[[[-74.167791,40.558277],[-74.167798,40.560979],[-74.170869,40.562325],[-74.173933,40.56097],[-74.173926,40.558268],[-74.170855,40.556922],[-74.167791,40.558277]]]},"properties":{"t":"Damaged Tree","n":9,"q":2}},{"type":"Feature","geometry":{"type":"Polygon","coordinates":[[[-74.124966,40.62317],[-74.124971,40.625871],[-74.128045,40.627218],[-74.131113,40.625864],[-74.131107,40.623163],[-74.128034,40.621815],[-74.124966,40.62317]]]},"properties":{"t":"Damaged Tree","n":5,"q":1}},{"type":"Feature","geometry":{"type":"Polygon","coordinates":[[[-74.088141,40.639413],[-74.088145,40.642115],[-74.091218,40.643463],[-74.094287,40.64211],[-74.094284,40.639408],[-74.09121,40.63806],[-74.088141,40.639413]]]},"properties":{"t":"Damaged Tree","n":24,"q":4}},{"type":"Feature","geometry":{"type":"Polygon","coordinates":[[[-74.078874,40.594844],[-74.078878,40.597545],[-74.081949,40.598894],[-74.085016,40.597541],[-74.085013,40.59484],[-74.081942,40.593491],[-74.078874,40.594844]]]},"properties":{"t":"Damaged Tree","n":5,"q":1}},{"type":"Feature","geometry":{"type":"Polygon","coordinates":[[[-74.180061,40.558258],[-74.180068,40.56096],[-74.18314,40.562306],[-74.186204,40.56095],[-74.186196,40.558249],[-74.183125,40.556903],[-74.180061,40.558258]]]},"properties":{"t":"Damaged Tree","n":3,"q":0}},{"type":"Feature","geometry":{"type":"Polygon","coordinates":[[[-74.167771,40.550172],[-74.167777,40.552874],[-74.170848,40.55422],[-74.173912,40.552865],[-74.173905,40.550163],[-74.170834,40.548817],[-74.167771,40.550172]]]},"properties":{"t":"Damaged Tree","n":13,"q":3}},{"type":"Feature","geometry":{"type":"Polygon","coordinates":[[[-74.115635,40.554289],[-74.11564,40.556991],[-74.11871,40.558338],[-74.121775,40.556984],[-74.12177,40.554283],[-74.1187,40.552935],[-74.115635,40.554289]]]},"properties":{"t":"Damaged Tree","n":8,"q":2}},{"type":"Feature","geometry":{"type":"Polygon","coordinates":[[[-74.173905,40.550163],[-74.173912,40.552865],[-74.176983,40.554211],[-74.180047,40.552855],[-74.180039,40.550154],[-74.176969,40.548808],[-74.173905,40.550163]]]},"properties":{"t":"Damaged Tree","n":17,"q":3}},{"type":"Feature","geometry":{"type":"Polygon","coordinates":[[[-74.131091,40.615058],[-74.131097,40.61776],[-74.13417,40.619107],[-74.137237,40.617752],[-74.137232,40.615051],[-74.134159,40.613704],[-74.131091,40.615058]]]},"properties":{"t":"Damaged Tree","n":21,"q":4}},{"type":"Feature","geometry":{"type":"Polygon","coordinates":[[[-74.235078,40.501426],[-74.235087,40.504127],[-74.238157,40.505472],[-74.241217,40.504114],[-74.241208,40.501413],[-74.238138,40.500068],[-74.235078,40.501426]]]},"properties":{"t":"Damaged Tree","n":13,"q":3}},{"type":"Feature","geometry":{"type":"Polygon","coordinates":[[[-74.131107,40.623163],[-74.131113,40.625864],[-74.134186,40.627211],[-74.137254,40.625857],[-74.137248,40.623156],[-74.134175,40.621808],[-74.131107,40.623163]]]},"properties":{"t":"Damaged Tree","n":8,"q":2}},{"type":"Feature","geometry":{"type":"Polygon","coordinates":[[[-74.149458,40.590721],[-74.149464,40.593423],[-74.152536,40.59477],[-74.155602,40.593415],[-74.155596,40.590713],[-74.152524,40.589367],[-74.149458,40.590721]]]},"properties":{"t":"Damaged Tree","n":11,"q":2}},{"type":"Feature","geometry":{"type":"Polygon","coordinates":[[[-74.21374,40.537939],[-74.213748,40.54064],[-74.216819,40.541985],[-74.219882,40.540629],[-74.219873,40.537927],[-74.216802,40.536582],[-74.21374,40.537939]]]},"properties":{"t":"Damaged Tree","n":12,"q":3}},{"type":"Feature","geometry":{"type":"Polygon","coordinates":[[[-74.183051,40.529887],[-74.183058,40.532589],[-74.186129,40.533935],[-74.189191,40.532579],[-74.189184,40.529877],[-74.186113,40.528531],[-74.183051,40.529887]]]},"properties":{"t":"Damaged Tree","n":16,"q":3}},{"type":"Feature","geometry":{"type":"Polygon","coordinates":[[[-74.134023,40.546164],[-74.134029,40.548866],[-74.137099,40.550213],[-74.140163,40.548859],[-74.140157,40.546157],[-74.137087,40.54481],[-74.134023,40.546164]]]},"properties":{"t":"Damaged Tree","n":5,"q":1}},{"type":"Feature","geometry":{"type":"Polygon","coordinates":[[[-74.13106,40.598849],[-74.131065,40.60155],[-74.134137,40.602897],[-74.137204,40.601543],[-74.137198,40.598841],[-74.134126,40.597494],[-74.13106,40.598849]]]},"properties":{"t":"Damaged Tree","n":37,"q":4}},{"type":"Feature","geometry":{"type":"Polygon","coordinates":[[[-74.213765,40.546044],[-74.213774,40.548745],[-74.216846,40.55009],[-74.219908,40.548734],[-74.219899,40.546032],[-74.216828,40.544687],[-74.213765,40.546044]]]},"properties":{"t":"Damaged Tree","n":40,"q":4}},{"type":"Feature","geometry":{"type":"Polygon","coordinates":[[[-74.075801,40.590794],[-74.075804,40.593495],[-74.078874,40.594844],[-74.081942,40.593491],[-74.081939,40.590789],[-74.078868,40.589441],[-74.075801,40.590794]]]},"properties":{"t":"Damaged Tree","n":7,"q":1}},{"type":"Feature","geometry":{"type":"Polygon","coordinates":[[[-74.164913,40.635276],[-74.16492,40.637978],[-74.167995,40.639324],[-74.171063,40.637969],[-74.171056,40.635267],[-74.167981,40.633921],[-74.164913,40.635276]]]},"properties":{"t":"Damaged Tree","n":17,"q":3}},{"type":"Feature","geometry":{"type":"Polygon","coordinates":[[[-74.158656,40.586657],[-74.158662,40.589358],[-74.161734,40.590705],[-74.1648,40.58935],[-74.164793,40.586648],[-74.161721,40.585302],[-74.158656,40.586657]]]},"properties":{"t":"Damaged Tree","n":20,"q":4}},{"type":"Feature","geometry":{"type":"Polygon","coordinates":[[[-74.170848,40.55422],[-74.170855,40.556922],[-74.173926,40.558268],[-74.17699,40.556912],[-74.176983,40.554211],[-74.173912,40.552865],[-74.170848,40.55422]]]},"properties":{"t":"Damaged Tree","n":23,"q":4}},{"type":"Feature","geometry":{"type":"Polygon","coordinates":[[[-74.143216,40.542101],[-74.143221,40.544802],[-74.146291,40.546149],[-74.149355,40.544795],[-74.149349,40.542093],[-74.146279,40.540746],[-74.143216,40.542101]]]},"properties":{"t":"Damaged Tree","n":12,"q":3}},{"type":"Feature","geometry":{"type":"Polygon","coordinates":[[[-74.060459,40.594855],[-74.060461,40.597557],[-74.063532,40.598906],[-74.0666,40.597553],[-74.066597,40.594852],[-74.063527,40.593503],[-74.060459,40.594855]]]},"properties":{"t":"Damaged Tree","n":12,"q":3}},{"type":"Feature","geometry":{"type":"Polygon","coordinates":[[[-74.167913,40.606905],[-74.16792,40.609607],[-74.170993,40.610953],[-74.17406,40.609598],[-74.174053,40.606896],[-74.170979,40.60555],[-74.167913,40.606905]]]},"properties":{"t":"Damaged Tree","n":4,"q":1}},{"type":"Feature","geometry":{"type":"Polygon","coordinates":[[[-74.072771,40.627267],[-74.072774,40.629968],[-74.075847,40.631317],[-74.078916,40.629964],[-74.078913,40.627263],[-74.07584,40.625914],[-74.072771,40.627267]]]},"properties":{"t":"Damaged Tree","n":3,"q":0}},{"type":"Feature","geometry":{"type":"Polygon","coordinates":[[[-74.106556,40.631293],[-74.10656,40.633994],[-74.109633,40.635342],[-74.112702,40.633988],[-74.112698,40.631287],[-74.109625,40.629939],[-74.106556,40.631293]]]},"properties":{"t":"Damaged Tree","n":21,"q":4}},{"type":"Feature","geometry":{"type":"Polygon","coordinates":[[[-74.16771,40.525858],[-74.167716,40.52856],[-74.170786,40.529906],[-74.173849,40.528551],[-74.173842,40.525849],[-74.170772,40.524503],[-74.16771,40.525858]]]},"properties":{"t":"Damaged Tree","n":15,"q":3}},{"type":"Feature","geometry":{"type":"Polygon","coordinates":[[[-74.195292,40.521762],[-74.1953,40.524464],[-74.19837,40.525809],[-74.201432,40.524453],[-74.201424,40.521752],[-74.198354,40.520406],[-74.195292,40.521762]]]},"properties":{"t":"Damaged Tree","n":24,"q":4}},{"type":"Feature","geometry":{"type":"Polygon","coordinates":[[[-74.118825,40.623176],[-74.11883,40.625878],[-74.121903,40.627225],[-74.124971,40.625871],[-74.124966,40.62317],[-74.121893,40.621822],[-74.118825,40.623176]]]},"properties":{"t":"Damaged Tree","n":8,"q":2}},{"type":"Feature","geometry":{"type":"Polygon","coordinates":[[[-74.204552,40.542008],[-74.20456,40.54471],[-74.207631,40.546055],[-74.210694,40.544698],[-74.210686,40.541997],[-74.207615,40.540652],[-74.204552,40.542008]]]},"properties":{"t":"Damaged Tree","n":16,"q":3}},{"type":"Feature","geometry":{"type":"Polygon","coordinates":[[[-74.106543,40.623188],[-74.106547,40.62589],[-74.10962,40.627238],[-74.112689,40.625884],[-74.112684,40.623182],[-74.109611,40.621834],[-74.106543,40.623188]]]},"properties":{"t":"Damaged Tree","n":14,"q":3}},{"type":"Feature","geometry":{"type":"Polygon","coordinates":[[[-74.238157,40.505472],[-74.238167,40.508173],[-74.241237,40.509518],[-74.244297,40.50816],[-74.244287,40.505459],[-74.241217,40.504114],[-74.238157,40.505472]]]},"properties":{"t":"Damaged Tree","n":15,"q":3}},{"type":"Feature","geometry":{"type":"Polygon","coordinates":[[[-74.210635,40.525787],[-74.210643,40.528489],[-74.213714,40.529834],[-74.216775,40.528478],[-74.216767,40.525776],[-74.213696,40.524431],[-74.210635,40.525787]]]},"properties":{"t":"Damaged Tree","n":12,"q":3}},{"type":"Feature","geometry":{"type":"Polygon","coordinates":[[[-74.232083,40.521694],[-74.232092,40.524395],[-74.235163,40.52574],[-74.238224,40.524383],[-74.238215,40.521681],[-74.235144,40.520337],[-74.232083,40.521694]]]},"properties":{"t":"Damaged Tree","n":3,"q":0}},{"type":"Feature","geometry":{"type":"Polygon","coordinates":[[[-74.161617,40.542076],[-74.161623,40.544778],[-74.164693,40.546124],[-74.167757,40.544769],[-74.16775,40.542068],[-74.16468,40.540721],[-74.161617,40.542076]]]},"properties":{"t":"Damaged Tree","n":13,"q":3}},{"type":"Feature","geometry":{"type":"Polygon","coordinates":[[[-74.189206,40.537982],[-74.189214,40.540683],[-74.192285,40.542029],[-74.195348,40.540673],[-74.19534,40.537972],[-74.192269,40.536626],[-74.189206,40.537982]]]},"properties":{"t":"Damaged Tree","n":25,"q":4}},{"type":"Feature","geometry":{"type":"Polygon","coordinates":[[[-74.127936,40.570486],[-74.127941,40.573187],[-74.131012,40.574534],[-74.134077,40.57318],[-74.134072,40.570479],[-74.131001,40.569131],[-74.127936,40.570486]]]},"properties":{"t":"Damaged Tree","n":9,"q":2}},{"type":"Feature","geometry":{"type":"Polygon","coordinates":[[[-74.124875,40.574541],[-74.12488,40.577243],[-74.127951,40.57859],[-74.131017,40.577236],[-74.131012,40.574534],[-74.127941,40.573187],[-74.124875,40.574541]]]},"properties":{"t":"Damaged Tree","n":8,"q":2}},{"type":"Feature","geometry":{"type":"Polygon","coordinates":[[[-74.12489,40.582646],[-74.124895,40.585348],[-74.127967,40.586695],[-74.131033,40.585341],[-74.131028,40.582639],[-74.127956,40.581292],[-74.12489,40.582646]]]},"properties":{"t":"Damaged Tree","n":8,"q":2}},{"type":"Feature","geometry":{"type":"Polygon","coordinates":[[[-74.103428,40.594824],[-74.103433,40.597526],[-74.106504,40.598874],[-74.109571,40.59752],[-74.109567,40.594819],[-74.106495,40.593471],[-74.103428,40.594824]]]},"properties":{"t":"Damaged Tree","n":6,"q":1}},{"type":"Feature","geometry":{"type":"Polygon","coordinates":[[[-74.097313,40.611039],[-74.097317,40.613741],[-74.10039,40.615089],[-74.103458,40.613735],[-74.103453,40.611034],[-74.100381,40.609686],[-74.097313,40.611039]]]},"properties":{"t":"Damaged Tree","n":4,"q":1}},{"type":"Feature","geometry":{"type":"Polygon","coordinates":[[[-74.161754,40.598809],[-74.16176,40.601511],[-74.164833,40.602857],[-74.1679,40.601502],[-74.167893,40.598801],[-74.16482,40.597454],[-74.161754,40.598809]]]},"properties":{"t":"Damaged Tree","n":14,"q":3}},{"type":"Feature","geometry":{"type":"Polygon","coordinates":[[[-74.179996,40.533944],[-74.180003,40.536646],[-74.183073,40.537992],[-74.186136,40.536636],[-74.186129,40.533935],[-74.183058,40.532589],[-74.179996,40.533944]]]},"properties":{"t":"Damaged Tree","n":12,"q":3}},{"type":"Feature","geometry":{"type":"Polygon","coordinates":[[[-74.164713,40.554229],[-74.16472,40.556931],[-74.167791,40.558277],[-74.170855,40.556922],[-74.170848,40.55422],[-74.167777,40.552874],[-74.164713,40.554229]]]},"properties":{"t":"Damaged Tree","n":30,"q":4}},{"type":"Feature","geometry":{"type":"Polygon","coordinates":[[[-74.11267,40.615078],[-74.112675,40.617779],[-74.115748,40.619127],[-74.118815,40.617773],[-74.118811,40.615071],[-74.115738,40.613724],[-74.11267,40.615078]]]},"properties":{"t":"Damaged Tree","n":8,"q":2}},{"type":"Feature","geometry":{"type":"Polygon","coordinates":[[[-74.127967,40.586695],[-74.127972,40.589397],[-74.131044,40.590744],[-74.13411,40.58939],[-74.134105,40.586688],[-74.131033,40.585341],[-74.127967,40.586695]]]},"properties":{"t":"Damaged Tree","n":1,"q":0}},{"type":"Feature","geometry":{"type":"Polygon","coordinates":[[[-74.106439,40.55835],[-74.106444,40.561052],[-74.109514,40.5624],[-74.112579,40.561046],[-74.112575,40.558344],[-74.109505,40.556997],[-74.106439,40.55835]]]},"properties":{"t":"Damaged Tree","n":16,"q":3}},{"type":"Feature","geometry":{"type":"Polygon","coordinates":[[[-74.152592,40.619084],[-74.152598,40.621785],[-74.155672,40.623132],[-74.158739,40.621777],[-74.158733,40.619075],[-74.155659,40.617729],[-74.152592,40.619084]]]},"properties":{"t":"Damaged Tree","n":3,"q":0}},{"type":"Feature","geometry":{"type":"Polygon","coordinates":[[[-74.078932,40.643472],[-74.078935,40.646174],[-74.082008,40.647522],[-74.085078,40.646169],[-74.085075,40.643468],[-74.082002,40.642119],[-74.078932,40.643472]]]},"properties":{"t":"Damaged Tree","n":11,"q":2}},{"type":"Feature","geometry":{"type":"Polygon","coordinates":[[[-74.088066,40.58268],[-74.08807,40.585382],[-74.09114,40.58673],[-74.094207,40.585377],[-74.094203,40.582675],[-74.091133,40.581327],[-74.088066,40.58268]]]},"properties":{"t":"Damaged Tree","n":4,"q":1}},{"type":"Feature","geometry":{"type":"Polygon","coordinates":[[[-74.078884,40.602949],[-74.078887,40.60565],[-74.081959,40.606999],[-74.085027,40.605646],[-74.085023,40.602944],[-74.081952,40.601596],[-74.078884,40.602949]]]},"properties":{"t":"Damaged Tree","n":6,"q":1}},{"type":"Feature","geometry":{"type":"Polygon","coordinates":[[[-74.158752,40.62718],[-74.158758,40.629882],[-74.161832,40.631228],[-74.1649,40.629873],[-74.164893,40.627172],[-74.161819,40.625825],[-74.158752,40.62718]]]},"properties":{"t":"Damaged Tree","n":7,"q":1}},{"type":"Feature","geometry":{"type":"Polygon","coordinates":[[[-74.103391,40.57051],[-74.103395,40.573212],[-74.106465,40.57456],[-74.109531,40.573206],[-74.109527,40.570505],[-74.106457,40.569157],[-74.103391,40.57051]]]},"properties":{"t":"Damaged Tree","n":6,"q":1}},{"type":"Feature","geometry":{"type":"Polygon","coordinates":[[[-74.094249,40.615094],[-74.094253,40.617796],[-74.097325,40.619144],[-74.100394,40.61779],[-74.10039,40.615089],[-74.097317,40.613741],[-74.094249,40.615094]]]},"properties":{"t":"Damaged Tree","n":11,"q":2}},{"type":"Feature","geometry":{"type":"Polygon","coordinates":[[[-74.078894,40.611053],[-74.078897,40.613755],[-74.081968,40.615104],[-74.085037,40.61375],[-74.085034,40.611049],[-74.081962,40.6097],[-74.078894,40.611053]]]},"properties":{"t":"Damaged Tree","n":11,"q":2}},{"type":"Feature","geometry":{"type":"Polygon","coordinates":[[[-74.161852,40.639333],[-74.161859,40.642034],[-74.164933,40.643381],[-74.168001,40.642026],[-74.167995,40.639324],[-74.16492,40.637978],[-74.161852,40.639333]]]},"properties":{"t":"Damaged Tree","n":6,"q":1}},{"type":"Feature","geometry":{"type":"Polygon","coordinates":[[[-74.149331,40.533988],[-74.149337,40.53669],[-74.152407,40.538037],[-74.15547,40.536682],[-74.155464,40.53398],[-74.152395,40.532633],[-74.149331,40.533988]]]},"properties":{"t":"Damaged Tree","n":11,"q":2}},{"type":"Feature","geometry":{"type":"Polygon","coordinates":[[[-74.121844,40.594806],[-74.121849,40.597508],[-74.124921,40.598855],[-74.127988,40.597501],[-74.127982,40.5948],[-74.124911,40.593452],[-74.121844,40.594806]]]},"properties":{"t":"Damaged Tree","n":2,"q":0}},{"type":"Feature","geometry":{"type":"Polygon","coordinates":[[[-74.158694,40.602866],[-74.1587,40.605568],[-74.161774,40.606914],[-74.16484,40.605559],[-74.164833,40.602857],[-74.16176,40.601511],[-74.158694,40.602866]]]},"properties":{"t":"Damaged Tree","n":13,"q":3}},{"type":"Feature","geometry":{"type":"Polygon","coordinates":[[[-74.121785,40.562387],[-74.12179,40.565089],[-74.12486,40.566437],[-74.127925,40.565082],[-74.12792,40.562381],[-74.12485,40.561033],[-74.121785,40.562387]]]},"properties":{"t":"Damaged Tree","n":9,"q":2}},{"type":"Feature","geometry":{"type":"Polygon","coordinates":[[[-74.183029,40.521782],[-74.183036,40.524484],[-74.186106,40.52583],[-74.189168,40.524474],[-74.189161,40.521772],[-74.186091,40.520427],[-74.183029,40.521782]]]},"properties":{"t":"Damaged Tree","n":3,"q":0}},{"type":"Feature","geometry":{"type":"Polygon","coordinates":[[[-74.15854,40.538028],[-74.158547,40.54073],[-74.161617,40.542076],[-74.16468,40.540721],[-74.164673,40.53802],[-74.161603,40.536673],[-74.15854,40.538028]]]},"properties":{"t":"Damaged Tree","n":14,"q":3}},{"type":"Feature","geometry":{"type":"Polygon","coordinates":[[[-74.10039,40.615089],[-74.100394,40.61779],[-74.103466,40.619139],[-74.106534,40.617785],[-74.10653,40.615083],[-74.103458,40.613735],[-74.10039,40.615089]]]},"properties":{"t":"Damaged Tree","n":10,"q":2}},{"type":"Feature","geometry":{"type":"Polygon","coordinates":[[[-74.143355,40.606939],[-74.14336,40.60964],[-74.146433,40.610987],[-74.1495,40.609632],[-74.149494,40.606931],[-74.146422,40.605584],[-74.143355,40.606939]]]},"properties":{"t":"Damaged Tree","n":22,"q":4}},{"type":"Feature","geometry":{"type":"Polygon","coordinates":[[[-74.097254,40.570516],[-74.097258,40.573217],[-74.100329,40.574565],[-74.103395,40.573212],[-74.103391,40.57051],[-74.100321,40.569162],[-74.097254,40.570516]]]},"properties":{"t":"Damaged Tree","n":15,"q":3}},{"type":"Feature","geometry":{"type":"Polygon","coordinates":[[[-74.229003,40.517647],[-74.229012,40.520349],[-74.232083,40.521694],[-74.235144,40.520337],[-74.235135,40.517635],[-74.232064,40.51629],[-74.229003,40.517647]]]},"properties":{"t":"Damaged Tree","n":7,"q":1}},{"type":"Feature","geometry":{"type":"Polygon","coordinates":[[[-74.115733,40.611022],[-74.115738,40.613724],[-74.118811,40.615071],[-74.121878,40.613717],[-74.121873,40.611016],[-74.118801,40.609668],[-74.115733,40.611022]]]},"properties":{"t":"Damaged Tree","n":6,"q":1}},{"type":"Feature","geometry":{"type":"Polygon","coordinates":[[[-74.201424,40.521752],[-74.201432,40.524453],[-74.204502,40.525798],[-74.207564,40.524442],[-74.207556,40.521741],[-74.204486,40.520395],[-74.201424,40.521752]]]},"properties":{"t":"Damaged Tree","n":13,"q":3}},{"type":"Feature","geometry":{"type":"Polygon","coordinates":[[[-74.17694,40.538001],[-74.176947,40.540703],[-74.180017,40.542049],[-74.183081,40.540693],[-74.183073,40.537992],[-74.180003,40.536646],[-74.17694,40.538001]]]},"properties":{"t":"Damaged Tree","n":12,"q":3}},{"type":"Feature","geometry":{"type":"Polygon","coordinates":[[[-74.127905,40.554276],[-74.12791,40.556978],[-74.13098,40.558325],[-74.134045,40.556971],[-74.134039,40.554269],[-74.130969,40.552922],[-74.127905,40.554276]]]},"properties":{"t":"Damaged Tree","n":18,"q":4}},{"type":"Feature","geometry":{"type":"Polygon","coordinates":[[[-74.195387,40.554181],[-74.195395,40.556883],[-74.198467,40.558228],[-74.20153,40.556872],[-74.201522,40.55417],[-74.19845,40.552825],[-74.195387,40.554181]]]},"properties":{"t":"Damaged Tree","n":18,"q":4}},{"type":"Feature","geometry":{"type":"Polygon","coordinates":[[[-74.146345,40.570464],[-74.14635,40.573165],[-74.149422,40.574512],[-74.152487,40.573157],[-74.152481,40.570456],[-74.14941,40.569109],[-74.146345,40.570464]]]},"properties":{"t":"Damaged Tree","n":7,"q":1}},{"type":"Feature","geometry":{"type":"Polygon","coordinates":[[[-74.16775,40.542068],[-74.167757,40.544769],[-74.170827,40.546115],[-74.173891,40.54476],[-74.173884,40.542058],[-74.170814,40.540712],[-74.16775,40.542068]]]},"properties":{"t":"Damaged Tree","n":34,"q":4}},{"type":"Feature","geometry":{"type":"Polygon","coordinates":[[[-74.128029,40.619114],[-74.128034,40.621815],[-74.131107,40.623163],[-74.134175,40.621808],[-74.13417,40.619107],[-74.131097,40.61776],[-74.128029,40.619114]]]},"properties":{"t":"Damaged Tree","n":23,"q":4}},{"type":"Feature","geometry":{"type":"Polygon","coordinates":[[[-74.140157,40.546157],[-74.140163,40.548859],[-74.143233,40.550206],[-74.146297,40.548851],[-74.146291,40.546149],[-74.143221,40.544802],[-74.140157,40.546157]]]},"properties":{"t":"Damaged Tree","n":5,"q":1}},{"type":"Feature","geometry":{"type":"Polygon","coordinates":[[[-74.085003,40.586735],[-74.085006,40.589436],[-74.088077,40.590785],[-74.091144,40.589432],[-74.09114,40.58673],[-74.08807,40.585382],[-74.085003,40.586735]]]},"properties":{"t":"Damaged Tree","n":5,"q":1}},{"type":"Feature","geometry":{"type":"Polygon","coordinates":[[[-74.198442,40.550123],[-74.19845,40.552825],[-74.201522,40.55417],[-74.204585,40.552814],[-74.204577,40.550113],[-74.201506,40.548767],[-74.198442,40.550123]]]},"properties":{"t":"Damaged Tree","n":16,"q":3}},{"type":"Feature","geometry":{"type":"Polygon","coordinates":[[[-74.149367,40.550198],[-74.149373,40.552899],[-74.152444,40.554246],[-74.155508,40.552891],[-74.155502,40.55019],[-74.152431,40.548843],[-74.149367,40.550198]]]},"properties":{"t":"Damaged Tree","n":8,"q":2}},{"type":"Feature","geometry":{"type":"Polygon","coordinates":[[[-74.130996,40.56643],[-74.131001,40.569131],[-74.134072,40.570479],[-74.137137,40.569124],[-74.137132,40.566423],[-74.134061,40.565075],[-74.130996,40.56643]]]},"properties":{"t":"Damaged Tree","n":14,"q":3}},{"type":"Feature","geometry":{"type":"Polygon","coordinates":[[[-74.085075,40.643468],[-74.085078,40.646169],[-74.088152,40.647518],[-74.091221,40.646165],[-74.091218,40.643463],[-74.088145,40.642115],[-74.085075,40.643468]]]},"properties":{"t":"Damaged Tree","n":8,"q":2}},{"type":"Feature","geometry":{"type":"Polygon","coordinates":[[[-74.164813,40.594753],[-74.16482,40.597454],[-74.167893,40.598801],[-74.170959,40.597445],[-74.170952,40.594744],[-74.167879,40.593398],[-74.164813,40.594753]]]},"properties":{"t":"Damaged Tree","n":17,"q":3}},{"type":"Feature","geometry":{"type":"Polygon","coordinates":[[[-74.121859,40.602911],[-74.121864,40.605613],[-74.124936,40.60696],[-74.128003,40.605606],[-74.127998,40.602904],[-74.124926,40.601557],[-74.121859,40.602911]]]},"properties":{"t":"Damaged Tree","n":11,"q":2}},{"type":"Feature","geometry":{"type":"Polygon","coordinates":[[[-74.091129,40.578625],[-74.091133,40.581327],[-74.094203,40.582675],[-74.09727,40.581322],[-74.097266,40.57862],[-74.094196,40.577272],[-74.091129,40.578625]]]},"properties":{"t":"Damaged Tree","n":11,"q":2}},{"type":"Feature","geometry":{"type":"Polygon","coordinates":[[[-74.146451,40.619092],[-74.146457,40.621793],[-74.149531,40.62314],[-74.152598,40.621785],[-74.152592,40.619084],[-74.149518,40.617737],[-74.146451,40.619092]]]},"properties":{"t":"Damaged Tree","n":11,"q":2}},{"type":"Feature","geometry":{"type":"Polygon","coordinates":[[[-74.155596,40.590713],[-74.155602,40.593415],[-74.158675,40.594761],[-74.161741,40.593406],[-74.161734,40.590705],[-74.158662,40.589358],[-74.155596,40.590713]]]},"properties":{"t":"Damaged Tree","n":14,"q":3}},{"type":"Feature","geometry":{"type":"Polygon","coordinates":[[[-74.072745,40.602953],[-74.072748,40.605654],[-74.075819,40.607003],[-74.078887,40.60565],[-74.078884,40.602949],[-74.075813,40.6016],[-74.072745,40.602953]]]},"properties":{"t":"Damaged Tree","n":6,"q":1}},{"type":"Feature","geometry":{"type":"Polygon","coordinates":[[[-74.173926,40.558268],[-74.173933,40.56097],[-74.177004,40.562316],[-74.180068,40.56096],[-74.180061,40.558258],[-74.17699,40.556912],[-74.173926,40.558268]]]},"properties":{"t":"Damaged Tree","n":40,"q":4}},{"type":"Feature","geometry":{"type":"Polygon","coordinates":[[[-74.112602,40.574554],[-74.112606,40.577256],[-74.115677,40.578603],[-74.118743,40.577249],[-74.118739,40.574548],[-74.115668,40.5732],[-74.112602,40.574554]]]},"properties":{"t":"Damaged Tree","n":23,"q":4}},{"type":"Feature","geometry":{"type":"Polygon","coordinates":[[[-74.192285,40.542029],[-74.192293,40.544731],[-74.195363,40.546076],[-74.198426,40.54472],[-74.198418,40.542019],[-74.195348,40.540673],[-74.192285,40.542029]]]},"properties":{"t":"Damaged Tree","n":21,"q":4}},{"type":"Feature","geometry":{"type":"Polygon","coordinates":[[[-74.176983,40.554211],[-74.17699,40.556912],[-74.180061,40.558258],[-74.183125,40.556903],[-74.183118,40.554201],[-74.180047,40.552855],[-74.176983,40.554211]]]},"properties":{"t":"Damaged Tree","n":22,"q":4}},{"type":"Feature","geometry":{"type":"Polygon","coordinates":[[[-74.091162,40.60294],[-74.091166,40.605641],[-74.094238,40.606989],[-74.097306,40.605636],[-74.097302,40.602934],[-74.09423,40.601586],[-74.091162,40.60294]]]},"properties":{"t":"Damaged Tree","n":4,"q":1}},{"type":"Feature","geometry":{"type":"Polygon","coordinates":[[[-74.152462,40.562351],[-74.152468,40.565052],[-74.155539,40.566399],[-74.158604,40.565044],[-74.158598,40.562343],[-74.155527,40.560996],[-74.152462,40.562351]]]},"properties":{"t":"Damaged Tree","n":10,"q":2}},{"type":"Feature","geometry":{"type":"Polygon","coordinates":[[[-74.149549,40.631245],[-74.149555,40.633946],[-74.152629,40.635293],[-74.155697,40.633938],[-74.155691,40.631237],[-74.152617,40.62989],[-74.149549,40.631245]]]},"properties":{"t":"Damaged Tree","n":2,"q":0}},{"type":"Feature","geometry":{"type":"Polygon","coordinates":[[[-74.100316,40.566461],[-74.100321,40.569162],[-74.103391,40.57051],[-74.106457,40.569157],[-74.106452,40.566455],[-74.103382,40.565107],[-74.100316,40.566461]]]},"properties":{"t":"Damaged Tree","n":7,"q":1}},{"type":"Feature","geometry":{"type":"Polygon","coordinates":[[[-74.250418,40.505445],[-74.250428,40.508147],[-74.253498,40.509491],[-74.256558,40.508134],[-74.256548,40.505432],[-74.253478,40.504088],[-74.250418,40.505445]]]},"properties":{"t":"Damaged Tree","n":15,"q":3}},{"type":"Feature","geometry":{"type":"Polygon","coordinates":[[[-74.137099,40.550213],[-74.137104,40.552915],[-74.140174,40.554262],[-74.143239,40.552907],[-74.143233,40.550206],[-74.140163,40.548859],[-74.137099,40.550213]]]},"properties":{"t":"Damaged Tree","n":11,"q":2}},{"type":"Feature","geometry":{"type":"Polygon","coordinates":[[[-74.161656,40.558286],[-74.161662,40.560987],[-74.164733,40.562334],[-74.167798,40.560979],[-74.167791,40.558277],[-74.16472,40.556931],[-74.161656,40.558286]]]},"properties":{"t":"Damaged Tree","n":33,"q":4}},{"type":"Feature","geometry":{"type":"Polygon","coordinates":[[[-74.180017,40.542049],[-74.180025,40.544751],[-74.183095,40.546097],[-74.186159,40.544741],[-74.186151,40.542039],[-74.183081,40.540693],[-74.180017,40.542049]]]},"properties":{"t":"Damaged Tree","n":6,"q":1}},{"type":"Feature","geometry":{"type":"Polygon","coordinates":[[[-74.173884,40.542058],[-74.173891,40.54476],[-74.176961,40.546106],[-74.180025,40.544751],[-74.180017,40.542049],[-74.176947,40.540703],[-74.173884,40.542058]]]},"properties":{"t":"Damaged Tree","n":11,"q":2}},{"type":"Feature","geometry":{"type":"Polygon","coordinates":[[[-74.180039,40.550154],[-74.180047,40.552855],[-74.183118,40.554201],[-74.186181,40.552846],[-74.186174,40.550144],[-74.183103,40.548798],[-74.180039,40.550154]]]},"properties":{"t":"Damaged Tree","n":34,"q":4}},{"type":"Feature","geometry":{"type":"Polygon","coordinates":[[[-74.192261,40.533924],[-74.192269,40.536626],[-74.19534,40.537972],[-74.198402,40.536616],[-74.198394,40.533914],[-74.195324,40.532568],[-74.192261,40.533924]]]},"properties":{"t":"Damaged Tree","n":20,"q":4}},{"type":"Feature","geometry":{"type":"Polygon","coordinates":[[[-74.084982,40.570525],[-74.084985,40.573227],[-74.088055,40.574575],[-74.091122,40.573222],[-74.091118,40.570521],[-74.088048,40.569172],[-74.084982,40.570525]]]},"properties":{"t":"Damaged Tree","n":2,"q":0}},{"type":"Feature","geometry":{"type":"Polygon","coordinates":[[[-74.069679,40.607007],[-74.069682,40.609708],[-74.072754,40.611057],[-74.075822,40.609705],[-74.075819,40.607003],[-74.072748,40.605654],[-74.069679,40.607007]]]},"properties":{"t":"Damaged Tree","n":9,"q":2}},{"type":"Feature","geometry":{"type":"Polygon","coordinates":[[[-74.204527,40.533903],[-74.204535,40.536605],[-74.207606,40.53795],[-74.210669,40.536594],[-74.21066,40.533892],[-74.207589,40.532547],[-74.204527,40.533903]]]},"properties":{"t":"Damaged Tree","n":17,"q":3}},{"type":"Feature","geometry":{"type":"Polygon","coordinates":[[[-74.186151,40.542039],[-74.186159,40.544741],[-74.189229,40.546087],[-74.192293,40.544731],[-74.192285,40.542029],[-74.189214,40.540683],[-74.186151,40.542039]]]},"properties":{"t":"Damaged Tree","n":11,"q":2}},{"type":"Feature","geometry":{"type":"Polygon","coordinates":[[[-74.152573,40.610979],[-74.15258,40.613681],[-74.155653,40.615027],[-74.15872,40.613672],[-74.158713,40.610971],[-74.15564,40.609624],[-74.152573,40.610979]]]},"properties":{"t":"Damaged Tree","n":4,"q":1}},{"type":"Feature","geometry":{"type":"Polygon","coordinates":[[[-74.146309,40.554254],[-74.146315,40.556956],[-74.149385,40.558302],[-74.15245,40.556948],[-74.152444,40.554246],[-74.149373,40.552899],[-74.146309,40.554254]]]},"properties":{"t":"Damaged Tree","n":9,"q":2}},{"type":"Feature","geometry":{"type":"Polygon","coordinates":[[[-74.109514,40.5624],[-74.109518,40.565101],[-74.112588,40.566449],[-74.115654,40.565095],[-74.115649,40.562394],[-74.112579,40.561046],[-74.109514,40.5624]]]},"properties":{"t":"Damaged Tree","n":11,"q":2}},{"type":"Feature","geometry":{"type":"Polygon","coordinates":[[[-74.173842,40.525849],[-74.173849,40.528551],[-74.176918,40.529897],[-74.179981,40.528541],[-74.179974,40.52584],[-74.176904,40.524494],[-74.173842,40.525849]]]},"properties":{"t":"Damaged Tree","n":9,"q":2}},{"type":"Feature","geometry":{"type":"Polygon","coordinates":[[[-74.241208,40.501413],[-74.241217,40.504114],[-74.244287,40.505459],[-74.247347,40.504101],[-74.247337,40.5014],[-74.244268,40.500056],[-74.241208,40.501413]]]},"properties":{"t":"Damaged Tree","n":47,"q":4}},{"type":"Feature","geometry":{"type":"Polygon","coordinates":[[[-74.204502,40.525798],[-74.204511,40.5285],[-74.207581,40.529845],[-74.210643,40.528489],[-74.210635,40.525787],[-74.207564,40.524442],[-74.204502,40.525798]]]},"properties":{"t":"Damaged Tree","n":12,"q":3}},{"type":"Feature","geometry":{"type":"Polygon","coordinates":[[[-74.134072,40.570479],[-74.134077,40.57318],[-74.137148,40.574527],[-74.140214,40.573173],[-74.140208,40.570471],[-74.137137,40.569124],[-74.134072,40.570479]]]},"properties":{"t":"Damaged Tree","n":16,"q":3}},{"type":"Feature","geometry":{"type":"Polygon","coordinates":[[[-74.121873,40.611016],[-74.121878,40.613717],[-74.124951,40.615065],[-74.128019,40.613711],[-74.128013,40.611009],[-74.124941,40.609662],[-74.121873,40.611016]]]},"properties":{"t":"Damaged Tree","n":14,"q":3}},{"type":"Feature","geometry":{"type":"Polygon","coordinates":[[[-74.072736,40.594848],[-74.072739,40.59755],[-74.07581,40.598898],[-74.078878,40.597545],[-74.078874,40.594844],[-74.075804,40.593495],[-74.072736,40.594848]]]},"properties":{"t":"Damaged Tree","n":14,"q":3}},{"type":"Feature","geometry":{"type":"Polygon","coordinates":[[[-74.115762,40.627232],[-74.115766,40.629933],[-74.11884,40.631281],[-74.121908,40.629927],[-74.121903,40.627225],[-74.11883,40.625878],[-74.115762,40.627232]]]},"properties":{"t":"Damaged Tree","n":13,"q":3}},{"type":"Feature","geometry":{"type":"Polygon","coordinates":[[[-74.155577,40.582609],[-74.155584,40.58531],[-74.158656,40.586657],[-74.161721,40.585302],[-74.161715,40.5826],[-74.158643,40.581254],[-74.155577,40.582609]]]},"properties":{"t":"Damaged Tree","n":8,"q":2}},{"type":"Feature","geometry":{"type":"Polygon","coordinates":[[[-74.207657,40.55416],[-74.207665,40.556861],[-74.210737,40.558206],[-74.2138,40.55685],[-74.213791,40.554148],[-74.21072,40.552803],[-74.207657,40.55416]]]},"properties":{"t":"Damaged Tree","n":3,"q":0}},{"type":"Feature","geometry":{"type":"Polygon","coordinates":[[[-74.247337,40.5014],[-74.247347,40.504101],[-74.250418,40.505445],[-74.253478,40.504088],[-74.253467,40.501386],[-74.250397,40.500042],[-74.247337,40.5014]]]},"properties":{"t":"Damaged Tree","n":43,"q":4}},{"type":"Feature","geometry":{"type":"Polygon","coordinates":[[[-74.244287,40.505459],[-74.244297,40.50816],[-74.247367,40.509504],[-74.250428,40.508147],[-74.250418,40.505445],[-74.247347,40.504101],[-74.244287,40.505459]]]},"properties":{"t":"Damaged Tree","n":35,"q":4}},{"type":"Feature","geometry":{"type":"Polygon","coordinates":[[[-74.084992,40.57863],[-74.084996,40.581332],[-74.088066,40.58268],[-74.091133,40.581327],[-74.091129,40.578625],[-74.088059,40.577277],[-74.084992,40.57863]]]},"properties":{"t":"Damaged Tree","n":7,"q":1}},{"type":"Feature","geometry":{"type":"Polygon","coordinates":[[[-74.225896,40.505496],[-74.225906,40.508198],[-74.228975,40.509543],[-74.232036,40.508186],[-74.232027,40.505484],[-74.228957,40.504139],[-74.225896,40.505496]]]},"properties":{"t":"Damaged Tree","n":16,"q":3}},{"type":"Feature","geometry":{"type":"Polygon","coordinates":[[[-74.124936,40.60696],[-74.124941,40.609662],[-74.128013,40.611009],[-74.131081,40.609655],[-74.131075,40.606953],[-74.128003,40.605606],[-74.124936,40.60696]]]},"properties":{"t":"Damaged Tree","n":13,"q":3}},{"type":"Feature","geometry":{"type":"Polygon","coordinates":[[[-74.081988,40.631313],[-74.081992,40.634014],[-74.085064,40.635363],[-74.088134,40.63401],[-74.08813,40.631308],[-74.085058,40.62996],[-74.081988,40.631313]]]},"properties":{"t":"Damaged Tree","n":15,"q":3}},{"type":"Feature","geometry":{"type":"Polygon","coordinates":[[[-74.131044,40.590744],[-74.131049,40.593445],[-74.134121,40.594793],[-74.137187,40.593438],[-74.137182,40.590737],[-74.13411,40.58939],[-74.131044,40.590744]]]},"properties":{"t":"Damaged Tree","n":4,"q":1}},{"type":"Feature","geometry":{"type":"Polygon","coordinates":[[[-74.078922,40.635367],[-74.078925,40.638069],[-74.081998,40.639418],[-74.085068,40.638065],[-74.085064,40.635363],[-74.081992,40.634014],[-74.078922,40.635367]]]},"properties":{"t":"Damaged Tree","n":15,"q":3}},{"type":"Feature","geometry":{"type":"Polygon","coordinates":[[[-74.103466,40.619139],[-74.10347,40.62184],[-74.106543,40.623188],[-74.109611,40.621834],[-74.109607,40.619133],[-74.106534,40.617785],[-74.103466,40.619139]]]},"properties":{"t":"Damaged Tree","n":12,"q":3}},{"type":"Feature","geometry":{"type":"Polygon","coordinates":[[[-74.094192,40.574571],[-74.094196,40.577272],[-74.097266,40.57862],[-74.100333,40.577267],[-74.100329,40.574565],[-74.097258,40.573217],[-74.094192,40.574571]]]},"properties":{"t":"Damaged Tree","n":10,"q":2}},{"type":"Feature","geometry":{"type":"Polygon","coordinates":[[[-74.219873,40.537927],[-74.219882,40.540629],[-74.222953,40.541974],[-74.226015,40.540617],[-74.226006,40.537915],[-74.222935,40.536571],[-74.219873,40.537927]]]},"properties":{"t":"Damaged Tree","n":18,"q":4}},{"type":"Feature","geometry":{"type":"Polygon","coordinates":[[[-74.072727,40.586743],[-74.07273,40.589445],[-74.075801,40.590794],[-74.078868,40.589441],[-74.078865,40.586739],[-74.075794,40.58539],[-74.072727,40.586743]]]},"properties":{"t":"Damaged Tree","n":4,"q":1}},{"type":"Feature","geometry":{"type":"Polygon","coordinates":[[[-74.192308,40.550134],[-74.192316,40.552835],[-74.195387,40.554181],[-74.19845,40.552825],[-74.198442,40.550123],[-74.195371,40.548778],[-74.192308,40.550134]]]},"properties":{"t":"Damaged Tree","n":12,"q":3}},{"type":"Feature","geometry":{"type":"Polygon","coordinates":[[[-74.118811,40.615071],[-74.118815,40.617773],[-74.121888,40.61912],[-74.124956,40.617766],[-74.124951,40.615065],[-74.121878,40.613717],[-74.118811,40.615071]]]},"properties":{"t":"Damaged Tree","n":18,"q":4}},{"type":"Feature","geometry":{"type":"Polygon","coordinates":[[[-74.137248,40.623156],[-74.137254,40.625857],[-74.140327,40.627204],[-74.143395,40.62585],[-74.143389,40.623148],[-74.140316,40.621801],[-74.137248,40.623156]]]},"properties":{"t":"Damaged Tree","n":14,"q":3}},{"type":"Feature","geometry":{"type":"Polygon","coordinates":[[[-74.085064,40.635363],[-74.085068,40.638065],[-74.088141,40.639413],[-74.09121,40.63806],[-74.091207,40.635358],[-74.088134,40.63401],[-74.085064,40.635363]]]},"properties":{"t":"Damaged Tree","n":5,"q":1}},{"type":"Feature","geometry":{"type":"Polygon","coordinates":[[[-74.164873,40.619067],[-74.16488,40.621768],[-74.167954,40.623115],[-74.171021,40.621759],[-74.171014,40.619058],[-74.16794,40.617712],[-74.164873,40.619067]]]},"properties":{"t":"Damaged Tree","n":11,"q":2}},{"type":"Feature","geometry":{"type":"Polygon","coordinates":[[[-74.21066,40.533892],[-74.210669,40.536594],[-74.21374,40.537939],[-74.216802,40.536582],[-74.216793,40.533881],[-74.213722,40.532536],[-74.21066,40.533892]]]},"properties":{"t":"Damaged Tree","n":15,"q":3}},{"type":"Feature","geometry":{"type":"Polygon","coordinates":[[[-74.152518,40.586665],[-74.152524,40.589367],[-74.155596,40.590713],[-74.158662,40.589358],[-74.158656,40.586657],[-74.155584,40.58531],[-74.152518,40.586665]]]},"properties":{"t":"Damaged Tree","n":18,"q":4}},{"type":"Feature","geometry":{"type":"Polygon","coordinates":[[[-74.075782,40.574584],[-74.075785,40.577286],[-74.078855,40.578634],[-74.081922,40.577282],[-74.081919,40.57458],[-74.078849,40.573231],[-74.075782,40.574584]]]},"properties":{"t":"Damaged Tree","n":1,"q":0}},{"type":"Feature","geometry":{"type":"Polygon","coordinates":[[[-74.121814,40.578597],[-74.121819,40.581298],[-74.12489,40.582646],[-74.127956,40.581292],[-74.127951,40.57859],[-74.12488,40.577243],[-74.121814,40.578597]]]},"properties":{"t":"Damaged Tree","n":4,"q":1}},{"type":"Feature","geometry":{"type":"Polygon","coordinates":[[[-74.081959,40.606999],[-74.081962,40.6097],[-74.085034,40.611049],[-74.088102,40.609696],[-74.088098,40.606994],[-74.085027,40.605646],[-74.081959,40.606999]]]},"properties":{"t":"Damaged Tree","n":8,"q":2}},{"type":"Feature","geometry":{"type":"Polygon","coordinates":[[[-74.137232,40.615051],[-74.137237,40.617752],[-74.14031,40.619099],[-74.143378,40.617745],[-74.143372,40.615043],[-74.140299,40.613696],[-74.137232,40.615051]]]},"properties":{"t":"Damaged Tree","n":25,"q":4}},{"type":"Feature","geometry":{"type":"Polygon","coordinates":[[[-74.075856,40.639422],[-74.075859,40.642123],[-74.078932,40.643472],[-74.082002,40.642119],[-74.081998,40.639418],[-74.078925,40.638069],[-74.075856,40.639422]]]},"properties":{"t":"Damaged Tree","n":11,"q":2}},{"type":"Feature","geometry":{"type":"Polygon","coordinates":[[[-74.183118,40.554201],[-74.183125,40.556903],[-74.186196,40.558249],[-74.18926,40.556893],[-74.189252,40.554191],[-74.186181,40.552846],[-74.183118,40.554201]]]},"properties":{"t":"Damaged Tree","n":12,"q":3}},{"type":"Feature","geometry":{"type":"Polygon","coordinates":[[[-74.121888,40.61912],[-74.121893,40.621822],[-74.124966,40.62317],[-74.128034,40.621815],[-74.128029,40.619114],[-74.124956,40.617766],[-74.121888,40.61912]]]},"properties":{"t":"Damaged Tree","n":10,"q":2}},{"type":"Feature","geometry":{"type":"Polygon","coordinates":[[[-74.158559,40.546133],[-74.158566,40.548835],[-74.161636,40.550181],[-74.1647,40.548826],[-74.164693,40.546124],[-74.161623,40.544778],[-74.158559,40.546133]]]},"properties":{"t":"Damaged Tree","n":9,"q":2}},{"type":"Feature","geometry":{"type":"Polygon","coordinates":[[[-74.131012,40.574534],[-74.131017,40.577236],[-74.134088,40.578583],[-74.137154,40.577229],[-74.137148,40.574527],[-74.134077,40.57318],[-74.131012,40.574534]]]},"properties":{"t":"Damaged Tree","n":15,"q":3}},{"type":"Feature","geometry":{"type":"Polygon","coordinates":[[[-74.164673,40.53802],[-74.16468,40.540721],[-74.16775,40.542068],[-74.170814,40.540712],[-74.170807,40.538011],[-74.167737,40.536664],[-74.164673,40.53802]]]},"properties":{"t":"Damaged Tree","n":22,"q":4}},{"type":"Feature","geometry":{"type":"Polygon","coordinates":[[[-74.097349,40.635353],[-74.097353,40.638055],[-74.100426,40.639403],[-74.103495,40.638049],[-74.103491,40.635348],[-74.100418,40.634],[-74.097349,40.635353]]]},"properties":{"t":"Damaged Tree","n":15,"q":3}},{"type":"Feature","geometry":{"type":"Polygon","coordinates":[[[-74.155653,40.615027],[-74.155659,40.617729],[-74.158733,40.619075],[-74.1618,40.61772],[-74.161793,40.615019],[-74.15872,40.613672],[-74.155653,40.615027]]]},"properties":{"t":"Damaged Tree","n":9,"q":2}},{"type":"Feature","geometry":{"type":"Polygon","coordinates":[[[-74.137082,40.542108],[-74.137087,40.54481],[-74.140157,40.546157],[-74.143221,40.544802],[-74.143216,40.542101],[-74.140146,40.540754],[-74.137082,40.542108]]]},"properties":{"t":"Damaged Tree","n":6,"q":1}},{"type":"Feature","geometry":{"type":"Polygon","coordinates":[[[-74.100353,40.590775],[-74.100357,40.593476],[-74.103428,40.594824],[-74.106495,40.593471],[-74.106491,40.590769],[-74.10342,40.589421],[-74.100353,40.590775]]]},"properties":{"t":"Damaged Tree","n":17,"q":3}},{"type":"Feature","geometry":{"type":"Polygon","coordinates":[[[-74.244317,40.513563],[-74.244327,40.516265],[-74.247397,40.517609],[-74.250458,40.516252],[-74.250448,40.51355],[-74.247377,40.512206],[-74.244317,40.513563]]]},"properties":{"t":"Damaged Tree","n":3,"q":0}},{"type":"Feature","geometry":{"type":"Polygon","coordinates":[[[-74.155691,40.631237],[-74.155697,40.633938],[-74.158771,40.635285],[-74.161839,40.63393],[-74.161832,40.631228],[-74.158758,40.629882],[-74.155691,40.631237]]]},"properties":{"t":"Damaged Tree","n":2,"q":0}},{"type":"Feature","geometry":{"type":"Polygon","coordinates":[[[-74.216846,40.55009],[-74.216854,40.552792],[-74.219926,40.554137],[-74.222989,40.55278],[-74.22298,40.550078],[-74.219908,40.548734],[-74.216846,40.55009]]]},"properties":{"t":"Damaged Tree","n":4,"q":1}},{"type":"Feature","geometry":{"type":"Polygon","coordinates":[[[-74.235106,40.50953],[-74.235116,40.512232],[-74.238186,40.513576],[-74.241247,40.512219],[-74.241237,40.509518],[-74.238167,40.508173],[-74.235106,40.50953]]]},"properties":{"t":"Damaged Tree","n":20,"q":4}},{"type":"Feature","geometry":{"type":"Polygon","coordinates":[[[-74.152499,40.57856],[-74.152505,40.581262],[-74.155577,40.582609],[-74.158643,40.581254],[-74.158636,40.578552],[-74.155565,40.577205],[-74.152499,40.57856]]]},"properties":{"t":"Damaged Tree","n":8,"q":2}},{"type":"Feature","geometry":{"type":"Polygon","coordinates":[[[-74.12806,40.635323],[-74.128065,40.638025],[-74.131139,40.639372],[-74.134208,40.638018],[-74.134202,40.635316],[-74.131129,40.633969],[-74.12806,40.635323]]]},"properties":{"t":"Damaged Tree","n":13,"q":3}},{"type":"Feature","geometry":{"type":"Polygon","coordinates":[[[-74.155483,40.542085],[-74.155489,40.544786],[-74.158559,40.546133],[-74.161623,40.544778],[-74.161617,40.542076],[-74.158547,40.54073],[-74.155483,40.542085]]]},"properties":{"t":"Damaged Tree","n":23,"q":4}},{"type":"Feature","geometry":{"type":"Polygon","coordinates":[[[-74.131123,40.631267],[-74.131129,40.633969],[-74.134202,40.635316],[-74.137271,40.633962],[-74.137265,40.63126],[-74.134191,40.629913],[-74.131123,40.631267]]]},"properties":{"t":"Damaged Tree","n":15,"q":3}},{"type":"Feature","geometry":{"type":"Polygon","coordinates":[[[-74.186196,40.558249],[-74.186204,40.56095],[-74.189275,40.562296],[-74.192339,40.56094],[-74.192331,40.558239],[-74.18926,40.556893],[-74.186196,40.558249]]]},"properties":{"t":"Damaged Tree","n":6,"q":1}},{"type":"Feature","geometry":{"type":"Polygon","coordinates":[[[-74.094272,40.631303],[-74.094276,40.634005],[-74.097349,40.635353],[-74.100418,40.634],[-74.100414,40.631298],[-74.097341,40.62995],[-74.094272,40.631303]]]},"properties":{"t":"Damaged Tree","n":8,"q":2}},{"type":"Feature","geometry":{"type":"Polygon","coordinates":[[[-74.121903,40.627225],[-74.121908,40.629927],[-74.124981,40.631274],[-74.12805,40.62992],[-74.128045,40.627218],[-74.124971,40.625871],[-74.121903,40.627225]]]},"properties":{"t":"Damaged Tree","n":10,"q":2}},{"type":"Feature","geometry":{"type":"Polygon","coordinates":[[[-74.232139,40.537903],[-74.232149,40.540605],[-74.23522,40.541949],[-74.238282,40.540592],[-74.238273,40.537891],[-74.235201,40.536546],[-74.232139,40.537903]]]},"properties":{"t":"Damaged Tree","n":3,"q":0}},{"type":"Feature","geometry":{"type":"Polygon","coordinates":[[[-74.134186,40.627211],[-74.134191,40.629913],[-74.137265,40.63126],[-74.140333,40.629906],[-74.140327,40.627204],[-74.137254,40.625857],[-74.134186,40.627211]]]},"properties":{"t":"Damaged Tree","n":9,"q":2}},{"type":"Feature","geometry":{"type":"Polygon","coordinates":[[[-74.158636,40.578552],[-74.158643,40.581254],[-74.161715,40.5826],[-74.16478,40.581245],[-74.164773,40.578543],[-74.161702,40.577197],[-74.158636,40.578552]]]},"properties":{"t":"Damaged Tree","n":9,"q":2}},{"type":"Feature","geometry":{"type":"Polygon","coordinates":[[[-74.238128,40.497367],[-74.238138,40.500068],[-74.241208,40.501413],[-74.244268,40.500056],[-74.244258,40.497354],[-74.241188,40.49601],[-74.238128,40.497367]]]},"properties":{"t":"Damaged Tree","n":14,"q":3}},{"type":"Feature","geometry":{"type":"Polygon","coordinates":[[[-74.112698,40.631287],[-74.112702,40.633988],[-74.115776,40.635336],[-74.118844,40.633982],[-74.11884,40.631281],[-74.115766,40.629933],[-74.112698,40.631287]]]},"properties":{"t":"Damaged Tree","n":5,"q":1}},{"type":"Feature","geometry":{"type":"Polygon","coordinates":[[[-74.164853,40.610962],[-74.16486,40.613664],[-74.167933,40.61501],[-74.171,40.613655],[-74.170993,40.610953],[-74.16792,40.609607],[-74.164853,40.610962]]]},"properties":{"t":"Damaged Tree","n":39,"q":4}},{"type":"Feature","geometry":{"type":"Polygon","coordinates":[[[-74.207556,40.521741],[-74.207564,40.524442],[-74.210635,40.525787],[-74.213696,40.524431],[-74.213688,40.521729],[-74.210618,40.520384],[-74.207556,40.521741]]]},"properties":{"t":"Damaged Tree","n":10,"q":2}},{"type":"Feature","geometry":{"type":"Polygon","coordinates":[[[-74.12177,40.554283],[-74.121775,40.556984],[-74.124845,40.558332],[-74.12791,40.556978],[-74.127905,40.554276],[-74.124835,40.552929],[-74.12177,40.554283]]]},"properties":{"t":"Damaged Tree","n":2,"q":0}},{"type":"Feature","geometry":{"type":"Polygon","coordinates":[[[-74.100304,40.558356],[-74.100308,40.561057],[-74.103378,40.562405],[-74.106444,40.561052],[-74.106439,40.55835],[-74.10337,40.557002],[-74.100304,40.558356]]]},"properties":{"t":"Damaged Tree","n":4,"q":1}},{"type":"Feature","geometry":{"type":"Polygon","coordinates":[[[-74.164833,40.602857],[-74.16484,40.605559],[-74.167913,40.606905],[-74.170979,40.60555],[-74.170973,40.602848],[-74.1679,40.601502],[-74.164833,40.602857]]]},"properties":{"t":"Damaged Tree","n":10,"q":2}},{"type":"Feature","geometry":{"type":"Polygon","coordinates":[[[-74.091151,40.594835],[-74.091155,40.597536],[-74.094226,40.598885],[-74.097294,40.597531],[-74.09729,40.59483],[-74.094219,40.593482],[-74.091151,40.594835]]]},"properties":{"t":"Damaged Tree","n":7,"q":1}},{"type":"Feature","geometry":{"type":"Polygon","coordinates":[[[-74.137148,40.574527],[-74.137154,40.577229],[-74.140225,40.578576],[-74.143291,40.577221],[-74.143285,40.57452],[-74.140214,40.573173],[-74.137148,40.574527]]]},"properties":{"t":"Damaged Tree","n":19,"q":4}},{"type":"Feature","geometry":{"type":"Polygon","coordinates":[[[-74.149349,40.542093],[-74.149355,40.544795],[-74.152425,40.546141],[-74.155489,40.544786],[-74.155483,40.542085],[-74.152413,40.540738],[-74.149349,40.542093]]]},"properties":{"t":"Damaged Tree","n":3,"q":0}},{"type":"Feature","geometry":{"type":"Polygon","coordinates":[[[-74.103491,40.635348],[-74.103495,40.638049],[-74.106569,40.639397],[-74.109638,40.638044],[-74.109633,40.635342],[-74.10656,40.633994],[-74.103491,40.635348]]]},"properties":{"t":"Damaged Tree","n":11,"q":2}},{"type":"Feature","geometry":{"type":"Polygon","coordinates":[[[-74.106569,40.639397],[-74.106573,40.642099],[-74.109647,40.643447],[-74.112716,40.642093],[-74.112711,40.639392],[-74.109638,40.638044],[-74.106569,40.639397]]]},"properties":{"t":"Damaged Tree","n":13,"q":3}},{"type":"Feature","geometry":{"type":"Polygon","coordinates":[[[-74.134202,40.635316],[-74.134208,40.638018],[-74.137282,40.639365],[-74.14035,40.63801],[-74.140345,40.635309],[-74.137271,40.633962],[-74.134202,40.635316]]]},"properties":{"t":"Damaged Tree","n":7,"q":1}},{"type":"Feature","geometry":{"type":"Polygon","coordinates":[[[-74.161734,40.590705],[-74.161741,40.593406],[-74.164813,40.594753],[-74.167879,40.593398],[-74.167872,40.590696],[-74.1648,40.58935],[-74.161734,40.590705]]]},"properties":{"t":"Damaged Tree","n":3,"q":0}},{"type":"Feature","geometry":{"type":"Polygon","coordinates":[[[-74.180149,40.590677],[-74.180156,40.593379],[-74.183229,40.594725],[-74.186294,40.593369],[-74.186287,40.590668],[-74.183214,40.589322],[-74.180149,40.590677]]]},"properties":{"t":"Damaged Tree","n":4,"q":1}},{"type":"Feature","geometry":{"type":"Polygon","coordinates":[[[-74.081968,40.615104],[-74.081972,40.617805],[-74.085044,40.619154],[-74.088112,40.617801],[-74.088109,40.615099],[-74.085037,40.61375],[-74.081968,40.615104]]]},"properties":{"t":"Damaged Tree","n":6,"q":1}},{"type":"Feature","geometry":{"type":"Polygon","coordinates":[[[-74.195316,40.529867],[-74.195324,40.532568],[-74.198394,40.533914],[-74.201457,40.532558],[-74.201449,40.529856],[-74.198378,40.528511],[-74.195316,40.529867]]]},"properties":{"t":"Damaged Tree","n":10,"q":2}},{"type":"Feature","geometry":{"type":"Polygon","coordinates":[[[-74.075828,40.615108],[-74.075831,40.617809],[-74.078903,40.619158],[-74.081972,40.617805],[-74.081968,40.615104],[-74.078897,40.613755],[-74.075828,40.615108]]]},"properties":{"t":"Damaged Tree","n":10,"q":2}},{"type":"Feature","geometry":{"type":"Polygon","coordinates":[[[-74.158713,40.610971],[-74.15872,40.613672],[-74.161793,40.615019],[-74.16486,40.613664],[-74.164853,40.610962],[-74.16178,40.609616],[-74.158713,40.610971]]]},"properties":{"t":"Damaged Tree","n":8,"q":2}},{"type":"Feature","geometry":{"type":"Polygon","coordinates":[[[-74.088109,40.615099],[-74.088112,40.617801],[-74.091185,40.619149],[-74.094253,40.617796],[-74.094249,40.615094],[-74.091177,40.613746],[-74.088109,40.615099]]]},"properties":{"t":"Damaged Tree","n":14,"q":3}},{"type":"Feature","geometry":{"type":"Polygon","coordinates":[[[-74.097302,40.602934],[-74.097306,40.605636],[-74.100377,40.606984],[-74.103445,40.605631],[-74.103441,40.602929],[-74.100369,40.601581],[-74.097302,40.602934]]]},"properties":{"t":"Damaged Tree","n":5,"q":1}},{"type":"Feature","geometry":{"type":"Polygon","coordinates":[[[-74.085054,40.627258],[-74.085058,40.62996],[-74.08813,40.631308],[-74.091199,40.629955],[-74.091196,40.627254],[-74.088123,40.625905],[-74.085054,40.627258]]]},"properties":{"t":"Damaged Tree","n":4,"q":1}},{"type":"Feature","geometry":{"type":"Polygon","coordinates":[[[-74.201449,40.529856],[-74.201457,40.532558],[-74.204527,40.533903],[-74.207589,40.532547],[-74.207581,40.529845],[-74.204511,40.5285],[-74.201449,40.529856]]]},"properties":{"t":"Damaged Tree","n":15,"q":3}},{"type":"Feature","geometry":{"type":"Polygon","coordinates":[[[-74.140174,40.554262],[-74.14018,40.556963],[-74.14325,40.55831],[-74.146315,40.556956],[-74.146309,40.554254],[-74.143239,40.552907],[-74.140174,40.554262]]]},"properties":{"t":"Damaged Tree","n":3,"q":0}},{"type":"Feature","geometry":{"type":"Polygon","coordinates":[[[-74.112657,40.606973],[-74.112661,40.609674],[-74.115733,40.611022],[-74.118801,40.609668],[-74.118796,40.606967],[-74.115724,40.605619],[-74.112657,40.606973]]]},"properties":{"t":"Damaged Tree","n":5,"q":1}},{"type":"Feature","geometry":{"type":"Polygon","coordinates":[[[-74.164693,40.546124],[-74.1647,40.548826],[-74.167771,40.550172],[-74.170834,40.548817],[-74.170827,40.546115],[-74.167757,40.544769],[-74.164693,40.546124]]]},"properties":{"t":"Damaged Tree","n":16,"q":3}},{"type":"Feature","geometry":{"type":"Polygon","coordinates":[[[-74.103441,40.602929],[-74.103445,40.605631],[-74.106517,40.606979],[-74.109585,40.605625],[-74.10958,40.602923],[-74.106508,40.601576],[-74.103441,40.602929]]]},"properties":{"t":"Damaged Tree","n":2,"q":0}},{"type":"Feature","geometry":{"type":"Polygon","coordinates":[[[-74.146469,40.627196],[-74.146475,40.629898],[-74.149549,40.631245],[-74.152617,40.62989],[-74.15261,40.627188],[-74.149537,40.625842],[-74.146469,40.627196]]]},"properties":{"t":"Damaged Tree","n":12,"q":3}},{"type":"Feature","geometry":{"type":"Polygon","coordinates":[[[-74.235163,40.52574],[-74.235173,40.528441],[-74.238244,40.529786],[-74.241305,40.528429],[-74.241295,40.525727],[-74.238224,40.524383],[-74.235163,40.52574]]]},"properties":{"t":"Damaged Tree","n":3,"q":0}},{"type":"Feature","geometry":{"type":"Polygon","coordinates":[[[-74.186174,40.550144],[-74.186181,40.552846],[-74.189252,40.554191],[-74.192316,40.552835],[-74.192308,40.550134],[-74.189237,40.548788],[-74.186174,40.550144]]]},"properties":{"t":"Damaged Tree","n":22,"q":4}},{"type":"Feature","geometry":{"type":"Polygon","coordinates":[[[-74.170869,40.562325],[-74.170876,40.565026],[-74.173947,40.566373],[-74.177011,40.565017],[-74.177004,40.562316],[-74.173933,40.56097],[-74.170869,40.562325]]]},"properties":{"t":"Damaged Tree","n":11,"q":2}},{"type":"Feature","geometry":{"type":"Polygon","coordinates":[[[-74.14014,40.538052],[-74.140146,40.540754],[-74.143216,40.542101],[-74.146279,40.540746],[-74.146274,40.538045],[-74.143204,40.536698],[-74.14014,40.538052]]]},"properties":{"t":"Damaged Tree","n":3,"q":0}},{"type":"Feature","geometry":{"type":"Polygon","coordinates":[[[-74.189367,40.594715],[-74.189375,40.597416],[-74.192448,40.598762],[-74.195514,40.597406],[-74.195506,40.594705],[-74.192433,40.593359],[-74.189367,40.594715]]]},"properties":{"t":"Damaged Tree","n":1,"q":0}},{"type":"Feature","geometry":{"type":"Polygon","coordinates":[[[-74.155672,40.623132],[-74.155678,40.625834],[-74.158752,40.62718],[-74.161819,40.625825],[-74.161813,40.623124],[-74.158739,40.621777],[-74.155672,40.623132]]]},"properties":{"t":"Damaged Tree","n":10,"q":2}},{"type":"Feature","geometry":{"type":"Polygon","coordinates":[[[-74.228948,40.501438],[-74.228957,40.504139],[-74.232027,40.505484],[-74.235087,40.504127],[-74.235078,40.501426],[-74.232008,40.500081],[-74.228948,40.501438]]]},"properties":{"t":"Damaged Tree","n":3,"q":0}},{"type":"Feature","geometry":{"type":"Polygon","coordinates":[[[-74.088055,40.574575],[-74.088059,40.577277],[-74.091129,40.578625],[-74.094196,40.577272],[-74.094192,40.574571],[-74.091122,40.573222],[-74.088055,40.574575]]]},"properties":{"t":"Damaged Tree","n":8,"q":2}},{"type":"Feature","geometry":{"type":"Polygon","coordinates":[[[-74.085023,40.602944],[-74.085027,40.605646],[-74.088098,40.606994],[-74.091166,40.605641],[-74.091162,40.60294],[-74.088091,40.601591],[-74.085023,40.602944]]]},"properties":{"t":"Damaged Tree","n":11,"q":2}},{"type":"Feature","geometry":{"type":"Polygon","coordinates":[[[-74.140191,40.562366],[-74.140197,40.565068],[-74.143268,40.566415],[-74.146333,40.56506],[-74.146327,40.562359],[-74.143256,40.561012],[-74.140191,40.562366]]]},"properties":{"t":"Damaged Tree","n":7,"q":1}},{"type":"Feature","geometry":{"type":"Polygon","coordinates":[[[-74.14325,40.55831],[-74.143256,40.561012],[-74.146327,40.562359],[-74.149392,40.561004],[-74.149385,40.558302],[-74.146315,40.556956],[-74.14325,40.55831]]]},"properties":{"t":"Damaged Tree","n":16,"q":3}},{"type":"Feature","geometry":{"type":"Polygon","coordinates":[[[-74.100426,40.639403],[-74.10043,40.642105],[-74.103504,40.643453],[-74.106573,40.642099],[-74.106569,40.639397],[-74.103495,40.638049],[-74.100426,40.639403]]]},"properties":{"t":"Damaged Tree","n":7,"q":1}},{"type":"Feature","geometry":{"type":"Polygon","coordinates":[[[-74.146487,40.635301],[-74.146493,40.638003],[-74.149567,40.63935],[-74.152635,40.637995],[-74.152629,40.635293],[-74.149555,40.633946],[-74.146487,40.635301]]]},"properties":{"t":"Damaged Tree","n":4,"q":1}},{"type":"Feature","geometry":{"type":"Polygon","coordinates":[[[-74.137265,40.63126],[-74.137271,40.633962],[-74.140345,40.635309],[-74.143413,40.633954],[-74.143407,40.631253],[-74.140333,40.629906],[-74.137265,40.63126]]]},"properties":{"t":"Damaged Tree","n":8,"q":2}},{"type":"Feature","geometry":{"type":"Polygon","coordinates":[[[-74.103504,40.643453],[-74.103508,40.646154],[-74.106582,40.647502],[-74.109651,40.646148],[-74.109647,40.643447],[-74.106573,40.642099],[-74.103504,40.643453]]]},"properties":{"t":"Damaged Tree","n":2,"q":0}},{"type":"Feature","geometry":{"type":"Polygon","coordinates":[[[-74.10653,40.615083],[-74.106534,40.617785],[-74.109607,40.619133],[-74.112675,40.617779],[-74.11267,40.615078],[-74.109598,40.61373],[-74.10653,40.615083]]]},"properties":{"t":"Damaged Tree","n":2,"q":0}},{"type":"Feature","geometry":{"type":"Polygon","coordinates":[[[-74.072762,40.619162],[-74.072765,40.621864],[-74.075837,40.623212],[-74.078906,40.62186],[-74.078903,40.619158],[-74.075831,40.617809],[-74.072762,40.619162]]]},"properties":{"t":"Damaged Tree","n":10,"q":2}},{"type":"Feature","geometry":{"type":"Polygon","coordinates":[[[-74.118724,40.566443],[-74.118729,40.569145],[-74.1218,40.570492],[-74.124865,40.569138],[-74.12486,40.566437],[-74.12179,40.565089],[-74.118724,40.566443]]]},"properties":{"t":"Damaged Tree","n":10,"q":2}},{"type":"Feature","geometry":{"type":"Polygon","coordinates":[[[-74.081978,40.623208],[-74.081982,40.62591],[-74.085054,40.627258],[-74.088123,40.625905],[-74.08812,40.623204],[-74.085047,40.621855],[-74.081978,40.623208]]]},"properties":{"t":"Damaged Tree","n":8,"q":2}},{"type":"Feature","geometry":{"type":"Polygon","coordinates":[[[-74.176897,40.521792],[-74.176904,40.524494],[-74.179974,40.52584],[-74.183036,40.524484],[-74.183029,40.521782],[-74.179959,40.520436],[-74.176897,40.521792]]]},"properties":{"t":"Damaged Tree","n":4,"q":1}},{"type":"Feature","geometry":{"type":"Polygon","coordinates":[[[-74.235135,40.517635],[-74.235144,40.520337],[-74.238215,40.521681],[-74.241276,40.520324],[-74.241266,40.517622],[-74.238196,40.516278],[-74.235135,40.517635]]]},"properties":{"t":"Damaged Tree","n":7,"q":1}},{"type":"Feature","geometry":{"type":"Polygon","coordinates":[[[-74.097266,40.57862],[-74.09727,40.581322],[-74.100341,40.58267],[-74.103407,40.581317],[-74.103403,40.578615],[-74.100333,40.577267],[-74.097266,40.57862]]]},"properties":{"t":"Damaged Tree","n":10,"q":2}},{"type":"Feature","geometry":{"type":"Polygon","coordinates":[[[-74.103403,40.578615],[-74.103407,40.581317],[-74.106478,40.582665],[-74.109545,40.581311],[-74.10954,40.578609],[-74.10647,40.577261],[-74.103403,40.578615]]]},"properties":{"t":"Damaged Tree","n":9,"q":2}},{"type":"Feature","geometry":{"type":"Polygon","coordinates":[[[-74.14944,40.582617],[-74.149446,40.585318],[-74.152518,40.586665],[-74.155584,40.58531],[-74.155577,40.582609],[-74.152505,40.581262],[-74.14944,40.582617]]]},"properties":{"t":"Damaged Tree","n":7,"q":1}},{"type":"Feature","geometry":{"type":"Polygon","coordinates":[[[-74.134105,40.586688],[-74.13411,40.58939],[-74.137182,40.590737],[-74.140248,40.589382],[-74.140242,40.586681],[-74.137171,40.585334],[-74.134105,40.586688]]]},"properties":{"t":"Damaged Tree","n":2,"q":0}},{"type":"Feature","geometry":{"type":"Polygon","coordinates":[[[-74.158733,40.619075],[-74.158739,40.621777],[-74.161813,40.623124],[-74.16488,40.621768],[-74.164873,40.619067],[-74.1618,40.61772],[-74.158733,40.619075]]]},"properties":{"t":"Damaged Tree","n":5,"q":1}},{"type":"Feature","geometry":{"type":"Polygon","coordinates":[[[-74.201473,40.537961],[-74.201481,40.540663],[-74.204552,40.542008],[-74.207615,40.540652],[-74.207606,40.53795],[-74.204535,40.536605],[-74.201473,40.537961]]]},"properties":{"t":"Damaged Tree","n":17,"q":3}},{"type":"Feature","geometry":{"type":"Polygon","coordinates":[[[-74.075847,40.631317],[-74.07585,40.634019],[-74.078922,40.635367],[-74.081992,40.634014],[-74.081988,40.631313],[-74.078916,40.629964],[-74.075847,40.631317]]]},"properties":{"t":"Damaged Tree","n":13,"q":3}},{"type":"Feature","geometry":{"type":"Polygon","coordinates":[[[-74.109567,40.594819],[-74.109571,40.59752],[-74.112643,40.598868],[-74.11571,40.597514],[-74.115705,40.594813],[-74.112634,40.593465],[-74.109567,40.594819]]]},"properties":{"t":"Damaged Tree","n":3,"q":0}},{"type":"Feature","geometry":{"type":"Polygon","coordinates":[[[-74.112643,40.598868],[-74.112648,40.60157],[-74.115719,40.602917],[-74.118787,40.601563],[-74.118782,40.598862],[-74.11571,40.597514],[-74.112643,40.598868]]]},"properties":{"t":"Damaged Tree","n":6,"q":1}},{"type":"Feature","geometry":{"type":"Polygon","coordinates":[[[-74.1218,40.570492],[-74.121804,40.573194],[-74.124875,40.574541],[-74.127941,40.573187],[-74.127936,40.570486],[-74.124865,40.569138],[-74.1218,40.570492]]]},"properties":{"t":"Damaged Tree","n":11,"q":2}},{"type":"Feature","geometry":{"type":"Polygon","coordinates":[[[-74.075837,40.623212],[-74.07584,40.625914],[-74.078913,40.627263],[-74.081982,40.62591],[-74.081978,40.623208],[-74.078906,40.62186],[-74.075837,40.623212]]]},"properties":{"t":"Damaged Tree","n":9,"q":2}},{"type":"Feature","geometry":{"type":"Polygon","coordinates":[[[-74.186287,40.590668],[-74.186294,40.593369],[-74.189367,40.594715],[-74.192433,40.593359],[-74.192425,40.590657],[-74.189352,40.589312],[-74.186287,40.590668]]]},"properties":{"t":"Damaged Tree","n":22,"q":4}},{"type":"Feature","geometry":{"type":"Polygon","coordinates":[[[-74.152388,40.529932],[-74.152395,40.532633],[-74.155464,40.53398],[-74.158527,40.532625],[-74.158521,40.529924],[-74.155451,40.528577],[-74.152388,40.529932]]]},"properties":{"t":"Damaged Tree","n":8,"q":2}},{"type":"Feature","geometry":{"type":"Polygon","coordinates":[[[-74.171076,40.643372],[-74.171083,40.646073],[-74.174158,40.64742],[-74.177226,40.646064],[-74.177219,40.643363],[-74.174144,40.642017],[-74.171076,40.643372]]]},"properties":{"t":"Damaged Tree","n":1,"q":0}},{"type":"Feature","geometry":{"type":"Polygon","coordinates":[[[-74.057393,40.598909],[-74.057395,40.601611],[-74.060466,40.60296],[-74.063535,40.601607],[-74.063532,40.598906],[-74.060461,40.597557],[-74.057393,40.598909]]]},"properties":{"t":"Damaged Tree","n":1,"q":0}},{"type":"Feature","geometry":{"type":"Polygon","coordinates":[[[-74.140276,40.60289],[-74.140282,40.605592],[-74.143355,40.606939],[-74.146422,40.605584],[-74.146416,40.602882],[-74.143343,40.601535],[-74.140276,40.60289]]]},"properties":{"t":"Damaged Tree","n":3,"q":0}},{"type":"Feature","geometry":{"type":"Polygon","coordinates":[[[-74.152629,40.635293],[-74.152635,40.637995],[-74.15571,40.639341],[-74.158778,40.637986],[-74.158771,40.635285],[-74.155697,40.633938],[-74.152629,40.635293]]]},"properties":{"t":"Damaged Tree","n":1,"q":0}},{"type":"Feature","geometry":{"type":"Polygon","coordinates":[[[-74.085034,40.611049],[-74.085037,40.61375],[-74.088109,40.615099],[-74.091177,40.613746],[-74.091173,40.611044],[-74.088102,40.609696],[-74.085034,40.611049]]]},"properties":{"t":"Damaged Tree","n":9,"q":2}},{"type":"Feature","geometry":{"type":"Polygon","coordinates":[[[-74.198418,40.542019],[-74.198426,40.54472],[-74.201497,40.546066],[-74.20456,40.54471],[-74.204552,40.542008],[-74.201481,40.540663],[-74.198418,40.542019]]]},"properties":{"t":"Damaged Tree","n":15,"q":3}},{"type":"Feature","geometry":{"type":"Polygon","coordinates":[[[-74.15261,40.627188],[-74.152617,40.62989],[-74.155691,40.631237],[-74.158758,40.629882],[-74.158752,40.62718],[-74.155678,40.625834],[-74.15261,40.627188]]]},"properties":{"t":"Damaged Tree","n":6,"q":1}},{"type":"Feature","geometry":{"type":"Polygon","coordinates":[[[-74.115677,40.578603],[-74.115682,40.581305],[-74.118753,40.582652],[-74.121819,40.581298],[-74.121814,40.578597],[-74.118743,40.577249],[-74.115677,40.578603]]]},"properties":{"t":"Damaged Tree","n":10,"q":2}},{"type":"Feature","geometry":{"type":"Polygon","coordinates":[[[-74.158675,40.594761],[-74.158681,40.597463],[-74.161754,40.598809],[-74.16482,40.597454],[-74.164813,40.594753],[-74.161741,40.593406],[-74.158675,40.594761]]]},"properties":{"t":"Damaged Tree","n":11,"q":2}},{"type":"Feature","geometry":{"type":"Polygon","coordinates":[[[-74.14332,40.590729],[-74.143326,40.593431],[-74.146398,40.594778],[-74.149464,40.593423],[-74.149458,40.590721],[-74.146386,40.589375],[-74.14332,40.590729]]]},"properties":{"t":"Damaged Tree","n":4,"q":1}},{"type":"Feature","geometry":{"type":"Polygon","coordinates":[[[-74.167995,40.639324],[-74.168001,40.642026],[-74.171076,40.643372],[-74.174144,40.642017],[-74.174137,40.639315],[-74.171063,40.637969],[-74.167995,40.639324]]]},"properties":{"t":"Damaged Tree","n":14,"q":3}},{"type":"Feature","geometry":{"type":"Polygon","coordinates":[[[-74.124981,40.631274],[-74.124986,40.633976],[-74.12806,40.635323],[-74.131129,40.633969],[-74.131123,40.631267],[-74.12805,40.62992],[-74.124981,40.631274]]]},"properties":{"t":"Damaged Tree","n":2,"q":0}},{"type":"Feature","geometry":{"type":"Polygon","coordinates":[[[-74.091185,40.619149],[-74.091188,40.62185],[-74.094261,40.623199],[-74.097329,40.621845],[-74.097325,40.619144],[-74.094253,40.617796],[-74.091185,40.619149]]]},"properties":{"t":"Damaged Tree","n":3,"q":0}},{"type":"Feature","geometry":{"type":"Polygon","coordinates":[[[-74.097243,40.562411],[-74.097247,40.565112],[-74.100316,40.566461],[-74.103382,40.565107],[-74.103378,40.562405],[-74.100308,40.561057],[-74.097243,40.562411]]]},"properties":{"t":"Damaged Tree","n":2,"q":0}},{"type":"Feature","geometry":{"type":"Polygon","coordinates":[[[-74.235192,40.533844],[-74.235201,40.536546],[-74.238273,40.537891],[-74.241334,40.536533],[-74.241325,40.533832],[-74.238253,40.532487],[-74.235192,40.533844]]]},"properties":{"t":"Damaged Tree","n":1,"q":0}},{"type":"Feature","geometry":{"type":"Polygon","coordinates":[[[-74.127982,40.5948],[-74.127988,40.597501],[-74.13106,40.598849],[-74.134126,40.597494],[-74.134121,40.594793],[-74.131049,40.593445],[-74.127982,40.5948]]]},"properties":{"t":"Damaged Tree","n":3,"q":0}},{"type":"Feature","geometry":{"type":"Polygon","coordinates":[[[-74.134121,40.594793],[-74.134126,40.597494],[-74.137198,40.598841],[-74.140265,40.597487],[-74.140259,40.594785],[-74.137187,40.593438],[-74.134121,40.594793]]]},"properties":{"t":"Damaged Tree","n":3,"q":0}},{"type":"Feature","geometry":{"type":"Polygon","coordinates":[[[-74.075819,40.607003],[-74.075822,40.609705],[-74.078894,40.611053],[-74.081962,40.6097],[-74.081959,40.606999],[-74.078887,40.60565],[-74.075819,40.607003]]]},"properties":{"t":"Damaged Tree","n":7,"q":1}},{"type":"Feature","geometry":{"type":"Polygon","coordinates":[[[-74.170807,40.538011],[-74.170814,40.540712],[-74.173884,40.542058],[-74.176947,40.540703],[-74.17694,40.538001],[-74.17387,40.536655],[-74.170807,40.538011]]]},"properties":{"t":"Damaged Tree","n":20,"q":4}},{"type":"Feature","geometry":{"type":"Polygon","coordinates":[[[-74.106452,40.566455],[-74.106457,40.569157],[-74.109527,40.570505],[-74.112593,40.569151],[-74.112588,40.566449],[-74.109518,40.565101],[-74.106452,40.566455]]]},"properties":{"t":"Damaged Tree","n":4,"q":1}},{"type":"Feature","geometry":{"type":"Polygon","coordinates":[[[-74.13098,40.558325],[-74.130985,40.561027],[-74.134056,40.562374],[-74.137121,40.561019],[-74.137115,40.558318],[-74.134045,40.556971],[-74.13098,40.558325]]]},"properties":{"t":"Damaged Tree","n":16,"q":3}},{"type":"Feature","geometry":{"type":"Polygon","coordinates":[[[-74.155634,40.606923],[-74.15564,40.609624],[-74.158713,40.610971],[-74.16178,40.609616],[-74.161774,40.606914],[-74.1587,40.605568],[-74.155634,40.606923]]]},"properties":{"t":"Damaged Tree","n":24,"q":4}},{"type":"Feature","geometry":{"type":"Polygon","coordinates":[[[-74.170765,40.521801],[-74.170772,40.524503],[-74.173842,40.525849],[-74.176904,40.524494],[-74.176897,40.521792],[-74.173828,40.520446],[-74.170765,40.521801]]]},"properties":{"t":"Damaged Tree","n":7,"q":1}},{"type":"Feature","geometry":{"type":"Polygon","coordinates":[[[-74.219899,40.546032],[-74.219908,40.548734],[-74.22298,40.550078],[-74.226043,40.548722],[-74.226033,40.54602],[-74.222962,40.544675],[-74.219899,40.546032]]]},"properties":{"t":"Damaged Tree","n":5,"q":1}},{"type":"Feature","geometry":{"type":"Polygon","coordinates":[[[-74.213688,40.521729],[-74.213696,40.524431],[-74.216767,40.525776],[-74.219828,40.524419],[-74.219819,40.521718],[-74.216749,40.520373],[-74.213688,40.521729]]]},"properties":{"t":"Damaged Tree","n":3,"q":0}},{"type":"Feature","geometry":{"type":"Polygon","coordinates":[[[-74.137198,40.598841],[-74.137204,40.601543],[-74.140276,40.60289],[-74.143343,40.601535],[-74.143337,40.598834],[-74.140265,40.597487],[-74.137198,40.598841]]]},"properties":{"t":"Damaged Tree","n":14,"q":3}},{"type":"Feature","geometry":{"type":"Polygon","coordinates":[[[-74.11884,40.631281],[-74.118844,40.633982],[-74.121918,40.63533],[-74.124986,40.633976],[-74.124981,40.631274],[-74.121908,40.629927],[-74.11884,40.631281]]]},"properties":{"t":"Damaged Tree","n":7,"q":1}},{"type":"Feature","geometry":{"type":"Polygon","coordinates":[[[-74.173863,40.533954],[-74.17387,40.536655],[-74.17694,40.538001],[-74.180003,40.536646],[-74.179996,40.533944],[-74.176926,40.532598],[-74.173863,40.533954]]]},"properties":{"t":"Damaged Tree","n":13,"q":3}},{"type":"Feature","geometry":{"type":"Polygon","coordinates":[[[-74.170786,40.529906],[-74.170793,40.532608],[-74.173863,40.533954],[-74.176926,40.532598],[-74.176918,40.529897],[-74.173849,40.528551],[-74.170786,40.529906]]]},"properties":{"t":"Damaged Tree","n":6,"q":1}},{"type":"Feature","geometry":{"type":"Polygon","coordinates":[[[-74.143389,40.623148],[-74.143395,40.62585],[-74.146469,40.627196],[-74.149537,40.625842],[-74.149531,40.62314],[-74.146457,40.621793],[-74.143389,40.623148]]]},"properties":{"t":"Damaged Tree","n":5,"q":1}},{"type":"Feature","geometry":{"type":"Polygon","coordinates":[[[-74.177004,40.562316],[-74.177011,40.565017],[-74.180083,40.566363],[-74.183147,40.565008],[-74.18314,40.562306],[-74.180068,40.56096],[-74.177004,40.562316]]]},"properties":{"t":"Damaged Tree","n":15,"q":3}},{"type":"Feature","geometry":{"type":"Polygon","coordinates":[[[-74.10954,40.578609],[-74.109545,40.581311],[-74.112616,40.582659],[-74.115682,40.581305],[-74.115677,40.578603],[-74.112606,40.577256],[-74.10954,40.578609]]]},"properties":{"t":"Damaged Tree","n":9,"q":2}},{"type":"Feature","geometry":{"type":"Polygon","coordinates":[[[-74.225979,40.529811],[-74.225988,40.532512],[-74.229059,40.533857],[-74.232121,40.5325],[-74.232111,40.529798],[-74.22904,40.528454],[-74.225979,40.529811]]]},"properties":{"t":"Damaged Tree","n":1,"q":0}},{"type":"Feature","geometry":{"type":"Polygon","coordinates":[[[-74.094284,40.639408],[-74.094287,40.64211],[-74.097361,40.643458],[-74.10043,40.642105],[-74.100426,40.639403],[-74.097353,40.638055],[-74.094284,40.639408]]]},"properties":{"t":"Damaged Tree","n":15,"q":3}},{"type":"Feature","geometry":{"type":"Polygon","coordinates":[[[-74.164893,40.627172],[-74.1649,40.629873],[-74.167974,40.631219],[-74.171042,40.629864],[-74.171035,40.627163],[-74.167961,40.625816],[-74.164893,40.627172]]]},"properties":{"t":"Damaged Tree","n":13,"q":3}},{"type":"Feature","geometry":{"type":"Polygon","coordinates":[[[-74.222845,40.509555],[-74.222854,40.512256],[-74.225924,40.513601],[-74.228985,40.512244],[-74.228975,40.509543],[-74.225906,40.508198],[-74.222845,40.509555]]]},"properties":{"t":"Damaged Tree","n":1,"q":0}},{"type":"Feature","geometry":{"type":"Polygon","coordinates":[[[-74.222872,40.517659],[-74.222881,40.520361],[-74.225951,40.521706],[-74.229012,40.520349],[-74.229003,40.517647],[-74.225933,40.516303],[-74.222872,40.517659]]]},"properties":{"t":"Damaged Tree","n":2,"q":0}},{"type":"Feature","geometry":{"type":"Polygon","coordinates":[[[-74.149531,40.62314],[-74.149537,40.625842],[-74.15261,40.627188],[-74.155678,40.625834],[-74.155672,40.623132],[-74.152598,40.621785],[-74.149531,40.62314]]]},"properties":{"t":"Damaged Tree","n":2,"q":0}},{"type":"Feature","geometry":{"type":"Polygon","coordinates":[[[-74.088087,40.59889],[-74.088091,40.601591],[-74.091162,40.60294],[-74.09423,40.601586],[-74.094226,40.598885],[-74.091155,40.597536],[-74.088087,40.59889]]]},"properties":{"t":"Damaged Tree","n":5,"q":1}},{"type":"Feature","geometry":{"type":"Polygon","coordinates":[[[-74.210711,40.550102],[-74.21072,40.552803],[-74.213791,40.554148],[-74.216854,40.552792],[-74.216846,40.55009],[-74.213774,40.548745],[-74.210711,40.550102]]]},"properties":{"t":"Damaged Tree","n":27,"q":4}},{"type":"Feature","geometry":{"type":"Polygon","coordinates":[[[-74.161793,40.615019],[-74.1618,40.61772],[-74.164873,40.619067],[-74.16794,40.617712],[-74.167933,40.61501],[-74.16486,40.613664],[-74.161793,40.615019]]]},"properties":{"t":"Damaged Tree","n":5,"q":1}},{"type":"Feature","geometry":{"type":"Polygon","coordinates":[[[-74.149404,40.566407],[-74.14941,40.569109],[-74.152481,40.570456],[-74.155546,40.569101],[-74.155539,40.566399],[-74.152468,40.565052],[-74.149404,40.566407]]]},"properties":{"t":"Damaged Tree","n":11,"q":2}},{"type":"Feature","geometry":{"type":"Polygon","coordinates":[[[-74.143302,40.582624],[-74.143308,40.585326],[-74.14638,40.586673],[-74.149446,40.585318],[-74.14944,40.582617],[-74.146368,40.58127],[-74.143302,40.582624]]]},"properties":{"t":"Damaged Tree","n":3,"q":0}},{"type":"Feature","geometry":{"type":"Polygon","coordinates":[[[-74.161813,40.623124],[-74.161819,40.625825],[-74.164893,40.627172],[-74.167961,40.625816],[-74.167954,40.623115],[-74.16488,40.621768],[-74.161813,40.623124]]]},"properties":{"t":"Damaged Tree","n":16,"q":3}},{"type":"Feature","geometry":{"type":"Polygon","coordinates":[[[-74.08813,40.631308],[-74.088134,40.63401],[-74.091207,40.635358],[-74.094276,40.634005],[-74.094272,40.631303],[-74.091199,40.629955],[-74.08813,40.631308]]]},"properties":{"t":"Damaged Tree","n":5,"q":1}},{"type":"Feature","geometry":{"type":"Polygon","coordinates":[[[-74.189184,40.529877],[-74.189191,40.532579],[-74.192261,40.533924],[-74.195324,40.532568],[-74.195316,40.529867],[-74.192246,40.528521],[-74.189184,40.529877]]]},"properties":{"t":"Damaged Tree","n":11,"q":2}},{"type":"Feature","geometry":{"type":"Polygon","coordinates":[[[-74.189138,40.513668],[-74.189145,40.516369],[-74.192215,40.517715],[-74.195277,40.516359],[-74.195269,40.513657],[-74.192199,40.512312],[-74.189138,40.513668]]]},"properties":{"t":"Damaged Tree","n":1,"q":0}},{"type":"Feature","geometry":{"type":"Polygon","coordinates":[[[-74.060474,40.611064],[-74.060476,40.613766],[-74.063547,40.615115],[-74.066616,40.613763],[-74.066614,40.611061],[-74.063542,40.609712],[-74.060474,40.611064]]]},"properties":{"t":"Damaged Tree","n":6,"q":1}},{"type":"Feature","geometry":{"type":"Polygon","coordinates":[[[-74.140208,40.570471],[-74.140214,40.573173],[-74.143285,40.57452],[-74.14635,40.573165],[-74.146345,40.570464],[-74.143274,40.569117],[-74.140208,40.570471]]]},"properties":{"t":"Damaged Tree","n":5,"q":1}},{"type":"Feature","geometry":{"type":"Polygon","coordinates":[[[-74.085044,40.619154],[-74.085047,40.621855],[-74.08812,40.623204],[-74.091188,40.62185],[-74.091185,40.619149],[-74.088112,40.617801],[-74.085044,40.619154]]]},"properties":{"t":"Damaged Tree","n":4,"q":1}},{"type":"Feature","geometry":{"type":"Polygon","coordinates":[[[-74.137132,40.566423],[-74.137137,40.569124],[-74.140208,40.570471],[-74.143274,40.569117],[-74.143268,40.566415],[-74.140197,40.565068],[-74.137132,40.566423]]]},"properties":{"t":"Damaged Tree","n":4,"q":1}},{"type":"Feature","geometry":{"type":"Polygon","coordinates":[[[-74.198346,40.517704],[-74.198354,40.520406],[-74.201424,40.521752],[-74.204486,40.520395],[-74.204478,40.517694],[-74.201408,40.516348],[-74.198346,40.517704]]]},"properties":{"t":"Damaged Tree","n":3,"q":0}},{"type":"Feature","geometry":{"type":"Polygon","coordinates":[[[-74.134056,40.562374],[-74.134061,40.565075],[-74.137132,40.566423],[-74.140197,40.565068],[-74.140191,40.562366],[-74.137121,40.561019],[-74.134056,40.562374]]]},"properties":{"t":"Damaged Tree","n":5,"q":1}},{"type":"Feature","geometry":{"type":"Polygon","coordinates":[[[-74.10958,40.602923],[-74.109585,40.605625],[-74.112657,40.606973],[-74.115724,40.605619],[-74.115719,40.602917],[-74.112648,40.60157],[-74.10958,40.602923]]]},"properties":{"t":"Damaged Tree","n":3,"q":0}},{"type":"Feature","geometry":{"type":"Polygon","coordinates":[[[-74.232196,40.554113],[-74.232205,40.556814],[-74.235277,40.558159],[-74.23834,40.556802],[-74.23833,40.5541],[-74.235258,40.552756],[-74.232196,40.554113]]]},"properties":{"t":"Damaged Tree","n":2,"q":0}},{"type":"Feature","geometry":{"type":"Polygon","coordinates":[[[-74.1095,40.554295],[-74.109505,40.556997],[-74.112575,40.558344],[-74.11564,40.556991],[-74.115635,40.554289],[-74.112566,40.552941],[-74.1095,40.554295]]]},"properties":{"t":"Damaged Tree","n":3,"q":0}},{"type":"Feature","geometry":{"type":"Polygon","coordinates":[[[-74.232027,40.505484],[-74.232036,40.508186],[-74.235106,40.50953],[-74.238167,40.508173],[-74.238157,40.505472],[-74.235087,40.504127],[-74.232027,40.505484]]]},"properties":{"t":"Damaged Tree","n":8,"q":2}},{"type":"Feature","geometry":{"type":"Polygon","coordinates":[[[-74.118796,40.606967],[-74.118801,40.609668],[-74.121873,40.611016],[-74.124941,40.609662],[-74.124936,40.60696],[-74.121864,40.605613],[-74.118796,40.606967]]]},"properties":{"t":"Damaged Tree","n":7,"q":1}},{"type":"Feature","geometry":{"type":"Polygon","coordinates":[[[-74.192215,40.517715],[-74.192223,40.520416],[-74.195292,40.521762],[-74.198354,40.520406],[-74.198346,40.517704],[-74.195277,40.516359],[-74.192215,40.517715]]]},"properties":{"t":"Damaged Tree","n":5,"q":1}},{"type":"Feature","geometry":{"type":"Polygon","coordinates":[[[-74.16773,40.533963],[-74.167737,40.536664],[-74.170807,40.538011],[-74.17387,40.536655],[-74.173863,40.533954],[-74.170793,40.532608],[-74.16773,40.533963]]]},"properties":{"t":"Damaged Tree","n":4,"q":1}},{"type":"Feature","geometry":{"type":"Polygon","coordinates":[[[-74.103378,40.562405],[-74.103382,40.565107],[-74.106452,40.566455],[-74.109518,40.565101],[-74.109514,40.5624],[-74.106444,40.561052],[-74.103378,40.562405]]]},"properties":{"t":"Damaged Tree","n":2,"q":0}},{"type":"Feature","geometry":{"type":"Polygon","coordinates":[[[-74.170973,40.602848],[-74.170979,40.60555],[-74.174053,40.606896],[-74.177119,40.605541],[-74.177112,40.602839],[-74.174039,40.601493],[-74.170973,40.602848]]]},"properties":{"t":"Damaged Tree","n":1,"q":0}},{"type":"Feature","geometry":{"type":"Polygon","coordinates":[[[-74.066622,40.619166],[-74.066624,40.621867],[-74.069696,40.623216],[-74.072765,40.621864],[-74.072762,40.619162],[-74.069691,40.617813],[-74.066622,40.619166]]]},"properties":{"t":"Damaged Tree","n":3,"q":0}},{"type":"Feature","geometry":{"type":"Polygon","coordinates":[[[-74.225951,40.521706],[-74.22596,40.524407],[-74.229031,40.525752],[-74.232092,40.524395],[-74.232083,40.521694],[-74.229012,40.520349],[-74.225951,40.521706]]]},"properties":{"t":"Damaged Tree","n":2,"q":0}},{"type":"Feature","geometry":{"type":"Polygon","coordinates":[[[-74.195269,40.513657],[-74.195277,40.516359],[-74.198346,40.517704],[-74.201408,40.516348],[-74.2014,40.513647],[-74.19833,40.512301],[-74.195269,40.513657]]]},"properties":{"t":"Damaged Tree","n":5,"q":1}},{"type":"Feature","geometry":{"type":"Polygon","coordinates":[[[-74.07278,40.635371],[-74.072783,40.638073],[-74.075856,40.639422],[-74.078925,40.638069],[-74.078922,40.635367],[-74.07585,40.634019],[-74.07278,40.635371]]]},"properties":{"t":"Damaged Tree","n":6,"q":1}},{"type":"Feature","geometry":{"type":"Polygon","coordinates":[[[-74.2014,40.513647],[-74.201408,40.516348],[-74.204478,40.517694],[-74.207539,40.516337],[-74.207531,40.513636],[-74.204461,40.512291],[-74.2014,40.513647]]]},"properties":{"t":"Damaged Tree","n":11,"q":2}},{"type":"Feature","geometry":{"type":"Polygon","coordinates":[[[-74.201522,40.55417],[-74.20153,40.556872],[-74.204602,40.558217],[-74.207665,40.556861],[-74.207657,40.55416],[-74.204585,40.552814],[-74.201522,40.55417]]]},"properties":{"t":"Damaged Tree","n":3,"q":0}},{"type":"Feature","geometry":{"type":"Polygon","coordinates":[[[-74.091218,40.643463],[-74.091221,40.646165],[-74.094295,40.647513],[-74.097365,40.646159],[-74.097361,40.643458],[-74.094287,40.64211],[-74.091218,40.643463]]]},"properties":{"t":"Damaged Tree","n":7,"q":1}},{"type":"Feature","geometry":{"type":"Polygon","coordinates":[[[-74.128013,40.611009],[-74.128019,40.613711],[-74.131091,40.615058],[-74.134159,40.613704],[-74.134153,40.611002],[-74.131081,40.609655],[-74.128013,40.611009]]]},"properties":{"t":"Damaged Tree","n":9,"q":2}},{"type":"Feature","geometry":{"type":"Polygon","coordinates":[[[-74.247367,40.509504],[-74.247377,40.512206],[-74.250448,40.51355],[-74.253508,40.512193],[-74.253498,40.509491],[-74.250428,40.508147],[-74.247367,40.509504]]]},"properties":{"t":"Damaged Tree","n":12,"q":3}},{"type":"Feature","geometry":{"type":"Polygon","coordinates":[[[-74.127951,40.57859],[-74.127956,40.581292],[-74.131028,40.582639],[-74.134094,40.581285],[-74.134088,40.578583],[-74.131017,40.577236],[-74.127951,40.57859]]]},"properties":{"t":"Damaged Tree","n":3,"q":0}},{"type":"Feature","geometry":{"type":"Polygon","coordinates":[[[-74.146362,40.578568],[-74.146368,40.58127],[-74.14944,40.582617],[-74.152505,40.581262],[-74.152499,40.57856],[-74.149428,40.577214],[-74.146362,40.578568]]]},"properties":{"t":"Damaged Tree","n":1,"q":0}},{"type":"Feature","geometry":{"type":"Polygon","coordinates":[[[-74.219819,40.521718],[-74.219828,40.524419],[-74.222899,40.525764],[-74.22596,40.524407],[-74.225951,40.521706],[-74.222881,40.520361],[-74.219819,40.521718]]]},"properties":{"t":"Damaged Tree","n":3,"q":0}},{"type":"Feature","geometry":{"type":"Polygon","coordinates":[[[-74.192238,40.52582],[-74.192246,40.528521],[-74.195316,40.529867],[-74.198378,40.528511],[-74.19837,40.525809],[-74.1953,40.524464],[-74.192238,40.52582]]]},"properties":{"t":"Damaged Tree","n":3,"q":0}},{"type":"Feature","geometry":{"type":"Polygon","coordinates":[[[-74.140327,40.627204],[-74.140333,40.629906],[-74.143407,40.631253],[-74.146475,40.629898],[-74.146469,40.627196],[-74.143395,40.62585],[-74.140327,40.627204]]]},"properties":{"t":"Damaged Tree","n":5,"q":1}},{"type":"Feature","geometry":{"type":"Polygon","coordinates":[[[-74.127998,40.602904],[-74.128003,40.605606],[-74.131075,40.606953],[-74.134143,40.605599],[-74.134137,40.602897],[-74.131065,40.60155],[-74.127998,40.602904]]]},"properties":{"t":"Damaged Tree","n":13,"q":3}},{"type":"Feature","geometry":{"type":"Polygon","coordinates":[[[-74.216767,40.525776],[-74.216775,40.528478],[-74.219846,40.529822],[-74.222908,40.528466],[-74.222899,40.525764],[-74.219828,40.524419],[-74.216767,40.525776]]]},"properties":{"t":"Damaged Tree","n":2,"q":0}},{"type":"Feature","geometry":{"type":"Polygon","coordinates":[[[-74.131028,40.582639],[-74.131033,40.585341],[-74.134105,40.586688],[-74.137171,40.585334],[-74.137165,40.582632],[-74.134094,40.581285],[-74.131028,40.582639]]]},"properties":{"t":"Damaged Tree","n":1,"q":0}},{"type":"Feature","geometry":{"type":"Polygon","coordinates":[[[-74.164633,40.52181],[-74.16464,40.524512],[-74.16771,40.525858],[-74.170772,40.524503],[-74.170765,40.521801],[-74.167696,40.520455],[-74.164633,40.52181]]]},"properties":{"t":"Damaged Tree","n":1,"q":0}},{"type":"Feature","geometry":{"type":"Polygon","coordinates":[[[-74.189161,40.521772],[-74.189168,40.524474],[-74.192238,40.52582],[-74.1953,40.524464],[-74.195292,40.521762],[-74.192223,40.520416],[-74.189161,40.521772]]]},"properties":{"t":"Damaged Tree","n":2,"q":0}},{"type":"Feature","geometry":{"type":"Polygon","coordinates":[[[-74.128045,40.627218],[-74.12805,40.62992],[-74.131123,40.631267],[-74.134191,40.629913],[-74.134186,40.627211],[-74.131113,40.625864],[-74.128045,40.627218]]]},"properties":{"t":"Damaged Tree","n":1,"q":0}},{"type":"Feature","geometry":{"type":"Polygon","coordinates":[[[-74.066589,40.586747],[-74.066592,40.589449],[-74.069662,40.590797],[-74.07273,40.589445],[-74.072727,40.586743],[-74.069657,40.585394],[-74.066589,40.586747]]]},"properties":{"t":"Damaged Tree","n":1,"q":0}},{"type":"Feature","geometry":{"type":"Polygon","coordinates":[[[-74.078903,40.619158],[-74.078906,40.62186],[-74.081978,40.623208],[-74.085047,40.621855],[-74.085044,40.619154],[-74.081972,40.617805],[-74.078903,40.619158]]]},"properties":{"t":"Damaged Tree","n":1,"q":0}},{"type":"Feature","geometry":{"type":"Polygon","coordinates":[[[-74.097278,40.586725],[-74.097282,40.589427],[-74.100353,40.590775],[-74.10342,40.589421],[-74.103416,40.58672],[-74.100345,40.585372],[-74.097278,40.586725]]]},"properties":{"t":"Damaged Tree","n":7,"q":1}},{"type":"Feature","geometry":{"type":"Polygon","coordinates":[[[-74.186083,40.517725],[-74.186091,40.520427],[-74.189161,40.521772],[-74.192223,40.520416],[-74.192215,40.517715],[-74.189145,40.516369],[-74.186083,40.517725]]]},"properties":{"t":"Damaged Tree","n":1,"q":0}},{"type":"Feature","geometry":{"type":"Polygon","coordinates":[[[-74.112711,40.639392],[-74.112716,40.642093],[-74.11579,40.643441],[-74.118859,40.642087],[-74.118854,40.639385],[-74.11578,40.638038],[-74.112711,40.639392]]]},"properties":{"t":"Damaged Tree","n":5,"q":1}},{"type":"Feature","geometry":{"type":"Polygon","coordinates":[[[-74.100377,40.606984],[-74.100381,40.609686],[-74.103453,40.611034],[-74.106521,40.60968],[-74.106517,40.606979],[-74.103445,40.605631],[-74.100377,40.606984]]]},"properties":{"t":"Damaged Tree","n":3,"q":0}},{"type":"Feature","geometry":{"type":"Polygon","coordinates":[[[-74.155558,40.574504],[-74.155565,40.577205],[-74.158636,40.578552],[-74.161702,40.577197],[-74.161695,40.574495],[-74.158623,40.573149],[-74.155558,40.574504]]]},"properties":{"t":"Damaged Tree","n":6,"q":1}},{"type":"Feature","geometry":{"type":"Polygon","coordinates":[[[-74.219766,40.505508],[-74.219775,40.50821],[-74.222845,40.509555],[-74.225906,40.508198],[-74.225896,40.505496],[-74.222827,40.504152],[-74.219766,40.505508]]]},"properties":{"t":"Damaged Tree","n":1,"q":0}},{"type":"Feature","geometry":{"type":"Polygon","coordinates":[[[-74.18314,40.562306],[-74.183147,40.565008],[-74.186219,40.566353],[-74.189283,40.564998],[-74.189275,40.562296],[-74.186204,40.56095],[-74.18314,40.562306]]]},"properties":{"t":"Damaged Tree","n":1,"q":0}},{"type":"Feature","geometry":{"type":"Polygon","coordinates":[[[-74.161695,40.574495],[-74.161702,40.577197],[-74.164773,40.578543],[-74.167838,40.577188],[-74.167832,40.574487],[-74.16476,40.57314],[-74.161695,40.574495]]]},"properties":{"t":"Damaged Tree","n":7,"q":1}},{"type":"Feature","geometry":{"type":"Polygon","coordinates":[[[-74.103416,40.58672],[-74.10342,40.589421],[-74.106491,40.590769],[-74.109558,40.589416],[-74.109554,40.586714],[-74.106483,40.585366],[-74.103416,40.58672]]]},"properties":{"t":"Damaged Tree","n":1,"q":0}},{"type":"Feature","geometry":{"type":"Polygon","coordinates":[[[-74.161577,40.525867],[-74.161584,40.528568],[-74.164653,40.529915],[-74.167716,40.52856],[-74.16771,40.525858],[-74.16464,40.524512],[-74.161577,40.525867]]]},"properties":{"t":"Damaged Tree","n":8,"q":2}},{"type":"Feature","geometry":{"type":"Polygon","coordinates":[[[-74.091207,40.635358],[-74.09121,40.63806],[-74.094284,40.639408],[-74.097353,40.638055],[-74.097349,40.635353],[-74.094276,40.634005],[-74.091207,40.635358]]]},"properties":{"t":"Damaged Tree","n":9,"q":2}},{"type":"Feature","geometry":{"type":"Polygon","coordinates":[[[-74.131139,40.639372],[-74.131144,40.642074],[-74.134219,40.643421],[-74.137287,40.642066],[-74.137282,40.639365],[-74.134208,40.638018],[-74.131139,40.639372]]]},"properties":{"t":"Damaged Tree","n":2,"q":0}},{"type":"Feature","geometry":{"type":"Polygon","coordinates":[[[-74.183207,40.58662],[-74.183214,40.589322],[-74.186287,40.590668],[-74.189352,40.589312],[-74.189344,40.58661],[-74.186272,40.585264],[-74.183207,40.58662]]]},"properties":{"t":"Damaged Tree","n":3,"q":0}},{"type":"Feature","geometry":{"type":"Polygon","coordinates":[[[-74.097361,40.643458],[-74.097365,40.646159],[-74.100438,40.647508],[-74.103508,40.646154],[-74.103504,40.643453],[-74.10043,40.642105],[-74.097361,40.643458]]]},"properties":{"t":"Damaged Tree","n":7,"q":1}},{"type":"Feature","geometry":{"type":"Polygon","coordinates":[[[-74.137115,40.558318],[-74.137121,40.561019],[-74.140191,40.562366],[-74.143256,40.561012],[-74.14325,40.55831],[-74.14018,40.556963],[-74.137115,40.558318]]]},"properties":{"t":"Damaged Tree","n":3,"q":0}},{"type":"Feature","geometry":{"type":"Polygon","coordinates":[[[-74.229087,40.541962],[-74.229096,40.544663],[-74.232167,40.546008],[-74.23523,40.544651],[-74.23522,40.541949],[-74.232149,40.540605],[-74.229087,40.541962]]]},"properties":{"t":"Damaged Tree","n":3,"q":0}},{"type":"Feature","geometry":{"type":"Polygon","coordinates":[[[-74.225924,40.513601],[-74.225933,40.516303],[-74.229003,40.517647],[-74.232064,40.51629],[-74.232055,40.513589],[-74.228985,40.512244],[-74.225924,40.513601]]]},"properties":{"t":"Damaged Tree","n":1,"q":0}},{"type":"Feature","geometry":{"type":"Polygon","coordinates":[[[-74.121918,40.63533],[-74.121923,40.638031],[-74.124997,40.639379],[-74.128065,40.638025],[-74.12806,40.635323],[-74.124986,40.633976],[-74.121918,40.63533]]]},"properties":{"t":"Damaged Tree","n":4,"q":1}},{"type":"Feature","geometry":{"type":"Polygon","coordinates":[[[-74.192331,40.558239],[-74.192339,40.56094],[-74.195411,40.562286],[-74.198475,40.56093],[-74.198467,40.558228],[-74.195395,40.556883],[-74.192331,40.558239]]]},"properties":{"t":"Damaged Tree","n":1,"q":0}},{"type":"Feature","geometry":{"type":"Polygon","coordinates":[[[-74.149494,40.606931],[-74.1495,40.609632],[-74.152573,40.610979],[-74.15564,40.609624],[-74.155634,40.606923],[-74.152561,40.605576],[-74.149494,40.606931]]]},"properties":{"t":"Damaged Tree","n":3,"q":0}},{"type":"Feature","geometry":{"type":"Polygon","coordinates":[[[-74.140242,40.586681],[-74.140248,40.589382],[-74.14332,40.590729],[-74.146386,40.589375],[-74.14638,40.586673],[-74.143308,40.585326],[-74.140242,40.586681]]]},"properties":{"t":"Damaged Tree","n":6,"q":1}},{"type":"Feature","geometry":{"type":"Polygon","coordinates":[[[-74.140345,40.635309],[-74.14035,40.63801],[-74.143424,40.639357],[-74.146493,40.638003],[-74.146487,40.635301],[-74.143413,40.633954],[-74.140345,40.635309]]]},"properties":{"t":"Damaged Tree","n":1,"q":0}},{"type":"Feature","geometry":{"type":"Polygon","coordinates":[[[-74.21674,40.517671],[-74.216749,40.520373],[-74.219819,40.521718],[-74.222881,40.520361],[-74.222872,40.517659],[-74.219802,40.516315],[-74.21674,40.517671]]]},"properties":{"t":"Damaged Tree","n":3,"q":0}},{"type":"Feature","geometry":{"type":"Polygon","coordinates":[[[-74.124845,40.558332],[-74.12485,40.561033],[-74.12792,40.562381],[-74.130985,40.561027],[-74.13098,40.558325],[-74.12791,40.556978],[-74.124845,40.558332]]]},"properties":{"t":"Damaged Tree","n":7,"q":1}},{"type":"Feature","geometry":{"type":"Polygon","coordinates":[[[-74.12486,40.566437],[-74.124865,40.569138],[-74.127936,40.570486],[-74.131001,40.569131],[-74.130996,40.56643],[-74.127925,40.565082],[-74.12486,40.566437]]]},"properties":{"t":"Damaged Tree","n":4,"q":1}},{"type":"Feature","geometry":{"type":"Polygon","coordinates":[[[-74.057407,40.615118],[-74.057409,40.61782],[-74.060481,40.619169],[-74.06355,40.617817],[-74.063547,40.615115],[-74.060476,40.613766],[-74.057407,40.615118]]]},"properties":{"t":"Damaged Tree","n":1,"q":0}},{"type":"Feature","geometry":{"type":"Polygon","coordinates":[[[-74.164793,40.586648],[-74.1648,40.58935],[-74.167872,40.590696],[-74.170938,40.589341],[-74.170931,40.586639],[-74.167859,40.585293],[-74.164793,40.586648]]]},"properties":{"t":"Damaged Tree","n":1,"q":0}},{"type":"Feature","geometry":{"type":"Polygon","coordinates":[[[-74.228975,40.509543],[-74.228985,40.512244],[-74.232055,40.513589],[-74.235116,40.512232],[-74.235106,40.50953],[-74.232036,40.508186],[-74.228975,40.509543]]]},"properties":{"t":"Damaged Tree","n":3,"q":0}},{"type":"Feature","geometry":{"type":"Polygon","coordinates":[[[-74.207531,40.513636],[-74.207539,40.516337],[-74.210609,40.517683],[-74.21367,40.516326],[-74.213662,40.513625],[-74.210592,40.512279],[-74.207531,40.513636]]]},"properties":{"t":"Damaged Tree","n":2,"q":0}},{"type":"Feature","geometry":{"type":"Polygon","coordinates":[[[-74.244258,40.497354],[-74.244268,40.500056],[-74.247337,40.5014],[-74.250397,40.500042],[-74.250387,40.497341],[-74.247317,40.495997],[-74.244258,40.497354]]]},"properties":{"t":"Damaged Tree","n":1,"q":0}},{"type":"Feature","geometry":{"type":"Polygon","coordinates":[[[-74.229031,40.525752],[-74.22904,40.528454],[-74.232111,40.529798],[-74.235173,40.528441],[-74.235163,40.52574],[-74.232092,40.524395],[-74.229031,40.525752]]]},"properties":{"t":"Damaged Tree","n":1,"q":0}},{"type":"Feature","geometry":{"type":"Polygon","coordinates":[[[-74.210609,40.517683],[-74.210618,40.520384],[-74.213688,40.521729],[-74.216749,40.520373],[-74.21674,40.517671],[-74.21367,40.516326],[-74.210609,40.517683]]]},"properties":{"t":"Damaged Tree","n":3,"q":0}},{"type":"Feature","geometry":{"type":"Polygon","coordinates":[[[-74.100365,40.598879],[-74.100369,40.601581],[-74.103441,40.602929],[-74.106508,40.601576],[-74.106504,40.598874],[-74.103433,40.597526],[-74.100365,40.598879]]]},"properties":{"t":"Damaged Tree","n":1,"q":0}},{"type":"Feature","geometry":{"type":"Polygon","coordinates":[[[-74.177176,40.627153],[-74.177183,40.629855],[-74.180258,40.631201],[-74.183325,40.629845],[-74.183318,40.627144],[-74.180243,40.625798],[-74.177176,40.627153]]]},"properties":{"t":"Damaged Tree","n":1,"q":0}},{"type":"Feature","geometry":{"type":"Polygon","coordinates":[[[-74.109647,40.643447],[-74.109651,40.646148],[-74.112725,40.647496],[-74.115794,40.646142],[-74.11579,40.643441],[-74.112716,40.642093],[-74.109647,40.643447]]]},"properties":{"t":"Damaged Tree","n":1,"q":0}},{"type":"Feature","geometry":{"type":"Polygon","coordinates":[[[-74.171056,40.635267],[-74.171063,40.637969],[-74.174137,40.639315],[-74.177205,40.637959],[-74.177198,40.635258],[-74.174123,40.633912],[-74.171056,40.635267]]]},"properties":{"t":"Damaged Tree","n":2,"q":0}},{"type":"Feature","geometry":{"type":"Polygon","coordinates":[[[-74.082008,40.647522],[-74.082012,40.650224],[-74.085085,40.651572],[-74.088155,40.650219],[-74.088152,40.647518],[-74.085078,40.646169],[-74.082008,40.647522]]]},"properties":{"t":"Damaged Tree","n":2,"q":0}},{"type":"Feature","geometry":{"type":"Polygon","coordinates":[[[-74.069705,40.631321],[-74.069708,40.634023],[-74.07278,40.635371],[-74.07585,40.634019],[-74.075847,40.631317],[-74.072774,40.629968],[-74.069705,40.631321]]]},"properties":{"t":"Damaged Tree","n":1,"q":0}},{"type":"Feature","geometry":{"type":"Polygon","coordinates":[[[-74.170993,40.610953],[-74.171,40.613655],[-74.174074,40.615001],[-74.17714,40.613645],[-74.177133,40.610944],[-74.17406,40.609598],[-74.170993,40.610953]]]},"properties":{"t":"Damaged Tree","n":1,"q":0}},{"type":"Feature","geometry":{"type":"Polygon","coordinates":[[[-74.167852,40.582591],[-74.167859,40.585293],[-74.170931,40.586639],[-74.173996,40.585284],[-74.173989,40.582582],[-74.170917,40.581236],[-74.167852,40.582591]]]},"properties":{"t":"Damaged Tree","n":1,"q":0}},{"type":"Feature","geometry":{"type":"Polygon","coordinates":[[[-74.232167,40.546008],[-74.232177,40.548709],[-74.235249,40.550054],[-74.238311,40.548697],[-74.238301,40.545995],[-74.23523,40.544651],[-74.232167,40.546008]]]},"properties":{"t":"Damaged Tree","n":1,"q":0}},{"type":"Feature","geometry":{"type":"Polygon","coordinates":[[[-74.118854,40.639385],[-74.118859,40.642087],[-74.121933,40.643435],[-74.125002,40.64208],[-74.124997,40.639379],[-74.121923,40.638031],[-74.118854,40.639385]]]},"properties":{"t":"Damaged Tree","n":1,"q":0}},{"type":"Feature","geometry":{"type":"Polygon","coordinates":[[[-74.222818,40.50145],[-74.222827,40.504152],[-74.225896,40.505496],[-74.228957,40.504139],[-74.228948,40.501438],[-74.225878,40.500093],[-74.222818,40.50145]]]},"properties":{"t":"Damaged Tree","n":1,"q":0}},{"type":"Feature","geometry":{"type":"Polygon","coordinates":[[[-74.222926,40.533869],[-74.222935,40.536571],[-74.226006,40.537915],[-74.229068,40.536558],[-74.229059,40.533857],[-74.225988,40.532512],[-74.222926,40.533869]]]},"properties":{"t":"Damaged Tree","n":1,"q":0}},{"type":"Feature","geometry":{"type":"Polygon","coordinates":[[[-74.183229,40.594725],[-74.183236,40.597426],[-74.186309,40.598772],[-74.189375,40.597416],[-74.189367,40.594715],[-74.186294,40.593369],[-74.183229,40.594725]]]},"properties":{"t":"Damaged Tree","n":1,"q":0}},{"type":"Feature","geometry":{"type":"Polygon","coordinates":[[[-74.195482,40.5866],[-74.19549,40.589302],[-74.198563,40.590647],[-74.201628,40.589291],[-74.20162,40.586589],[-74.198547,40.585244],[-74.195482,40.5866]]]},"properties":{"t":"Damaged Tree","n":2,"q":0}},{"type":"Feature","geometry":{"type":"Polygon","coordinates":[[[-74.109567,40.594819],[-74.109571,40.59752],[-74.112643,40.598868],[-74.11571,40.597514],[-74.115705,40.594813],[-74.112634,40.593465],[-74.109567,40.594819]]]},"properties":{"t":"Street Condition","n":28,"q":4}},{"type":"Feature","geometry":{"type":"Polygon","coordinates":[[[-74.149531,40.62314],[-74.149537,40.625842],[-74.15261,40.627188],[-74.155678,40.625834],[-74.155672,40.623132],[-74.152598,40.621785],[-74.149531,40.62314]]]},"properties":{"t":"Street Condition","n":7,"q":1}},{"type":"Feature","geometry":{"type":"Polygon","coordinates":[[[-74.204552,40.542008],[-74.20456,40.54471],[-74.207631,40.546055],[-74.210694,40.544698],[-74.210686,40.541997],[-74.207615,40.540652],[-74.204552,40.542008]]]},"properties":{"t":"Street Condition","n":3,"q":0}},{"type":"Feature","geometry":{"type":"Polygon","coordinates":[[[-74.118796,40.606967],[-74.118801,40.609668],[-74.121873,40.611016],[-74.124941,40.609662],[-74.124936,40.60696],[-74.121864,40.605613],[-74.118796,40.606967]]]},"properties":{"t":"Street Condition","n":19,"q":4}},{"type":"Feature","geometry":{"type":"Polygon","coordinates":[[[-74.140208,40.570471],[-74.140214,40.573173],[-74.143285,40.57452],[-74.14635,40.573165],[-74.146345,40.570464],[-74.143274,40.569117],[-74.140208,40.570471]]]},"properties":{"t":"Street Condition","n":6,"q":1}},{"type":"Feature","geometry":{"type":"Polygon","coordinates":[[[-74.118854,40.639385],[-74.118859,40.642087],[-74.121933,40.643435],[-74.125002,40.64208],[-74.124997,40.639379],[-74.121923,40.638031],[-74.118854,40.639385]]]},"properties":{"t":"Street Condition","n":17,"q":3}},{"type":"Feature","geometry":{"type":"Polygon","coordinates":[[[-74.109527,40.570505],[-74.109531,40.573206],[-74.112602,40.574554],[-74.115668,40.5732],[-74.115663,40.570499],[-74.112593,40.569151],[-74.109527,40.570505]]]},"properties":{"t":"Street Condition","n":24,"q":4}},{"type":"Feature","geometry":{"type":"Polygon","coordinates":[[[-74.180039,40.550154],[-74.180047,40.552855],[-74.183118,40.554201],[-74.186181,40.552846],[-74.186174,40.550144],[-74.183103,40.548798],[-74.180039,40.550154]]]},"properties":{"t":"Street Condition","n":13,"q":3}},{"type":"Feature","geometry":{"type":"Polygon","coordinates":[[[-74.189275,40.562296],[-74.189283,40.564998],[-74.192355,40.566343],[-74.195419,40.564987],[-74.195411,40.562286],[-74.192339,40.56094],[-74.189275,40.562296]]]},"properties":{"t":"Street Condition","n":14,"q":3}},{"type":"Feature","geometry":{"type":"Polygon","coordinates":[[[-74.137248,40.623156],[-74.137254,40.625857],[-74.140327,40.627204],[-74.143395,40.62585],[-74.143389,40.623148],[-74.140316,40.621801],[-74.137248,40.623156]]]},"properties":{"t":"Street Condition","n":20,"q":4}},{"type":"Feature","geometry":{"type":"Polygon","coordinates":[[[-74.097337,40.627249],[-74.097341,40.62995],[-74.100414,40.631298],[-74.103483,40.629945],[-74.103479,40.627243],[-74.100406,40.625895],[-74.097337,40.627249]]]},"properties":{"t":"Street Condition","n":15,"q":3}},{"type":"Feature","geometry":{"type":"Polygon","coordinates":[[[-74.060474,40.611064],[-74.060476,40.613766],[-74.063547,40.615115],[-74.066616,40.613763],[-74.066614,40.611061],[-74.063542,40.609712],[-74.060474,40.611064]]]},"properties":{"t":"Street Condition","n":9,"q":2}},{"type":"Feature","geometry":{"type":"Polygon","coordinates":[[[-74.115719,40.602917],[-74.115724,40.605619],[-74.118796,40.606967],[-74.121864,40.605613],[-74.121859,40.602911],[-74.118787,40.601563],[-74.115719,40.602917]]]},"properties":{"t":"Street Condition","n":32,"q":4}},{"type":"Feature","geometry":{"type":"Polygon","coordinates":[[[-74.094203,40.582675],[-74.094207,40.585377],[-74.097278,40.586725],[-74.100345,40.585372],[-74.100341,40.58267],[-74.09727,40.581322],[-74.094203,40.582675]]]},"properties":{"t":"Street Condition","n":7,"q":1}},{"type":"Feature","geometry":{"type":"Polygon","coordinates":[[[-74.137132,40.566423],[-74.137137,40.569124],[-74.140208,40.570471],[-74.143274,40.569117],[-74.143268,40.566415],[-74.140197,40.565068],[-74.137132,40.566423]]]},"properties":{"t":"Street Condition","n":8,"q":2}},{"type":"Feature","geometry":{"type":"Polygon","coordinates":[[[-74.146309,40.554254],[-74.146315,40.556956],[-74.149385,40.558302],[-74.15245,40.556948],[-74.152444,40.554246],[-74.149373,40.552899],[-74.146309,40.554254]]]},"properties":{"t":"Street Condition","n":10,"q":2}},{"type":"Feature","geometry":{"type":"Polygon","coordinates":[[[-74.131123,40.631267],[-74.131129,40.633969],[-74.134202,40.635316],[-74.137271,40.633962],[-74.137265,40.63126],[-74.134191,40.629913],[-74.131123,40.631267]]]},"properties":{"t":"Street Condition","n":22,"q":4}},{"type":"Feature","geometry":{"type":"Polygon","coordinates":[[[-74.235106,40.50953],[-74.235116,40.512232],[-74.238186,40.513576],[-74.241247,40.512219],[-74.241237,40.509518],[-74.238167,40.508173],[-74.235106,40.50953]]]},"properties":{"t":"Street Condition","n":10,"q":2}},{"type":"Feature","geometry":{"type":"Polygon","coordinates":[[[-74.100353,40.590775],[-74.100357,40.593476],[-74.103428,40.594824],[-74.106495,40.593471],[-74.106491,40.590769],[-74.10342,40.589421],[-74.100353,40.590775]]]},"properties":{"t":"Street Condition","n":35,"q":4}},{"type":"Feature","geometry":{"type":"Polygon","coordinates":[[[-74.081988,40.631313],[-74.081992,40.634014],[-74.085064,40.635363],[-74.088134,40.63401],[-74.08813,40.631308],[-74.085058,40.62996],[-74.081988,40.631313]]]},"properties":{"t":"Street Condition","n":41,"q":4}},{"type":"Feature","geometry":{"type":"Polygon","coordinates":[[[-74.131075,40.606953],[-74.131081,40.609655],[-74.134153,40.611002],[-74.137221,40.609648],[-74.137215,40.606946],[-74.134143,40.605599],[-74.131075,40.606953]]]},"properties":{"t":"Street Condition","n":15,"q":3}},{"type":"Feature","geometry":{"type":"Polygon","coordinates":[[[-74.16771,40.525858],[-74.167716,40.52856],[-74.170786,40.529906],[-74.173849,40.528551],[-74.173842,40.525849],[-74.170772,40.524503],[-74.16771,40.525858]]]},"properties":{"t":"Street Condition","n":7,"q":1}},{"type":"Feature","geometry":{"type":"Polygon","coordinates":[[[-74.164873,40.619067],[-74.16488,40.621768],[-74.167954,40.623115],[-74.171021,40.621759],[-74.171014,40.619058],[-74.16794,40.617712],[-74.164873,40.619067]]]},"properties":{"t":"Street Condition","n":18,"q":3}},{"type":"Feature","geometry":{"type":"Polygon","coordinates":[[[-74.137198,40.598841],[-74.137204,40.601543],[-74.140276,40.60289],[-74.143343,40.601535],[-74.143337,40.598834],[-74.140265,40.597487],[-74.137198,40.598841]]]},"properties":{"t":"Street Condition","n":5,"q":1}},{"type":"Feature","geometry":{"type":"Polygon","coordinates":[[[-74.124921,40.598855],[-74.124926,40.601557],[-74.127998,40.602904],[-74.131065,40.60155],[-74.13106,40.598849],[-74.127988,40.597501],[-74.124921,40.598855]]]},"properties":{"t":"Street Condition","n":18,"q":3}},{"type":"Feature","geometry":{"type":"Polygon","coordinates":[[[-74.121903,40.627225],[-74.121908,40.629927],[-74.124981,40.631274],[-74.12805,40.62992],[-74.128045,40.627218],[-74.124971,40.625871],[-74.121903,40.627225]]]},"properties":{"t":"Street Condition","n":12,"q":3}},{"type":"Feature","geometry":{"type":"Polygon","coordinates":[[[-74.09729,40.59483],[-74.097294,40.597531],[-74.100365,40.598879],[-74.103433,40.597526],[-74.103428,40.594824],[-74.100357,40.593476],[-74.09729,40.59483]]]},"properties":{"t":"Street Condition","n":8,"q":2}},{"type":"Feature","geometry":{"type":"Polygon","coordinates":[[[-74.103378,40.562405],[-74.103382,40.565107],[-74.106452,40.566455],[-74.109518,40.565101],[-74.109514,40.5624],[-74.106444,40.561052],[-74.103378,40.562405]]]},"properties":{"t":"Street Condition","n":24,"q":4}},{"type":"Feature","geometry":{"type":"Polygon","coordinates":[[[-74.097254,40.570516],[-74.097258,40.573217],[-74.100329,40.574565],[-74.103395,40.573212],[-74.103391,40.57051],[-74.100321,40.569162],[-74.097254,40.570516]]]},"properties":{"t":"Street Condition","n":5,"q":1}},{"type":"Feature","geometry":{"type":"Polygon","coordinates":[[[-74.127936,40.570486],[-74.127941,40.573187],[-74.131012,40.574534],[-74.134077,40.57318],[-74.134072,40.570479],[-74.131001,40.569131],[-74.127936,40.570486]]]},"properties":{"t":"Street Condition","n":12,"q":3}},{"type":"Feature","geometry":{"type":"Polygon","coordinates":[[[-74.173842,40.525849],[-74.173849,40.528551],[-74.176918,40.529897],[-74.179981,40.528541],[-74.179974,40.52584],[-74.176904,40.524494],[-74.173842,40.525849]]]},"properties":{"t":"Street Condition","n":15,"q":3}},{"type":"Feature","geometry":{"type":"Polygon","coordinates":[[[-74.094261,40.623199],[-74.094264,40.6259],[-74.097337,40.627249],[-74.100406,40.625895],[-74.100402,40.623194],[-74.097329,40.621845],[-74.094261,40.623199]]]},"properties":{"t":"Street Condition","n":4,"q":0}},{"type":"Feature","geometry":{"type":"Polygon","coordinates":[[[-74.072762,40.619162],[-74.072765,40.621864],[-74.075837,40.623212],[-74.078906,40.62186],[-74.078903,40.619158],[-74.075831,40.617809],[-74.072762,40.619162]]]},"properties":{"t":"Street Condition","n":10,"q":2}},{"type":"Feature","geometry":{"type":"Polygon","coordinates":[[[-74.158521,40.529924],[-74.158527,40.532625],[-74.161597,40.533972],[-74.16466,40.532617],[-74.164653,40.529915],[-74.161584,40.528568],[-74.158521,40.529924]]]},"properties":{"t":"Street Condition","n":10,"q":2}},{"type":"Feature","geometry":{"type":"Polygon","coordinates":[[[-74.137282,40.639365],[-74.137287,40.642066],[-74.140362,40.643413],[-74.14343,40.642059],[-74.143424,40.639357],[-74.14035,40.63801],[-74.137282,40.639365]]]},"properties":{"t":"Street Condition","n":12,"q":3}},{"type":"Feature","geometry":{"type":"Polygon","coordinates":[[[-74.081919,40.57458],[-74.081922,40.577282],[-74.084992,40.57863],[-74.088059,40.577277],[-74.088055,40.574575],[-74.084985,40.573227],[-74.081919,40.57458]]]},"properties":{"t":"Street Condition","n":12,"q":3}},{"type":"Feature","geometry":{"type":"Polygon","coordinates":[[[-74.094249,40.615094],[-74.094253,40.617796],[-74.097325,40.619144],[-74.100394,40.61779],[-74.10039,40.615089],[-74.097317,40.613741],[-74.094249,40.615094]]]},"properties":{"t":"Street Condition","n":7,"q":1}},{"type":"Feature","geometry":{"type":"Polygon","coordinates":[[[-74.131091,40.615058],[-74.131097,40.61776],[-74.13417,40.619107],[-74.137237,40.617752],[-74.137232,40.615051],[-74.134159,40.613704],[-74.131091,40.615058]]]},"properties":{"t":"Street Condition","n":16,"q":3}},{"type":"Feature","geometry":{"type":"Polygon","coordinates":[[[-74.103491,40.635348],[-74.103495,40.638049],[-74.106569,40.639397],[-74.109638,40.638044],[-74.109633,40.635342],[-74.10656,40.633994],[-74.103491,40.635348]]]},"properties":{"t":"Street Condition","n":10,"q":2}},{"type":"Feature","geometry":{"type":"Polygon","coordinates":[[[-74.100377,40.606984],[-74.100381,40.609686],[-74.103453,40.611034],[-74.106521,40.60968],[-74.106517,40.606979],[-74.103445,40.605631],[-74.100377,40.606984]]]},"properties":{"t":"Street Condition","n":20,"q":4}},{"type":"Feature","geometry":{"type":"Polygon","coordinates":[[[-74.078922,40.635367],[-74.078925,40.638069],[-74.081998,40.639418],[-74.085068,40.638065],[-74.085064,40.635363],[-74.081992,40.634014],[-74.078922,40.635367]]]},"properties":{"t":"Street Condition","n":15,"q":3}},{"type":"Feature","geometry":{"type":"Polygon","coordinates":[[[-74.143216,40.542101],[-74.143221,40.544802],[-74.146291,40.546149],[-74.149355,40.544795],[-74.149349,40.542093],[-74.146279,40.540746],[-74.143216,40.542101]]]},"properties":{"t":"Street Condition","n":41,"q":4}},{"type":"Feature","geometry":{"type":"Polygon","coordinates":[[[-74.081949,40.598894],[-74.081952,40.601596],[-74.085023,40.602944],[-74.088091,40.601591],[-74.088087,40.59889],[-74.085016,40.597541],[-74.081949,40.598894]]]},"properties":{"t":"Street Condition","n":13,"q":3}},{"type":"Feature","geometry":{"type":"Polygon","coordinates":[[[-74.069679,40.607007],[-74.069682,40.609708],[-74.072754,40.611057],[-74.075822,40.609705],[-74.075819,40.607003],[-74.072748,40.605654],[-74.069679,40.607007]]]},"properties":{"t":"Street Condition","n":14,"q":3}},{"type":"Feature","geometry":{"type":"Polygon","coordinates":[[[-74.078884,40.602949],[-74.078887,40.60565],[-74.081959,40.606999],[-74.085027,40.605646],[-74.085023,40.602944],[-74.081952,40.601596],[-74.078884,40.602949]]]},"properties":{"t":"Street Condition","n":17,"q":3}},{"type":"Feature","geometry":{"type":"Polygon","coordinates":[[[-74.106504,40.598874],[-74.106508,40.601576],[-74.10958,40.602923],[-74.112648,40.60157],[-74.112643,40.598868],[-74.109571,40.59752],[-74.106504,40.598874]]]},"properties":{"t":"Street Condition","n":19,"q":4}},{"type":"Feature","geometry":{"type":"Polygon","coordinates":[[[-74.14638,40.586673],[-74.146386,40.589375],[-74.149458,40.590721],[-74.152524,40.589367],[-74.152518,40.586665],[-74.149446,40.585318],[-74.14638,40.586673]]]},"properties":{"t":"Street Condition","n":10,"q":2}},{"type":"Feature","geometry":{"type":"Polygon","coordinates":[[[-74.072789,40.643476],[-74.072792,40.646178],[-74.075865,40.647526],[-74.078935,40.646174],[-74.078932,40.643472],[-74.075859,40.642123],[-74.072789,40.643476]]]},"properties":{"t":"Street Condition","n":10,"q":2}},{"type":"Feature","geometry":{"type":"Polygon","coordinates":[[[-74.081939,40.590789],[-74.081942,40.593491],[-74.085013,40.59484],[-74.08808,40.593486],[-74.088077,40.590785],[-74.085006,40.589436],[-74.081939,40.590789]]]},"properties":{"t":"Street Condition","n":6,"q":1}},{"type":"Feature","geometry":{"type":"Polygon","coordinates":[[[-74.152518,40.586665],[-74.152524,40.589367],[-74.155596,40.590713],[-74.158662,40.589358],[-74.158656,40.586657],[-74.155584,40.58531],[-74.152518,40.586665]]]},"properties":{"t":"Street Condition","n":4,"q":0}},{"type":"Feature","geometry":{"type":"Polygon","coordinates":[[[-74.081968,40.615104],[-74.081972,40.617805],[-74.085044,40.619154],[-74.088112,40.617801],[-74.088109,40.615099],[-74.085037,40.61375],[-74.081968,40.615104]]]},"properties":{"t":"Street Condition","n":8,"q":2}},{"type":"Feature","geometry":{"type":"Polygon","coordinates":[[[-74.085044,40.619154],[-74.085047,40.621855],[-74.08812,40.623204],[-74.091188,40.62185],[-74.091185,40.619149],[-74.088112,40.617801],[-74.085044,40.619154]]]},"properties":{"t":"Street Condition","n":12,"q":3}},{"type":"Feature","geometry":{"type":"Polygon","coordinates":[[[-74.16775,40.542068],[-74.167757,40.544769],[-74.170827,40.546115],[-74.173891,40.54476],[-74.173884,40.542058],[-74.170814,40.540712],[-74.16775,40.542068]]]},"properties":{"t":"Street Condition","n":16,"q":3}},{"type":"Feature","geometry":{"type":"Polygon","coordinates":[[[-74.137232,40.615051],[-74.137237,40.617752],[-74.14031,40.619099],[-74.143378,40.617745],[-74.143372,40.615043],[-74.140299,40.613696],[-74.137232,40.615051]]]},"properties":{"t":"Street Condition","n":24,"q":4}},{"type":"Feature","geometry":{"type":"Polygon","coordinates":[[[-74.10958,40.602923],[-74.109585,40.605625],[-74.112657,40.606973],[-74.115724,40.605619],[-74.115719,40.602917],[-74.112648,40.60157],[-74.10958,40.602923]]]},"properties":{"t":"Street Condition","n":9,"q":2}},{"type":"Feature","geometry":{"type":"Polygon","coordinates":[[[-74.14332,40.590729],[-74.143326,40.593431],[-74.146398,40.594778],[-74.149464,40.593423],[-74.149458,40.590721],[-74.146386,40.589375],[-74.14332,40.590729]]]},"properties":{"t":"Street Condition","n":15,"q":3}},{"type":"Feature","geometry":{"type":"Polygon","coordinates":[[[-74.091129,40.578625],[-74.091133,40.581327],[-74.094203,40.582675],[-74.09727,40.581322],[-74.097266,40.57862],[-74.094196,40.577272],[-74.091129,40.578625]]]},"properties":{"t":"Street Condition","n":26,"q":4}},{"type":"Feature","geometry":{"type":"Polygon","coordinates":[[[-74.118782,40.598862],[-74.118787,40.601563],[-74.121859,40.602911],[-74.124926,40.601557],[-74.124921,40.598855],[-74.121849,40.597508],[-74.118782,40.598862]]]},"properties":{"t":"Street Condition","n":19,"q":4}},{"type":"Feature","geometry":{"type":"Polygon","coordinates":[[[-74.167791,40.558277],[-74.167798,40.560979],[-74.170869,40.562325],[-74.173933,40.56097],[-74.173926,40.558268],[-74.170855,40.556922],[-74.167791,40.558277]]]},"properties":{"t":"Street Condition","n":90,"q":4}},{"type":"Feature","geometry":{"type":"Polygon","coordinates":[[[-74.183029,40.521782],[-74.183036,40.524484],[-74.186106,40.52583],[-74.189168,40.524474],[-74.189161,40.521772],[-74.186091,40.520427],[-74.183029,40.521782]]]},"properties":{"t":"Street Condition","n":5,"q":1}},{"type":"Feature","geometry":{"type":"Polygon","coordinates":[[[-74.143372,40.615043],[-74.143378,40.617745],[-74.146451,40.619092],[-74.149518,40.617737],[-74.149512,40.615035],[-74.146439,40.613689],[-74.143372,40.615043]]]},"properties":{"t":"Street Condition","n":13,"q":3}},{"type":"Feature","geometry":{"type":"Polygon","coordinates":[[[-74.075819,40.607003],[-74.075822,40.609705],[-74.078894,40.611053],[-74.081962,40.6097],[-74.081959,40.606999],[-74.078887,40.60565],[-74.075819,40.607003]]]},"properties":{"t":"Street Condition","n":31,"q":4}},{"type":"Feature","geometry":{"type":"Polygon","coordinates":[[[-74.100329,40.574565],[-74.100333,40.577267],[-74.103403,40.578615],[-74.10647,40.577261],[-74.106465,40.57456],[-74.103395,40.573212],[-74.100329,40.574565]]]},"properties":{"t":"Street Condition","n":57,"q":4}},{"type":"Feature","geometry":{"type":"Polygon","coordinates":[[[-74.143389,40.623148],[-74.143395,40.62585],[-74.146469,40.627196],[-74.149537,40.625842],[-74.149531,40.62314],[-74.146457,40.621793],[-74.143389,40.623148]]]},"properties":{"t":"Street Condition","n":37,"q":4}},{"type":"Feature","geometry":{"type":"Polygon","coordinates":[[[-74.088055,40.574575],[-74.088059,40.577277],[-74.091129,40.578625],[-74.094196,40.577272],[-74.094192,40.574571],[-74.091122,40.573222],[-74.088055,40.574575]]]},"properties":{"t":"Street Condition","n":11,"q":2}},{"type":"Feature","geometry":{"type":"Polygon","coordinates":[[[-74.155464,40.53398],[-74.15547,40.536682],[-74.15854,40.538028],[-74.161603,40.536673],[-74.161597,40.533972],[-74.158527,40.532625],[-74.155464,40.53398]]]},"properties":{"t":"Street Condition","n":20,"q":4}},{"type":"Feature","geometry":{"type":"Polygon","coordinates":[[[-74.100402,40.623194],[-74.100406,40.625895],[-74.103479,40.627243],[-74.106547,40.62589],[-74.106543,40.623188],[-74.10347,40.62184],[-74.100402,40.623194]]]},"properties":{"t":"Street Condition","n":6,"q":1}},{"type":"Feature","geometry":{"type":"Polygon","coordinates":[[[-74.174095,40.623106],[-74.174102,40.625807],[-74.177176,40.627153],[-74.180243,40.625798],[-74.180236,40.623096],[-74.177162,40.62175],[-74.174095,40.623106]]]},"properties":{"t":"Street Condition","n":5,"q":1}},{"type":"Feature","geometry":{"type":"Polygon","coordinates":[[[-74.152388,40.529932],[-74.152395,40.532633],[-74.155464,40.53398],[-74.158527,40.532625],[-74.158521,40.529924],[-74.155451,40.528577],[-74.152388,40.529932]]]},"properties":{"t":"Street Condition","n":17,"q":3}},{"type":"Feature","geometry":{"type":"Polygon","coordinates":[[[-74.115762,40.627232],[-74.115766,40.629933],[-74.11884,40.631281],[-74.121908,40.629927],[-74.121903,40.627225],[-74.11883,40.625878],[-74.115762,40.627232]]]},"properties":{"t":"Street Condition","n":12,"q":3}},{"type":"Feature","geometry":{"type":"Polygon","coordinates":[[[-74.085064,40.635363],[-74.085068,40.638065],[-74.088141,40.639413],[-74.09121,40.63806],[-74.091207,40.635358],[-74.088134,40.63401],[-74.085064,40.635363]]]},"properties":{"t":"Street Condition","n":16,"q":3}},{"type":"Feature","geometry":{"type":"Polygon","coordinates":[[[-74.146274,40.538045],[-74.146279,40.540746],[-74.149349,40.542093],[-74.152413,40.540738],[-74.152407,40.538037],[-74.149337,40.53669],[-74.146274,40.538045]]]},"properties":{"t":"Street Condition","n":12,"q":3}},{"type":"Feature","geometry":{"type":"Polygon","coordinates":[[[-74.084982,40.570525],[-74.084985,40.573227],[-74.088055,40.574575],[-74.091122,40.573222],[-74.091118,40.570521],[-74.088048,40.569172],[-74.084982,40.570525]]]},"properties":{"t":"Street Condition","n":6,"q":1}},{"type":"Feature","geometry":{"type":"Polygon","coordinates":[[[-74.143285,40.57452],[-74.143291,40.577221],[-74.146362,40.578568],[-74.149428,40.577214],[-74.149422,40.574512],[-74.14635,40.573165],[-74.143285,40.57452]]]},"properties":{"t":"Street Condition","n":8,"q":2}},{"type":"Feature","geometry":{"type":"Polygon","coordinates":[[[-74.1218,40.570492],[-74.121804,40.573194],[-74.124875,40.574541],[-74.127941,40.573187],[-74.127936,40.570486],[-74.124865,40.569138],[-74.1218,40.570492]]]},"properties":{"t":"Street Condition","n":5,"q":1}},{"type":"Feature","geometry":{"type":"Polygon","coordinates":[[[-74.143233,40.550206],[-74.143239,40.552907],[-74.146309,40.554254],[-74.149373,40.552899],[-74.149367,40.550198],[-74.146297,40.548851],[-74.143233,40.550206]]]},"properties":{"t":"Street Condition","n":26,"q":4}},{"type":"Feature","geometry":{"type":"Polygon","coordinates":[[[-74.078874,40.594844],[-74.078878,40.597545],[-74.081949,40.598894],[-74.085016,40.597541],[-74.085013,40.59484],[-74.081942,40.593491],[-74.078874,40.594844]]]},"properties":{"t":"Street Condition","n":18,"q":3}},{"type":"Feature","geometry":{"type":"Polygon","coordinates":[[[-74.161852,40.639333],[-74.161859,40.642034],[-74.164933,40.643381],[-74.168001,40.642026],[-74.167995,40.639324],[-74.16492,40.637978],[-74.161852,40.639333]]]},"properties":{"t":"Street Condition","n":16,"q":3}},{"type":"Feature","geometry":{"type":"Polygon","coordinates":[[[-74.140293,40.610995],[-74.140299,40.613696],[-74.143372,40.615043],[-74.146439,40.613689],[-74.146433,40.610987],[-74.14336,40.60964],[-74.140293,40.610995]]]},"properties":{"t":"Street Condition","n":7,"q":1}},{"type":"Feature","geometry":{"type":"Polygon","coordinates":[[[-74.164893,40.627172],[-74.1649,40.629873],[-74.167974,40.631219],[-74.171042,40.629864],[-74.171035,40.627163],[-74.167961,40.625816],[-74.164893,40.627172]]]},"properties":{"t":"Street Condition","n":9,"q":2}},{"type":"Feature","geometry":{"type":"Polygon","coordinates":[[[-74.149367,40.550198],[-74.149373,40.552899],[-74.152444,40.554246],[-74.155508,40.552891],[-74.155502,40.55019],[-74.152431,40.548843],[-74.149367,40.550198]]]},"properties":{"t":"Street Condition","n":37,"q":4}},{"type":"Feature","geometry":{"type":"Polygon","coordinates":[[[-74.155634,40.606923],[-74.15564,40.609624],[-74.158713,40.610971],[-74.16178,40.609616],[-74.161774,40.606914],[-74.1587,40.605568],[-74.155634,40.606923]]]},"properties":{"t":"Street Condition","n":20,"q":4}},{"type":"Feature","geometry":{"type":"Polygon","coordinates":[[[-74.155577,40.582609],[-74.155584,40.58531],[-74.158656,40.586657],[-74.161721,40.585302],[-74.161715,40.5826],[-74.158643,40.581254],[-74.155577,40.582609]]]},"properties":{"t":"Street Condition","n":14,"q":3}},{"type":"Feature","geometry":{"type":"Polygon","coordinates":[[[-74.152462,40.562351],[-74.152468,40.565052],[-74.155539,40.566399],[-74.158604,40.565044],[-74.158598,40.562343],[-74.155527,40.560996],[-74.152462,40.562351]]]},"properties":{"t":"Street Condition","n":32,"q":4}},{"type":"Feature","geometry":{"type":"Polygon","coordinates":[[[-74.146487,40.635301],[-74.146493,40.638003],[-74.149567,40.63935],[-74.152635,40.637995],[-74.152629,40.635293],[-74.149555,40.633946],[-74.146487,40.635301]]]},"properties":{"t":"Street Condition","n":11,"q":2}},{"type":"Feature","geometry":{"type":"Polygon","coordinates":[[[-74.201473,40.537961],[-74.201481,40.540663],[-74.204552,40.542008],[-74.207615,40.540652],[-74.207606,40.53795],[-74.204535,40.536605],[-74.201473,40.537961]]]},"properties":{"t":"Street Condition","n":6,"q":1}},{"type":"Feature","geometry":{"type":"Polygon","coordinates":[[[-74.081959,40.606999],[-74.081962,40.6097],[-74.085034,40.611049],[-74.088102,40.609696],[-74.088098,40.606994],[-74.085027,40.605646],[-74.081959,40.606999]]]},"properties":{"t":"Street Condition","n":17,"q":3}},{"type":"Feature","geometry":{"type":"Polygon","coordinates":[[[-74.094284,40.639408],[-74.094287,40.64211],[-74.097361,40.643458],[-74.10043,40.642105],[-74.100426,40.639403],[-74.097353,40.638055],[-74.094284,40.639408]]]},"properties":{"t":"Street Condition","n":17,"q":3}},{"type":"Feature","geometry":{"type":"Polygon","coordinates":[[[-74.137265,40.63126],[-74.137271,40.633962],[-74.140345,40.635309],[-74.143413,40.633954],[-74.143407,40.631253],[-74.140333,40.629906],[-74.137265,40.63126]]]},"properties":{"t":"Street Condition","n":17,"q":3}},{"type":"Feature","geometry":{"type":"Polygon","coordinates":[[[-74.115663,40.570499],[-74.115668,40.5732],[-74.118739,40.574548],[-74.121804,40.573194],[-74.1218,40.570492],[-74.118729,40.569145],[-74.115663,40.570499]]]},"properties":{"t":"Street Condition","n":10,"q":2}},{"type":"Feature","geometry":{"type":"Polygon","coordinates":[[[-74.088045,40.566471],[-74.088048,40.569172],[-74.091118,40.570521],[-74.094184,40.569167],[-74.094181,40.566466],[-74.091111,40.565117],[-74.088045,40.566471]]]},"properties":{"t":"Street Condition","n":3,"q":0}},{"type":"Feature","geometry":{"type":"Polygon","coordinates":[[[-74.100304,40.558356],[-74.100308,40.561057],[-74.103378,40.562405],[-74.106444,40.561052],[-74.106439,40.55835],[-74.10337,40.557002],[-74.100304,40.558356]]]},"properties":{"t":"Street Condition","n":12,"q":3}},{"type":"Feature","geometry":{"type":"Polygon","coordinates":[[[-74.201449,40.529856],[-74.201457,40.532558],[-74.204527,40.533903],[-74.207589,40.532547],[-74.207581,40.529845],[-74.204511,40.5285],[-74.201449,40.529856]]]},"properties":{"t":"Street Condition","n":13,"q":3}},{"type":"Feature","geometry":{"type":"Polygon","coordinates":[[[-74.075782,40.574584],[-74.075785,40.577286],[-74.078855,40.578634],[-74.081922,40.577282],[-74.081919,40.57458],[-74.078849,40.573231],[-74.075782,40.574584]]]},"properties":{"t":"Street Condition","n":6,"q":1}},{"type":"Feature","geometry":{"type":"Polygon","coordinates":[[[-74.131107,40.623163],[-74.131113,40.625864],[-74.134186,40.627211],[-74.137254,40.625857],[-74.137248,40.623156],[-74.134175,40.621808],[-74.131107,40.623163]]]},"properties":{"t":"Street Condition","n":13,"q":3}},{"type":"Feature","geometry":{"type":"Polygon","coordinates":[[[-74.186174,40.550144],[-74.186181,40.552846],[-74.189252,40.554191],[-74.192316,40.552835],[-74.192308,40.550134],[-74.189237,40.548788],[-74.186174,40.550144]]]},"properties":{"t":"Street Condition","n":22,"q":4}},{"type":"Feature","geometry":{"type":"Polygon","coordinates":[[[-74.10039,40.615089],[-74.100394,40.61779],[-74.103466,40.619139],[-74.106534,40.617785],[-74.10653,40.615083],[-74.103458,40.613735],[-74.10039,40.615089]]]},"properties":{"t":"Street Condition","n":17,"q":3}},{"type":"Feature","geometry":{"type":"Polygon","coordinates":[[[-74.164673,40.53802],[-74.16468,40.540721],[-74.16775,40.542068],[-74.170814,40.540712],[-74.170807,40.538011],[-74.167737,40.536664],[-74.164673,40.53802]]]},"properties":{"t":"Street Condition","n":39,"q":4}},{"type":"Feature","geometry":{"type":"Polygon","coordinates":[[[-74.161617,40.542076],[-74.161623,40.544778],[-74.164693,40.546124],[-74.167757,40.544769],[-74.16775,40.542068],[-74.16468,40.540721],[-74.161617,40.542076]]]},"properties":{"t":"Street Condition","n":50,"q":4}},{"type":"Feature","geometry":{"type":"Polygon","coordinates":[[[-74.149331,40.533988],[-74.149337,40.53669],[-74.152407,40.538037],[-74.15547,40.536682],[-74.155464,40.53398],[-74.152395,40.532633],[-74.149331,40.533988]]]},"properties":{"t":"Street Condition","n":43,"q":4}},{"type":"Feature","geometry":{"type":"Polygon","coordinates":[[[-74.186129,40.533935],[-74.186136,40.536636],[-74.189206,40.537982],[-74.192269,40.536626],[-74.192261,40.533924],[-74.189191,40.532579],[-74.186129,40.533935]]]},"properties":{"t":"Street Condition","n":14,"q":3}},{"type":"Feature","geometry":{"type":"Polygon","coordinates":[[[-74.164653,40.529915],[-74.16466,40.532617],[-74.16773,40.533963],[-74.170793,40.532608],[-74.170786,40.529906],[-74.167716,40.52856],[-74.164653,40.529915]]]},"properties":{"t":"Street Condition","n":4,"q":0}},{"type":"Feature","geometry":{"type":"Polygon","coordinates":[[[-74.170807,40.538011],[-74.170814,40.540712],[-74.173884,40.542058],[-74.176947,40.540703],[-74.17694,40.538001],[-74.17387,40.536655],[-74.170807,40.538011]]]},"properties":{"t":"Street Condition","n":24,"q":4}},{"type":"Feature","geometry":{"type":"Polygon","coordinates":[[[-74.152573,40.610979],[-74.15258,40.613681],[-74.155653,40.615027],[-74.15872,40.613672],[-74.158713,40.610971],[-74.15564,40.609624],[-74.152573,40.610979]]]},"properties":{"t":"Street Condition","n":7,"q":1}},{"type":"Feature","geometry":{"type":"Polygon","coordinates":[[[-74.134039,40.554269],[-74.134045,40.556971],[-74.137115,40.558318],[-74.14018,40.556963],[-74.140174,40.554262],[-74.137104,40.552915],[-74.134039,40.554269]]]},"properties":{"t":"Street Condition","n":36,"q":4}},{"type":"Feature","geometry":{"type":"Polygon","coordinates":[[[-74.161656,40.558286],[-74.161662,40.560987],[-74.164733,40.562334],[-74.167798,40.560979],[-74.167791,40.558277],[-74.16472,40.556931],[-74.161656,40.558286]]]},"properties":{"t":"Street Condition","n":40,"q":4}},{"type":"Feature","geometry":{"type":"Polygon","coordinates":[[[-74.088098,40.606994],[-74.088102,40.609696],[-74.091173,40.611044],[-74.094242,40.609691],[-74.094238,40.606989],[-74.091166,40.605641],[-74.088098,40.606994]]]},"properties":{"t":"Street Condition","n":42,"q":4}},{"type":"Feature","geometry":{"type":"Polygon","coordinates":[[[-74.143355,40.606939],[-74.14336,40.60964],[-74.146433,40.610987],[-74.1495,40.609632],[-74.149494,40.606931],[-74.146422,40.605584],[-74.143355,40.606939]]]},"properties":{"t":"Street Condition","n":42,"q":4}},{"type":"Feature","geometry":{"type":"Polygon","coordinates":[[[-74.100414,40.631298],[-74.100418,40.634],[-74.103491,40.635348],[-74.10656,40.633994],[-74.106556,40.631293],[-74.103483,40.629945],[-74.100414,40.631298]]]},"properties":{"t":"Street Condition","n":18,"q":3}},{"type":"Feature","geometry":{"type":"Polygon","coordinates":[[[-74.112711,40.639392],[-74.112716,40.642093],[-74.11579,40.643441],[-74.118859,40.642087],[-74.118854,40.639385],[-74.11578,40.638038],[-74.112711,40.639392]]]},"properties":{"t":"Street Condition","n":12,"q":3}},{"type":"Feature","geometry":{"type":"Polygon","coordinates":[[[-74.124875,40.574541],[-74.12488,40.577243],[-74.127951,40.57859],[-74.131017,40.577236],[-74.131012,40.574534],[-74.127941,40.573187],[-74.124875,40.574541]]]},"properties":{"t":"Street Condition","n":30,"q":4}},{"type":"Feature","geometry":{"type":"Polygon","coordinates":[[[-74.198442,40.550123],[-74.19845,40.552825],[-74.201522,40.55417],[-74.204585,40.552814],[-74.204577,40.550113],[-74.201506,40.548767],[-74.198442,40.550123]]]},"properties":{"t":"Street Condition","n":8,"q":2}},{"type":"Feature","geometry":{"type":"Polygon","coordinates":[[[-74.158733,40.619075],[-74.158739,40.621777],[-74.161813,40.623124],[-74.16488,40.621768],[-74.164873,40.619067],[-74.1618,40.61772],[-74.158733,40.619075]]]},"properties":{"t":"Street Condition","n":20,"q":4}},{"type":"Feature","geometry":{"type":"Polygon","coordinates":[[[-74.134023,40.546164],[-74.134029,40.548866],[-74.137099,40.550213],[-74.140163,40.548859],[-74.140157,40.546157],[-74.137087,40.54481],[-74.134023,40.546164]]]},"properties":{"t":"Street Condition","n":3,"q":0}},{"type":"Feature","geometry":{"type":"Polygon","coordinates":[[[-74.183051,40.529887],[-74.183058,40.532589],[-74.186129,40.533935],[-74.189191,40.532579],[-74.189184,40.529877],[-74.186113,40.528531],[-74.183051,40.529887]]]},"properties":{"t":"Street Condition","n":5,"q":1}},{"type":"Feature","geometry":{"type":"Polygon","coordinates":[[[-74.109514,40.5624],[-74.109518,40.565101],[-74.112588,40.566449],[-74.115654,40.565095],[-74.115649,40.562394],[-74.112579,40.561046],[-74.109514,40.5624]]]},"properties":{"t":"Street Condition","n":23,"q":4}},{"type":"Feature","geometry":{"type":"Polygon","coordinates":[[[-74.195363,40.546076],[-74.195371,40.548778],[-74.198442,40.550123],[-74.201506,40.548767],[-74.201497,40.546066],[-74.198426,40.54472],[-74.195363,40.546076]]]},"properties":{"t":"Street Condition","n":16,"q":3}},{"type":"Feature","geometry":{"type":"Polygon","coordinates":[[[-74.131012,40.574534],[-74.131017,40.577236],[-74.134088,40.578583],[-74.137154,40.577229],[-74.137148,40.574527],[-74.134077,40.57318],[-74.131012,40.574534]]]},"properties":{"t":"Street Condition","n":9,"q":2}},{"type":"Feature","geometry":{"type":"Polygon","coordinates":[[[-74.192285,40.542029],[-74.192293,40.544731],[-74.195363,40.546076],[-74.198426,40.54472],[-74.198418,40.542019],[-74.195348,40.540673],[-74.192285,40.542029]]]},"properties":{"t":"Street Condition","n":6,"q":1}},{"type":"Feature","geometry":{"type":"Polygon","coordinates":[[[-74.066597,40.594852],[-74.0666,40.597553],[-74.069671,40.598902],[-74.072739,40.59755],[-74.072736,40.594848],[-74.069665,40.593499],[-74.066597,40.594852]]]},"properties":{"t":"Street Condition","n":9,"q":2}},{"type":"Feature","geometry":{"type":"Polygon","coordinates":[[[-74.155672,40.623132],[-74.155678,40.625834],[-74.158752,40.62718],[-74.161819,40.625825],[-74.161813,40.623124],[-74.158739,40.621777],[-74.155672,40.623132]]]},"properties":{"t":"Street Condition","n":45,"q":4}},{"type":"Feature","geometry":{"type":"Polygon","coordinates":[[[-74.075856,40.639422],[-74.075859,40.642123],[-74.078932,40.643472],[-74.082002,40.642119],[-74.081998,40.639418],[-74.078925,40.638069],[-74.075856,40.639422]]]},"properties":{"t":"Street Condition","n":6,"q":1}},{"type":"Feature","geometry":{"type":"Polygon","coordinates":[[[-74.128029,40.619114],[-74.128034,40.621815],[-74.131107,40.623163],[-74.134175,40.621808],[-74.13417,40.619107],[-74.131097,40.61776],[-74.128029,40.619114]]]},"properties":{"t":"Street Condition","n":20,"q":4}},{"type":"Feature","geometry":{"type":"Polygon","coordinates":[[[-74.250418,40.505445],[-74.250428,40.508147],[-74.253498,40.509491],[-74.256558,40.508134],[-74.256548,40.505432],[-74.253478,40.504088],[-74.250418,40.505445]]]},"properties":{"t":"Street Condition","n":4,"q":0}},{"type":"Feature","geometry":{"type":"Polygon","coordinates":[[[-74.085013,40.59484],[-74.085016,40.597541],[-74.088087,40.59889],[-74.091155,40.597536],[-74.091151,40.594835],[-74.08808,40.593486],[-74.085013,40.59484]]]},"properties":{"t":"Street Condition","n":30,"q":4}},{"type":"Feature","geometry":{"type":"Polygon","coordinates":[[[-74.158636,40.578552],[-74.158643,40.581254],[-74.161715,40.5826],[-74.16478,40.581245],[-74.164773,40.578543],[-74.161702,40.577197],[-74.158636,40.578552]]]},"properties":{"t":"Street Condition","n":3,"q":0}},{"type":"Feature","geometry":{"type":"Polygon","coordinates":[[[-74.189229,40.546087],[-74.189237,40.548788],[-74.192308,40.550134],[-74.195371,40.548778],[-74.195363,40.546076],[-74.192293,40.544731],[-74.189229,40.546087]]]},"properties":{"t":"Street Condition","n":10,"q":2}},{"type":"Feature","geometry":{"type":"Polygon","coordinates":[[[-74.19534,40.537972],[-74.195348,40.540673],[-74.198418,40.542019],[-74.201481,40.540663],[-74.201473,40.537961],[-74.198402,40.536616],[-74.19534,40.537972]]]},"properties":{"t":"Street Condition","n":7,"q":1}},{"type":"Feature","geometry":{"type":"Polygon","coordinates":[[[-74.100365,40.598879],[-74.100369,40.601581],[-74.103441,40.602929],[-74.106508,40.601576],[-74.106504,40.598874],[-74.103433,40.597526],[-74.100365,40.598879]]]},"properties":{"t":"Street Condition","n":3,"q":0}},{"type":"Feature","geometry":{"type":"Polygon","coordinates":[[[-74.112602,40.574554],[-74.112606,40.577256],[-74.115677,40.578603],[-74.118743,40.577249],[-74.118739,40.574548],[-74.115668,40.5732],[-74.112602,40.574554]]]},"properties":{"t":"Street Condition","n":21,"q":4}},{"type":"Feature","geometry":{"type":"Polygon","coordinates":[[[-74.094272,40.631303],[-74.094276,40.634005],[-74.097349,40.635353],[-74.100418,40.634],[-74.100414,40.631298],[-74.097341,40.62995],[-74.094272,40.631303]]]},"properties":{"t":"Street Condition","n":18,"q":3}},{"type":"Feature","geometry":{"type":"Polygon","coordinates":[[[-74.204527,40.533903],[-74.204535,40.536605],[-74.207606,40.53795],[-74.210669,40.536594],[-74.21066,40.533892],[-74.207589,40.532547],[-74.204527,40.533903]]]},"properties":{"t":"Street Condition","n":6,"q":1}},{"type":"Feature","geometry":{"type":"Polygon","coordinates":[[[-74.225896,40.505496],[-74.225906,40.508198],[-74.228975,40.509543],[-74.232036,40.508186],[-74.232027,40.505484],[-74.228957,40.504139],[-74.225896,40.505496]]]},"properties":{"t":"Street Condition","n":9,"q":2}},{"type":"Feature","geometry":{"type":"Polygon","coordinates":[[[-74.078865,40.586739],[-74.078868,40.589441],[-74.081939,40.590789],[-74.085006,40.589436],[-74.085003,40.586735],[-74.081932,40.585386],[-74.078865,40.586739]]]},"properties":{"t":"Street Condition","n":1,"q":0}},{"type":"Feature","geometry":{"type":"Polygon","coordinates":[[[-74.09114,40.58673],[-74.091144,40.589432],[-74.094215,40.59078],[-74.097282,40.589427],[-74.097278,40.586725],[-74.094207,40.585377],[-74.09114,40.58673]]]},"properties":{"t":"Street Condition","n":12,"q":3}},{"type":"Feature","geometry":{"type":"Polygon","coordinates":[[[-74.176897,40.521792],[-74.176904,40.524494],[-74.179974,40.52584],[-74.183036,40.524484],[-74.183029,40.521782],[-74.179959,40.520436],[-74.176897,40.521792]]]},"properties":{"t":"Street Condition","n":2,"q":0}},{"type":"Feature","geometry":{"type":"Polygon","coordinates":[[[-74.192261,40.533924],[-74.192269,40.536626],[-74.19534,40.537972],[-74.198402,40.536616],[-74.198394,40.533914],[-74.195324,40.532568],[-74.192261,40.533924]]]},"properties":{"t":"Street Condition","n":15,"q":3}},{"type":"Feature","geometry":{"type":"Polygon","coordinates":[[[-74.063524,40.590801],[-74.063527,40.593503],[-74.066597,40.594852],[-74.069665,40.593499],[-74.069662,40.590797],[-74.066592,40.589449],[-74.063524,40.590801]]]},"properties":{"t":"Street Condition","n":21,"q":4}},{"type":"Feature","geometry":{"type":"Polygon","coordinates":[[[-74.12489,40.582646],[-74.124895,40.585348],[-74.127967,40.586695],[-74.131033,40.585341],[-74.131028,40.582639],[-74.127956,40.581292],[-74.12489,40.582646]]]},"properties":{"t":"Street Condition","n":20,"q":4}},{"type":"Feature","geometry":{"type":"Polygon","coordinates":[[[-74.075801,40.590794],[-74.075804,40.593495],[-74.078874,40.594844],[-74.081942,40.593491],[-74.081939,40.590789],[-74.078868,40.589441],[-74.075801,40.590794]]]},"properties":{"t":"Street Condition","n":4,"q":0}},{"type":"Feature","geometry":{"type":"Polygon","coordinates":[[[-74.127905,40.554276],[-74.12791,40.556978],[-74.13098,40.558325],[-74.134045,40.556971],[-74.134039,40.554269],[-74.130969,40.552922],[-74.127905,40.554276]]]},"properties":{"t":"Street Condition","n":87,"q":4}},{"type":"Feature","geometry":{"type":"Polygon","coordinates":[[[-74.161813,40.623124],[-74.161819,40.625825],[-74.164893,40.627172],[-74.167961,40.625816],[-74.167954,40.623115],[-74.16488,40.621768],[-74.161813,40.623124]]]},"properties":{"t":"Street Condition","n":10,"q":2}},{"type":"Feature","geometry":{"type":"Polygon","coordinates":[[[-74.11871,40.558338],[-74.118715,40.56104],[-74.121785,40.562387],[-74.12485,40.561033],[-74.124845,40.558332],[-74.121775,40.556984],[-74.11871,40.558338]]]},"properties":{"t":"Street Condition","n":63,"q":4}},{"type":"Feature","geometry":{"type":"Polygon","coordinates":[[[-74.232055,40.513589],[-74.232064,40.51629],[-74.235135,40.517635],[-74.238196,40.516278],[-74.238186,40.513576],[-74.235116,40.512232],[-74.232055,40.513589]]]},"properties":{"t":"Street Condition","n":15,"q":3}},{"type":"Feature","geometry":{"type":"Polygon","coordinates":[[[-74.112575,40.558344],[-74.112579,40.561046],[-74.115649,40.562394],[-74.118715,40.56104],[-74.11871,40.558338],[-74.11564,40.556991],[-74.112575,40.558344]]]},"properties":{"t":"Street Condition","n":14,"q":3}},{"type":"Feature","geometry":{"type":"Polygon","coordinates":[[[-74.173905,40.550163],[-74.173912,40.552865],[-74.176983,40.554211],[-74.180047,40.552855],[-74.180039,40.550154],[-74.176969,40.548808],[-74.173905,40.550163]]]},"properties":{"t":"Street Condition","n":11,"q":2}},{"type":"Feature","geometry":{"type":"Polygon","coordinates":[[[-74.2014,40.513647],[-74.201408,40.516348],[-74.204478,40.517694],[-74.207539,40.516337],[-74.207531,40.513636],[-74.204461,40.512291],[-74.2014,40.513647]]]},"properties":{"t":"Street Condition","n":14,"q":3}},{"type":"Feature","geometry":{"type":"Polygon","coordinates":[[[-74.134202,40.635316],[-74.134208,40.638018],[-74.137282,40.639365],[-74.14035,40.63801],[-74.140345,40.635309],[-74.137271,40.633962],[-74.134202,40.635316]]]},"properties":{"t":"Street Condition","n":13,"q":3}},{"type":"Feature","geometry":{"type":"Polygon","coordinates":[[[-74.173863,40.533954],[-74.17387,40.536655],[-74.17694,40.538001],[-74.180003,40.536646],[-74.179996,40.533944],[-74.176926,40.532598],[-74.173863,40.533954]]]},"properties":{"t":"Street Condition","n":3,"q":0}},{"type":"Feature","geometry":{"type":"Polygon","coordinates":[[[-74.170869,40.562325],[-74.170876,40.565026],[-74.173947,40.566373],[-74.177011,40.565017],[-74.177004,40.562316],[-74.173933,40.56097],[-74.170869,40.562325]]]},"properties":{"t":"Street Condition","n":3,"q":0}},{"type":"Feature","geometry":{"type":"Polygon","coordinates":[[[-74.124966,40.62317],[-74.124971,40.625871],[-74.128045,40.627218],[-74.131113,40.625864],[-74.131107,40.623163],[-74.128034,40.621815],[-74.124966,40.62317]]]},"properties":{"t":"Street Condition","n":5,"q":1}},{"type":"Feature","geometry":{"type":"Polygon","coordinates":[[[-74.109633,40.635342],[-74.109638,40.638044],[-74.112711,40.639392],[-74.11578,40.638038],[-74.115776,40.635336],[-74.112702,40.633988],[-74.109633,40.635342]]]},"properties":{"t":"Street Condition","n":10,"q":2}},{"type":"Feature","geometry":{"type":"Polygon","coordinates":[[[-74.158694,40.602866],[-74.1587,40.605568],[-74.161774,40.606914],[-74.16484,40.605559],[-74.164833,40.602857],[-74.16176,40.601511],[-74.158694,40.602866]]]},"properties":{"t":"Street Condition","n":7,"q":1}},{"type":"Feature","geometry":{"type":"Polygon","coordinates":[[[-74.170765,40.521801],[-74.170772,40.524503],[-74.173842,40.525849],[-74.176904,40.524494],[-74.176897,40.521792],[-74.173828,40.520446],[-74.170765,40.521801]]]},"properties":{"t":"Street Condition","n":5,"q":1}},{"type":"Feature","geometry":{"type":"Polygon","coordinates":[[[-74.247337,40.5014],[-74.247347,40.504101],[-74.250418,40.505445],[-74.253478,40.504088],[-74.253467,40.501386],[-74.250397,40.500042],[-74.247337,40.5014]]]},"properties":{"t":"Street Condition","n":2,"q":0}},{"type":"Feature","geometry":{"type":"Polygon","coordinates":[[[-74.164833,40.602857],[-74.16484,40.605559],[-74.167913,40.606905],[-74.170979,40.60555],[-74.170973,40.602848],[-74.1679,40.601502],[-74.164833,40.602857]]]},"properties":{"t":"Street Condition","n":10,"q":2}},{"type":"Feature","geometry":{"type":"Polygon","coordinates":[[[-74.088087,40.59889],[-74.088091,40.601591],[-74.091162,40.60294],[-74.09423,40.601586],[-74.094226,40.598885],[-74.091155,40.597536],[-74.088087,40.59889]]]},"properties":{"t":"Street Condition","n":29,"q":4}},{"type":"Feature","geometry":{"type":"Polygon","coordinates":[[[-74.121918,40.63533],[-74.121923,40.638031],[-74.124997,40.639379],[-74.128065,40.638025],[-74.12806,40.635323],[-74.124986,40.633976],[-74.121918,40.63533]]]},"properties":{"t":"Street Condition","n":9,"q":2}},{"type":"Feature","geometry":{"type":"Polygon","coordinates":[[[-74.155521,40.558294],[-74.155527,40.560996],[-74.158598,40.562343],[-74.161662,40.560987],[-74.161656,40.558286],[-74.158585,40.556939],[-74.155521,40.558294]]]},"properties":{"t":"Street Condition","n":10,"q":2}},{"type":"Feature","geometry":{"type":"Polygon","coordinates":[[[-74.15854,40.538028],[-74.158547,40.54073],[-74.161617,40.542076],[-74.16468,40.540721],[-74.164673,40.53802],[-74.161603,40.536673],[-74.15854,40.538028]]]},"properties":{"t":"Street Condition","n":27,"q":4}},{"type":"Feature","geometry":{"type":"Polygon","coordinates":[[[-74.235163,40.52574],[-74.235173,40.528441],[-74.238244,40.529786],[-74.241305,40.528429],[-74.241295,40.525727],[-74.238224,40.524383],[-74.235163,40.52574]]]},"properties":{"t":"Street Condition","n":41,"q":4}},{"type":"Feature","geometry":{"type":"Polygon","coordinates":[[[-74.124951,40.615065],[-74.124956,40.617766],[-74.128029,40.619114],[-74.131097,40.61776],[-74.131091,40.615058],[-74.128019,40.613711],[-74.124951,40.615065]]]},"properties":{"t":"Street Condition","n":4,"q":0}},{"type":"Feature","geometry":{"type":"Polygon","coordinates":[[[-74.152629,40.635293],[-74.152635,40.637995],[-74.15571,40.639341],[-74.158778,40.637986],[-74.158771,40.635285],[-74.155697,40.633938],[-74.152629,40.635293]]]},"properties":{"t":"Street Condition","n":5,"q":1}},{"type":"Feature","geometry":{"type":"Polygon","coordinates":[[[-74.07278,40.635371],[-74.072783,40.638073],[-74.075856,40.639422],[-74.078925,40.638069],[-74.078922,40.635367],[-74.07585,40.634019],[-74.07278,40.635371]]]},"properties":{"t":"Street Condition","n":45,"q":4}},{"type":"Feature","geometry":{"type":"Polygon","coordinates":[[[-74.066614,40.611061],[-74.066616,40.613763],[-74.069688,40.615112],[-74.072756,40.613759],[-74.072754,40.611057],[-74.069682,40.609708],[-74.066614,40.611061]]]},"properties":{"t":"Street Condition","n":18,"q":3}},{"type":"Feature","geometry":{"type":"Polygon","coordinates":[[[-74.084992,40.57863],[-74.084996,40.581332],[-74.088066,40.58268],[-74.091133,40.581327],[-74.091129,40.578625],[-74.088059,40.577277],[-74.084992,40.57863]]]},"properties":{"t":"Street Condition","n":12,"q":3}},{"type":"Feature","geometry":{"type":"Polygon","coordinates":[[[-74.112698,40.631287],[-74.112702,40.633988],[-74.115776,40.635336],[-74.118844,40.633982],[-74.11884,40.631281],[-74.115766,40.629933],[-74.112698,40.631287]]]},"properties":{"t":"Street Condition","n":17,"q":3}},{"type":"Feature","geometry":{"type":"Polygon","coordinates":[[[-74.097266,40.57862],[-74.09727,40.581322],[-74.100341,40.58267],[-74.103407,40.581317],[-74.103403,40.578615],[-74.100333,40.577267],[-74.097266,40.57862]]]},"properties":{"t":"Street Condition","n":78,"q":4}},{"type":"Feature","geometry":{"type":"Polygon","coordinates":[[[-74.103391,40.57051],[-74.103395,40.573212],[-74.106465,40.57456],[-74.109531,40.573206],[-74.109527,40.570505],[-74.106457,40.569157],[-74.103391,40.57051]]]},"properties":{"t":"Street Condition","n":5,"q":1}},{"type":"Feature","geometry":{"type":"Polygon","coordinates":[[[-74.081998,40.639418],[-74.082002,40.642119],[-74.085075,40.643468],[-74.088145,40.642115],[-74.088141,40.639413],[-74.085068,40.638065],[-74.081998,40.639418]]]},"properties":{"t":"Street Condition","n":6,"q":1}},{"type":"Feature","geometry":{"type":"Polygon","coordinates":[[[-74.164793,40.586648],[-74.1648,40.58935],[-74.167872,40.590696],[-74.170938,40.589341],[-74.170931,40.586639],[-74.167859,40.585293],[-74.164793,40.586648]]]},"properties":{"t":"Street Condition","n":13,"q":3}},{"type":"Feature","geometry":{"type":"Polygon","coordinates":[[[-74.164773,40.578543],[-74.16478,40.581245],[-74.167852,40.582591],[-74.170917,40.581236],[-74.17091,40.578534],[-74.167838,40.577188],[-74.164773,40.578543]]]},"properties":{"t":"Street Condition","n":26,"q":4}},{"type":"Feature","geometry":{"type":"Polygon","coordinates":[[[-74.060459,40.594855],[-74.060461,40.597557],[-74.063532,40.598906],[-74.0666,40.597553],[-74.066597,40.594852],[-74.063527,40.593503],[-74.060459,40.594855]]]},"properties":{"t":"Street Condition","n":12,"q":3}},{"type":"Feature","geometry":{"type":"Polygon","coordinates":[[[-74.170973,40.602848],[-74.170979,40.60555],[-74.174053,40.606896],[-74.177119,40.605541],[-74.177112,40.602839],[-74.174039,40.601493],[-74.170973,40.602848]]]},"properties":{"t":"Street Condition","n":3,"q":0}},{"type":"Feature","geometry":{"type":"Polygon","coordinates":[[[-74.161734,40.590705],[-74.161741,40.593406],[-74.164813,40.594753],[-74.167879,40.593398],[-74.167872,40.590696],[-74.1648,40.58935],[-74.161734,40.590705]]]},"properties":{"t":"Street Condition","n":52,"q":4}},{"type":"Feature","geometry":{"type":"Polygon","coordinates":[[[-74.088077,40.590785],[-74.08808,40.593486],[-74.091151,40.594835],[-74.094219,40.593482],[-74.094215,40.59078],[-74.091144,40.589432],[-74.088077,40.590785]]]},"properties":{"t":"Street Condition","n":16,"q":3}},{"type":"Feature","geometry":{"type":"Polygon","coordinates":[[[-74.115733,40.611022],[-74.115738,40.613724],[-74.118811,40.615071],[-74.121878,40.613717],[-74.121873,40.611016],[-74.118801,40.609668],[-74.115733,40.611022]]]},"properties":{"t":"Street Condition","n":19,"q":4}},{"type":"Feature","geometry":{"type":"Polygon","coordinates":[[[-74.072771,40.627267],[-74.072774,40.629968],[-74.075847,40.631317],[-74.078916,40.629964],[-74.078913,40.627263],[-74.07584,40.625914],[-74.072771,40.627267]]]},"properties":{"t":"Street Condition","n":23,"q":4}},{"type":"Feature","geometry":{"type":"Polygon","coordinates":[[[-74.210635,40.525787],[-74.210643,40.528489],[-74.213714,40.529834],[-74.216775,40.528478],[-74.216767,40.525776],[-74.213696,40.524431],[-74.210635,40.525787]]]},"properties":{"t":"Street Condition","n":9,"q":2}},{"type":"Feature","geometry":{"type":"Polygon","coordinates":[[[-74.121814,40.578597],[-74.121819,40.581298],[-74.12489,40.582646],[-74.127956,40.581292],[-74.127951,40.57859],[-74.12488,40.577243],[-74.121814,40.578597]]]},"properties":{"t":"Street Condition","n":16,"q":3}},{"type":"Feature","geometry":{"type":"Polygon","coordinates":[[[-74.164913,40.635276],[-74.16492,40.637978],[-74.167995,40.639324],[-74.171063,40.637969],[-74.171056,40.635267],[-74.167981,40.633921],[-74.164913,40.635276]]]},"properties":{"t":"Street Condition","n":21,"q":4}},{"type":"Feature","geometry":{"type":"Polygon","coordinates":[[[-74.170993,40.610953],[-74.171,40.613655],[-74.174074,40.615001],[-74.17714,40.613645],[-74.177133,40.610944],[-74.17406,40.609598],[-74.170993,40.610953]]]},"properties":{"t":"Street Condition","n":5,"q":1}},{"type":"Feature","geometry":{"type":"Polygon","coordinates":[[[-74.118825,40.623176],[-74.11883,40.625878],[-74.121903,40.627225],[-74.124971,40.625871],[-74.124966,40.62317],[-74.121893,40.621822],[-74.118825,40.623176]]]},"properties":{"t":"Street Condition","n":5,"q":1}},{"type":"Feature","geometry":{"type":"Polygon","coordinates":[[[-74.063532,40.598906],[-74.063535,40.601607],[-74.066605,40.602956],[-74.069674,40.601604],[-74.069671,40.598902],[-74.0666,40.597553],[-74.063532,40.598906]]]},"properties":{"t":"Street Condition","n":22,"q":4}},{"type":"Feature","geometry":{"type":"Polygon","coordinates":[[[-74.167832,40.574487],[-74.167838,40.577188],[-74.17091,40.578534],[-74.173975,40.577179],[-74.173968,40.574477],[-74.170896,40.573131],[-74.167832,40.574487]]]},"properties":{"t":"Street Condition","n":13,"q":3}},{"type":"Feature","geometry":{"type":"Polygon","coordinates":[[[-74.167852,40.582591],[-74.167859,40.585293],[-74.170931,40.586639],[-74.173996,40.585284],[-74.173989,40.582582],[-74.170917,40.581236],[-74.167852,40.582591]]]},"properties":{"t":"Street Condition","n":2,"q":0}},{"type":"Feature","geometry":{"type":"Polygon","coordinates":[[[-74.174032,40.598792],[-74.174039,40.601493],[-74.177112,40.602839],[-74.180178,40.601484],[-74.18017,40.598782],[-74.177097,40.597436],[-74.174032,40.598792]]]},"properties":{"t":"Street Condition","n":17,"q":3}},{"type":"Feature","geometry":{"type":"Polygon","coordinates":[[[-74.091162,40.60294],[-74.091166,40.605641],[-74.094238,40.606989],[-74.097306,40.605636],[-74.097302,40.602934],[-74.09423,40.601586],[-74.091162,40.60294]]]},"properties":{"t":"Street Condition","n":14,"q":3}},{"type":"Feature","geometry":{"type":"Polygon","coordinates":[[[-74.179974,40.52584],[-74.179981,40.528541],[-74.183051,40.529887],[-74.186113,40.528531],[-74.186106,40.52583],[-74.183036,40.524484],[-74.179974,40.52584]]]},"properties":{"t":"Street Condition","n":7,"q":1}},{"type":"Feature","geometry":{"type":"Polygon","coordinates":[[[-74.174137,40.639315],[-74.174144,40.642017],[-74.177219,40.643363],[-74.180287,40.642007],[-74.18028,40.639305],[-74.177205,40.637959],[-74.174137,40.639315]]]},"properties":{"t":"Street Condition","n":6,"q":1}},{"type":"Feature","geometry":{"type":"Polygon","coordinates":[[[-74.161793,40.615019],[-74.1618,40.61772],[-74.164873,40.619067],[-74.16794,40.617712],[-74.167933,40.61501],[-74.16486,40.613664],[-74.161793,40.615019]]]},"properties":{"t":"Street Condition","n":23,"q":4}},{"type":"Feature","geometry":{"type":"Polygon","coordinates":[[[-74.152444,40.554246],[-74.15245,40.556948],[-74.155521,40.558294],[-74.158585,40.556939],[-74.158579,40.554238],[-74.155508,40.552891],[-74.152444,40.554246]]]},"properties":{"t":"Street Condition","n":3,"q":0}},{"type":"Feature","geometry":{"type":"Polygon","coordinates":[[[-74.115649,40.562394],[-74.115654,40.565095],[-74.118724,40.566443],[-74.12179,40.565089],[-74.121785,40.562387],[-74.118715,40.56104],[-74.115649,40.562394]]]},"properties":{"t":"Street Condition","n":24,"q":4}},{"type":"Feature","geometry":{"type":"Polygon","coordinates":[[[-74.146451,40.619092],[-74.146457,40.621793],[-74.149531,40.62314],[-74.152598,40.621785],[-74.152592,40.619084],[-74.149518,40.617737],[-74.146451,40.619092]]]},"properties":{"t":"Street Condition","n":9,"q":2}},{"type":"Feature","geometry":{"type":"Polygon","coordinates":[[[-74.204453,40.509589],[-74.204461,40.512291],[-74.207531,40.513636],[-74.210592,40.512279],[-74.210584,40.509578],[-74.207514,40.508233],[-74.204453,40.509589]]]},"properties":{"t":"Street Condition","n":5,"q":1}},{"type":"Feature","geometry":{"type":"Polygon","coordinates":[[[-74.134137,40.602897],[-74.134143,40.605599],[-74.137215,40.606946],[-74.140282,40.605592],[-74.140276,40.60289],[-74.137204,40.601543],[-74.134137,40.602897]]]},"properties":{"t":"Street Condition","n":3,"q":0}},{"type":"Feature","geometry":{"type":"Polygon","coordinates":[[[-74.121888,40.61912],[-74.121893,40.621822],[-74.124966,40.62317],[-74.128034,40.621815],[-74.128029,40.619114],[-74.124956,40.617766],[-74.121888,40.61912]]]},"properties":{"t":"Street Condition","n":14,"q":3}},{"type":"Feature","geometry":{"type":"Polygon","coordinates":[[[-74.10954,40.578609],[-74.109545,40.581311],[-74.112616,40.582659],[-74.115682,40.581305],[-74.115677,40.578603],[-74.112606,40.577256],[-74.10954,40.578609]]]},"properties":{"t":"Street Condition","n":30,"q":4}},{"type":"Feature","geometry":{"type":"Polygon","coordinates":[[[-74.100426,40.639403],[-74.10043,40.642105],[-74.103504,40.643453],[-74.106573,40.642099],[-74.106569,40.639397],[-74.103495,40.638049],[-74.100426,40.639403]]]},"properties":{"t":"Street Condition","n":5,"q":1}},{"type":"Feature","geometry":{"type":"Polygon","coordinates":[[[-74.143302,40.582624],[-74.143308,40.585326],[-74.14638,40.586673],[-74.149446,40.585318],[-74.14944,40.582617],[-74.146368,40.58127],[-74.143302,40.582624]]]},"properties":{"t":"Street Condition","n":7,"q":1}},{"type":"Feature","geometry":{"type":"Polygon","coordinates":[[[-74.213765,40.546044],[-74.213774,40.548745],[-74.216846,40.55009],[-74.219908,40.548734],[-74.219899,40.546032],[-74.216828,40.544687],[-74.213765,40.546044]]]},"properties":{"t":"Street Condition","n":7,"q":1}},{"type":"Feature","geometry":{"type":"Polygon","coordinates":[[[-74.106439,40.55835],[-74.106444,40.561052],[-74.109514,40.5624],[-74.112579,40.561046],[-74.112575,40.558344],[-74.109505,40.556997],[-74.106439,40.55835]]]},"properties":{"t":"Street Condition","n":21,"q":4}},{"type":"Feature","geometry":{"type":"Polygon","coordinates":[[[-74.066605,40.602956],[-74.066608,40.605658],[-74.069679,40.607007],[-74.072748,40.605654],[-74.072745,40.602953],[-74.069674,40.601604],[-74.066605,40.602956]]]},"properties":{"t":"Street Condition","n":22,"q":4}},{"type":"Feature","geometry":{"type":"Polygon","coordinates":[[[-74.085034,40.611049],[-74.085037,40.61375],[-74.088109,40.615099],[-74.091177,40.613746],[-74.091173,40.611044],[-74.088102,40.609696],[-74.085034,40.611049]]]},"properties":{"t":"Street Condition","n":11,"q":2}},{"type":"Feature","geometry":{"type":"Polygon","coordinates":[[[-74.0574,40.607014],[-74.057402,40.609715],[-74.060474,40.611064],[-74.063542,40.609712],[-74.06354,40.60701],[-74.060469,40.605661],[-74.0574,40.607014]]]},"properties":{"t":"Street Condition","n":7,"q":1}},{"type":"Feature","geometry":{"type":"Polygon","coordinates":[[[-74.091118,40.570521],[-74.091122,40.573222],[-74.094192,40.574571],[-74.097258,40.573217],[-74.097254,40.570516],[-74.094184,40.569167],[-74.091118,40.570521]]]},"properties":{"t":"Street Condition","n":11,"q":2}},{"type":"Feature","geometry":{"type":"Polygon","coordinates":[[[-74.103466,40.619139],[-74.10347,40.62184],[-74.106543,40.623188],[-74.109611,40.621834],[-74.109607,40.619133],[-74.106534,40.617785],[-74.103466,40.619139]]]},"properties":{"t":"Street Condition","n":28,"q":4}},{"type":"Feature","geometry":{"type":"Polygon","coordinates":[[[-74.152407,40.538037],[-74.152413,40.540738],[-74.155483,40.542085],[-74.158547,40.54073],[-74.15854,40.538028],[-74.15547,40.536682],[-74.152407,40.538037]]]},"properties":{"t":"Street Condition","n":17,"q":3}},{"type":"Feature","geometry":{"type":"Polygon","coordinates":[[[-74.07581,40.598898],[-74.075813,40.6016],[-74.078884,40.602949],[-74.081952,40.601596],[-74.081949,40.598894],[-74.078878,40.597545],[-74.07581,40.598898]]]},"properties":{"t":"Street Condition","n":18,"q":3}},{"type":"Feature","geometry":{"type":"Polygon","coordinates":[[[-74.161577,40.525867],[-74.161584,40.528568],[-74.164653,40.529915],[-74.167716,40.52856],[-74.16771,40.525858],[-74.16464,40.524512],[-74.161577,40.525867]]]},"properties":{"t":"Street Condition","n":13,"q":3}},{"type":"Feature","geometry":{"type":"Polygon","coordinates":[[[-74.225924,40.513601],[-74.225933,40.516303],[-74.229003,40.517647],[-74.232064,40.51629],[-74.232055,40.513589],[-74.228985,40.512244],[-74.225924,40.513601]]]},"properties":{"t":"Street Condition","n":3,"q":0}},{"type":"Feature","geometry":{"type":"Polygon","coordinates":[[[-74.164853,40.610962],[-74.16486,40.613664],[-74.167933,40.61501],[-74.171,40.613655],[-74.170993,40.610953],[-74.16792,40.609607],[-74.164853,40.610962]]]},"properties":{"t":"Street Condition","n":3,"q":0}},{"type":"Feature","geometry":{"type":"Polygon","coordinates":[[[-74.088109,40.615099],[-74.088112,40.617801],[-74.091185,40.619149],[-74.094253,40.617796],[-74.094249,40.615094],[-74.091177,40.613746],[-74.088109,40.615099]]]},"properties":{"t":"Street Condition","n":17,"q":3}},{"type":"Feature","geometry":{"type":"Polygon","coordinates":[[[-74.183229,40.594725],[-74.183236,40.597426],[-74.186309,40.598772],[-74.189375,40.597416],[-74.189367,40.594715],[-74.186294,40.593369],[-74.183229,40.594725]]]},"properties":{"t":"Street Condition","n":5,"q":1}},{"type":"Feature","geometry":{"type":"Polygon","coordinates":[[[-74.121859,40.602911],[-74.121864,40.605613],[-74.124936,40.60696],[-74.128003,40.605606],[-74.127998,40.602904],[-74.124926,40.601557],[-74.121859,40.602911]]]},"properties":{"t":"Street Condition","n":13,"q":3}},{"type":"Feature","geometry":{"type":"Polygon","coordinates":[[[-74.118811,40.615071],[-74.118815,40.617773],[-74.121888,40.61912],[-74.124956,40.617766],[-74.124951,40.615065],[-74.121878,40.613717],[-74.118811,40.615071]]]},"properties":{"t":"Street Condition","n":3,"q":0}},{"type":"Feature","geometry":{"type":"Polygon","coordinates":[[[-74.186106,40.52583],[-74.186113,40.528531],[-74.189184,40.529877],[-74.192246,40.528521],[-74.192238,40.52582],[-74.189168,40.524474],[-74.186106,40.52583]]]},"properties":{"t":"Street Condition","n":7,"q":1}},{"type":"Feature","geometry":{"type":"Polygon","coordinates":[[[-74.219873,40.537927],[-74.219882,40.540629],[-74.222953,40.541974],[-74.226015,40.540617],[-74.226006,40.537915],[-74.222935,40.536571],[-74.219873,40.537927]]]},"properties":{"t":"Street Condition","n":91,"q":4}},{"type":"Feature","geometry":{"type":"Polygon","coordinates":[[[-74.164693,40.546124],[-74.1647,40.548826],[-74.167771,40.550172],[-74.170834,40.548817],[-74.170827,40.546115],[-74.167757,40.544769],[-74.164693,40.546124]]]},"properties":{"t":"Street Condition","n":18,"q":3}},{"type":"Feature","geometry":{"type":"Polygon","coordinates":[[[-74.128013,40.611009],[-74.128019,40.613711],[-74.131091,40.615058],[-74.134159,40.613704],[-74.134153,40.611002],[-74.131081,40.609655],[-74.128013,40.611009]]]},"properties":{"t":"Street Condition","n":27,"q":4}},{"type":"Feature","geometry":{"type":"Polygon","coordinates":[[[-74.195316,40.529867],[-74.195324,40.532568],[-74.198394,40.533914],[-74.201457,40.532558],[-74.201449,40.529856],[-74.198378,40.528511],[-74.195316,40.529867]]]},"properties":{"t":"Street Condition","n":6,"q":1}},{"type":"Feature","geometry":{"type":"Polygon","coordinates":[[[-74.222926,40.533869],[-74.222935,40.536571],[-74.226006,40.537915],[-74.229068,40.536558],[-74.229059,40.533857],[-74.225988,40.532512],[-74.222926,40.533869]]]},"properties":{"t":"Street Condition","n":3,"q":0}},{"type":"Feature","geometry":{"type":"Polygon","coordinates":[[[-74.176961,40.546106],[-74.176969,40.548808],[-74.180039,40.550154],[-74.183103,40.548798],[-74.183095,40.546097],[-74.180025,40.544751],[-74.176961,40.546106]]]},"properties":{"t":"Street Condition","n":25,"q":4}},{"type":"Feature","geometry":{"type":"Polygon","coordinates":[[[-74.155691,40.631237],[-74.155697,40.633938],[-74.158771,40.635285],[-74.161839,40.63393],[-74.161832,40.631228],[-74.158758,40.629882],[-74.155691,40.631237]]]},"properties":{"t":"Street Condition","n":19,"q":4}},{"type":"Feature","geometry":{"type":"Polygon","coordinates":[[[-74.112684,40.623182],[-74.112689,40.625884],[-74.115762,40.627232],[-74.11883,40.625878],[-74.118825,40.623176],[-74.115752,40.621828],[-74.112684,40.623182]]]},"properties":{"t":"Street Condition","n":9,"q":2}},{"type":"Feature","geometry":{"type":"Polygon","coordinates":[[[-74.118739,40.574548],[-74.118743,40.577249],[-74.121814,40.578597],[-74.12488,40.577243],[-74.124875,40.574541],[-74.121804,40.573194],[-74.118739,40.574548]]]},"properties":{"t":"Street Condition","n":27,"q":4}},{"type":"Feature","geometry":{"type":"Polygon","coordinates":[[[-74.088141,40.639413],[-74.088145,40.642115],[-74.091218,40.643463],[-74.094287,40.64211],[-74.094284,40.639408],[-74.09121,40.63806],[-74.088141,40.639413]]]},"properties":{"t":"Street Condition","n":7,"q":1}},{"type":"Feature","geometry":{"type":"Polygon","coordinates":[[[-74.085075,40.643468],[-74.085078,40.646169],[-74.088152,40.647518],[-74.091221,40.646165],[-74.091218,40.643463],[-74.088145,40.642115],[-74.085075,40.643468]]]},"properties":{"t":"Street Condition","n":17,"q":3}},{"type":"Feature","geometry":{"type":"Polygon","coordinates":[[[-74.12792,40.562381],[-74.127925,40.565082],[-74.130996,40.56643],[-74.134061,40.565075],[-74.134056,40.562374],[-74.130985,40.561027],[-74.12792,40.562381]]]},"properties":{"t":"Street Condition","n":21,"q":4}},{"type":"Feature","geometry":{"type":"Polygon","coordinates":[[[-74.229003,40.517647],[-74.229012,40.520349],[-74.232083,40.521694],[-74.235144,40.520337],[-74.235135,40.517635],[-74.232064,40.51629],[-74.229003,40.517647]]]},"properties":{"t":"Street Condition","n":8,"q":2}},{"type":"Feature","geometry":{"type":"Polygon","coordinates":[[[-74.112657,40.606973],[-74.112661,40.609674],[-74.115733,40.611022],[-74.118801,40.609668],[-74.118796,40.606967],[-74.115724,40.605619],[-74.112657,40.606973]]]},"properties":{"t":"Street Condition","n":16,"q":3}},{"type":"Feature","geometry":{"type":"Polygon","coordinates":[[[-74.167995,40.639324],[-74.168001,40.642026],[-74.171076,40.643372],[-74.174144,40.642017],[-74.174137,40.639315],[-74.171063,40.637969],[-74.167995,40.639324]]]},"properties":{"t":"Street Condition","n":3,"q":0}},{"type":"Feature","geometry":{"type":"Polygon","coordinates":[[[-74.244317,40.513563],[-74.244327,40.516265],[-74.247397,40.517609],[-74.250458,40.516252],[-74.250448,40.51355],[-74.247377,40.512206],[-74.244317,40.513563]]]},"properties":{"t":"Street Condition","n":21,"q":4}},{"type":"Feature","geometry":{"type":"Polygon","coordinates":[[[-74.094238,40.606989],[-74.094242,40.609691],[-74.097313,40.611039],[-74.100381,40.609686],[-74.100377,40.606984],[-74.097306,40.605636],[-74.094238,40.606989]]]},"properties":{"t":"Street Condition","n":31,"q":4}},{"type":"Feature","geometry":{"type":"Polygon","coordinates":[[[-74.235078,40.501426],[-74.235087,40.504127],[-74.238157,40.505472],[-74.241217,40.504114],[-74.241208,40.501413],[-74.238138,40.500068],[-74.235078,40.501426]]]},"properties":{"t":"Street Condition","n":7,"q":1}},{"type":"Feature","geometry":{"type":"Polygon","coordinates":[[[-74.232027,40.505484],[-74.232036,40.508186],[-74.235106,40.50953],[-74.238167,40.508173],[-74.238157,40.505472],[-74.235087,40.504127],[-74.232027,40.505484]]]},"properties":{"t":"Street Condition","n":4,"q":0}},{"type":"Feature","geometry":{"type":"Polygon","coordinates":[[[-74.12806,40.635323],[-74.128065,40.638025],[-74.131139,40.639372],[-74.134208,40.638018],[-74.134202,40.635316],[-74.131129,40.633969],[-74.12806,40.635323]]]},"properties":{"t":"Street Condition","n":22,"q":4}},{"type":"Feature","geometry":{"type":"Polygon","coordinates":[[[-74.149404,40.566407],[-74.14941,40.569109],[-74.152481,40.570456],[-74.155546,40.569101],[-74.155539,40.566399],[-74.152468,40.565052],[-74.149404,40.566407]]]},"properties":{"t":"Street Condition","n":43,"q":4}},{"type":"Feature","geometry":{"type":"Polygon","coordinates":[[[-74.130996,40.56643],[-74.131001,40.569131],[-74.134072,40.570479],[-74.137137,40.569124],[-74.137132,40.566423],[-74.134061,40.565075],[-74.130996,40.56643]]]},"properties":{"t":"Street Condition","n":19,"q":4}},{"type":"Feature","geometry":{"type":"Polygon","coordinates":[[[-74.112643,40.598868],[-74.112648,40.60157],[-74.115719,40.602917],[-74.118787,40.601563],[-74.118782,40.598862],[-74.11571,40.597514],[-74.112643,40.598868]]]},"properties":{"t":"Street Condition","n":39,"q":4}},{"type":"Feature","geometry":{"type":"Polygon","coordinates":[[[-74.137099,40.550213],[-74.137104,40.552915],[-74.140174,40.554262],[-74.143239,40.552907],[-74.143233,40.550206],[-74.140163,40.548859],[-74.137099,40.550213]]]},"properties":{"t":"Street Condition","n":9,"q":2}},{"type":"Feature","geometry":{"type":"Polygon","coordinates":[[[-74.149494,40.606931],[-74.1495,40.609632],[-74.152573,40.610979],[-74.15564,40.609624],[-74.155634,40.606923],[-74.152561,40.605576],[-74.149494,40.606931]]]},"properties":{"t":"Street Condition","n":43,"q":4}},{"type":"Feature","geometry":{"type":"Polygon","coordinates":[[[-74.15261,40.627188],[-74.152617,40.62989],[-74.155691,40.631237],[-74.158758,40.629882],[-74.158752,40.62718],[-74.155678,40.625834],[-74.15261,40.627188]]]},"properties":{"t":"Street Condition","n":8,"q":2}},{"type":"Feature","geometry":{"type":"Polygon","coordinates":[[[-74.155596,40.590713],[-74.155602,40.593415],[-74.158675,40.594761],[-74.161741,40.593406],[-74.161734,40.590705],[-74.158662,40.589358],[-74.155596,40.590713]]]},"properties":{"t":"Street Condition","n":5,"q":1}},{"type":"Feature","geometry":{"type":"Polygon","coordinates":[[[-74.085054,40.627258],[-74.085058,40.62996],[-74.08813,40.631308],[-74.091199,40.629955],[-74.091196,40.627254],[-74.088123,40.625905],[-74.085054,40.627258]]]},"properties":{"t":"Street Condition","n":35,"q":4}},{"type":"Feature","geometry":{"type":"Polygon","coordinates":[[[-74.075847,40.631317],[-74.07585,40.634019],[-74.078922,40.635367],[-74.081992,40.634014],[-74.081988,40.631313],[-74.078916,40.629964],[-74.075847,40.631317]]]},"properties":{"t":"Street Condition","n":9,"q":2}},{"type":"Feature","geometry":{"type":"Polygon","coordinates":[[[-74.094215,40.59078],[-74.094219,40.593482],[-74.09729,40.59483],[-74.100357,40.593476],[-74.100353,40.590775],[-74.097282,40.589427],[-74.094215,40.59078]]]},"properties":{"t":"Street Condition","n":5,"q":1}},{"type":"Feature","geometry":{"type":"Polygon","coordinates":[[[-74.207657,40.55416],[-74.207665,40.556861],[-74.210737,40.558206],[-74.2138,40.55685],[-74.213791,40.554148],[-74.21072,40.552803],[-74.207657,40.55416]]]},"properties":{"t":"Street Condition","n":16,"q":3}},{"type":"Feature","geometry":{"type":"Polygon","coordinates":[[[-74.232139,40.537903],[-74.232149,40.540605],[-74.23522,40.541949],[-74.238282,40.540592],[-74.238273,40.537891],[-74.235201,40.536546],[-74.232139,40.537903]]]},"properties":{"t":"Street Condition","n":12,"q":3}},{"type":"Feature","geometry":{"type":"Polygon","coordinates":[[[-74.198418,40.542019],[-74.198426,40.54472],[-74.201497,40.546066],[-74.20456,40.54471],[-74.204552,40.542008],[-74.201481,40.540663],[-74.198418,40.542019]]]},"properties":{"t":"Street Condition","n":5,"q":1}},{"type":"Feature","geometry":{"type":"Polygon","coordinates":[[[-74.207556,40.521741],[-74.207564,40.524442],[-74.210635,40.525787],[-74.213696,40.524431],[-74.213688,40.521729],[-74.210618,40.520384],[-74.207556,40.521741]]]},"properties":{"t":"Street Condition","n":11,"q":2}},{"type":"Feature","geometry":{"type":"Polygon","coordinates":[[[-74.12486,40.566437],[-74.124865,40.569138],[-74.127936,40.570486],[-74.131001,40.569131],[-74.130996,40.56643],[-74.127925,40.565082],[-74.12486,40.566437]]]},"properties":{"t":"Street Condition","n":15,"q":3}},{"type":"Feature","geometry":{"type":"Polygon","coordinates":[[[-74.121873,40.611016],[-74.121878,40.613717],[-74.124951,40.615065],[-74.128019,40.613711],[-74.128013,40.611009],[-74.124941,40.609662],[-74.121873,40.611016]]]},"properties":{"t":"Street Condition","n":46,"q":4}},{"type":"Feature","geometry":{"type":"Polygon","coordinates":[[[-74.112588,40.566449],[-74.112593,40.569151],[-74.115663,40.570499],[-74.118729,40.569145],[-74.118724,40.566443],[-74.115654,40.565095],[-74.112588,40.566449]]]},"properties":{"t":"Street Condition","n":22,"q":4}},{"type":"Feature","geometry":{"type":"Polygon","coordinates":[[[-74.140276,40.60289],[-74.140282,40.605592],[-74.143355,40.606939],[-74.146422,40.605584],[-74.146416,40.602882],[-74.143343,40.601535],[-74.140276,40.60289]]]},"properties":{"t":"Street Condition","n":11,"q":2}},{"type":"Feature","geometry":{"type":"Polygon","coordinates":[[[-74.13098,40.558325],[-74.130985,40.561027],[-74.134056,40.562374],[-74.137121,40.561019],[-74.137115,40.558318],[-74.134045,40.556971],[-74.13098,40.558325]]]},"properties":{"t":"Street Condition","n":26,"q":4}},{"type":"Feature","geometry":{"type":"Polygon","coordinates":[[[-74.10962,40.627238],[-74.109625,40.629939],[-74.112698,40.631287],[-74.115766,40.629933],[-74.115762,40.627232],[-74.112689,40.625884],[-74.10962,40.627238]]]},"properties":{"t":"Street Condition","n":15,"q":3}},{"type":"Feature","geometry":{"type":"Polygon","coordinates":[[[-74.247367,40.509504],[-74.247377,40.512206],[-74.250448,40.51355],[-74.253508,40.512193],[-74.253498,40.509491],[-74.250428,40.508147],[-74.247367,40.509504]]]},"properties":{"t":"Street Condition","n":9,"q":2}},{"type":"Feature","geometry":{"type":"Polygon","coordinates":[[[-74.152592,40.619084],[-74.152598,40.621785],[-74.155672,40.623132],[-74.158739,40.621777],[-74.158733,40.619075],[-74.155659,40.617729],[-74.152592,40.619084]]]},"properties":{"t":"Street Condition","n":5,"q":1}},{"type":"Feature","geometry":{"type":"Polygon","coordinates":[[[-74.158675,40.594761],[-74.158681,40.597463],[-74.161754,40.598809],[-74.16482,40.597454],[-74.164813,40.594753],[-74.161741,40.593406],[-74.158675,40.594761]]]},"properties":{"t":"Street Condition","n":4,"q":0}},{"type":"Feature","geometry":{"type":"Polygon","coordinates":[[[-74.238186,40.513576],[-74.238196,40.516278],[-74.241266,40.517622],[-74.244327,40.516265],[-74.244317,40.513563],[-74.241247,40.512219],[-74.238186,40.513576]]]},"properties":{"t":"Street Condition","n":20,"q":4}},{"type":"Feature","geometry":{"type":"Polygon","coordinates":[[[-74.213791,40.554148],[-74.2138,40.55685],[-74.216872,40.558195],[-74.219935,40.556838],[-74.219926,40.554137],[-74.216854,40.552792],[-74.213791,40.554148]]]},"properties":{"t":"Street Condition","n":37,"q":4}},{"type":"Feature","geometry":{"type":"Polygon","coordinates":[[[-74.158713,40.610971],[-74.15872,40.613672],[-74.161793,40.615019],[-74.16486,40.613664],[-74.164853,40.610962],[-74.16178,40.609616],[-74.158713,40.610971]]]},"properties":{"t":"Street Condition","n":12,"q":3}},{"type":"Feature","geometry":{"type":"Polygon","coordinates":[[[-74.094192,40.574571],[-74.094196,40.577272],[-74.097266,40.57862],[-74.100333,40.577267],[-74.100329,40.574565],[-74.097258,40.573217],[-74.094192,40.574571]]]},"properties":{"t":"Street Condition","n":19,"q":4}},{"type":"Feature","geometry":{"type":"Polygon","coordinates":[[[-74.158579,40.554238],[-74.158585,40.556939],[-74.161656,40.558286],[-74.16472,40.556931],[-74.164713,40.554229],[-74.161643,40.552883],[-74.158579,40.554238]]]},"properties":{"t":"Street Condition","n":40,"q":4}},{"type":"Feature","geometry":{"type":"Polygon","coordinates":[[[-74.167771,40.550172],[-74.167777,40.552874],[-74.170848,40.55422],[-74.173912,40.552865],[-74.173905,40.550163],[-74.170834,40.548817],[-74.167771,40.550172]]]},"properties":{"t":"Street Condition","n":14,"q":3}},{"type":"Feature","geometry":{"type":"Polygon","coordinates":[[[-74.225951,40.521706],[-74.22596,40.524407],[-74.229031,40.525752],[-74.232092,40.524395],[-74.232083,40.521694],[-74.229012,40.520349],[-74.225951,40.521706]]]},"properties":{"t":"Street Condition","n":6,"q":1}},{"type":"Feature","geometry":{"type":"Polygon","coordinates":[[[-74.097325,40.619144],[-74.097329,40.621845],[-74.100402,40.623194],[-74.10347,40.62184],[-74.103466,40.619139],[-74.100394,40.61779],[-74.097325,40.619144]]]},"properties":{"t":"Street Condition","n":2,"q":0}},{"type":"Feature","geometry":{"type":"Polygon","coordinates":[[[-74.232196,40.554113],[-74.232205,40.556814],[-74.235277,40.558159],[-74.23834,40.556802],[-74.23833,40.5541],[-74.235258,40.552756],[-74.232196,40.554113]]]},"properties":{"t":"Street Condition","n":4,"q":0}},{"type":"Feature","geometry":{"type":"Polygon","coordinates":[[[-74.091151,40.594835],[-74.091155,40.597536],[-74.094226,40.598885],[-74.097294,40.597531],[-74.09729,40.59483],[-74.094219,40.593482],[-74.091151,40.594835]]]},"properties":{"t":"Street Condition","n":21,"q":4}},{"type":"Feature","geometry":{"type":"Polygon","coordinates":[[[-74.128045,40.627218],[-74.12805,40.62992],[-74.131123,40.631267],[-74.134191,40.629913],[-74.134186,40.627211],[-74.131113,40.625864],[-74.128045,40.627218]]]},"properties":{"t":"Street Condition","n":12,"q":3}},{"type":"Feature","geometry":{"type":"Polygon","coordinates":[[[-74.177004,40.562316],[-74.177011,40.565017],[-74.180083,40.566363],[-74.183147,40.565008],[-74.18314,40.562306],[-74.180068,40.56096],[-74.177004,40.562316]]]},"properties":{"t":"Street Condition","n":19,"q":4}},{"type":"Feature","geometry":{"type":"Polygon","coordinates":[[[-74.066589,40.586747],[-74.066592,40.589449],[-74.069662,40.590797],[-74.07273,40.589445],[-74.072727,40.586743],[-74.069657,40.585394],[-74.066589,40.586747]]]},"properties":{"t":"Street Condition","n":3,"q":0}},{"type":"Feature","geometry":{"type":"Polygon","coordinates":[[[-74.103428,40.594824],[-74.103433,40.597526],[-74.106504,40.598874],[-74.109571,40.59752],[-74.109567,40.594819],[-74.106495,40.593471],[-74.103428,40.594824]]]},"properties":{"t":"Street Condition","n":12,"q":3}},{"type":"Feature","geometry":{"type":"Polygon","coordinates":[[[-74.161774,40.606914],[-74.16178,40.609616],[-74.164853,40.610962],[-74.16792,40.609607],[-74.167913,40.606905],[-74.16484,40.605559],[-74.161774,40.606914]]]},"properties":{"t":"Street Condition","n":17,"q":3}},{"type":"Feature","geometry":{"type":"Polygon","coordinates":[[[-74.140345,40.635309],[-74.14035,40.63801],[-74.143424,40.639357],[-74.146493,40.638003],[-74.146487,40.635301],[-74.143413,40.633954],[-74.140345,40.635309]]]},"properties":{"t":"Street Condition","n":8,"q":2}},{"type":"Feature","geometry":{"type":"Polygon","coordinates":[[[-74.078903,40.619158],[-74.078906,40.62186],[-74.081978,40.623208],[-74.085047,40.621855],[-74.085044,40.619154],[-74.081972,40.617805],[-74.078903,40.619158]]]},"properties":{"t":"Street Condition","n":11,"q":2}},{"type":"Feature","geometry":{"type":"Polygon","coordinates":[[[-74.140191,40.562366],[-74.140197,40.565068],[-74.143268,40.566415],[-74.146333,40.56506],[-74.146327,40.562359],[-74.143256,40.561012],[-74.140191,40.562366]]]},"properties":{"t":"Street Condition","n":2,"q":0}},{"type":"Feature","geometry":{"type":"Polygon","coordinates":[[[-74.08813,40.631308],[-74.088134,40.63401],[-74.091207,40.635358],[-74.094276,40.634005],[-74.094272,40.631303],[-74.091199,40.629955],[-74.08813,40.631308]]]},"properties":{"t":"Street Condition","n":2,"q":0}},{"type":"Feature","geometry":{"type":"Polygon","coordinates":[[[-74.140157,40.546157],[-74.140163,40.548859],[-74.143233,40.550206],[-74.146297,40.548851],[-74.146291,40.546149],[-74.143221,40.544802],[-74.140157,40.546157]]]},"properties":{"t":"Street Condition","n":21,"q":4}},{"type":"Feature","geometry":{"type":"Polygon","coordinates":[[[-74.13417,40.619107],[-74.134175,40.621808],[-74.137248,40.623156],[-74.140316,40.621801],[-74.14031,40.619099],[-74.137237,40.617752],[-74.13417,40.619107]]]},"properties":{"t":"Street Condition","n":14,"q":3}},{"type":"Feature","geometry":{"type":"Polygon","coordinates":[[[-74.091218,40.643463],[-74.091221,40.646165],[-74.094295,40.647513],[-74.097365,40.646159],[-74.097361,40.643458],[-74.094287,40.64211],[-74.091218,40.643463]]]},"properties":{"t":"Street Condition","n":4,"q":0}},{"type":"Feature","geometry":{"type":"Polygon","coordinates":[[[-74.069696,40.623216],[-74.069699,40.625918],[-74.072771,40.627267],[-74.07584,40.625914],[-74.075837,40.623212],[-74.072765,40.621864],[-74.069696,40.623216]]]},"properties":{"t":"Street Condition","n":10,"q":2}},{"type":"Feature","geometry":{"type":"Polygon","coordinates":[[[-74.19837,40.525809],[-74.198378,40.528511],[-74.201449,40.529856],[-74.204511,40.5285],[-74.204502,40.525798],[-74.201432,40.524453],[-74.19837,40.525809]]]},"properties":{"t":"Street Condition","n":9,"q":2}},{"type":"Feature","geometry":{"type":"Polygon","coordinates":[[[-74.06354,40.60701],[-74.063542,40.609712],[-74.066614,40.611061],[-74.069682,40.609708],[-74.069679,40.607007],[-74.066608,40.605658],[-74.06354,40.60701]]]},"properties":{"t":"Street Condition","n":7,"q":1}},{"type":"Feature","geometry":{"type":"Polygon","coordinates":[[[-74.060466,40.60296],[-74.060469,40.605661],[-74.06354,40.60701],[-74.066608,40.605658],[-74.066605,40.602956],[-74.063535,40.601607],[-74.060466,40.60296]]]},"properties":{"t":"Street Condition","n":2,"q":0}},{"type":"Feature","geometry":{"type":"Polygon","coordinates":[[[-74.131139,40.639372],[-74.131144,40.642074],[-74.134219,40.643421],[-74.137287,40.642066],[-74.137282,40.639365],[-74.134208,40.638018],[-74.131139,40.639372]]]},"properties":{"t":"Street Condition","n":8,"q":2}},{"type":"Feature","geometry":{"type":"Polygon","coordinates":[[[-74.158656,40.586657],[-74.158662,40.589358],[-74.161734,40.590705],[-74.1648,40.58935],[-74.164793,40.586648],[-74.161721,40.585302],[-74.158656,40.586657]]]},"properties":{"t":"Street Condition","n":5,"q":1}},{"type":"Feature","geometry":{"type":"Polygon","coordinates":[[[-74.097302,40.602934],[-74.097306,40.605636],[-74.100377,40.606984],[-74.103445,40.605631],[-74.103441,40.602929],[-74.100369,40.601581],[-74.097302,40.602934]]]},"properties":{"t":"Street Condition","n":1,"q":0}},{"type":"Feature","geometry":{"type":"Polygon","coordinates":[[[-74.161597,40.533972],[-74.161603,40.536673],[-74.164673,40.53802],[-74.167737,40.536664],[-74.16773,40.533963],[-74.16466,40.532617],[-74.161597,40.533972]]]},"properties":{"t":"Street Condition","n":8,"q":2}},{"type":"Feature","geometry":{"type":"Polygon","coordinates":[[[-74.171056,40.635267],[-74.171063,40.637969],[-74.174137,40.639315],[-74.177205,40.637959],[-74.177198,40.635258],[-74.174123,40.633912],[-74.171056,40.635267]]]},"properties":{"t":"Street Condition","n":2,"q":0}},{"type":"Feature","geometry":{"type":"Polygon","coordinates":[[[-74.158752,40.62718],[-74.158758,40.629882],[-74.161832,40.631228],[-74.1649,40.629873],[-74.164893,40.627172],[-74.161819,40.625825],[-74.158752,40.62718]]]},"properties":{"t":"Street Condition","n":12,"q":3}},{"type":"Feature","geometry":{"type":"Polygon","coordinates":[[[-74.152499,40.57856],[-74.152505,40.581262],[-74.155577,40.582609],[-74.158643,40.581254],[-74.158636,40.578552],[-74.155565,40.577205],[-74.152499,40.57856]]]},"properties":{"t":"Street Condition","n":18,"q":3}},{"type":"Feature","geometry":{"type":"Polygon","coordinates":[[[-74.183095,40.546097],[-74.183103,40.548798],[-74.186174,40.550144],[-74.189237,40.548788],[-74.189229,40.546087],[-74.186159,40.544741],[-74.183095,40.546097]]]},"properties":{"t":"Street Condition","n":21,"q":4}},{"type":"Feature","geometry":{"type":"Polygon","coordinates":[[[-74.161754,40.598809],[-74.16176,40.601511],[-74.164833,40.602857],[-74.1679,40.601502],[-74.167893,40.598801],[-74.16482,40.597454],[-74.161754,40.598809]]]},"properties":{"t":"Street Condition","n":16,"q":3}},{"type":"Feature","geometry":{"type":"Polygon","coordinates":[[[-74.241208,40.501413],[-74.241217,40.504114],[-74.244287,40.505459],[-74.247347,40.504101],[-74.247337,40.5014],[-74.244268,40.500056],[-74.241208,40.501413]]]},"properties":{"t":"Street Condition","n":2,"q":0}},{"type":"Feature","geometry":{"type":"Polygon","coordinates":[[[-74.204502,40.525798],[-74.204511,40.5285],[-74.207581,40.529845],[-74.210643,40.528489],[-74.210635,40.525787],[-74.207564,40.524442],[-74.204502,40.525798]]]},"properties":{"t":"Street Condition","n":7,"q":1}},{"type":"Feature","geometry":{"type":"Polygon","coordinates":[[[-74.192308,40.550134],[-74.192316,40.552835],[-74.195387,40.554181],[-74.19845,40.552825],[-74.198442,40.550123],[-74.195371,40.548778],[-74.192308,40.550134]]]},"properties":{"t":"Street Condition","n":2,"q":0}},{"type":"Feature","geometry":{"type":"Polygon","coordinates":[[[-74.121844,40.594806],[-74.121849,40.597508],[-74.124921,40.598855],[-74.127988,40.597501],[-74.127982,40.5948],[-74.124911,40.593452],[-74.121844,40.594806]]]},"properties":{"t":"Street Condition","n":4,"q":0}},{"type":"Feature","geometry":{"type":"Polygon","coordinates":[[[-74.210609,40.517683],[-74.210618,40.520384],[-74.213688,40.521729],[-74.216749,40.520373],[-74.21674,40.517671],[-74.21367,40.516326],[-74.210609,40.517683]]]},"properties":{"t":"Street Condition","n":3,"q":0}},{"type":"Feature","geometry":{"type":"Polygon","coordinates":[[[-74.115748,40.619127],[-74.115752,40.621828],[-74.118825,40.623176],[-74.121893,40.621822],[-74.121888,40.61912],[-74.118815,40.617773],[-74.115748,40.619127]]]},"properties":{"t":"Street Condition","n":5,"q":1}},{"type":"Feature","geometry":{"type":"Polygon","coordinates":[[[-74.210686,40.541997],[-74.210694,40.544698],[-74.213765,40.546044],[-74.216828,40.544687],[-74.216819,40.541985],[-74.213748,40.54064],[-74.210686,40.541997]]]},"properties":{"t":"Street Condition","n":11,"q":2}},{"type":"Feature","geometry":{"type":"Polygon","coordinates":[[[-74.189252,40.554191],[-74.18926,40.556893],[-74.192331,40.558239],[-74.195395,40.556883],[-74.195387,40.554181],[-74.192316,40.552835],[-74.189252,40.554191]]]},"properties":{"t":"Street Condition","n":5,"q":1}},{"type":"Feature","geometry":{"type":"Polygon","coordinates":[[[-74.186083,40.517725],[-74.186091,40.520427],[-74.189161,40.521772],[-74.192223,40.520416],[-74.192215,40.517715],[-74.189145,40.516369],[-74.186083,40.517725]]]},"properties":{"t":"Street Condition","n":1,"q":0}},{"type":"Feature","geometry":{"type":"Polygon","coordinates":[[[-74.100341,40.58267],[-74.100345,40.585372],[-74.103416,40.58672],[-74.106483,40.585366],[-74.106478,40.582665],[-74.103407,40.581317],[-74.100341,40.58267]]]},"properties":{"t":"Street Condition","n":9,"q":2}},{"type":"Feature","geometry":{"type":"Polygon","coordinates":[[[-74.219846,40.529822],[-74.219855,40.532524],[-74.222926,40.533869],[-74.225988,40.532512],[-74.225979,40.529811],[-74.222908,40.528466],[-74.219846,40.529822]]]},"properties":{"t":"Street Condition","n":3,"q":0}},{"type":"Feature","geometry":{"type":"Polygon","coordinates":[[[-74.085003,40.586735],[-74.085006,40.589436],[-74.088077,40.590785],[-74.091144,40.589432],[-74.09114,40.58673],[-74.08807,40.585382],[-74.085003,40.586735]]]},"properties":{"t":"Street Condition","n":8,"q":2}},{"type":"Feature","geometry":{"type":"Polygon","coordinates":[[[-74.115677,40.578603],[-74.115682,40.581305],[-74.118753,40.582652],[-74.121819,40.581298],[-74.121814,40.578597],[-74.118743,40.577249],[-74.115677,40.578603]]]},"properties":{"t":"Street Condition","n":7,"q":1}},{"type":"Feature","geometry":{"type":"Polygon","coordinates":[[[-74.066622,40.619166],[-74.066624,40.621867],[-74.069696,40.623216],[-74.072765,40.621864],[-74.072762,40.619162],[-74.069691,40.617813],[-74.066622,40.619166]]]},"properties":{"t":"Street Condition","n":9,"q":2}},{"type":"Feature","geometry":{"type":"Polygon","coordinates":[[[-74.124845,40.558332],[-74.12485,40.561033],[-74.12792,40.562381],[-74.130985,40.561027],[-74.13098,40.558325],[-74.12791,40.556978],[-74.124845,40.558332]]]},"properties":{"t":"Street Condition","n":36,"q":4}},{"type":"Feature","geometry":{"type":"Polygon","coordinates":[[[-74.103403,40.578615],[-74.103407,40.581317],[-74.106478,40.582665],[-74.109545,40.581311],[-74.10954,40.578609],[-74.10647,40.577261],[-74.103403,40.578615]]]},"properties":{"t":"Street Condition","n":25,"q":4}},{"type":"Feature","geometry":{"type":"Polygon","coordinates":[[[-74.14031,40.619099],[-74.140316,40.621801],[-74.143389,40.623148],[-74.146457,40.621793],[-74.146451,40.619092],[-74.143378,40.617745],[-74.14031,40.619099]]]},"properties":{"t":"Street Condition","n":12,"q":3}},{"type":"Feature","geometry":{"type":"Polygon","coordinates":[[[-74.149512,40.615035],[-74.149518,40.617737],[-74.152592,40.619084],[-74.155659,40.617729],[-74.155653,40.615027],[-74.15258,40.613681],[-74.149512,40.615035]]]},"properties":{"t":"Street Condition","n":6,"q":1}},{"type":"Feature","geometry":{"type":"Polygon","coordinates":[[[-74.183318,40.627144],[-74.183325,40.629845],[-74.1864,40.631191],[-74.189467,40.629835],[-74.189459,40.627134],[-74.186385,40.625788],[-74.183318,40.627144]]]},"properties":{"t":"Street Condition","n":5,"q":1}},{"type":"Feature","geometry":{"type":"Polygon","coordinates":[[[-74.201424,40.521752],[-74.201432,40.524453],[-74.204502,40.525798],[-74.207564,40.524442],[-74.207556,40.521741],[-74.204486,40.520395],[-74.201424,40.521752]]]},"properties":{"t":"Street Condition","n":6,"q":1}},{"type":"Feature","geometry":{"type":"Polygon","coordinates":[[[-74.146345,40.570464],[-74.14635,40.573165],[-74.149422,40.574512],[-74.152487,40.573157],[-74.152481,40.570456],[-74.14941,40.569109],[-74.146345,40.570464]]]},"properties":{"t":"Street Condition","n":16,"q":3}},{"type":"Feature","geometry":{"type":"Polygon","coordinates":[[[-74.183073,40.537992],[-74.183081,40.540693],[-74.186151,40.542039],[-74.189214,40.540683],[-74.189206,40.537982],[-74.186136,40.536636],[-74.183073,40.537992]]]},"properties":{"t":"Street Condition","n":17,"q":3}},{"type":"Feature","geometry":{"type":"Polygon","coordinates":[[[-74.161695,40.574495],[-74.161702,40.577197],[-74.164773,40.578543],[-74.167838,40.577188],[-74.167832,40.574487],[-74.16476,40.57314],[-74.161695,40.574495]]]},"properties":{"t":"Street Condition","n":13,"q":3}},{"type":"Feature","geometry":{"type":"Polygon","coordinates":[[[-74.130964,40.55022],[-74.130969,40.552922],[-74.134039,40.554269],[-74.137104,40.552915],[-74.137099,40.550213],[-74.134029,40.548866],[-74.130964,40.55022]]]},"properties":{"t":"Street Condition","n":19,"q":4}},{"type":"Feature","geometry":{"type":"Polygon","coordinates":[[[-74.189206,40.537982],[-74.189214,40.540683],[-74.192285,40.542029],[-74.195348,40.540673],[-74.19534,40.537972],[-74.192269,40.536626],[-74.189206,40.537982]]]},"properties":{"t":"Street Condition","n":5,"q":1}},{"type":"Feature","geometry":{"type":"Polygon","coordinates":[[[-74.173926,40.558268],[-74.173933,40.56097],[-74.177004,40.562316],[-74.180068,40.56096],[-74.180061,40.558258],[-74.17699,40.556912],[-74.173926,40.558268]]]},"properties":{"t":"Street Condition","n":6,"q":1}},{"type":"Feature","geometry":{"type":"Polygon","coordinates":[[[-74.140174,40.554262],[-74.14018,40.556963],[-74.14325,40.55831],[-74.146315,40.556956],[-74.146309,40.554254],[-74.143239,40.552907],[-74.140174,40.554262]]]},"properties":{"t":"Street Condition","n":3,"q":0}},{"type":"Feature","geometry":{"type":"Polygon","coordinates":[[[-74.115635,40.554289],[-74.11564,40.556991],[-74.11871,40.558338],[-74.121775,40.556984],[-74.12177,40.554283],[-74.1187,40.552935],[-74.115635,40.554289]]]},"properties":{"t":"Street Condition","n":4,"q":0}},{"type":"Feature","geometry":{"type":"Polygon","coordinates":[[[-74.195292,40.521762],[-74.1953,40.524464],[-74.19837,40.525809],[-74.201432,40.524453],[-74.201424,40.521752],[-74.198354,40.520406],[-74.195292,40.521762]]]},"properties":{"t":"Street Condition","n":1,"q":0}},{"type":"Feature","geometry":{"type":"Polygon","coordinates":[[[-74.124981,40.631274],[-74.124986,40.633976],[-74.12806,40.635323],[-74.131129,40.633969],[-74.131123,40.631267],[-74.12805,40.62992],[-74.124981,40.631274]]]},"properties":{"t":"Street Condition","n":13,"q":3}},{"type":"Feature","geometry":{"type":"Polygon","coordinates":[[[-74.232167,40.546008],[-74.232177,40.548709],[-74.235249,40.550054],[-74.238311,40.548697],[-74.238301,40.545995],[-74.23523,40.544651],[-74.232167,40.546008]]]},"properties":{"t":"Street Condition","n":1,"q":0}},{"type":"Feature","geometry":{"type":"Polygon","coordinates":[[[-74.106452,40.566455],[-74.106457,40.569157],[-74.109527,40.570505],[-74.112593,40.569151],[-74.112588,40.566449],[-74.109518,40.565101],[-74.106452,40.566455]]]},"properties":{"t":"Street Condition","n":29,"q":4}},{"type":"Feature","geometry":{"type":"Polygon","coordinates":[[[-74.164713,40.554229],[-74.16472,40.556931],[-74.167791,40.558277],[-74.170855,40.556922],[-74.170848,40.55422],[-74.167777,40.552874],[-74.164713,40.554229]]]},"properties":{"t":"Street Condition","n":41,"q":4}},{"type":"Feature","geometry":{"type":"Polygon","coordinates":[[[-74.216846,40.55009],[-74.216854,40.552792],[-74.219926,40.554137],[-74.222989,40.55278],[-74.22298,40.550078],[-74.219908,40.548734],[-74.216846,40.55009]]]},"properties":{"t":"Street Condition","n":29,"q":4}},{"type":"Feature","geometry":{"type":"Polygon","coordinates":[[[-74.097243,40.562411],[-74.097247,40.565112],[-74.100316,40.566461],[-74.103382,40.565107],[-74.103378,40.562405],[-74.100308,40.561057],[-74.097243,40.562411]]]},"properties":{"t":"Street Condition","n":13,"q":3}},{"type":"Feature","geometry":{"type":"Polygon","coordinates":[[[-74.121785,40.562387],[-74.12179,40.565089],[-74.12486,40.566437],[-74.127925,40.565082],[-74.12792,40.562381],[-74.12485,40.561033],[-74.121785,40.562387]]]},"properties":{"t":"Street Condition","n":5,"q":1}},{"type":"Feature","geometry":{"type":"Polygon","coordinates":[[[-74.189184,40.529877],[-74.189191,40.532579],[-74.192261,40.533924],[-74.195324,40.532568],[-74.195316,40.529867],[-74.192246,40.528521],[-74.189184,40.529877]]]},"properties":{"t":"Street Condition","n":28,"q":4}},{"type":"Feature","geometry":{"type":"Polygon","coordinates":[[[-74.072718,40.578638],[-74.072721,40.58134],[-74.075791,40.582689],[-74.078858,40.581336],[-74.078855,40.578634],[-74.075785,40.577286],[-74.072718,40.578638]]]},"properties":{"t":"Street Condition","n":8,"q":2}},{"type":"Feature","geometry":{"type":"Polygon","coordinates":[[[-74.146327,40.562359],[-74.146333,40.56506],[-74.149404,40.566407],[-74.152468,40.565052],[-74.152462,40.562351],[-74.149392,40.561004],[-74.146327,40.562359]]]},"properties":{"t":"Street Condition","n":8,"q":2}},{"type":"Feature","geometry":{"type":"Polygon","coordinates":[[[-74.11884,40.631281],[-74.118844,40.633982],[-74.121918,40.63533],[-74.124986,40.633976],[-74.124981,40.631274],[-74.121908,40.629927],[-74.11884,40.631281]]]},"properties":{"t":"Street Condition","n":4,"q":0}},{"type":"Feature","geometry":{"type":"Polygon","coordinates":[[[-74.149349,40.542093],[-74.149355,40.544795],[-74.152425,40.546141],[-74.155489,40.544786],[-74.155483,40.542085],[-74.152413,40.540738],[-74.149349,40.542093]]]},"properties":{"t":"Street Condition","n":10,"q":2}},{"type":"Feature","geometry":{"type":"Polygon","coordinates":[[[-74.18314,40.562306],[-74.183147,40.565008],[-74.186219,40.566353],[-74.189283,40.564998],[-74.189275,40.562296],[-74.186204,40.56095],[-74.18314,40.562306]]]},"properties":{"t":"Street Condition","n":10,"q":2}},{"type":"Feature","geometry":{"type":"Polygon","coordinates":[[[-74.179996,40.533944],[-74.180003,40.536646],[-74.183073,40.537992],[-74.186136,40.536636],[-74.186129,40.533935],[-74.183058,40.532589],[-74.179996,40.533944]]]},"properties":{"t":"Street Condition","n":23,"q":4}},{"type":"Feature","geometry":{"type":"Polygon","coordinates":[[[-74.192215,40.517715],[-74.192223,40.520416],[-74.195292,40.521762],[-74.198354,40.520406],[-74.198346,40.517704],[-74.195277,40.516359],[-74.192215,40.517715]]]},"properties":{"t":"Street Condition","n":10,"q":2}},{"type":"Feature","geometry":{"type":"Polygon","coordinates":[[[-74.11267,40.615078],[-74.112675,40.617779],[-74.115748,40.619127],[-74.118815,40.617773],[-74.118811,40.615071],[-74.115738,40.613724],[-74.11267,40.615078]]]},"properties":{"t":"Street Condition","n":11,"q":2}},{"type":"Feature","geometry":{"type":"Polygon","coordinates":[[[-74.10653,40.615083],[-74.106534,40.617785],[-74.109607,40.619133],[-74.112675,40.617779],[-74.11267,40.615078],[-74.109598,40.61373],[-74.10653,40.615083]]]},"properties":{"t":"Street Condition","n":7,"q":1}},{"type":"Feature","geometry":{"type":"Polygon","coordinates":[[[-74.229031,40.525752],[-74.22904,40.528454],[-74.232111,40.529798],[-74.235173,40.528441],[-74.235163,40.52574],[-74.232092,40.524395],[-74.229031,40.525752]]]},"properties":{"t":"Street Condition","n":27,"q":4}},{"type":"Feature","geometry":{"type":"Polygon","coordinates":[[[-74.198346,40.517704],[-74.198354,40.520406],[-74.201424,40.521752],[-74.204486,40.520395],[-74.204478,40.517694],[-74.201408,40.516348],[-74.198346,40.517704]]]},"properties":{"t":"Street Condition","n":4,"q":0}},{"type":"Feature","geometry":{"type":"Polygon","coordinates":[[[-74.219766,40.505508],[-74.219775,40.50821],[-74.222845,40.509555],[-74.225906,40.508198],[-74.225896,40.505496],[-74.222827,40.504152],[-74.219766,40.505508]]]},"properties":{"t":"Street Condition","n":3,"q":0}},{"type":"Feature","geometry":{"type":"Polygon","coordinates":[[[-74.183251,40.60283],[-74.183258,40.605531],[-74.186332,40.606877],[-74.189398,40.605521],[-74.18939,40.60282],[-74.186317,40.601474],[-74.183251,40.60283]]]},"properties":{"t":"Street Condition","n":2,"q":0}},{"type":"Feature","geometry":{"type":"Polygon","coordinates":[[[-74.134056,40.562374],[-74.134061,40.565075],[-74.137132,40.566423],[-74.140197,40.565068],[-74.140191,40.562366],[-74.137121,40.561019],[-74.134056,40.562374]]]},"properties":{"t":"Street Condition","n":6,"q":1}},{"type":"Feature","geometry":{"type":"Polygon","coordinates":[[[-74.235135,40.517635],[-74.235144,40.520337],[-74.238215,40.521681],[-74.241276,40.520324],[-74.241266,40.517622],[-74.238196,40.516278],[-74.235135,40.517635]]]},"properties":{"t":"Street Condition","n":15,"q":3}},{"type":"Feature","geometry":{"type":"Polygon","coordinates":[[[-74.167811,40.566382],[-74.167818,40.569083],[-74.17089,40.57043],[-74.173954,40.569074],[-74.173947,40.566373],[-74.170876,40.565026],[-74.167811,40.566382]]]},"properties":{"t":"Street Condition","n":1,"q":0}},{"type":"Feature","geometry":{"type":"Polygon","coordinates":[[[-74.226033,40.54602],[-74.226043,40.548722],[-74.229114,40.550066],[-74.232177,40.548709],[-74.232167,40.546008],[-74.229096,40.544663],[-74.226033,40.54602]]]},"properties":{"t":"Street Condition","n":2,"q":0}},{"type":"Feature","geometry":{"type":"Polygon","coordinates":[[[-74.164813,40.594753],[-74.16482,40.597454],[-74.167893,40.598801],[-74.170959,40.597445],[-74.170952,40.594744],[-74.167879,40.593398],[-74.164813,40.594753]]]},"properties":{"t":"Street Condition","n":10,"q":2}},{"type":"Feature","geometry":{"type":"Polygon","coordinates":[[[-74.038981,40.607021],[-74.038983,40.609723],[-74.042054,40.611073],[-74.045123,40.609721],[-74.045121,40.607019],[-74.04205,40.60567],[-74.038981,40.607021]]]},"properties":{"t":"Street Condition","n":1,"q":0}},{"type":"Feature","geometry":{"type":"Polygon","coordinates":[[[-74.176983,40.554211],[-74.17699,40.556912],[-74.180061,40.558258],[-74.183125,40.556903],[-74.183118,40.554201],[-74.180047,40.552855],[-74.176983,40.554211]]]},"properties":{"t":"Street Condition","n":25,"q":4}},{"type":"Feature","geometry":{"type":"Polygon","coordinates":[[[-74.180017,40.542049],[-74.180025,40.544751],[-74.183095,40.546097],[-74.186159,40.544741],[-74.186151,40.542039],[-74.183081,40.540693],[-74.180017,40.542049]]]},"properties":{"t":"Street Condition","n":9,"q":2}},{"type":"Feature","geometry":{"type":"Polygon","coordinates":[[[-74.072727,40.586743],[-74.07273,40.589445],[-74.075801,40.590794],[-74.078868,40.589441],[-74.078865,40.586739],[-74.075794,40.58539],[-74.072727,40.586743]]]},"properties":{"t":"Street Condition","n":1,"q":0}},{"type":"Feature","geometry":{"type":"Polygon","coordinates":[[[-74.189161,40.521772],[-74.189168,40.524474],[-74.192238,40.52582],[-74.1953,40.524464],[-74.195292,40.521762],[-74.192223,40.520416],[-74.189161,40.521772]]]},"properties":{"t":"Street Condition","n":1,"q":0}},{"type":"Feature","geometry":{"type":"Polygon","coordinates":[[[-74.207531,40.513636],[-74.207539,40.516337],[-74.210609,40.517683],[-74.21367,40.516326],[-74.213662,40.513625],[-74.210592,40.512279],[-74.207531,40.513636]]]},"properties":{"t":"Street Condition","n":4,"q":0}},{"type":"Feature","geometry":{"type":"Polygon","coordinates":[[[-74.088066,40.58268],[-74.08807,40.585382],[-74.09114,40.58673],[-74.094207,40.585377],[-74.094203,40.582675],[-74.091133,40.581327],[-74.088066,40.58268]]]},"properties":{"t":"Street Condition","n":3,"q":0}},{"type":"Feature","geometry":{"type":"Polygon","coordinates":[[[-74.082008,40.647522],[-74.082012,40.650224],[-74.085085,40.651572],[-74.088155,40.650219],[-74.088152,40.647518],[-74.085078,40.646169],[-74.082008,40.647522]]]},"properties":{"t":"Street Condition","n":8,"q":2}},{"type":"Feature","geometry":{"type":"Polygon","coordinates":[[[-74.155558,40.574504],[-74.155565,40.577205],[-74.158636,40.578552],[-74.161702,40.577197],[-74.161695,40.574495],[-74.158623,40.573149],[-74.155558,40.574504]]]},"properties":{"t":"Street Condition","n":7,"q":1}},{"type":"Feature","geometry":{"type":"Polygon","coordinates":[[[-74.069671,40.598902],[-74.069674,40.601604],[-74.072745,40.602953],[-74.075813,40.6016],[-74.07581,40.598898],[-74.072739,40.59755],[-74.069671,40.598902]]]},"properties":{"t":"Street Condition","n":6,"q":1}},{"type":"Feature","geometry":{"type":"Polygon","coordinates":[[[-74.235192,40.533844],[-74.235201,40.536546],[-74.238273,40.537891],[-74.241334,40.536533],[-74.241325,40.533832],[-74.238253,40.532487],[-74.235192,40.533844]]]},"properties":{"t":"Street Condition","n":7,"q":1}},{"type":"Feature","geometry":{"type":"Polygon","coordinates":[[[-74.186287,40.590668],[-74.186294,40.593369],[-74.189367,40.594715],[-74.192433,40.593359],[-74.192425,40.590657],[-74.189352,40.589312],[-74.186287,40.590668]]]},"properties":{"t":"Street Condition","n":1,"q":0}},{"type":"Feature","geometry":{"type":"Polygon","coordinates":[[[-74.13106,40.598849],[-74.131065,40.60155],[-74.134137,40.602897],[-74.137204,40.601543],[-74.137198,40.598841],[-74.134126,40.597494],[-74.13106,40.598849]]]},"properties":{"t":"Street Condition","n":14,"q":3}},{"type":"Feature","geometry":{"type":"Polygon","coordinates":[[[-74.186151,40.542039],[-74.186159,40.544741],[-74.189229,40.546087],[-74.192293,40.544731],[-74.192285,40.542029],[-74.189214,40.540683],[-74.186151,40.542039]]]},"properties":{"t":"Street Condition","n":1,"q":0}},{"type":"Feature","geometry":{"type":"Polygon","coordinates":[[[-74.072754,40.611057],[-74.072756,40.613759],[-74.075828,40.615108],[-74.078897,40.613755],[-74.078894,40.611053],[-74.075822,40.609705],[-74.072754,40.611057]]]},"properties":{"t":"Street Condition","n":18,"q":3}},{"type":"Feature","geometry":{"type":"Polygon","coordinates":[[[-74.097313,40.611039],[-74.097317,40.613741],[-74.10039,40.615089],[-74.103458,40.613735],[-74.103453,40.611034],[-74.100381,40.609686],[-74.097313,40.611039]]]},"properties":{"t":"Street Condition","n":20,"q":4}},{"type":"Feature","geometry":{"type":"Polygon","coordinates":[[[-74.109607,40.619133],[-74.109611,40.621834],[-74.112684,40.623182],[-74.115752,40.621828],[-74.115748,40.619127],[-74.112675,40.617779],[-74.109607,40.619133]]]},"properties":{"t":"Street Condition","n":6,"q":1}},{"type":"Feature","geometry":{"type":"Polygon","coordinates":[[[-74.14325,40.55831],[-74.143256,40.561012],[-74.146327,40.562359],[-74.149392,40.561004],[-74.149385,40.558302],[-74.146315,40.556956],[-74.14325,40.55831]]]},"properties":{"t":"Street Condition","n":4,"q":0}},{"type":"Feature","geometry":{"type":"Polygon","coordinates":[[[-74.170827,40.546115],[-74.170834,40.548817],[-74.173905,40.550163],[-74.176969,40.548808],[-74.176961,40.546106],[-74.173891,40.54476],[-74.170827,40.546115]]]},"properties":{"t":"Street Condition","n":11,"q":2}},{"type":"Feature","geometry":{"type":"Polygon","coordinates":[[[-74.134105,40.586688],[-74.13411,40.58939],[-74.137182,40.590737],[-74.140248,40.589382],[-74.140242,40.586681],[-74.137171,40.585334],[-74.134105,40.586688]]]},"properties":{"t":"Street Condition","n":15,"q":3}},{"type":"Feature","geometry":{"type":"Polygon","coordinates":[[[-74.063547,40.615115],[-74.06355,40.617817],[-74.066622,40.619166],[-74.069691,40.617813],[-74.069688,40.615112],[-74.066616,40.613763],[-74.063547,40.615115]]]},"properties":{"t":"Street Condition","n":2,"q":0}},{"type":"Feature","geometry":{"type":"Polygon","coordinates":[[[-74.075828,40.615108],[-74.075831,40.617809],[-74.078903,40.619158],[-74.081972,40.617805],[-74.081968,40.615104],[-74.078897,40.613755],[-74.075828,40.615108]]]},"properties":{"t":"Street Condition","n":10,"q":2}},{"type":"Feature","geometry":{"type":"Polygon","coordinates":[[[-74.195387,40.554181],[-74.195395,40.556883],[-74.198467,40.558228],[-74.20153,40.556872],[-74.201522,40.55417],[-74.19845,40.552825],[-74.195387,40.554181]]]},"properties":{"t":"Street Condition","n":3,"q":0}},{"type":"Feature","geometry":{"type":"Polygon","coordinates":[[[-74.238273,40.537891],[-74.238282,40.540592],[-74.241354,40.541936],[-74.244416,40.540579],[-74.244406,40.537878],[-74.241334,40.536533],[-74.238273,40.537891]]]},"properties":{"t":"Street Condition","n":1,"q":0}},{"type":"Feature","geometry":{"type":"Polygon","coordinates":[[[-74.207581,40.529845],[-74.207589,40.532547],[-74.21066,40.533892],[-74.213722,40.532536],[-74.213714,40.529834],[-74.210643,40.528489],[-74.207581,40.529845]]]},"properties":{"t":"Street Condition","n":7,"q":1}},{"type":"Feature","geometry":{"type":"Polygon","coordinates":[[[-74.14944,40.582617],[-74.149446,40.585318],[-74.152518,40.586665],[-74.155584,40.58531],[-74.155577,40.582609],[-74.152505,40.581262],[-74.14944,40.582617]]]},"properties":{"t":"Street Condition","n":12,"q":3}},{"type":"Feature","geometry":{"type":"Polygon","coordinates":[[[-74.085023,40.602944],[-74.085027,40.605646],[-74.088098,40.606994],[-74.091166,40.605641],[-74.091162,40.60294],[-74.088091,40.601591],[-74.085023,40.602944]]]},"properties":{"t":"Street Condition","n":6,"q":1}},{"type":"Feature","geometry":{"type":"Polygon","coordinates":[[[-74.164753,40.570439],[-74.16476,40.57314],[-74.167832,40.574487],[-74.170896,40.573131],[-74.17089,40.57043],[-74.167818,40.569083],[-74.164753,40.570439]]]},"properties":{"t":"Street Condition","n":8,"q":2}},{"type":"Feature","geometry":{"type":"Polygon","coordinates":[[[-74.057393,40.598909],[-74.057395,40.601611],[-74.060466,40.60296],[-74.063535,40.601607],[-74.063532,40.598906],[-74.060461,40.597557],[-74.057393,40.598909]]]},"properties":{"t":"Street Condition","n":2,"q":0}},{"type":"Feature","geometry":{"type":"Polygon","coordinates":[[[-74.106465,40.57456],[-74.10647,40.577261],[-74.10954,40.578609],[-74.112606,40.577256],[-74.112602,40.574554],[-74.109531,40.573206],[-74.106465,40.57456]]]},"properties":{"t":"Street Condition","n":3,"q":0}},{"type":"Feature","geometry":{"type":"Polygon","coordinates":[[[-74.143407,40.631253],[-74.143413,40.633954],[-74.146487,40.635301],[-74.149555,40.633946],[-74.149549,40.631245],[-74.146475,40.629898],[-74.143407,40.631253]]]},"properties":{"t":"Street Condition","n":12,"q":3}},{"type":"Feature","geometry":{"type":"Polygon","coordinates":[[[-74.127998,40.602904],[-74.128003,40.605606],[-74.131075,40.606953],[-74.134143,40.605599],[-74.134137,40.602897],[-74.131065,40.60155],[-74.127998,40.602904]]]},"properties":{"t":"Street Condition","n":19,"q":4}},{"type":"Feature","geometry":{"type":"Polygon","coordinates":[[[-74.100316,40.566461],[-74.100321,40.569162],[-74.103391,40.57051],[-74.106457,40.569157],[-74.106452,40.566455],[-74.103382,40.565107],[-74.100316,40.566461]]]},"properties":{"t":"Street Condition","n":10,"q":2}},{"type":"Feature","geometry":{"type":"Polygon","coordinates":[[[-74.171035,40.627163],[-74.171042,40.629864],[-74.174116,40.63121],[-74.177183,40.629855],[-74.177176,40.627153],[-74.174102,40.625807],[-74.171035,40.627163]]]},"properties":{"t":"Street Condition","n":2,"q":0}},{"type":"Feature","geometry":{"type":"Polygon","coordinates":[[[-74.146469,40.627196],[-74.146475,40.629898],[-74.149549,40.631245],[-74.152617,40.62989],[-74.15261,40.627188],[-74.149537,40.625842],[-74.146469,40.627196]]]},"properties":{"t":"Street Condition","n":7,"q":1}},{"type":"Feature","geometry":{"type":"Polygon","coordinates":[[[-74.186332,40.606877],[-74.186339,40.609579],[-74.189413,40.610924],[-74.192479,40.609568],[-74.192472,40.606867],[-74.189398,40.605521],[-74.186332,40.606877]]]},"properties":{"t":"Street Condition","n":1,"q":0}},{"type":"Feature","geometry":{"type":"Polygon","coordinates":[[[-74.167913,40.606905],[-74.16792,40.609607],[-74.170993,40.610953],[-74.17406,40.609598],[-74.174053,40.606896],[-74.170979,40.60555],[-74.167913,40.606905]]]},"properties":{"t":"Street Condition","n":3,"q":0}},{"type":"Feature","geometry":{"type":"Polygon","coordinates":[[[-74.195482,40.5866],[-74.19549,40.589302],[-74.198563,40.590647],[-74.201628,40.589291],[-74.20162,40.586589],[-74.198547,40.585244],[-74.195482,40.5866]]]},"properties":{"t":"Street Condition","n":4,"q":0}},{"type":"Feature","geometry":{"type":"Polygon","coordinates":[[[-74.183273,40.610934],[-74.183281,40.613636],[-74.186355,40.614982],[-74.189421,40.613626],[-74.189413,40.610924],[-74.186339,40.609579],[-74.183273,40.610934]]]},"properties":{"t":"Street Condition","n":4,"q":0}},{"type":"Feature","geometry":{"type":"Polygon","coordinates":[[[-74.229087,40.541962],[-74.229096,40.544663],[-74.232167,40.546008],[-74.23523,40.544651],[-74.23522,40.541949],[-74.232149,40.540605],[-74.229087,40.541962]]]},"properties":{"t":"Street Condition","n":1,"q":0}},{"type":"Feature","geometry":{"type":"Polygon","coordinates":[[[-74.127951,40.57859],[-74.127956,40.581292],[-74.131028,40.582639],[-74.134094,40.581285],[-74.134088,40.578583],[-74.131017,40.577236],[-74.127951,40.57859]]]},"properties":{"t":"Street Condition","n":14,"q":3}},{"type":"Feature","geometry":{"type":"Polygon","coordinates":[[[-74.109647,40.643447],[-74.109651,40.646148],[-74.112725,40.647496],[-74.115794,40.646142],[-74.11579,40.643441],[-74.112716,40.642093],[-74.109647,40.643447]]]},"properties":{"t":"Street Condition","n":10,"q":2}},{"type":"Feature","geometry":{"type":"Polygon","coordinates":[[[-74.244287,40.505459],[-74.244297,40.50816],[-74.247367,40.509504],[-74.250428,40.508147],[-74.250418,40.505445],[-74.247347,40.504101],[-74.244287,40.505459]]]},"properties":{"t":"Street Condition","n":8,"q":2}},{"type":"Feature","geometry":{"type":"Polygon","coordinates":[[[-74.213688,40.521729],[-74.213696,40.524431],[-74.216767,40.525776],[-74.219828,40.524419],[-74.219819,40.521718],[-74.216749,40.520373],[-74.213688,40.521729]]]},"properties":{"t":"Street Condition","n":11,"q":2}},{"type":"Feature","geometry":{"type":"Polygon","coordinates":[[[-74.174053,40.606896],[-74.17406,40.609598],[-74.177133,40.610944],[-74.1802,40.609588],[-74.180192,40.606887],[-74.177119,40.605541],[-74.174053,40.606896]]]},"properties":{"t":"Street Condition","n":2,"q":0}},{"type":"Feature","geometry":{"type":"Polygon","coordinates":[[[-74.069705,40.631321],[-74.069708,40.634023],[-74.07278,40.635371],[-74.07585,40.634019],[-74.075847,40.631317],[-74.072774,40.629968],[-74.069705,40.631321]]]},"properties":{"t":"Street Condition","n":2,"q":0}},{"type":"Feature","geometry":{"type":"Polygon","coordinates":[[[-74.186309,40.598772],[-74.186317,40.601474],[-74.18939,40.60282],[-74.192456,40.601464],[-74.192448,40.598762],[-74.189375,40.597416],[-74.186309,40.598772]]]},"properties":{"t":"Street Condition","n":5,"q":1}},{"type":"Feature","geometry":{"type":"Polygon","coordinates":[[[-74.127982,40.5948],[-74.127988,40.597501],[-74.13106,40.598849],[-74.134126,40.597494],[-74.134121,40.594793],[-74.131049,40.593445],[-74.127982,40.5948]]]},"properties":{"t":"Street Condition","n":5,"q":1}},{"type":"Feature","geometry":{"type":"Polygon","coordinates":[[[-74.109593,40.611028],[-74.109598,40.61373],[-74.11267,40.615078],[-74.115738,40.613724],[-74.115733,40.611022],[-74.112661,40.609674],[-74.109593,40.611028]]]},"properties":{"t":"Street Condition","n":8,"q":2}},{"type":"Feature","geometry":{"type":"Polygon","coordinates":[[[-74.103479,40.627243],[-74.103483,40.629945],[-74.106556,40.631293],[-74.109625,40.629939],[-74.10962,40.627238],[-74.106547,40.62589],[-74.103479,40.627243]]]},"properties":{"t":"Street Condition","n":14,"q":3}},{"type":"Feature","geometry":{"type":"Polygon","coordinates":[[[-74.140327,40.627204],[-74.140333,40.629906],[-74.143407,40.631253],[-74.146475,40.629898],[-74.146469,40.627196],[-74.143395,40.62585],[-74.140327,40.627204]]]},"properties":{"t":"Street Condition","n":5,"q":1}},{"type":"Feature","geometry":{"type":"Polygon","coordinates":[[[-74.149458,40.590721],[-74.149464,40.593423],[-74.152536,40.59477],[-74.155602,40.593415],[-74.155596,40.590713],[-74.152524,40.589367],[-74.149458,40.590721]]]},"properties":{"t":"Street Condition","n":4,"q":0}},{"type":"Feature","geometry":{"type":"Polygon","coordinates":[[[-74.170848,40.55422],[-74.170855,40.556922],[-74.173926,40.558268],[-74.17699,40.556912],[-74.176983,40.554211],[-74.173912,40.552865],[-74.170848,40.55422]]]},"properties":{"t":"Street Condition","n":9,"q":2}},{"type":"Feature","geometry":{"type":"Polygon","coordinates":[[[-74.12177,40.554283],[-74.121775,40.556984],[-74.124845,40.558332],[-74.12791,40.556978],[-74.127905,40.554276],[-74.124835,40.552929],[-74.12177,40.554283]]]},"properties":{"t":"Street Condition","n":4,"q":0}},{"type":"Feature","geometry":{"type":"Polygon","coordinates":[[[-74.140259,40.594785],[-74.140265,40.597487],[-74.143337,40.598834],[-74.146404,40.597479],[-74.146398,40.594778],[-74.143326,40.593431],[-74.140259,40.594785]]]},"properties":{"t":"Street Condition","n":5,"q":1}},{"type":"Feature","geometry":{"type":"Polygon","coordinates":[[[-74.072745,40.602953],[-74.072748,40.605654],[-74.075819,40.607003],[-74.078887,40.60565],[-74.078884,40.602949],[-74.075813,40.6016],[-74.072745,40.602953]]]},"properties":{"t":"Street Condition","n":19,"q":4}},{"type":"Feature","geometry":{"type":"Polygon","coordinates":[[[-74.21374,40.537939],[-74.213748,40.54064],[-74.216819,40.541985],[-74.219882,40.540629],[-74.219873,40.537927],[-74.216802,40.536582],[-74.21374,40.537939]]]},"properties":{"t":"Street Condition","n":5,"q":1}},{"type":"Feature","geometry":{"type":"Polygon","coordinates":[[[-74.118724,40.566443],[-74.118729,40.569145],[-74.1218,40.570492],[-74.124865,40.569138],[-74.12486,40.566437],[-74.12179,40.565089],[-74.118724,40.566443]]]},"properties":{"t":"Street Condition","n":11,"q":2}},{"type":"Feature","geometry":{"type":"Polygon","coordinates":[[[-74.134072,40.570479],[-74.134077,40.57318],[-74.137148,40.574527],[-74.140214,40.573173],[-74.140208,40.570471],[-74.137137,40.569124],[-74.134072,40.570479]]]},"properties":{"t":"Street Condition","n":3,"q":0}},{"type":"Feature","geometry":{"type":"Polygon","coordinates":[[[-74.192448,40.598762],[-74.192456,40.601464],[-74.195529,40.602809],[-74.198595,40.601453],[-74.198587,40.598752],[-74.195514,40.597406],[-74.192448,40.598762]]]},"properties":{"t":"Street Condition","n":4,"q":0}},{"type":"Feature","geometry":{"type":"Polygon","coordinates":[[[-74.103416,40.58672],[-74.10342,40.589421],[-74.106491,40.590769],[-74.109558,40.589416],[-74.109554,40.586714],[-74.106483,40.585366],[-74.103416,40.58672]]]},"properties":{"t":"Street Condition","n":15,"q":3}},{"type":"Feature","geometry":{"type":"Polygon","coordinates":[[[-74.201522,40.55417],[-74.20153,40.556872],[-74.204602,40.558217],[-74.207665,40.556861],[-74.207657,40.55416],[-74.204585,40.552814],[-74.201522,40.55417]]]},"properties":{"t":"Street Condition","n":2,"q":0}},{"type":"Feature","geometry":{"type":"Polygon","coordinates":[[[-74.228975,40.509543],[-74.228985,40.512244],[-74.232055,40.513589],[-74.235116,40.512232],[-74.235106,40.50953],[-74.232036,40.508186],[-74.228975,40.509543]]]},"properties":{"t":"Street Condition","n":12,"q":3}},{"type":"Feature","geometry":{"type":"Polygon","coordinates":[[[-74.115705,40.594813],[-74.11571,40.597514],[-74.118782,40.598862],[-74.121849,40.597508],[-74.121844,40.594806],[-74.118772,40.593459],[-74.115705,40.594813]]]},"properties":{"t":"Street Condition","n":4,"q":0}},{"type":"Feature","geometry":{"type":"Polygon","coordinates":[[[-74.161636,40.550181],[-74.161643,40.552883],[-74.164713,40.554229],[-74.167777,40.552874],[-74.167771,40.550172],[-74.1647,40.548826],[-74.161636,40.550181]]]},"properties":{"t":"Street Condition","n":15,"q":3}},{"type":"Feature","geometry":{"type":"Polygon","coordinates":[[[-74.189344,40.58661],[-74.189352,40.589312],[-74.192425,40.590657],[-74.19549,40.589302],[-74.195482,40.5866],[-74.192409,40.585254],[-74.189344,40.58661]]]},"properties":{"t":"Street Condition","n":8,"q":2}},{"type":"Feature","geometry":{"type":"Polygon","coordinates":[[[-74.140242,40.586681],[-74.140248,40.589382],[-74.14332,40.590729],[-74.146386,40.589375],[-74.14638,40.586673],[-74.143308,40.585326],[-74.140242,40.586681]]]},"properties":{"t":"Street Condition","n":35,"q":4}},{"type":"Feature","geometry":{"type":"Polygon","coordinates":[[[-74.21674,40.517671],[-74.216749,40.520373],[-74.219819,40.521718],[-74.222881,40.520361],[-74.222872,40.517659],[-74.219802,40.516315],[-74.21674,40.517671]]]},"properties":{"t":"Street Condition","n":4,"q":0}},{"type":"Feature","geometry":{"type":"Polygon","coordinates":[[[-74.195269,40.513657],[-74.195277,40.516359],[-74.198346,40.517704],[-74.201408,40.516348],[-74.2014,40.513647],[-74.19833,40.512301],[-74.195269,40.513657]]]},"properties":{"t":"Street Condition","n":3,"q":0}},{"type":"Feature","geometry":{"type":"Polygon","coordinates":[[[-74.219899,40.546032],[-74.219908,40.548734],[-74.22298,40.550078],[-74.226043,40.548722],[-74.226033,40.54602],[-74.222962,40.544675],[-74.219899,40.546032]]]},"properties":{"t":"Street Condition","n":4,"q":0}},{"type":"Feature","geometry":{"type":"Polygon","coordinates":[[[-74.229059,40.533857],[-74.229068,40.536558],[-74.232139,40.537903],[-74.235201,40.536546],[-74.235192,40.533844],[-74.232121,40.5325],[-74.229059,40.533857]]]},"properties":{"t":"Street Condition","n":3,"q":0}},{"type":"Feature","geometry":{"type":"Polygon","coordinates":[[[-74.152425,40.546141],[-74.152431,40.548843],[-74.155502,40.55019],[-74.158566,40.548835],[-74.158559,40.546133],[-74.155489,40.544786],[-74.152425,40.546141]]]},"properties":{"t":"Street Condition","n":12,"q":3}},{"type":"Feature","geometry":{"type":"Polygon","coordinates":[[[-74.173884,40.542058],[-74.173891,40.54476],[-74.176961,40.546106],[-74.180025,40.544751],[-74.180017,40.542049],[-74.176947,40.540703],[-74.173884,40.542058]]]},"properties":{"t":"Street Condition","n":10,"q":2}},{"type":"Feature","geometry":{"type":"Polygon","coordinates":[[[-74.078932,40.643472],[-74.078935,40.646174],[-74.082008,40.647522],[-74.085078,40.646169],[-74.085075,40.643468],[-74.082002,40.642119],[-74.078932,40.643472]]]},"properties":{"t":"Street Condition","n":9,"q":2}},{"type":"Feature","geometry":{"type":"Polygon","coordinates":[[[-74.213714,40.529834],[-74.213722,40.532536],[-74.216793,40.533881],[-74.219855,40.532524],[-74.219846,40.529822],[-74.216775,40.528478],[-74.213714,40.529834]]]},"properties":{"t":"Street Condition","n":4,"q":0}},{"type":"Feature","geometry":{"type":"Polygon","coordinates":[[[-74.155653,40.615027],[-74.155659,40.617729],[-74.158733,40.619075],[-74.1618,40.61772],[-74.161793,40.615019],[-74.15872,40.613672],[-74.155653,40.615027]]]},"properties":{"t":"Street Condition","n":8,"q":2}},{"type":"Feature","geometry":{"type":"Polygon","coordinates":[[[-74.183118,40.554201],[-74.183125,40.556903],[-74.186196,40.558249],[-74.18926,40.556893],[-74.189252,40.554191],[-74.186181,40.552846],[-74.183118,40.554201]]]},"properties":{"t":"Street Condition","n":1,"q":0}},{"type":"Feature","geometry":{"type":"Polygon","coordinates":[[[-74.1095,40.554295],[-74.109505,40.556997],[-74.112575,40.558344],[-74.11564,40.556991],[-74.115635,40.554289],[-74.112566,40.552941],[-74.1095,40.554295]]]},"properties":{"t":"Street Condition","n":5,"q":1}},{"type":"Feature","geometry":{"type":"Polygon","coordinates":[[[-74.164733,40.562334],[-74.16474,40.565035],[-74.167811,40.566382],[-74.170876,40.565026],[-74.170869,40.562325],[-74.167798,40.560979],[-74.164733,40.562334]]]},"properties":{"t":"Street Condition","n":14,"q":3}},{"type":"Feature","geometry":{"type":"Polygon","coordinates":[[[-74.17694,40.538001],[-74.176947,40.540703],[-74.180017,40.542049],[-74.183081,40.540693],[-74.183073,40.537992],[-74.180003,40.536646],[-74.17694,40.538001]]]},"properties":{"t":"Street Condition","n":6,"q":1}},{"type":"Feature","geometry":{"type":"Polygon","coordinates":[[[-74.149549,40.631245],[-74.149555,40.633946],[-74.152629,40.635293],[-74.155697,40.633938],[-74.155691,40.631237],[-74.152617,40.62989],[-74.149549,40.631245]]]},"properties":{"t":"Street Condition","n":4,"q":0}},{"type":"Feature","geometry":{"type":"Polygon","coordinates":[[[-74.226006,40.537915],[-74.226015,40.540617],[-74.229087,40.541962],[-74.232149,40.540605],[-74.232139,40.537903],[-74.229068,40.536558],[-74.226006,40.537915]]]},"properties":{"t":"Street Condition","n":1,"q":0}},{"type":"Feature","geometry":{"type":"Polygon","coordinates":[[[-74.238244,40.529786],[-74.238253,40.532487],[-74.241325,40.533832],[-74.244386,40.532474],[-74.244376,40.529773],[-74.241305,40.528429],[-74.238244,40.529786]]]},"properties":{"t":"Street Condition","n":1,"q":0}},{"type":"Feature","geometry":{"type":"Polygon","coordinates":[[[-74.241237,40.509518],[-74.241247,40.512219],[-74.244317,40.513563],[-74.247377,40.512206],[-74.247367,40.509504],[-74.244297,40.50816],[-74.241237,40.509518]]]},"properties":{"t":"Street Condition","n":6,"q":1}},{"type":"Feature","geometry":{"type":"Polygon","coordinates":[[[-74.078913,40.627263],[-74.078916,40.629964],[-74.081988,40.631313],[-74.085058,40.62996],[-74.085054,40.627258],[-74.081982,40.62591],[-74.078913,40.627263]]]},"properties":{"t":"Street Condition","n":9,"q":2}},{"type":"Feature","geometry":{"type":"Polygon","coordinates":[[[-74.109554,40.586714],[-74.109558,40.589416],[-74.112629,40.590763],[-74.115696,40.58941],[-74.115691,40.586708],[-74.11262,40.58536],[-74.109554,40.586714]]]},"properties":{"t":"Street Condition","n":7,"q":1}},{"type":"Feature","geometry":{"type":"Polygon","coordinates":[[[-74.222872,40.517659],[-74.222881,40.520361],[-74.225951,40.521706],[-74.229012,40.520349],[-74.229003,40.517647],[-74.225933,40.516303],[-74.222872,40.517659]]]},"properties":{"t":"Street Condition","n":1,"q":0}},{"type":"Feature","geometry":{"type":"Polygon","coordinates":[[[-74.207606,40.53795],[-74.207615,40.540652],[-74.210686,40.541997],[-74.213748,40.54064],[-74.21374,40.537939],[-74.210669,40.536594],[-74.207606,40.53795]]]},"properties":{"t":"Street Condition","n":9,"q":2}},{"type":"Feature","geometry":{"type":"Polygon","coordinates":[[[-74.180061,40.558258],[-74.180068,40.56096],[-74.18314,40.562306],[-74.186204,40.56095],[-74.186196,40.558249],[-74.183125,40.556903],[-74.180061,40.558258]]]},"properties":{"t":"Street Condition","n":4,"q":0}},{"type":"Feature","geometry":{"type":"Polygon","coordinates":[[[-74.103453,40.611034],[-74.103458,40.613735],[-74.10653,40.615083],[-74.109598,40.61373],[-74.109593,40.611028],[-74.106521,40.60968],[-74.103453,40.611034]]]},"properties":{"t":"Street Condition","n":18,"q":3}},{"type":"Feature","geometry":{"type":"Polygon","coordinates":[[[-74.103504,40.643453],[-74.103508,40.646154],[-74.106582,40.647502],[-74.109651,40.646148],[-74.109647,40.643447],[-74.106573,40.642099],[-74.103504,40.643453]]]},"properties":{"t":"Street Condition","n":2,"q":0}},{"type":"Feature","geometry":{"type":"Polygon","coordinates":[[[-74.091207,40.635358],[-74.09121,40.63806],[-74.094284,40.639408],[-74.097353,40.638055],[-74.097349,40.635353],[-74.094276,40.634005],[-74.091207,40.635358]]]},"properties":{"t":"Street Condition","n":13,"q":3}},{"type":"Feature","geometry":{"type":"Polygon","coordinates":[[[-74.097349,40.635353],[-74.097353,40.638055],[-74.100426,40.639403],[-74.103495,40.638049],[-74.103491,40.635348],[-74.100418,40.634],[-74.097349,40.635353]]]},"properties":{"t":"Street Condition","n":3,"q":0}},{"type":"Feature","geometry":{"type":"Polygon","coordinates":[[[-74.106491,40.590769],[-74.106495,40.593471],[-74.109567,40.594819],[-74.112634,40.593465],[-74.112629,40.590763],[-74.109558,40.589416],[-74.106491,40.590769]]]},"properties":{"t":"Street Condition","n":7,"q":1}},{"type":"Feature","geometry":{"type":"Polygon","coordinates":[[[-74.069688,40.615112],[-74.069691,40.617813],[-74.072762,40.619162],[-74.075831,40.617809],[-74.075828,40.615108],[-74.072756,40.613759],[-74.069688,40.615112]]]},"properties":{"t":"Street Condition","n":15,"q":3}},{"type":"Feature","geometry":{"type":"Polygon","coordinates":[[[-74.18939,40.60282],[-74.189398,40.605521],[-74.192472,40.606867],[-74.195537,40.605511],[-74.195529,40.602809],[-74.192456,40.601464],[-74.18939,40.60282]]]},"properties":{"t":"Street Condition","n":1,"q":0}},{"type":"Feature","geometry":{"type":"Polygon","coordinates":[[[-74.210711,40.550102],[-74.21072,40.552803],[-74.213791,40.554148],[-74.216854,40.552792],[-74.216846,40.55009],[-74.213774,40.548745],[-74.210711,40.550102]]]},"properties":{"t":"Street Condition","n":4,"q":0}},{"type":"Feature","geometry":{"type":"Polygon","coordinates":[[[-74.075865,40.647526],[-74.075868,40.650228],[-74.078941,40.651577],[-74.082012,40.650224],[-74.082008,40.647522],[-74.078935,40.646174],[-74.075865,40.647526]]]},"properties":{"t":"Street Condition","n":4,"q":0}},{"type":"Feature","geometry":{"type":"Polygon","coordinates":[[[-74.216819,40.541985],[-74.216828,40.544687],[-74.219899,40.546032],[-74.222962,40.544675],[-74.222953,40.541974],[-74.219882,40.540629],[-74.216819,40.541985]]]},"properties":{"t":"Street Condition","n":4,"q":0}},{"type":"Feature","geometry":{"type":"Polygon","coordinates":[[[-74.097278,40.586725],[-74.097282,40.589427],[-74.100353,40.590775],[-74.10342,40.589421],[-74.103416,40.58672],[-74.100345,40.585372],[-74.097278,40.586725]]]},"properties":{"t":"Street Condition","n":10,"q":2}},{"type":"Feature","geometry":{"type":"Polygon","coordinates":[[[-74.106478,40.582665],[-74.106483,40.585366],[-74.109554,40.586714],[-74.11262,40.58536],[-74.112616,40.582659],[-74.109545,40.581311],[-74.106478,40.582665]]]},"properties":{"t":"Street Condition","n":3,"q":0}},{"type":"Feature","geometry":{"type":"Polygon","coordinates":[[[-74.131044,40.590744],[-74.131049,40.593445],[-74.134121,40.594793],[-74.137187,40.593438],[-74.137182,40.590737],[-74.13411,40.58939],[-74.131044,40.590744]]]},"properties":{"t":"Street Condition","n":4,"q":0}},{"type":"Feature","geometry":{"type":"Polygon","coordinates":[[[-74.146362,40.578568],[-74.146368,40.58127],[-74.14944,40.582617],[-74.152505,40.581262],[-74.152499,40.57856],[-74.149428,40.577214],[-74.146362,40.578568]]]},"properties":{"t":"Street Condition","n":1,"q":0}},{"type":"Feature","geometry":{"type":"Polygon","coordinates":[[[-74.115776,40.635336],[-74.11578,40.638038],[-74.118854,40.639385],[-74.121923,40.638031],[-74.121918,40.63533],[-74.118844,40.633982],[-74.115776,40.635336]]]},"properties":{"t":"Street Condition","n":2,"q":0}},{"type":"Feature","geometry":{"type":"Polygon","coordinates":[[[-74.238157,40.505472],[-74.238167,40.508173],[-74.241237,40.509518],[-74.244297,40.50816],[-74.244287,40.505459],[-74.241217,40.504114],[-74.238157,40.505472]]]},"properties":{"t":"Street Condition","n":6,"q":1}},{"type":"Feature","geometry":{"type":"Polygon","coordinates":[[[-74.155502,40.55019],[-74.155508,40.552891],[-74.158579,40.554238],[-74.161643,40.552883],[-74.161636,40.550181],[-74.158566,40.548835],[-74.155502,40.55019]]]},"properties":{"t":"Street Condition","n":10,"q":2}},{"type":"Feature","geometry":{"type":"Polygon","coordinates":[[[-74.14014,40.538052],[-74.140146,40.540754],[-74.143216,40.542101],[-74.146279,40.540746],[-74.146274,40.538045],[-74.143204,40.536698],[-74.14014,40.538052]]]},"properties":{"t":"Street Condition","n":4,"q":0}},{"type":"Feature","geometry":{"type":"Polygon","coordinates":[[[-74.149385,40.558302],[-74.149392,40.561004],[-74.152462,40.562351],[-74.155527,40.560996],[-74.155521,40.558294],[-74.15245,40.556948],[-74.149385,40.558302]]]},"properties":{"t":"Street Condition","n":18,"q":3}},{"type":"Feature","geometry":{"type":"Polygon","coordinates":[[[-74.08812,40.623204],[-74.088123,40.625905],[-74.091196,40.627254],[-74.094264,40.6259],[-74.094261,40.623199],[-74.091188,40.62185],[-74.08812,40.623204]]]},"properties":{"t":"Street Condition","n":4,"q":0}},{"type":"Feature","geometry":{"type":"Polygon","coordinates":[[[-74.158559,40.546133],[-74.158566,40.548835],[-74.161636,40.550181],[-74.1647,40.548826],[-74.164693,40.546124],[-74.161623,40.544778],[-74.158559,40.546133]]]},"properties":{"t":"Street Condition","n":8,"q":2}},{"type":"Feature","geometry":{"type":"Polygon","coordinates":[[[-74.106543,40.623188],[-74.106547,40.62589],[-74.10962,40.627238],[-74.112689,40.625884],[-74.112684,40.623182],[-74.109611,40.621834],[-74.106543,40.623188]]]},"properties":{"t":"Street Condition","n":1,"q":0}},{"type":"Feature","geometry":{"type":"Polygon","coordinates":[[[-74.094226,40.598885],[-74.09423,40.601586],[-74.097302,40.602934],[-74.100369,40.601581],[-74.100365,40.598879],[-74.097294,40.597531],[-74.094226,40.598885]]]},"properties":{"t":"Street Condition","n":7,"q":1}},{"type":"Feature","geometry":{"type":"Polygon","coordinates":[[[-74.134153,40.611002],[-74.134159,40.613704],[-74.137232,40.615051],[-74.140299,40.613696],[-74.140293,40.610995],[-74.137221,40.609648],[-74.134153,40.611002]]]},"properties":{"t":"Street Condition","n":8,"q":2}},{"type":"Feature","geometry":{"type":"Polygon","coordinates":[[[-74.158598,40.562343],[-74.158604,40.565044],[-74.161675,40.566391],[-74.16474,40.565035],[-74.164733,40.562334],[-74.161662,40.560987],[-74.158598,40.562343]]]},"properties":{"t":"Street Condition","n":3,"q":0}},{"type":"Feature","geometry":{"type":"Polygon","coordinates":[[[-74.081978,40.623208],[-74.081982,40.62591],[-74.085054,40.627258],[-74.088123,40.625905],[-74.08812,40.623204],[-74.085047,40.621855],[-74.081978,40.623208]]]},"properties":{"t":"Street Condition","n":4,"q":0}},{"type":"Feature","geometry":{"type":"Polygon","coordinates":[[[-74.078855,40.578634],[-74.078858,40.581336],[-74.081929,40.582685],[-74.084996,40.581332],[-74.084992,40.57863],[-74.081922,40.577282],[-74.078855,40.578634]]]},"properties":{"t":"Street Condition","n":5,"q":1}},{"type":"Feature","geometry":{"type":"Polygon","coordinates":[[[-74.137215,40.606946],[-74.137221,40.609648],[-74.140293,40.610995],[-74.14336,40.60964],[-74.143355,40.606939],[-74.140282,40.605592],[-74.137215,40.606946]]]},"properties":{"t":"Street Condition","n":3,"q":0}},{"type":"Feature","geometry":{"type":"Polygon","coordinates":[[[-74.097361,40.643458],[-74.097365,40.646159],[-74.100438,40.647508],[-74.103508,40.646154],[-74.103504,40.643453],[-74.10043,40.642105],[-74.097361,40.643458]]]},"properties":{"t":"Street Condition","n":3,"q":0}},{"type":"Feature","geometry":{"type":"Polygon","coordinates":[[[-74.161715,40.5826],[-74.161721,40.585302],[-74.164793,40.586648],[-74.167859,40.585293],[-74.167852,40.582591],[-74.16478,40.581245],[-74.161715,40.5826]]]},"properties":{"t":"Street Condition","n":4,"q":0}},{"type":"Feature","geometry":{"type":"Polygon","coordinates":[[[-74.134186,40.627211],[-74.134191,40.629913],[-74.137265,40.63126],[-74.140333,40.629906],[-74.140327,40.627204],[-74.137254,40.625857],[-74.134186,40.627211]]]},"properties":{"t":"Street Condition","n":1,"q":0}},{"type":"Feature","geometry":{"type":"Polygon","coordinates":[[[-74.088152,40.647518],[-74.088155,40.650219],[-74.091229,40.651568],[-74.094299,40.650214],[-74.094295,40.647513],[-74.091221,40.646165],[-74.088152,40.647518]]]},"properties":{"t":"Street Condition","n":1,"q":0}},{"type":"Feature","geometry":{"type":"Polygon","coordinates":[[[-74.124936,40.60696],[-74.124941,40.609662],[-74.128013,40.611009],[-74.131081,40.609655],[-74.131075,40.606953],[-74.128003,40.605606],[-74.124936,40.60696]]]},"properties":{"t":"Street Condition","n":4,"q":0}},{"type":"Feature","geometry":{"type":"Polygon","coordinates":[[[-74.216767,40.525776],[-74.216775,40.528478],[-74.219846,40.529822],[-74.222908,40.528466],[-74.222899,40.525764],[-74.219828,40.524419],[-74.216767,40.525776]]]},"properties":{"t":"Street Condition","n":4,"q":0}},{"type":"Feature","geometry":{"type":"Polygon","coordinates":[[[-74.189298,40.570401],[-74.189306,40.573102],[-74.192378,40.574448],[-74.195442,40.573092],[-74.195435,40.570391],[-74.192363,40.569045],[-74.189298,40.570401]]]},"properties":{"t":"Street Condition","n":2,"q":0}},{"type":"Feature","geometry":{"type":"Polygon","coordinates":[[[-74.183207,40.58662],[-74.183214,40.589322],[-74.186287,40.590668],[-74.189352,40.589312],[-74.189344,40.58661],[-74.186272,40.585264],[-74.183207,40.58662]]]},"properties":{"t":"Street Condition","n":5,"q":1}},{"type":"Feature","geometry":{"type":"Polygon","coordinates":[[[-74.192355,40.566343],[-74.192363,40.569045],[-74.195435,40.570391],[-74.198499,40.569034],[-74.198491,40.566333],[-74.195419,40.564987],[-74.192355,40.566343]]]},"properties":{"t":"Street Condition","n":3,"q":0}},{"type":"Feature","geometry":{"type":"Polygon","coordinates":[[[-74.103441,40.602929],[-74.103445,40.605631],[-74.106517,40.606979],[-74.109585,40.605625],[-74.10958,40.602923],[-74.106508,40.601576],[-74.103441,40.602929]]]},"properties":{"t":"Street Condition","n":2,"q":0}},{"type":"Feature","geometry":{"type":"Polygon","coordinates":[[[-74.192331,40.558239],[-74.192339,40.56094],[-74.195411,40.562286],[-74.198475,40.56093],[-74.198467,40.558228],[-74.195395,40.556883],[-74.192331,40.558239]]]},"properties":{"t":"Street Condition","n":9,"q":2}},{"type":"Feature","geometry":{"type":"Polygon","coordinates":[[[-74.232083,40.521694],[-74.232092,40.524395],[-74.235163,40.52574],[-74.238224,40.524383],[-74.238215,40.521681],[-74.235144,40.520337],[-74.232083,40.521694]]]},"properties":{"t":"Street Condition","n":2,"q":0}},{"type":"Feature","geometry":{"type":"Polygon","coordinates":[[[-74.204478,40.517694],[-74.204486,40.520395],[-74.207556,40.521741],[-74.210618,40.520384],[-74.210609,40.517683],[-74.207539,40.516337],[-74.204478,40.517694]]]},"properties":{"t":"Street Condition","n":4,"q":0}},{"type":"Feature","geometry":{"type":"Polygon","coordinates":[[[-74.069713,40.639426],[-74.069716,40.642127],[-74.072789,40.643476],[-74.075859,40.642123],[-74.075856,40.639422],[-74.072783,40.638073],[-74.069713,40.639426]]]},"properties":{"t":"Street Condition","n":4,"q":0}},{"type":"Feature","geometry":{"type":"Polygon","coordinates":[[[-74.158771,40.635285],[-74.158778,40.637986],[-74.161852,40.639333],[-74.16492,40.637978],[-74.164913,40.635276],[-74.161839,40.63393],[-74.158771,40.635285]]]},"properties":{"t":"Street Condition","n":3,"q":0}},{"type":"Feature","geometry":{"type":"Polygon","coordinates":[[[-74.17709,40.594734],[-74.177097,40.597436],[-74.18017,40.598782],[-74.183236,40.597426],[-74.183229,40.594725],[-74.180156,40.593379],[-74.17709,40.594734]]]},"properties":{"t":"Street Condition","n":3,"q":0}},{"type":"Feature","geometry":{"type":"Polygon","coordinates":[[[-74.23522,40.541949],[-74.23523,40.544651],[-74.238301,40.545995],[-74.241364,40.544638],[-74.241354,40.541936],[-74.238282,40.540592],[-74.23522,40.541949]]]},"properties":{"t":"Street Condition","n":1,"q":0}},{"type":"Feature","geometry":{"type":"Polygon","coordinates":[[[-74.134121,40.594793],[-74.134126,40.597494],[-74.137198,40.598841],[-74.140265,40.597487],[-74.140259,40.594785],[-74.137187,40.593438],[-74.134121,40.594793]]]},"properties":{"t":"Street Condition","n":4,"q":0}},{"type":"Feature","geometry":{"type":"Polygon","coordinates":[[[-74.075837,40.623212],[-74.07584,40.625914],[-74.078913,40.627263],[-74.081982,40.62591],[-74.081978,40.623208],[-74.078906,40.62186],[-74.075837,40.623212]]]},"properties":{"t":"Street Condition","n":5,"q":1}},{"type":"Feature","geometry":{"type":"Polygon","coordinates":[[[-74.225979,40.529811],[-74.225988,40.532512],[-74.229059,40.533857],[-74.232121,40.5325],[-74.232111,40.529798],[-74.22904,40.528454],[-74.225979,40.529811]]]},"properties":{"t":"Street Condition","n":2,"q":0}},{"type":"Feature","geometry":{"type":"Polygon","coordinates":[[[-74.137082,40.542108],[-74.137087,40.54481],[-74.140157,40.546157],[-74.143221,40.544802],[-74.143216,40.542101],[-74.140146,40.540754],[-74.137082,40.542108]]]},"properties":{"t":"Street Condition","n":1,"q":0}},{"type":"Feature","geometry":{"type":"Polygon","coordinates":[[[-74.180083,40.566363],[-74.18009,40.569065],[-74.183162,40.570411],[-74.186226,40.569055],[-74.186219,40.566353],[-74.183147,40.565008],[-74.180083,40.566363]]]},"properties":{"t":"Street Condition","n":1,"q":0}},{"type":"Feature","geometry":{"type":"Polygon","coordinates":[[[-74.198394,40.533914],[-74.198402,40.536616],[-74.201473,40.537961],[-74.204535,40.536605],[-74.204527,40.533903],[-74.201457,40.532558],[-74.198394,40.533914]]]},"properties":{"t":"Street Condition","n":2,"q":0}},{"type":"Feature","geometry":{"type":"Polygon","coordinates":[[[-74.238215,40.521681],[-74.238224,40.524383],[-74.241295,40.525727],[-74.244356,40.52437],[-74.244347,40.521668],[-74.241276,40.520324],[-74.238215,40.521681]]]},"properties":{"t":"Street Condition","n":2,"q":0}},{"type":"Feature","geometry":{"type":"Polygon","coordinates":[[[-74.204602,40.558217],[-74.20461,40.560919],[-74.207682,40.562264],[-74.210745,40.560908],[-74.210737,40.558206],[-74.207665,40.556861],[-74.204602,40.558217]]]},"properties":{"t":"Street Condition","n":2,"q":0}},{"type":"Feature","geometry":{"type":"Polygon","coordinates":[[[-74.167954,40.623115],[-74.167961,40.625816],[-74.171035,40.627163],[-74.174102,40.625807],[-74.174095,40.623106],[-74.171021,40.621759],[-74.167954,40.623115]]]},"properties":{"t":"Street Condition","n":1,"q":0}},{"type":"Feature","geometry":{"type":"Polygon","coordinates":[[[-74.155483,40.542085],[-74.155489,40.544786],[-74.158559,40.546133],[-74.161623,40.544778],[-74.161617,40.542076],[-74.158547,40.54073],[-74.155483,40.542085]]]},"properties":{"t":"Street Condition","n":3,"q":0}},{"type":"Feature","geometry":{"type":"Polygon","coordinates":[[[-74.112561,40.55024],[-74.112566,40.552941],[-74.115635,40.554289],[-74.1187,40.552935],[-74.118695,40.550234],[-74.115626,40.548886],[-74.112561,40.55024]]]},"properties":{"t":"Street Condition","n":3,"q":0}},{"type":"Feature","geometry":{"type":"Polygon","coordinates":[[[-74.091173,40.611044],[-74.091177,40.613746],[-74.094249,40.615094],[-74.097317,40.613741],[-74.097313,40.611039],[-74.094242,40.609691],[-74.091173,40.611044]]]},"properties":{"t":"Street Condition","n":2,"q":0}},{"type":"Feature","geometry":{"type":"Polygon","coordinates":[[[-74.106569,40.639397],[-74.106573,40.642099],[-74.109647,40.643447],[-74.112716,40.642093],[-74.112711,40.639392],[-74.109638,40.638044],[-74.106569,40.639397]]]},"properties":{"t":"Street Condition","n":2,"q":0}},{"type":"Feature","geometry":{"type":"Polygon","coordinates":[[[-74.179952,40.517735],[-74.179959,40.520436],[-74.183029,40.521782],[-74.186091,40.520427],[-74.186083,40.517725],[-74.183014,40.516379],[-74.179952,40.517735]]]},"properties":{"t":"Street Condition","n":1,"q":0}},{"type":"Feature","geometry":{"type":"Polygon","coordinates":[[[-74.121829,40.586702],[-74.121834,40.589403],[-74.124906,40.590751],[-74.127972,40.589397],[-74.127967,40.586695],[-74.124895,40.585348],[-74.121829,40.586702]]]},"properties":{"t":"Street Condition","n":1,"q":0}},{"type":"Feature","geometry":{"type":"Polygon","coordinates":[[[-74.177112,40.602839],[-74.177119,40.605541],[-74.180192,40.606887],[-74.183258,40.605531],[-74.183251,40.60283],[-74.180178,40.601484],[-74.177112,40.602839]]]},"properties":{"t":"Street Condition","n":1,"q":0}},{"type":"Feature","geometry":{"type":"Polygon","coordinates":[[[-74.072736,40.594848],[-74.072739,40.59755],[-74.07581,40.598898],[-74.078878,40.597545],[-74.078874,40.594844],[-74.075804,40.593495],[-74.072736,40.594848]]]},"properties":{"t":"Street Condition","n":2,"q":0}},{"type":"Feature","geometry":{"type":"Polygon","coordinates":[[[-74.106556,40.631293],[-74.10656,40.633994],[-74.109633,40.635342],[-74.112702,40.633988],[-74.112698,40.631287],[-74.109625,40.629939],[-74.106556,40.631293]]]},"properties":{"t":"Street Condition","n":1,"q":0}},{"type":"Feature","geometry":{"type":"Polygon","coordinates":[[[-74.207631,40.546055],[-74.20764,40.548756],[-74.210711,40.550102],[-74.213774,40.548745],[-74.213765,40.546044],[-74.210694,40.544698],[-74.207631,40.546055]]]},"properties":{"t":"Street Condition","n":1,"q":0}},{"type":"Feature","geometry":{"type":"Polygon","coordinates":[[[-74.219819,40.521718],[-74.219828,40.524419],[-74.222899,40.525764],[-74.22596,40.524407],[-74.225951,40.521706],[-74.222881,40.520361],[-74.219819,40.521718]]]},"properties":{"t":"Street Condition","n":1,"q":0}},{"type":"Feature","geometry":{"type":"Polygon","coordinates":[[[-74.152536,40.59477],[-74.152542,40.597471],[-74.155615,40.598818],[-74.158681,40.597463],[-74.158675,40.594761],[-74.155602,40.593415],[-74.152536,40.59477]]]},"properties":{"t":"Street Condition","n":1,"q":0}},{"type":"Feature","geometry":{"type":"Polygon","coordinates":[[[-74.078932,40.643472],[-74.078935,40.646174],[-74.082008,40.647522],[-74.085078,40.646169],[-74.085075,40.643468],[-74.082002,40.642119],[-74.078932,40.643472]]]},"properties":{"t":"HEAT/HOT WATER","n":111,"q":4}},{"type":"Feature","geometry":{"type":"Polygon","coordinates":[[[-74.078894,40.611053],[-74.078897,40.613755],[-74.081968,40.615104],[-74.085037,40.61375],[-74.085034,40.611049],[-74.081962,40.6097],[-74.078894,40.611053]]]},"properties":{"t":"HEAT/HOT WATER","n":222,"q":4}},{"type":"Feature","geometry":{"type":"Polygon","coordinates":[[[-74.121903,40.627225],[-74.121908,40.629927],[-74.124981,40.631274],[-74.12805,40.62992],[-74.128045,40.627218],[-74.124971,40.625871],[-74.121903,40.627225]]]},"properties":{"t":"HEAT/HOT WATER","n":4,"q":2}},{"type":"Feature","geometry":{"type":"Polygon","coordinates":[[[-74.115776,40.635336],[-74.11578,40.638038],[-74.118854,40.639385],[-74.121923,40.638031],[-74.121918,40.63533],[-74.118844,40.633982],[-74.115776,40.635336]]]},"properties":{"t":"HEAT/HOT WATER","n":92,"q":4}},{"type":"Feature","geometry":{"type":"Polygon","coordinates":[[[-74.069696,40.623216],[-74.069699,40.625918],[-74.072771,40.627267],[-74.07584,40.625914],[-74.075837,40.623212],[-74.072765,40.621864],[-74.069696,40.623216]]]},"properties":{"t":"HEAT/HOT WATER","n":6,"q":3}},{"type":"Feature","geometry":{"type":"Polygon","coordinates":[[[-74.075828,40.615108],[-74.075831,40.617809],[-74.078903,40.619158],[-74.081972,40.617805],[-74.081968,40.615104],[-74.078897,40.613755],[-74.075828,40.615108]]]},"properties":{"t":"HEAT/HOT WATER","n":43,"q":4}},{"type":"Feature","geometry":{"type":"Polygon","coordinates":[[[-74.134202,40.635316],[-74.134208,40.638018],[-74.137282,40.639365],[-74.14035,40.63801],[-74.140345,40.635309],[-74.137271,40.633962],[-74.134202,40.635316]]]},"properties":{"t":"HEAT/HOT WATER","n":28,"q":4}},{"type":"Feature","geometry":{"type":"Polygon","coordinates":[[[-74.109514,40.5624],[-74.109518,40.565101],[-74.112588,40.566449],[-74.115654,40.565095],[-74.115649,40.562394],[-74.112579,40.561046],[-74.109514,40.5624]]]},"properties":{"t":"HEAT/HOT WATER","n":186,"q":4}},{"type":"Feature","geometry":{"type":"Polygon","coordinates":[[[-74.081978,40.623208],[-74.081982,40.62591],[-74.085054,40.627258],[-74.088123,40.625905],[-74.08812,40.623204],[-74.085047,40.621855],[-74.081978,40.623208]]]},"properties":{"t":"HEAT/HOT WATER","n":16,"q":4}},{"type":"Feature","geometry":{"type":"Polygon","coordinates":[[[-74.075837,40.623212],[-74.07584,40.625914],[-74.078913,40.627263],[-74.081982,40.62591],[-74.081978,40.623208],[-74.078906,40.62186],[-74.075837,40.623212]]]},"properties":{"t":"HEAT/HOT WATER","n":26,"q":4}},{"type":"Feature","geometry":{"type":"Polygon","coordinates":[[[-74.247367,40.509504],[-74.247377,40.512206],[-74.250448,40.51355],[-74.253508,40.512193],[-74.253498,40.509491],[-74.250428,40.508147],[-74.247367,40.509504]]]},"properties":{"t":"HEAT/HOT WATER","n":23,"q":4}},{"type":"Feature","geometry":{"type":"Polygon","coordinates":[[[-74.146487,40.635301],[-74.146493,40.638003],[-74.149567,40.63935],[-74.152635,40.637995],[-74.152629,40.635293],[-74.149555,40.633946],[-74.146487,40.635301]]]},"properties":{"t":"HEAT/HOT WATER","n":11,"q":3}},{"type":"Feature","geometry":{"type":"Polygon","coordinates":[[[-74.155502,40.55019],[-74.155508,40.552891],[-74.158579,40.554238],[-74.161643,40.552883],[-74.161636,40.550181],[-74.158566,40.548835],[-74.155502,40.55019]]]},"properties":{"t":"HEAT/HOT WATER","n":3,"q":2}},{"type":"Feature","geometry":{"type":"Polygon","coordinates":[[[-74.078903,40.619158],[-74.078906,40.62186],[-74.081978,40.623208],[-74.085047,40.621855],[-74.085044,40.619154],[-74.081972,40.617805],[-74.078903,40.619158]]]},"properties":{"t":"HEAT/HOT WATER","n":16,"q":4}},{"type":"Feature","geometry":{"type":"Polygon","coordinates":[[[-74.081998,40.639418],[-74.082002,40.642119],[-74.085075,40.643468],[-74.088145,40.642115],[-74.088141,40.639413],[-74.085068,40.638065],[-74.081998,40.639418]]]},"properties":{"t":"HEAT/HOT WATER","n":283,"q":4}},{"type":"Feature","geometry":{"type":"Polygon","coordinates":[[[-74.149331,40.533988],[-74.149337,40.53669],[-74.152407,40.538037],[-74.15547,40.536682],[-74.155464,40.53398],[-74.152395,40.532633],[-74.149331,40.533988]]]},"properties":{"t":"HEAT/HOT WATER","n":4,"q":2}},{"type":"Feature","geometry":{"type":"Polygon","coordinates":[[[-74.115663,40.570499],[-74.115668,40.5732],[-74.118739,40.574548],[-74.121804,40.573194],[-74.1218,40.570492],[-74.118729,40.569145],[-74.115663,40.570499]]]},"properties":{"t":"HEAT/HOT WATER","n":5,"q":2}},{"type":"Feature","geometry":{"type":"Polygon","coordinates":[[[-74.103491,40.635348],[-74.103495,40.638049],[-74.106569,40.639397],[-74.109638,40.638044],[-74.109633,40.635342],[-74.10656,40.633994],[-74.103491,40.635348]]]},"properties":{"t":"HEAT/HOT WATER","n":23,"q":4}},{"type":"Feature","geometry":{"type":"Polygon","coordinates":[[[-74.137132,40.566423],[-74.137137,40.569124],[-74.140208,40.570471],[-74.143274,40.569117],[-74.143268,40.566415],[-74.140197,40.565068],[-74.137132,40.566423]]]},"properties":{"t":"HEAT/HOT WATER","n":2,"q":1}},{"type":"Feature","geometry":{"type":"Polygon","coordinates":[[[-74.140276,40.60289],[-74.140282,40.605592],[-74.143355,40.606939],[-74.146422,40.605584],[-74.146416,40.602882],[-74.143343,40.601535],[-74.140276,40.60289]]]},"properties":{"t":"HEAT/HOT WATER","n":3,"q":2}},{"type":"Feature","geometry":{"type":"Polygon","coordinates":[[[-74.08812,40.623204],[-74.088123,40.625905],[-74.091196,40.627254],[-74.094264,40.6259],[-74.094261,40.623199],[-74.091188,40.62185],[-74.08812,40.623204]]]},"properties":{"t":"HEAT/HOT WATER","n":358,"q":4}},{"type":"Feature","geometry":{"type":"Polygon","coordinates":[[[-74.241208,40.501413],[-74.241217,40.504114],[-74.244287,40.505459],[-74.247347,40.504101],[-74.247337,40.5014],[-74.244268,40.500056],[-74.241208,40.501413]]]},"properties":{"t":"HEAT/HOT WATER","n":9,"q":3}},{"type":"Feature","geometry":{"type":"Polygon","coordinates":[[[-74.158636,40.578552],[-74.158643,40.581254],[-74.161715,40.5826],[-74.16478,40.581245],[-74.164773,40.578543],[-74.161702,40.577197],[-74.158636,40.578552]]]},"properties":{"t":"HEAT/HOT WATER","n":22,"q":4}},{"type":"Feature","geometry":{"type":"Polygon","coordinates":[[[-74.085064,40.635363],[-74.085068,40.638065],[-74.088141,40.639413],[-74.09121,40.63806],[-74.091207,40.635358],[-74.088134,40.63401],[-74.085064,40.635363]]]},"properties":{"t":"HEAT/HOT WATER","n":129,"q":4}},{"type":"Feature","geometry":{"type":"Polygon","coordinates":[[[-74.158771,40.635285],[-74.158778,40.637986],[-74.161852,40.639333],[-74.16492,40.637978],[-74.164913,40.635276],[-74.161839,40.63393],[-74.158771,40.635285]]]},"properties":{"t":"HEAT/HOT WATER","n":6,"q":3}},{"type":"Feature","geometry":{"type":"Polygon","coordinates":[[[-74.075856,40.639422],[-74.075859,40.642123],[-74.078932,40.643472],[-74.082002,40.642119],[-74.081998,40.639418],[-74.078925,40.638069],[-74.075856,40.639422]]]},"properties":{"t":"HEAT/HOT WATER","n":57,"q":4}},{"type":"Feature","geometry":{"type":"Polygon","coordinates":[[[-74.103378,40.562405],[-74.103382,40.565107],[-74.106452,40.566455],[-74.109518,40.565101],[-74.109514,40.5624],[-74.106444,40.561052],[-74.103378,40.562405]]]},"properties":{"t":"HEAT/HOT WATER","n":3,"q":2}},{"type":"Feature","geometry":{"type":"Polygon","coordinates":[[[-74.091218,40.643463],[-74.091221,40.646165],[-74.094295,40.647513],[-74.097365,40.646159],[-74.097361,40.643458],[-74.094287,40.64211],[-74.091218,40.643463]]]},"properties":{"t":"HEAT/HOT WATER","n":13,"q":4}},{"type":"Feature","geometry":{"type":"Polygon","coordinates":[[[-74.103403,40.578615],[-74.103407,40.581317],[-74.106478,40.582665],[-74.109545,40.581311],[-74.10954,40.578609],[-74.10647,40.577261],[-74.103403,40.578615]]]},"properties":{"t":"HEAT/HOT WATER","n":43,"q":4}},{"type":"Feature","geometry":{"type":"Polygon","coordinates":[[[-74.131123,40.631267],[-74.131129,40.633969],[-74.134202,40.635316],[-74.137271,40.633962],[-74.137265,40.63126],[-74.134191,40.629913],[-74.131123,40.631267]]]},"properties":{"t":"HEAT/HOT WATER","n":32,"q":4}},{"type":"Feature","geometry":{"type":"Polygon","coordinates":[[[-74.072745,40.602953],[-74.072748,40.605654],[-74.075819,40.607003],[-74.078887,40.60565],[-74.078884,40.602949],[-74.075813,40.6016],[-74.072745,40.602953]]]},"properties":{"t":"HEAT/HOT WATER","n":8,"q":3}},{"type":"Feature","geometry":{"type":"Polygon","coordinates":[[[-74.09114,40.58673],[-74.091144,40.589432],[-74.094215,40.59078],[-74.097282,40.589427],[-74.097278,40.586725],[-74.094207,40.585377],[-74.09114,40.58673]]]},"properties":{"t":"HEAT/HOT WATER","n":42,"q":4}},{"type":"Feature","geometry":{"type":"Polygon","coordinates":[[[-74.07278,40.635371],[-74.072783,40.638073],[-74.075856,40.639422],[-74.078925,40.638069],[-74.078922,40.635367],[-74.07585,40.634019],[-74.07278,40.635371]]]},"properties":{"t":"HEAT/HOT WATER","n":20,"q":4}},{"type":"Feature","geometry":{"type":"Polygon","coordinates":[[[-74.12806,40.635323],[-74.128065,40.638025],[-74.131139,40.639372],[-74.134208,40.638018],[-74.134202,40.635316],[-74.131129,40.633969],[-74.12806,40.635323]]]},"properties":{"t":"HEAT/HOT WATER","n":62,"q":4}},{"type":"Feature","geometry":{"type":"Polygon","coordinates":[[[-74.124966,40.62317],[-74.124971,40.625871],[-74.128045,40.627218],[-74.131113,40.625864],[-74.131107,40.623163],[-74.128034,40.621815],[-74.124966,40.62317]]]},"properties":{"t":"HEAT/HOT WATER","n":6,"q":3}},{"type":"Feature","geometry":{"type":"Polygon","coordinates":[[[-74.100341,40.58267],[-74.100345,40.585372],[-74.103416,40.58672],[-74.106483,40.585366],[-74.106478,40.582665],[-74.103407,40.581317],[-74.100341,40.58267]]]},"properties":{"t":"HEAT/HOT WATER","n":7,"q":3}},{"type":"Feature","geometry":{"type":"Polygon","coordinates":[[[-74.155577,40.582609],[-74.155584,40.58531],[-74.158656,40.586657],[-74.161721,40.585302],[-74.161715,40.5826],[-74.158643,40.581254],[-74.155577,40.582609]]]},"properties":{"t":"HEAT/HOT WATER","n":5,"q":2}},{"type":"Feature","geometry":{"type":"Polygon","coordinates":[[[-74.085023,40.602944],[-74.085027,40.605646],[-74.088098,40.606994],[-74.091166,40.605641],[-74.091162,40.60294],[-74.088091,40.601591],[-74.085023,40.602944]]]},"properties":{"t":"HEAT/HOT WATER","n":53,"q":4}},{"type":"Feature","geometry":{"type":"Polygon","coordinates":[[[-74.078922,40.635367],[-74.078925,40.638069],[-74.081998,40.639418],[-74.085068,40.638065],[-74.085064,40.635363],[-74.081992,40.634014],[-74.078922,40.635367]]]},"properties":{"t":"HEAT/HOT WATER","n":66,"q":4}},{"type":"Feature","geometry":{"type":"Polygon","coordinates":[[[-74.06354,40.60701],[-74.063542,40.609712],[-74.066614,40.611061],[-74.069682,40.609708],[-74.069679,40.607007],[-74.066608,40.605658],[-74.06354,40.60701]]]},"properties":{"t":"HEAT/HOT WATER","n":9,"q":3}},{"type":"Feature","geometry":{"type":"Polygon","coordinates":[[[-74.118854,40.639385],[-74.118859,40.642087],[-74.121933,40.643435],[-74.125002,40.64208],[-74.124997,40.639379],[-74.121923,40.638031],[-74.118854,40.639385]]]},"properties":{"t":"HEAT/HOT WATER","n":1,"q":0}},{"type":"Feature","geometry":{"type":"Polygon","coordinates":[[[-74.164913,40.635276],[-74.16492,40.637978],[-74.167995,40.639324],[-74.171063,40.637969],[-74.171056,40.635267],[-74.167981,40.633921],[-74.164913,40.635276]]]},"properties":{"t":"HEAT/HOT WATER","n":25,"q":4}},{"type":"Feature","geometry":{"type":"Polygon","coordinates":[[[-74.072789,40.643476],[-74.072792,40.646178],[-74.075865,40.647526],[-74.078935,40.646174],[-74.078932,40.643472],[-74.075859,40.642123],[-74.072789,40.643476]]]},"properties":{"t":"HEAT/HOT WATER","n":101,"q":4}},{"type":"Feature","geometry":{"type":"Polygon","coordinates":[[[-74.078913,40.627263],[-74.078916,40.629964],[-74.081988,40.631313],[-74.085058,40.62996],[-74.085054,40.627258],[-74.081982,40.62591],[-74.078913,40.627263]]]},"properties":{"t":"HEAT/HOT WATER","n":11,"q":3}},{"type":"Feature","geometry":{"type":"Polygon","coordinates":[[[-74.167995,40.639324],[-74.168001,40.642026],[-74.171076,40.643372],[-74.174144,40.642017],[-74.174137,40.639315],[-74.171063,40.637969],[-74.167995,40.639324]]]},"properties":{"t":"HEAT/HOT WATER","n":95,"q":4}},{"type":"Feature","geometry":{"type":"Polygon","coordinates":[[[-74.121918,40.63533],[-74.121923,40.638031],[-74.124997,40.639379],[-74.128065,40.638025],[-74.12806,40.635323],[-74.124986,40.633976],[-74.121918,40.63533]]]},"properties":{"t":"HEAT/HOT WATER","n":17,"q":4}},{"type":"Feature","geometry":{"type":"Polygon","coordinates":[[[-74.081968,40.615104],[-74.081972,40.617805],[-74.085044,40.619154],[-74.088112,40.617801],[-74.088109,40.615099],[-74.085037,40.61375],[-74.081968,40.615104]]]},"properties":{"t":"HEAT/HOT WATER","n":41,"q":4}},{"type":"Feature","geometry":{"type":"Polygon","coordinates":[[[-74.14944,40.582617],[-74.149446,40.585318],[-74.152518,40.586665],[-74.155584,40.58531],[-74.155577,40.582609],[-74.152505,40.581262],[-74.14944,40.582617]]]},"properties":{"t":"HEAT/HOT WATER","n":4,"q":2}},{"type":"Feature","geometry":{"type":"Polygon","coordinates":[[[-74.192285,40.542029],[-74.192293,40.544731],[-74.195363,40.546076],[-74.198426,40.54472],[-74.198418,40.542019],[-74.195348,40.540673],[-74.192285,40.542029]]]},"properties":{"t":"HEAT/HOT WATER","n":1,"q":0}},{"type":"Feature","geometry":{"type":"Polygon","coordinates":[[[-74.158675,40.594761],[-74.158681,40.597463],[-74.161754,40.598809],[-74.16482,40.597454],[-74.164813,40.594753],[-74.161741,40.593406],[-74.158675,40.594761]]]},"properties":{"t":"HEAT/HOT WATER","n":11,"q":3}},{"type":"Feature","geometry":{"type":"Polygon","coordinates":[[[-74.161852,40.639333],[-74.161859,40.642034],[-74.164933,40.643381],[-74.168001,40.642026],[-74.167995,40.639324],[-74.16492,40.637978],[-74.161852,40.639333]]]},"properties":{"t":"HEAT/HOT WATER","n":10,"q":3}},{"type":"Feature","geometry":{"type":"Polygon","coordinates":[[[-74.085075,40.643468],[-74.085078,40.646169],[-74.088152,40.647518],[-74.091221,40.646165],[-74.091218,40.643463],[-74.088145,40.642115],[-74.085075,40.643468]]]},"properties":{"t":"HEAT/HOT WATER","n":28,"q":4}},{"type":"Feature","geometry":{"type":"Polygon","coordinates":[[[-74.170848,40.55422],[-74.170855,40.556922],[-74.173926,40.558268],[-74.17699,40.556912],[-74.176983,40.554211],[-74.173912,40.552865],[-74.170848,40.55422]]]},"properties":{"t":"HEAT/HOT WATER","n":12,"q":4}},{"type":"Feature","geometry":{"type":"Polygon","coordinates":[[[-74.131044,40.590744],[-74.131049,40.593445],[-74.134121,40.594793],[-74.137187,40.593438],[-74.137182,40.590737],[-74.13411,40.58939],[-74.131044,40.590744]]]},"properties":{"t":"HEAT/HOT WATER","n":51,"q":4}},{"type":"Feature","geometry":{"type":"Polygon","coordinates":[[[-74.060459,40.594855],[-74.060461,40.597557],[-74.063532,40.598906],[-74.0666,40.597553],[-74.066597,40.594852],[-74.063527,40.593503],[-74.060459,40.594855]]]},"properties":{"t":"HEAT/HOT WATER","n":70,"q":4}},{"type":"Feature","geometry":{"type":"Polygon","coordinates":[[[-74.100329,40.574565],[-74.100333,40.577267],[-74.103403,40.578615],[-74.10647,40.577261],[-74.106465,40.57456],[-74.103395,40.573212],[-74.100329,40.574565]]]},"properties":{"t":"HEAT/HOT WATER","n":7,"q":3}},{"type":"Feature","geometry":{"type":"Polygon","coordinates":[[[-74.143389,40.623148],[-74.143395,40.62585],[-74.146469,40.627196],[-74.149537,40.625842],[-74.149531,40.62314],[-74.146457,40.621793],[-74.143389,40.623148]]]},"properties":{"t":"HEAT/HOT WATER","n":7,"q":3}},{"type":"Feature","geometry":{"type":"Polygon","coordinates":[[[-74.140327,40.627204],[-74.140333,40.629906],[-74.143407,40.631253],[-74.146475,40.629898],[-74.146469,40.627196],[-74.143395,40.62585],[-74.140327,40.627204]]]},"properties":{"t":"HEAT/HOT WATER","n":26,"q":4}},{"type":"Feature","geometry":{"type":"Polygon","coordinates":[[[-74.244287,40.505459],[-74.244297,40.50816],[-74.247367,40.509504],[-74.250428,40.508147],[-74.250418,40.505445],[-74.247347,40.504101],[-74.244287,40.505459]]]},"properties":{"t":"HEAT/HOT WATER","n":1,"q":0}},{"type":"Feature","geometry":{"type":"Polygon","coordinates":[[[-74.10962,40.627238],[-74.109625,40.629939],[-74.112698,40.631287],[-74.115766,40.629933],[-74.115762,40.627232],[-74.112689,40.625884],[-74.10962,40.627238]]]},"properties":{"t":"HEAT/HOT WATER","n":1,"q":0}},{"type":"Feature","geometry":{"type":"Polygon","coordinates":[[[-74.149512,40.615035],[-74.149518,40.617737],[-74.152592,40.619084],[-74.155659,40.617729],[-74.155653,40.615027],[-74.15258,40.613681],[-74.149512,40.615035]]]},"properties":{"t":"HEAT/HOT WATER","n":7,"q":3}},{"type":"Feature","geometry":{"type":"Polygon","coordinates":[[[-74.140157,40.546157],[-74.140163,40.548859],[-74.143233,40.550206],[-74.146297,40.548851],[-74.146291,40.546149],[-74.143221,40.544802],[-74.140157,40.546157]]]},"properties":{"t":"HEAT/HOT WATER","n":5,"q":2}},{"type":"Feature","geometry":{"type":"Polygon","coordinates":[[[-74.08813,40.631308],[-74.088134,40.63401],[-74.091207,40.635358],[-74.094276,40.634005],[-74.094272,40.631303],[-74.091199,40.629955],[-74.08813,40.631308]]]},"properties":{"t":"HEAT/HOT WATER","n":2,"q":1}},{"type":"Feature","geometry":{"type":"Polygon","coordinates":[[[-74.155653,40.615027],[-74.155659,40.617729],[-74.158733,40.619075],[-74.1618,40.61772],[-74.161793,40.615019],[-74.15872,40.613672],[-74.155653,40.615027]]]},"properties":{"t":"HEAT/HOT WATER","n":22,"q":4}},{"type":"Feature","geometry":{"type":"Polygon","coordinates":[[[-74.097313,40.611039],[-74.097317,40.613741],[-74.10039,40.615089],[-74.103458,40.613735],[-74.103453,40.611034],[-74.100381,40.609686],[-74.097313,40.611039]]]},"properties":{"t":"HEAT/HOT WATER","n":14,"q":4}},{"type":"Feature","geometry":{"type":"Polygon","coordinates":[[[-74.143407,40.631253],[-74.143413,40.633954],[-74.146487,40.635301],[-74.149555,40.633946],[-74.149549,40.631245],[-74.146475,40.629898],[-74.143407,40.631253]]]},"properties":{"t":"HEAT/HOT WATER","n":4,"q":2}},{"type":"Feature","geometry":{"type":"Polygon","coordinates":[[[-74.146469,40.627196],[-74.146475,40.629898],[-74.149549,40.631245],[-74.152617,40.62989],[-74.15261,40.627188],[-74.149537,40.625842],[-74.146469,40.627196]]]},"properties":{"t":"HEAT/HOT WATER","n":13,"q":4}},{"type":"Feature","geometry":{"type":"Polygon","coordinates":[[[-74.149549,40.631245],[-74.149555,40.633946],[-74.152629,40.635293],[-74.155697,40.633938],[-74.155691,40.631237],[-74.152617,40.62989],[-74.149549,40.631245]]]},"properties":{"t":"HEAT/HOT WATER","n":11,"q":3}},{"type":"Feature","geometry":{"type":"Polygon","coordinates":[[[-74.094272,40.631303],[-74.094276,40.634005],[-74.097349,40.635353],[-74.100418,40.634],[-74.100414,40.631298],[-74.097341,40.62995],[-74.094272,40.631303]]]},"properties":{"t":"HEAT/HOT WATER","n":20,"q":4}},{"type":"Feature","geometry":{"type":"Polygon","coordinates":[[[-74.072762,40.619162],[-74.072765,40.621864],[-74.075837,40.623212],[-74.078906,40.62186],[-74.078903,40.619158],[-74.075831,40.617809],[-74.072762,40.619162]]]},"properties":{"t":"HEAT/HOT WATER","n":37,"q":4}},{"type":"Feature","geometry":{"type":"Polygon","coordinates":[[[-74.164653,40.529915],[-74.16466,40.532617],[-74.16773,40.533963],[-74.170793,40.532608],[-74.170786,40.529906],[-74.167716,40.52856],[-74.164653,40.529915]]]},"properties":{"t":"HEAT/HOT WATER","n":7,"q":3}},{"type":"Feature","geometry":{"type":"Polygon","coordinates":[[[-74.152629,40.635293],[-74.152635,40.637995],[-74.15571,40.639341],[-74.158778,40.637986],[-74.158771,40.635285],[-74.155697,40.633938],[-74.152629,40.635293]]]},"properties":{"t":"HEAT/HOT WATER","n":8,"q":3}},{"type":"Feature","geometry":{"type":"Polygon","coordinates":[[[-74.091185,40.619149],[-74.091188,40.62185],[-74.094261,40.623199],[-74.097329,40.621845],[-74.097325,40.619144],[-74.094253,40.617796],[-74.091185,40.619149]]]},"properties":{"t":"HEAT/HOT WATER","n":24,"q":4}},{"type":"Feature","geometry":{"type":"Polygon","coordinates":[[[-74.161656,40.558286],[-74.161662,40.560987],[-74.164733,40.562334],[-74.167798,40.560979],[-74.167791,40.558277],[-74.16472,40.556931],[-74.161656,40.558286]]]},"properties":{"t":"HEAT/HOT WATER","n":3,"q":2}},{"type":"Feature","geometry":{"type":"Polygon","coordinates":[[[-74.082008,40.647522],[-74.082012,40.650224],[-74.085085,40.651572],[-74.088155,40.650219],[-74.088152,40.647518],[-74.085078,40.646169],[-74.082008,40.647522]]]},"properties":{"t":"HEAT/HOT WATER","n":2,"q":1}},{"type":"Feature","geometry":{"type":"Polygon","coordinates":[[[-74.118782,40.598862],[-74.118787,40.601563],[-74.121859,40.602911],[-74.124926,40.601557],[-74.124921,40.598855],[-74.121849,40.597508],[-74.118782,40.598862]]]},"properties":{"t":"HEAT/HOT WATER","n":2,"q":1}},{"type":"Feature","geometry":{"type":"Polygon","coordinates":[[[-74.152592,40.619084],[-74.152598,40.621785],[-74.155672,40.623132],[-74.158739,40.621777],[-74.158733,40.619075],[-74.155659,40.617729],[-74.152592,40.619084]]]},"properties":{"t":"HEAT/HOT WATER","n":4,"q":2}},{"type":"Feature","geometry":{"type":"Polygon","coordinates":[[[-74.143233,40.550206],[-74.143239,40.552907],[-74.146309,40.554254],[-74.149373,40.552899],[-74.149367,40.550198],[-74.146297,40.548851],[-74.143233,40.550206]]]},"properties":{"t":"HEAT/HOT WATER","n":2,"q":1}},{"type":"Feature","geometry":{"type":"Polygon","coordinates":[[[-74.112575,40.558344],[-74.112579,40.561046],[-74.115649,40.562394],[-74.118715,40.56104],[-74.11871,40.558338],[-74.11564,40.556991],[-74.112575,40.558344]]]},"properties":{"t":"HEAT/HOT WATER","n":12,"q":4}},{"type":"Feature","geometry":{"type":"Polygon","coordinates":[[[-74.155691,40.631237],[-74.155697,40.633938],[-74.158771,40.635285],[-74.161839,40.63393],[-74.161832,40.631228],[-74.158758,40.629882],[-74.155691,40.631237]]]},"properties":{"t":"HEAT/HOT WATER","n":31,"q":4}},{"type":"Feature","geometry":{"type":"Polygon","coordinates":[[[-74.146433,40.610987],[-74.146439,40.613689],[-74.149512,40.615035],[-74.15258,40.613681],[-74.152573,40.610979],[-74.1495,40.609632],[-74.146433,40.610987]]]},"properties":{"t":"HEAT/HOT WATER","n":1,"q":0}},{"type":"Feature","geometry":{"type":"Polygon","coordinates":[[[-74.066614,40.611061],[-74.066616,40.613763],[-74.069688,40.615112],[-74.072756,40.613759],[-74.072754,40.611057],[-74.069682,40.609708],[-74.066614,40.611061]]]},"properties":{"t":"HEAT/HOT WATER","n":12,"q":4}},{"type":"Feature","geometry":{"type":"Polygon","coordinates":[[[-74.112711,40.639392],[-74.112716,40.642093],[-74.11579,40.643441],[-74.118859,40.642087],[-74.118854,40.639385],[-74.11578,40.638038],[-74.112711,40.639392]]]},"properties":{"t":"HEAT/HOT WATER","n":43,"q":4}},{"type":"Feature","geometry":{"type":"Polygon","coordinates":[[[-74.13106,40.598849],[-74.131065,40.60155],[-74.134137,40.602897],[-74.137204,40.601543],[-74.137198,40.598841],[-74.134126,40.597494],[-74.13106,40.598849]]]},"properties":{"t":"HEAT/HOT WATER","n":2,"q":1}},{"type":"Feature","geometry":{"type":"Polygon","coordinates":[[[-74.164693,40.546124],[-74.1647,40.548826],[-74.167771,40.550172],[-74.170834,40.548817],[-74.170827,40.546115],[-74.167757,40.544769],[-74.164693,40.546124]]]},"properties":{"t":"HEAT/HOT WATER","n":6,"q":3}},{"type":"Feature","geometry":{"type":"Polygon","coordinates":[[[-74.121873,40.611016],[-74.121878,40.613717],[-74.124951,40.615065],[-74.128019,40.613711],[-74.128013,40.611009],[-74.124941,40.609662],[-74.121873,40.611016]]]},"properties":{"t":"HEAT/HOT WATER","n":2,"q":1}},{"type":"Feature","geometry":{"type":"Polygon","coordinates":[[[-74.085054,40.627258],[-74.085058,40.62996],[-74.08813,40.631308],[-74.091199,40.629955],[-74.091196,40.627254],[-74.088123,40.625905],[-74.085054,40.627258]]]},"properties":{"t":"HEAT/HOT WATER","n":1,"q":0}},{"type":"Feature","geometry":{"type":"Polygon","coordinates":[[[-74.128029,40.619114],[-74.128034,40.621815],[-74.131107,40.623163],[-74.134175,40.621808],[-74.13417,40.619107],[-74.131097,40.61776],[-74.128029,40.619114]]]},"properties":{"t":"HEAT/HOT WATER","n":2,"q":1}},{"type":"Feature","geometry":{"type":"Polygon","coordinates":[[[-74.072736,40.594848],[-74.072739,40.59755],[-74.07581,40.598898],[-74.078878,40.597545],[-74.078874,40.594844],[-74.075804,40.593495],[-74.072736,40.594848]]]},"properties":{"t":"HEAT/HOT WATER","n":2,"q":1}},{"type":"Feature","geometry":{"type":"Polygon","coordinates":[[[-74.137099,40.550213],[-74.137104,40.552915],[-74.140174,40.554262],[-74.143239,40.552907],[-74.143233,40.550206],[-74.140163,40.548859],[-74.137099,40.550213]]]},"properties":{"t":"HEAT/HOT WATER","n":5,"q":2}},{"type":"Feature","geometry":{"type":"Polygon","coordinates":[[[-74.155672,40.623132],[-74.155678,40.625834],[-74.158752,40.62718],[-74.161819,40.625825],[-74.161813,40.623124],[-74.158739,40.621777],[-74.155672,40.623132]]]},"properties":{"t":"HEAT/HOT WATER","n":36,"q":4}},{"type":"Feature","geometry":{"type":"Polygon","coordinates":[[[-74.12486,40.566437],[-74.124865,40.569138],[-74.127936,40.570486],[-74.131001,40.569131],[-74.130996,40.56643],[-74.127925,40.565082],[-74.12486,40.566437]]]},"properties":{"t":"HEAT/HOT WATER","n":3,"q":2}},{"type":"Feature","geometry":{"type":"Polygon","coordinates":[[[-74.072771,40.627267],[-74.072774,40.629968],[-74.075847,40.631317],[-74.078916,40.629964],[-74.078913,40.627263],[-74.07584,40.625914],[-74.072771,40.627267]]]},"properties":{"t":"HEAT/HOT WATER","n":31,"q":4}},{"type":"Feature","geometry":{"type":"Polygon","coordinates":[[[-74.161577,40.525867],[-74.161584,40.528568],[-74.164653,40.529915],[-74.167716,40.52856],[-74.16771,40.525858],[-74.16464,40.524512],[-74.161577,40.525867]]]},"properties":{"t":"HEAT/HOT WATER","n":2,"q":1}},{"type":"Feature","geometry":{"type":"Polygon","coordinates":[[[-74.155521,40.558294],[-74.155527,40.560996],[-74.158598,40.562343],[-74.161662,40.560987],[-74.161656,40.558286],[-74.158585,40.556939],[-74.155521,40.558294]]]},"properties":{"t":"HEAT/HOT WATER","n":5,"q":2}},{"type":"Feature","geometry":{"type":"Polygon","coordinates":[[[-74.081988,40.631313],[-74.081992,40.634014],[-74.085064,40.635363],[-74.088134,40.63401],[-74.08813,40.631308],[-74.085058,40.62996],[-74.081988,40.631313]]]},"properties":{"t":"HEAT/HOT WATER","n":25,"q":4}},{"type":"Feature","geometry":{"type":"Polygon","coordinates":[[[-74.085013,40.59484],[-74.085016,40.597541],[-74.088087,40.59889],[-74.091155,40.597536],[-74.091151,40.594835],[-74.08808,40.593486],[-74.085013,40.59484]]]},"properties":{"t":"HEAT/HOT WATER","n":6,"q":3}},{"type":"Feature","geometry":{"type":"Polygon","coordinates":[[[-74.213688,40.521729],[-74.213696,40.524431],[-74.216767,40.525776],[-74.219828,40.524419],[-74.219819,40.521718],[-74.216749,40.520373],[-74.213688,40.521729]]]},"properties":{"t":"HEAT/HOT WATER","n":3,"q":2}},{"type":"Feature","geometry":{"type":"Polygon","coordinates":[[[-74.060474,40.611064],[-74.060476,40.613766],[-74.063547,40.615115],[-74.066616,40.613763],[-74.066614,40.611061],[-74.063542,40.609712],[-74.060474,40.611064]]]},"properties":{"t":"HEAT/HOT WATER","n":5,"q":2}},{"type":"Feature","geometry":{"type":"Polygon","coordinates":[[[-74.085044,40.619154],[-74.085047,40.621855],[-74.08812,40.623204],[-74.091188,40.62185],[-74.091185,40.619149],[-74.088112,40.617801],[-74.085044,40.619154]]]},"properties":{"t":"HEAT/HOT WATER","n":6,"q":3}},{"type":"Feature","geometry":{"type":"Polygon","coordinates":[[[-74.124921,40.598855],[-74.124926,40.601557],[-74.127998,40.602904],[-74.131065,40.60155],[-74.13106,40.598849],[-74.127988,40.597501],[-74.124921,40.598855]]]},"properties":{"t":"HEAT/HOT WATER","n":1,"q":0}},{"type":"Feature","geometry":{"type":"Polygon","coordinates":[[[-74.140293,40.610995],[-74.140299,40.613696],[-74.143372,40.615043],[-74.146439,40.613689],[-74.146433,40.610987],[-74.14336,40.60964],[-74.140293,40.610995]]]},"properties":{"t":"HEAT/HOT WATER","n":2,"q":1}},{"type":"Feature","geometry":{"type":"Polygon","coordinates":[[[-74.118724,40.566443],[-74.118729,40.569145],[-74.1218,40.570492],[-74.124865,40.569138],[-74.12486,40.566437],[-74.12179,40.565089],[-74.118724,40.566443]]]},"properties":{"t":"HEAT/HOT WATER","n":1,"q":0}},{"type":"Feature","geometry":{"type":"Polygon","coordinates":[[[-74.081959,40.606999],[-74.081962,40.6097],[-74.085034,40.611049],[-74.088102,40.609696],[-74.088098,40.606994],[-74.085027,40.605646],[-74.081959,40.606999]]]},"properties":{"t":"HEAT/HOT WATER","n":7,"q":3}},{"type":"Feature","geometry":{"type":"Polygon","coordinates":[[[-74.066597,40.594852],[-74.0666,40.597553],[-74.069671,40.598902],[-74.072739,40.59755],[-74.072736,40.594848],[-74.069665,40.593499],[-74.066597,40.594852]]]},"properties":{"t":"HEAT/HOT WATER","n":11,"q":3}},{"type":"Feature","geometry":{"type":"Polygon","coordinates":[[[-74.11884,40.631281],[-74.118844,40.633982],[-74.121918,40.63533],[-74.124986,40.633976],[-74.124981,40.631274],[-74.121908,40.629927],[-74.11884,40.631281]]]},"properties":{"t":"HEAT/HOT WATER","n":8,"q":3}},{"type":"Feature","geometry":{"type":"Polygon","coordinates":[[[-74.085034,40.611049],[-74.085037,40.61375],[-74.088109,40.615099],[-74.091177,40.613746],[-74.091173,40.611044],[-74.088102,40.609696],[-74.085034,40.611049]]]},"properties":{"t":"HEAT/HOT WATER","n":7,"q":3}},{"type":"Feature","geometry":{"type":"Polygon","coordinates":[[[-74.069688,40.615112],[-74.069691,40.617813],[-74.072762,40.619162],[-74.075831,40.617809],[-74.075828,40.615108],[-74.072756,40.613759],[-74.069688,40.615112]]]},"properties":{"t":"HEAT/HOT WATER","n":22,"q":4}},{"type":"Feature","geometry":{"type":"Polygon","coordinates":[[[-74.161813,40.623124],[-74.161819,40.625825],[-74.164893,40.627172],[-74.167961,40.625816],[-74.167954,40.623115],[-74.16488,40.621768],[-74.161813,40.623124]]]},"properties":{"t":"HEAT/HOT WATER","n":89,"q":4}},{"type":"Feature","geometry":{"type":"Polygon","coordinates":[[[-74.134137,40.602897],[-74.134143,40.605599],[-74.137215,40.606946],[-74.140282,40.605592],[-74.140276,40.60289],[-74.137204,40.601543],[-74.134137,40.602897]]]},"properties":{"t":"HEAT/HOT WATER","n":1,"q":0}},{"type":"Feature","geometry":{"type":"Polygon","coordinates":[[[-74.158752,40.62718],[-74.158758,40.629882],[-74.161832,40.631228],[-74.1649,40.629873],[-74.164893,40.627172],[-74.161819,40.625825],[-74.158752,40.62718]]]},"properties":{"t":"HEAT/HOT WATER","n":7,"q":3}},{"type":"Feature","geometry":{"type":"Polygon","coordinates":[[[-74.161793,40.615019],[-74.1618,40.61772],[-74.164873,40.619067],[-74.16794,40.617712],[-74.167933,40.61501],[-74.16486,40.613664],[-74.161793,40.615019]]]},"properties":{"t":"HEAT/HOT WATER","n":1,"q":0}},{"type":"Feature","geometry":{"type":"Polygon","coordinates":[[[-74.088141,40.639413],[-74.088145,40.642115],[-74.091218,40.643463],[-74.094287,40.64211],[-74.094284,40.639408],[-74.09121,40.63806],[-74.088141,40.639413]]]},"properties":{"t":"HEAT/HOT WATER","n":9,"q":3}},{"type":"Feature","geometry":{"type":"Polygon","coordinates":[[[-74.103466,40.619139],[-74.10347,40.62184],[-74.106543,40.623188],[-74.109611,40.621834],[-74.109607,40.619133],[-74.106534,40.617785],[-74.103466,40.619139]]]},"properties":{"t":"HEAT/HOT WATER","n":4,"q":2}},{"type":"Feature","geometry":{"type":"Polygon","coordinates":[[[-74.219819,40.521718],[-74.219828,40.524419],[-74.222899,40.525764],[-74.22596,40.524407],[-74.225951,40.521706],[-74.222881,40.520361],[-74.219819,40.521718]]]},"properties":{"t":"HEAT/HOT WATER","n":7,"q":3}},{"type":"Feature","geometry":{"type":"Polygon","coordinates":[[[-74.241237,40.509518],[-74.241247,40.512219],[-74.244317,40.513563],[-74.247377,40.512206],[-74.247367,40.509504],[-74.244297,40.50816],[-74.241237,40.509518]]]},"properties":{"t":"HEAT/HOT WATER","n":3,"q":2}},{"type":"Feature","geometry":{"type":"Polygon","coordinates":[[[-74.164833,40.602857],[-74.16484,40.605559],[-74.167913,40.606905],[-74.170979,40.60555],[-74.170973,40.602848],[-74.1679,40.601502],[-74.164833,40.602857]]]},"properties":{"t":"HEAT/HOT WATER","n":2,"q":1}},{"type":"Feature","geometry":{"type":"Polygon","coordinates":[[[-74.091129,40.578625],[-74.091133,40.581327],[-74.094203,40.582675],[-74.09727,40.581322],[-74.097266,40.57862],[-74.094196,40.577272],[-74.091129,40.578625]]]},"properties":{"t":"HEAT/HOT WATER","n":4,"q":2}},{"type":"Feature","geometry":{"type":"Polygon","coordinates":[[[-74.075847,40.631317],[-74.07585,40.634019],[-74.078922,40.635367],[-74.081992,40.634014],[-74.081988,40.631313],[-74.078916,40.629964],[-74.075847,40.631317]]]},"properties":{"t":"HEAT/HOT WATER","n":39,"q":4}},{"type":"Feature","geometry":{"type":"Polygon","coordinates":[[[-74.15854,40.538028],[-74.158547,40.54073],[-74.161617,40.542076],[-74.16468,40.540721],[-74.164673,40.53802],[-74.161603,40.536673],[-74.15854,40.538028]]]},"properties":{"t":"HEAT/HOT WATER","n":1,"q":0}},{"type":"Feature","geometry":{"type":"Polygon","coordinates":[[[-74.16773,40.533963],[-74.167737,40.536664],[-74.170807,40.538011],[-74.17387,40.536655],[-74.173863,40.533954],[-74.170793,40.532608],[-74.16773,40.533963]]]},"properties":{"t":"HEAT/HOT WATER","n":1,"q":0}},{"type":"Feature","geometry":{"type":"Polygon","coordinates":[[[-74.091207,40.635358],[-74.09121,40.63806],[-74.094284,40.639408],[-74.097353,40.638055],[-74.097349,40.635353],[-74.094276,40.634005],[-74.091207,40.635358]]]},"properties":{"t":"HEAT/HOT WATER","n":2,"q":1}},{"type":"Feature","geometry":{"type":"Polygon","coordinates":[[[-74.118796,40.606967],[-74.118801,40.609668],[-74.121873,40.611016],[-74.124941,40.609662],[-74.124936,40.60696],[-74.121864,40.605613],[-74.118796,40.606967]]]},"properties":{"t":"HEAT/HOT WATER","n":1,"q":0}},{"type":"Feature","geometry":{"type":"Polygon","coordinates":[[[-74.158579,40.554238],[-74.158585,40.556939],[-74.161656,40.558286],[-74.16472,40.556931],[-74.164713,40.554229],[-74.161643,40.552883],[-74.158579,40.554238]]]},"properties":{"t":"HEAT/HOT WATER","n":7,"q":3}},{"type":"Feature","geometry":{"type":"Polygon","coordinates":[[[-74.164673,40.53802],[-74.16468,40.540721],[-74.16775,40.542068],[-74.170814,40.540712],[-74.170807,40.538011],[-74.167737,40.536664],[-74.164673,40.53802]]]},"properties":{"t":"HEAT/HOT WATER","n":9,"q":3}},{"type":"Feature","geometry":{"type":"Polygon","coordinates":[[[-74.21374,40.537939],[-74.213748,40.54064],[-74.216819,40.541985],[-74.219882,40.540629],[-74.219873,40.537927],[-74.216802,40.536582],[-74.21374,40.537939]]]},"properties":{"t":"HEAT/HOT WATER","n":2,"q":1}},{"type":"Feature","geometry":{"type":"Polygon","coordinates":[[[-74.131107,40.623163],[-74.131113,40.625864],[-74.134186,40.627211],[-74.137254,40.625857],[-74.137248,40.623156],[-74.134175,40.621808],[-74.131107,40.623163]]]},"properties":{"t":"HEAT/HOT WATER","n":14,"q":4}},{"type":"Feature","geometry":{"type":"Polygon","coordinates":[[[-74.109633,40.635342],[-74.109638,40.638044],[-74.112711,40.639392],[-74.11578,40.638038],[-74.115776,40.635336],[-74.112702,40.633988],[-74.109633,40.635342]]]},"properties":{"t":"HEAT/HOT WATER","n":9,"q":3}},{"type":"Feature","geometry":{"type":"Polygon","coordinates":[[[-74.167913,40.606905],[-74.16792,40.609607],[-74.170993,40.610953],[-74.17406,40.609598],[-74.174053,40.606896],[-74.170979,40.60555],[-74.167913,40.606905]]]},"properties":{"t":"HEAT/HOT WATER","n":5,"q":2}},{"type":"Feature","geometry":{"type":"Polygon","coordinates":[[[-74.112602,40.574554],[-74.112606,40.577256],[-74.115677,40.578603],[-74.118743,40.577249],[-74.118739,40.574548],[-74.115668,40.5732],[-74.112602,40.574554]]]},"properties":{"t":"HEAT/HOT WATER","n":1,"q":0}},{"type":"Feature","geometry":{"type":"Polygon","coordinates":[[[-74.106556,40.631293],[-74.10656,40.633994],[-74.109633,40.635342],[-74.112702,40.633988],[-74.112698,40.631287],[-74.109625,40.629939],[-74.106556,40.631293]]]},"properties":{"t":"HEAT/HOT WATER","n":1,"q":0}},{"type":"Feature","geometry":{"type":"Polygon","coordinates":[[[-74.180039,40.550154],[-74.180047,40.552855],[-74.183118,40.554201],[-74.186181,40.552846],[-74.186174,40.550144],[-74.183103,40.548798],[-74.180039,40.550154]]]},"properties":{"t":"HEAT/HOT WATER","n":1,"q":0}},{"type":"Feature","geometry":{"type":"Polygon","coordinates":[[[-74.097302,40.602934],[-74.097306,40.605636],[-74.100377,40.606984],[-74.103445,40.605631],[-74.103441,40.602929],[-74.100369,40.601581],[-74.097302,40.602934]]]},"properties":{"t":"HEAT/HOT WATER","n":1,"q":0}},{"type":"Feature","geometry":{"type":"Polygon","coordinates":[[[-74.130964,40.55022],[-74.130969,40.552922],[-74.134039,40.554269],[-74.137104,40.552915],[-74.137099,40.550213],[-74.134029,40.548866],[-74.130964,40.55022]]]},"properties":{"t":"HEAT/HOT WATER","n":1,"q":0}},{"type":"Feature","geometry":{"type":"Polygon","coordinates":[[[-74.124936,40.60696],[-74.124941,40.609662],[-74.128013,40.611009],[-74.131081,40.609655],[-74.131075,40.606953],[-74.128003,40.605606],[-74.124936,40.60696]]]},"properties":{"t":"HEAT/HOT WATER","n":3,"q":2}},{"type":"Feature","geometry":{"type":"Polygon","coordinates":[[[-74.063547,40.615115],[-74.06355,40.617817],[-74.066622,40.619166],[-74.069691,40.617813],[-74.069688,40.615112],[-74.066616,40.613763],[-74.063547,40.615115]]]},"properties":{"t":"HEAT/HOT WATER","n":2,"q":1}},{"type":"Feature","geometry":{"type":"Polygon","coordinates":[[[-74.19837,40.525809],[-74.198378,40.528511],[-74.201449,40.529856],[-74.204511,40.5285],[-74.204502,40.525798],[-74.201432,40.524453],[-74.19837,40.525809]]]},"properties":{"t":"HEAT/HOT WATER","n":1,"q":0}},{"type":"Feature","geometry":{"type":"Polygon","coordinates":[[[-74.069662,40.590797],[-74.069665,40.593499],[-74.072736,40.594848],[-74.075804,40.593495],[-74.075801,40.590794],[-74.07273,40.589445],[-74.069662,40.590797]]]},"properties":{"t":"HEAT/HOT WATER","n":7,"q":3}},{"type":"Feature","geometry":{"type":"Polygon","coordinates":[[[-74.115649,40.562394],[-74.115654,40.565095],[-74.118724,40.566443],[-74.12179,40.565089],[-74.121785,40.562387],[-74.118715,40.56104],[-74.115649,40.562394]]]},"properties":{"t":"HEAT/HOT WATER","n":7,"q":3}},{"type":"Feature","geometry":{"type":"Polygon","coordinates":[[[-74.140174,40.554262],[-74.14018,40.556963],[-74.14325,40.55831],[-74.146315,40.556956],[-74.146309,40.554254],[-74.143239,40.552907],[-74.140174,40.554262]]]},"properties":{"t":"HEAT/HOT WATER","n":20,"q":4}},{"type":"Feature","geometry":{"type":"Polygon","coordinates":[[[-74.097325,40.619144],[-74.097329,40.621845],[-74.100402,40.623194],[-74.10347,40.62184],[-74.103466,40.619139],[-74.100394,40.61779],[-74.097325,40.619144]]]},"properties":{"t":"HEAT/HOT WATER","n":8,"q":3}},{"type":"Feature","geometry":{"type":"Polygon","coordinates":[[[-74.094192,40.574571],[-74.094196,40.577272],[-74.097266,40.57862],[-74.100333,40.577267],[-74.100329,40.574565],[-74.097258,40.573217],[-74.094192,40.574571]]]},"properties":{"t":"HEAT/HOT WATER","n":1,"q":0}},{"type":"Feature","geometry":{"type":"Polygon","coordinates":[[[-74.146291,40.546149],[-74.146297,40.548851],[-74.149367,40.550198],[-74.152431,40.548843],[-74.152425,40.546141],[-74.149355,40.544795],[-74.146291,40.546149]]]},"properties":{"t":"HEAT/HOT WATER","n":2,"q":1}},{"type":"Feature","geometry":{"type":"Polygon","coordinates":[[[-74.121844,40.594806],[-74.121849,40.597508],[-74.124921,40.598855],[-74.127988,40.597501],[-74.127982,40.5948],[-74.124911,40.593452],[-74.121844,40.594806]]]},"properties":{"t":"HEAT/HOT WATER","n":1,"q":0}},{"type":"Feature","geometry":{"type":"Polygon","coordinates":[[[-74.198442,40.550123],[-74.19845,40.552825],[-74.201522,40.55417],[-74.204585,40.552814],[-74.204577,40.550113],[-74.201506,40.548767],[-74.198442,40.550123]]]},"properties":{"t":"HEAT/HOT WATER","n":1,"q":0}},{"type":"Feature","geometry":{"type":"Polygon","coordinates":[[[-74.069679,40.607007],[-74.069682,40.609708],[-74.072754,40.611057],[-74.075822,40.609705],[-74.075819,40.607003],[-74.072748,40.605654],[-74.069679,40.607007]]]},"properties":{"t":"HEAT/HOT WATER","n":17,"q":4}},{"type":"Feature","geometry":{"type":"Polygon","coordinates":[[[-74.198418,40.542019],[-74.198426,40.54472],[-74.201497,40.546066],[-74.20456,40.54471],[-74.204552,40.542008],[-74.201481,40.540663],[-74.198418,40.542019]]]},"properties":{"t":"HEAT/HOT WATER","n":1,"q":0}},{"type":"Feature","geometry":{"type":"Polygon","coordinates":[[[-74.143216,40.542101],[-74.143221,40.544802],[-74.146291,40.546149],[-74.149355,40.544795],[-74.149349,40.542093],[-74.146279,40.540746],[-74.143216,40.542101]]]},"properties":{"t":"HEAT/HOT WATER","n":4,"q":2}},{"type":"Feature","geometry":{"type":"Polygon","coordinates":[[[-74.140345,40.635309],[-74.14035,40.63801],[-74.143424,40.639357],[-74.146493,40.638003],[-74.146487,40.635301],[-74.143413,40.633954],[-74.140345,40.635309]]]},"properties":{"t":"HEAT/HOT WATER","n":6,"q":3}},{"type":"Feature","geometry":{"type":"Polygon","coordinates":[[[-74.183095,40.546097],[-74.183103,40.548798],[-74.186174,40.550144],[-74.189237,40.548788],[-74.189229,40.546087],[-74.186159,40.544741],[-74.183095,40.546097]]]},"properties":{"t":"HEAT/HOT WATER","n":3,"q":2}},{"type":"Feature","geometry":{"type":"Polygon","coordinates":[[[-74.244317,40.513563],[-74.244327,40.516265],[-74.247397,40.517609],[-74.250458,40.516252],[-74.250448,40.51355],[-74.247377,40.512206],[-74.244317,40.513563]]]},"properties":{"t":"HEAT/HOT WATER","n":3,"q":2}},{"type":"Feature","geometry":{"type":"Polygon","coordinates":[[[-74.124981,40.631274],[-74.124986,40.633976],[-74.12806,40.635323],[-74.131129,40.633969],[-74.131123,40.631267],[-74.12805,40.62992],[-74.124981,40.631274]]]},"properties":{"t":"HEAT/HOT WATER","n":5,"q":2}},{"type":"Feature","geometry":{"type":"Polygon","coordinates":[[[-74.124951,40.615065],[-74.124956,40.617766],[-74.128029,40.619114],[-74.131097,40.61776],[-74.131091,40.615058],[-74.128019,40.613711],[-74.124951,40.615065]]]},"properties":{"t":"HEAT/HOT WATER","n":3,"q":2}},{"type":"Feature","geometry":{"type":"Polygon","coordinates":[[[-74.063532,40.598906],[-74.063535,40.601607],[-74.066605,40.602956],[-74.069674,40.601604],[-74.069671,40.598902],[-74.0666,40.597553],[-74.063532,40.598906]]]},"properties":{"t":"HEAT/HOT WATER","n":9,"q":3}},{"type":"Feature","geometry":{"type":"Polygon","coordinates":[[[-74.161774,40.606914],[-74.16178,40.609616],[-74.164853,40.610962],[-74.16792,40.609607],[-74.167913,40.606905],[-74.16484,40.605559],[-74.161774,40.606914]]]},"properties":{"t":"HEAT/HOT WATER","n":2,"q":1}},{"type":"Feature","geometry":{"type":"Polygon","coordinates":[[[-74.115762,40.627232],[-74.115766,40.629933],[-74.11884,40.631281],[-74.121908,40.629927],[-74.121903,40.627225],[-74.11883,40.625878],[-74.115762,40.627232]]]},"properties":{"t":"HEAT/HOT WATER","n":9,"q":3}},{"type":"Feature","geometry":{"type":"Polygon","coordinates":[[[-74.072754,40.611057],[-74.072756,40.613759],[-74.075828,40.615108],[-74.078897,40.613755],[-74.078894,40.611053],[-74.075822,40.609705],[-74.072754,40.611057]]]},"properties":{"t":"HEAT/HOT WATER","n":2,"q":1}},{"type":"Feature","geometry":{"type":"Polygon","coordinates":[[[-74.201473,40.537961],[-74.201481,40.540663],[-74.204552,40.542008],[-74.207615,40.540652],[-74.207606,40.53795],[-74.204535,40.536605],[-74.201473,40.537961]]]},"properties":{"t":"HEAT/HOT WATER","n":1,"q":0}},{"type":"Feature","geometry":{"type":"Polygon","coordinates":[[[-74.134186,40.627211],[-74.134191,40.629913],[-74.137265,40.63126],[-74.140333,40.629906],[-74.140327,40.627204],[-74.137254,40.625857],[-74.134186,40.627211]]]},"properties":{"t":"HEAT/HOT WATER","n":5,"q":2}},{"type":"Feature","geometry":{"type":"Polygon","coordinates":[[[-74.137248,40.623156],[-74.137254,40.625857],[-74.140327,40.627204],[-74.143395,40.62585],[-74.143389,40.623148],[-74.140316,40.621801],[-74.137248,40.623156]]]},"properties":{"t":"HEAT/HOT WATER","n":3,"q":2}},{"type":"Feature","geometry":{"type":"Polygon","coordinates":[[[-74.158656,40.586657],[-74.158662,40.589358],[-74.161734,40.590705],[-74.1648,40.58935],[-74.164793,40.586648],[-74.161721,40.585302],[-74.158656,40.586657]]]},"properties":{"t":"HEAT/HOT WATER","n":1,"q":0}},{"type":"Feature","geometry":{"type":"Polygon","coordinates":[[[-74.158733,40.619075],[-74.158739,40.621777],[-74.161813,40.623124],[-74.16488,40.621768],[-74.164873,40.619067],[-74.1618,40.61772],[-74.158733,40.619075]]]},"properties":{"t":"HEAT/HOT WATER","n":4,"q":2}},{"type":"Feature","geometry":{"type":"Polygon","coordinates":[[[-74.124875,40.574541],[-74.12488,40.577243],[-74.127951,40.57859],[-74.131017,40.577236],[-74.131012,40.574534],[-74.127941,40.573187],[-74.124875,40.574541]]]},"properties":{"t":"HEAT/HOT WATER","n":1,"q":0}},{"type":"Feature","geometry":{"type":"Polygon","coordinates":[[[-74.14638,40.586673],[-74.146386,40.589375],[-74.149458,40.590721],[-74.152524,40.589367],[-74.152518,40.586665],[-74.149446,40.585318],[-74.14638,40.586673]]]},"properties":{"t":"HEAT/HOT WATER","n":3,"q":2}},{"type":"Feature","geometry":{"type":"Polygon","coordinates":[[[-74.131139,40.639372],[-74.131144,40.642074],[-74.134219,40.643421],[-74.137287,40.642066],[-74.137282,40.639365],[-74.134208,40.638018],[-74.131139,40.639372]]]},"properties":{"t":"HEAT/HOT WATER","n":10,"q":3}},{"type":"Feature","geometry":{"type":"Polygon","coordinates":[[[-74.12792,40.562381],[-74.127925,40.565082],[-74.130996,40.56643],[-74.134061,40.565075],[-74.134056,40.562374],[-74.130985,40.561027],[-74.12792,40.562381]]]},"properties":{"t":"HEAT/HOT WATER","n":2,"q":1}},{"type":"Feature","geometry":{"type":"Polygon","coordinates":[[[-74.057393,40.598909],[-74.057395,40.601611],[-74.060466,40.60296],[-74.063535,40.601607],[-74.063532,40.598906],[-74.060461,40.597557],[-74.057393,40.598909]]]},"properties":{"t":"HEAT/HOT WATER","n":5,"q":2}},{"type":"Feature","geometry":{"type":"Polygon","coordinates":[[[-74.235163,40.52574],[-74.235173,40.528441],[-74.238244,40.529786],[-74.241305,40.528429],[-74.241295,40.525727],[-74.238224,40.524383],[-74.235163,40.52574]]]},"properties":{"t":"HEAT/HOT WATER","n":1,"q":0}},{"type":"Feature","geometry":{"type":"Polygon","coordinates":[[[-74.127982,40.5948],[-74.127988,40.597501],[-74.13106,40.598849],[-74.134126,40.597494],[-74.134121,40.594793],[-74.131049,40.593445],[-74.127982,40.5948]]]},"properties":{"t":"HEAT/HOT WATER","n":4,"q":2}},{"type":"Feature","geometry":{"type":"Polygon","coordinates":[[[-74.094284,40.639408],[-74.094287,40.64211],[-74.097361,40.643458],[-74.10043,40.642105],[-74.100426,40.639403],[-74.097353,40.638055],[-74.094284,40.639408]]]},"properties":{"t":"HEAT/HOT WATER","n":5,"q":2}},{"type":"Feature","geometry":{"type":"Polygon","coordinates":[[[-74.091118,40.570521],[-74.091122,40.573222],[-74.094192,40.574571],[-74.097258,40.573217],[-74.097254,40.570516],[-74.094184,40.569167],[-74.091118,40.570521]]]},"properties":{"t":"HEAT/HOT WATER","n":3,"q":2}},{"type":"Feature","geometry":{"type":"Polygon","coordinates":[[[-74.075801,40.590794],[-74.075804,40.593495],[-74.078874,40.594844],[-74.081942,40.593491],[-74.081939,40.590789],[-74.078868,40.589441],[-74.075801,40.590794]]]},"properties":{"t":"HEAT/HOT WATER","n":5,"q":2}},{"type":"Feature","geometry":{"type":"Polygon","coordinates":[[[-74.097337,40.627249],[-74.097341,40.62995],[-74.100414,40.631298],[-74.103483,40.629945],[-74.103479,40.627243],[-74.100406,40.625895],[-74.097337,40.627249]]]},"properties":{"t":"HEAT/HOT WATER","n":6,"q":3}},{"type":"Feature","geometry":{"type":"Polygon","coordinates":[[[-74.15261,40.627188],[-74.152617,40.62989],[-74.155691,40.631237],[-74.158758,40.629882],[-74.158752,40.62718],[-74.155678,40.625834],[-74.15261,40.627188]]]},"properties":{"t":"HEAT/HOT WATER","n":3,"q":2}},{"type":"Feature","geometry":{"type":"Polygon","coordinates":[[[-74.164773,40.578543],[-74.16478,40.581245],[-74.167852,40.582591],[-74.170917,40.581236],[-74.17091,40.578534],[-74.167838,40.577188],[-74.164773,40.578543]]]},"properties":{"t":"HEAT/HOT WATER","n":4,"q":2}},{"type":"Feature","geometry":{"type":"Polygon","coordinates":[[[-74.137115,40.558318],[-74.137121,40.561019],[-74.140191,40.562366],[-74.143256,40.561012],[-74.14325,40.55831],[-74.14018,40.556963],[-74.137115,40.558318]]]},"properties":{"t":"HEAT/HOT WATER","n":1,"q":0}},{"type":"Feature","geometry":{"type":"Polygon","coordinates":[[[-74.21674,40.517671],[-74.216749,40.520373],[-74.219819,40.521718],[-74.222881,40.520361],[-74.222872,40.517659],[-74.219802,40.516315],[-74.21674,40.517671]]]},"properties":{"t":"HEAT/HOT WATER","n":2,"q":1}},{"type":"Feature","geometry":{"type":"Polygon","coordinates":[[[-74.11267,40.615078],[-74.112675,40.617779],[-74.115748,40.619127],[-74.118815,40.617773],[-74.118811,40.615071],[-74.115738,40.613724],[-74.11267,40.615078]]]},"properties":{"t":"HEAT/HOT WATER","n":1,"q":0}},{"type":"Feature","geometry":{"type":"Polygon","coordinates":[[[-74.167771,40.550172],[-74.167777,40.552874],[-74.170848,40.55422],[-74.173912,40.552865],[-74.173905,40.550163],[-74.170834,40.548817],[-74.167771,40.550172]]]},"properties":{"t":"HEAT/HOT WATER","n":8,"q":3}},{"type":"Feature","geometry":{"type":"Polygon","coordinates":[[[-74.112684,40.623182],[-74.112689,40.625884],[-74.115762,40.627232],[-74.11883,40.625878],[-74.118825,40.623176],[-74.115752,40.621828],[-74.112684,40.623182]]]},"properties":{"t":"HEAT/HOT WATER","n":1,"q":0}},{"type":"Feature","geometry":{"type":"Polygon","coordinates":[[[-74.127905,40.554276],[-74.12791,40.556978],[-74.13098,40.558325],[-74.134045,40.556971],[-74.134039,40.554269],[-74.130969,40.552922],[-74.127905,40.554276]]]},"properties":{"t":"HEAT/HOT WATER","n":4,"q":2}},{"type":"Feature","geometry":{"type":"Polygon","coordinates":[[[-74.207556,40.521741],[-74.207564,40.524442],[-74.210635,40.525787],[-74.213696,40.524431],[-74.213688,40.521729],[-74.210618,40.520384],[-74.207556,40.521741]]]},"properties":{"t":"HEAT/HOT WATER","n":2,"q":1}},{"type":"Feature","geometry":{"type":"Polygon","coordinates":[[[-74.146274,40.538045],[-74.146279,40.540746],[-74.149349,40.542093],[-74.152413,40.540738],[-74.152407,40.538037],[-74.149337,40.53669],[-74.146274,40.538045]]]},"properties":{"t":"HEAT/HOT WATER","n":1,"q":0}},{"type":"Feature","geometry":{"type":"Polygon","coordinates":[[[-74.134039,40.554269],[-74.134045,40.556971],[-74.137115,40.558318],[-74.14018,40.556963],[-74.140174,40.554262],[-74.137104,40.552915],[-74.134039,40.554269]]]},"properties":{"t":"HEAT/HOT WATER","n":1,"q":0}},{"type":"Feature","geometry":{"type":"Polygon","coordinates":[[[-74.164793,40.586648],[-74.1648,40.58935],[-74.167872,40.590696],[-74.170938,40.589341],[-74.170931,40.586639],[-74.167859,40.585293],[-74.164793,40.586648]]]},"properties":{"t":"HEAT/HOT WATER","n":11,"q":3}},{"type":"Feature","geometry":{"type":"Polygon","coordinates":[[[-74.063524,40.590801],[-74.063527,40.593503],[-74.066597,40.594852],[-74.069665,40.593499],[-74.069662,40.590797],[-74.066592,40.589449],[-74.063524,40.590801]]]},"properties":{"t":"HEAT/HOT WATER","n":4,"q":2}},{"type":"Feature","geometry":{"type":"Polygon","coordinates":[[[-74.081919,40.57458],[-74.081922,40.577282],[-74.084992,40.57863],[-74.088059,40.577277],[-74.088055,40.574575],[-74.084985,40.573227],[-74.081919,40.57458]]]},"properties":{"t":"HEAT/HOT WATER","n":2,"q":1}},{"type":"Feature","geometry":{"type":"Polygon","coordinates":[[[-74.097361,40.643458],[-74.097365,40.646159],[-74.100438,40.647508],[-74.103508,40.646154],[-74.103504,40.643453],[-74.10043,40.642105],[-74.097361,40.643458]]]},"properties":{"t":"HEAT/HOT WATER","n":2,"q":1}},{"type":"Feature","geometry":{"type":"Polygon","coordinates":[[[-74.088087,40.59889],[-74.088091,40.601591],[-74.091162,40.60294],[-74.09423,40.601586],[-74.094226,40.598885],[-74.091155,40.597536],[-74.088087,40.59889]]]},"properties":{"t":"HEAT/HOT WATER","n":4,"q":2}},{"type":"Feature","geometry":{"type":"Polygon","coordinates":[[[-74.192261,40.533924],[-74.192269,40.536626],[-74.19534,40.537972],[-74.198402,40.536616],[-74.198394,40.533914],[-74.195324,40.532568],[-74.192261,40.533924]]]},"properties":{"t":"HEAT/HOT WATER","n":1,"q":0}},{"type":"Feature","geometry":{"type":"Polygon","coordinates":[[[-74.167791,40.558277],[-74.167798,40.560979],[-74.170869,40.562325],[-74.173933,40.56097],[-74.173926,40.558268],[-74.170855,40.556922],[-74.167791,40.558277]]]},"properties":{"t":"HEAT/HOT WATER","n":2,"q":1}},{"type":"Feature","geometry":{"type":"Polygon","coordinates":[[[-74.115733,40.611022],[-74.115738,40.613724],[-74.118811,40.615071],[-74.121878,40.613717],[-74.121873,40.611016],[-74.118801,40.609668],[-74.115733,40.611022]]]},"properties":{"t":"HEAT/HOT WATER","n":1,"q":0}},{"type":"Feature","geometry":{"type":"Polygon","coordinates":[[[-74.174095,40.623106],[-74.174102,40.625807],[-74.177176,40.627153],[-74.180243,40.625798],[-74.180236,40.623096],[-74.177162,40.62175],[-74.174095,40.623106]]]},"properties":{"t":"HEAT/HOT WATER","n":1,"q":0}},{"type":"Feature","geometry":{"type":"Polygon","coordinates":[[[-74.155596,40.590713],[-74.155602,40.593415],[-74.158675,40.594761],[-74.161741,40.593406],[-74.161734,40.590705],[-74.158662,40.589358],[-74.155596,40.590713]]]},"properties":{"t":"HEAT/HOT WATER","n":3,"q":2}},{"type":"Feature","geometry":{"type":"Polygon","coordinates":[[[-74.219899,40.546032],[-74.219908,40.548734],[-74.22298,40.550078],[-74.226043,40.548722],[-74.226033,40.54602],[-74.222962,40.544675],[-74.219899,40.546032]]]},"properties":{"t":"HEAT/HOT WATER","n":1,"q":0}},{"type":"Feature","geometry":{"type":"Polygon","coordinates":[[[-74.100365,40.598879],[-74.100369,40.601581],[-74.103441,40.602929],[-74.106508,40.601576],[-74.106504,40.598874],[-74.103433,40.597526],[-74.100365,40.598879]]]},"properties":{"t":"HEAT/HOT WATER","n":1,"q":0}},{"type":"Feature","geometry":{"type":"Polygon","coordinates":[[[-74.094226,40.598885],[-74.09423,40.601586],[-74.097302,40.602934],[-74.100369,40.601581],[-74.100365,40.598879],[-74.097294,40.597531],[-74.094226,40.598885]]]},"properties":{"t":"HEAT/HOT WATER","n":2,"q":1}},{"type":"Feature","geometry":{"type":"Polygon","coordinates":[[[-74.12177,40.554283],[-74.121775,40.556984],[-74.124845,40.558332],[-74.12791,40.556978],[-74.127905,40.554276],[-74.124835,40.552929],[-74.12177,40.554283]]]},"properties":{"t":"HEAT/HOT WATER","n":1,"q":0}},{"type":"Feature","geometry":{"type":"Polygon","coordinates":[[[-74.091162,40.60294],[-74.091166,40.605641],[-74.094238,40.606989],[-74.097306,40.605636],[-74.097302,40.602934],[-74.09423,40.601586],[-74.091162,40.60294]]]},"properties":{"t":"HEAT/HOT WATER","n":1,"q":0}},{"type":"Feature","geometry":{"type":"Polygon","coordinates":[[[-74.09729,40.59483],[-74.097294,40.597531],[-74.100365,40.598879],[-74.103433,40.597526],[-74.103428,40.594824],[-74.100357,40.593476],[-74.09729,40.59483]]]},"properties":{"t":"HEAT/HOT WATER","n":1,"q":0}},{"type":"Feature","geometry":{"type":"Polygon","coordinates":[[[-74.091151,40.594835],[-74.091155,40.597536],[-74.094226,40.598885],[-74.097294,40.597531],[-74.09729,40.59483],[-74.094219,40.593482],[-74.091151,40.594835]]]},"properties":{"t":"HEAT/HOT WATER","n":2,"q":1}},{"type":"Feature","geometry":{"type":"Polygon","coordinates":[[[-74.118811,40.615071],[-74.118815,40.617773],[-74.121888,40.61912],[-74.124956,40.617766],[-74.124951,40.615065],[-74.121878,40.613717],[-74.118811,40.615071]]]},"properties":{"t":"HEAT/HOT WATER","n":2,"q":1}},{"type":"Feature","geometry":{"type":"Polygon","coordinates":[[[-74.075865,40.647526],[-74.075868,40.650228],[-74.078941,40.651577],[-74.082012,40.650224],[-74.082008,40.647522],[-74.078935,40.646174],[-74.075865,40.647526]]]},"properties":{"t":"HEAT/HOT WATER","n":2,"q":1}},{"type":"Feature","geometry":{"type":"Polygon","coordinates":[[[-74.112698,40.631287],[-74.112702,40.633988],[-74.115776,40.635336],[-74.118844,40.633982],[-74.11884,40.631281],[-74.115766,40.629933],[-74.112698,40.631287]]]},"properties":{"t":"HEAT/HOT WATER","n":5,"q":2}},{"type":"Feature","geometry":{"type":"Polygon","coordinates":[[[-74.1218,40.570492],[-74.121804,40.573194],[-74.124875,40.574541],[-74.127941,40.573187],[-74.127936,40.570486],[-74.124865,40.569138],[-74.1218,40.570492]]]},"properties":{"t":"HEAT/HOT WATER","n":2,"q":1}},{"type":"Feature","geometry":{"type":"Polygon","coordinates":[[[-74.134056,40.562374],[-74.134061,40.565075],[-74.137132,40.566423],[-74.140197,40.565068],[-74.140191,40.562366],[-74.137121,40.561019],[-74.134056,40.562374]]]},"properties":{"t":"HEAT/HOT WATER","n":2,"q":1}},{"type":"Feature","geometry":{"type":"Polygon","coordinates":[[[-74.094249,40.615094],[-74.094253,40.617796],[-74.097325,40.619144],[-74.100394,40.61779],[-74.10039,40.615089],[-74.097317,40.613741],[-74.094249,40.615094]]]},"properties":{"t":"HEAT/HOT WATER","n":3,"q":2}},{"type":"Feature","geometry":{"type":"Polygon","coordinates":[[[-74.106569,40.639397],[-74.106573,40.642099],[-74.109647,40.643447],[-74.112716,40.642093],[-74.112711,40.639392],[-74.109638,40.638044],[-74.106569,40.639397]]]},"properties":{"t":"HEAT/HOT WATER","n":6,"q":3}},{"type":"Feature","geometry":{"type":"Polygon","coordinates":[[[-74.106439,40.55835],[-74.106444,40.561052],[-74.109514,40.5624],[-74.112579,40.561046],[-74.112575,40.558344],[-74.109505,40.556997],[-74.106439,40.55835]]]},"properties":{"t":"HEAT/HOT WATER","n":5,"q":2}},{"type":"Feature","geometry":{"type":"Polygon","coordinates":[[[-74.121859,40.602911],[-74.121864,40.605613],[-74.124936,40.60696],[-74.128003,40.605606],[-74.127998,40.602904],[-74.124926,40.601557],[-74.121859,40.602911]]]},"properties":{"t":"HEAT/HOT WATER","n":1,"q":0}},{"type":"Feature","geometry":{"type":"Polygon","coordinates":[[[-74.235106,40.50953],[-74.235116,40.512232],[-74.238186,40.513576],[-74.241247,40.512219],[-74.241237,40.509518],[-74.238167,40.508173],[-74.235106,40.50953]]]},"properties":{"t":"HEAT/HOT WATER","n":2,"q":1}},{"type":"Feature","geometry":{"type":"Polygon","coordinates":[[[-74.195363,40.546076],[-74.195371,40.548778],[-74.198442,40.550123],[-74.201506,40.548767],[-74.201497,40.546066],[-74.198426,40.54472],[-74.195363,40.546076]]]},"properties":{"t":"HEAT/HOT WATER","n":2,"q":1}},{"type":"Feature","geometry":{"type":"Polygon","coordinates":[[[-74.097266,40.57862],[-74.09727,40.581322],[-74.100341,40.58267],[-74.103407,40.581317],[-74.103403,40.578615],[-74.100333,40.577267],[-74.097266,40.57862]]]},"properties":{"t":"HEAT/HOT WATER","n":1,"q":0}},{"type":"Feature","geometry":{"type":"Polygon","coordinates":[[[-74.176983,40.554211],[-74.17699,40.556912],[-74.180061,40.558258],[-74.183125,40.556903],[-74.183118,40.554201],[-74.180047,40.552855],[-74.176983,40.554211]]]},"properties":{"t":"HEAT/HOT WATER","n":2,"q":1}},{"type":"Feature","geometry":{"type":"Polygon","coordinates":[[[-74.106452,40.566455],[-74.106457,40.569157],[-74.109527,40.570505],[-74.112593,40.569151],[-74.112588,40.566449],[-74.109518,40.565101],[-74.106452,40.566455]]]},"properties":{"t":"HEAT/HOT WATER","n":2,"q":1}},{"type":"Feature","geometry":{"type":"Polygon","coordinates":[[[-74.201449,40.529856],[-74.201457,40.532558],[-74.204527,40.533903],[-74.207589,40.532547],[-74.207581,40.529845],[-74.204511,40.5285],[-74.201449,40.529856]]]},"properties":{"t":"HEAT/HOT WATER","n":1,"q":0}},{"type":"Feature","geometry":{"type":"Polygon","coordinates":[[[-74.097349,40.635353],[-74.097353,40.638055],[-74.100426,40.639403],[-74.103495,40.638049],[-74.103491,40.635348],[-74.100418,40.634],[-74.097349,40.635353]]]},"properties":{"t":"HEAT/HOT WATER","n":2,"q":1}},{"type":"Feature","geometry":{"type":"Polygon","coordinates":[[[-74.088055,40.574575],[-74.088059,40.577277],[-74.091129,40.578625],[-74.094196,40.577272],[-74.094192,40.574571],[-74.091122,40.573222],[-74.088055,40.574575]]]},"properties":{"t":"HEAT/HOT WATER","n":1,"q":0}},{"type":"Feature","geometry":{"type":"Polygon","coordinates":[[[-74.204502,40.525798],[-74.204511,40.5285],[-74.207581,40.529845],[-74.210643,40.528489],[-74.210635,40.525787],[-74.207564,40.524442],[-74.204502,40.525798]]]},"properties":{"t":"HEAT/HOT WATER","n":1,"q":0}},{"type":"Feature","geometry":{"type":"Polygon","coordinates":[[[-74.152407,40.538037],[-74.152413,40.540738],[-74.155483,40.542085],[-74.158547,40.54073],[-74.15854,40.538028],[-74.15547,40.536682],[-74.152407,40.538037]]]},"properties":{"t":"HEAT/HOT WATER","n":1,"q":0}},{"type":"Feature","geometry":{"type":"Polygon","coordinates":[[[-74.149458,40.590721],[-74.149464,40.593423],[-74.152536,40.59477],[-74.155602,40.593415],[-74.155596,40.590713],[-74.152524,40.589367],[-74.149458,40.590721]]]},"properties":{"t":"HEAT/HOT WATER","n":4,"q":2}},{"type":"Feature","geometry":{"type":"Polygon","coordinates":[[[-74.10039,40.615089],[-74.100394,40.61779],[-74.103466,40.619139],[-74.106534,40.617785],[-74.10653,40.615083],[-74.103458,40.613735],[-74.10039,40.615089]]]},"properties":{"t":"HEAT/HOT WATER","n":2,"q":1}},{"type":"Feature","geometry":{"type":"Polygon","coordinates":[[[-74.091173,40.611044],[-74.091177,40.613746],[-74.094249,40.615094],[-74.097317,40.613741],[-74.097313,40.611039],[-74.094242,40.609691],[-74.091173,40.611044]]]},"properties":{"t":"HEAT/HOT WATER","n":1,"q":0}},{"type":"Feature","geometry":{"type":"Polygon","coordinates":[[[-74.097278,40.586725],[-74.097282,40.589427],[-74.100353,40.590775],[-74.10342,40.589421],[-74.103416,40.58672],[-74.100345,40.585372],[-74.097278,40.586725]]]},"properties":{"t":"HEAT/HOT WATER","n":1,"q":0}},{"type":"Feature","geometry":{"type":"Polygon","coordinates":[[[-74.161695,40.574495],[-74.161702,40.577197],[-74.164773,40.578543],[-74.167838,40.577188],[-74.167832,40.574487],[-74.16476,40.57314],[-74.161695,40.574495]]]},"properties":{"t":"HEAT/HOT WATER","n":1,"q":0}},{"type":"Feature","geometry":{"type":"Polygon","coordinates":[[[-74.1095,40.554295],[-74.109505,40.556997],[-74.112575,40.558344],[-74.11564,40.556991],[-74.115635,40.554289],[-74.112566,40.552941],[-74.1095,40.554295]]]},"properties":{"t":"HEAT/HOT WATER","n":1,"q":0}},{"type":"Feature","geometry":{"type":"Polygon","coordinates":[[[-74.128045,40.627218],[-74.12805,40.62992],[-74.131123,40.631267],[-74.134191,40.629913],[-74.134186,40.627211],[-74.131113,40.625864],[-74.128045,40.627218]]]},"properties":{"t":"HEAT/HOT WATER","n":4,"q":2}},{"type":"Feature","geometry":{"type":"Polygon","coordinates":[[[-74.158521,40.529924],[-74.158527,40.532625],[-74.161597,40.533972],[-74.16466,40.532617],[-74.164653,40.529915],[-74.161584,40.528568],[-74.158521,40.529924]]]},"properties":{"t":"HEAT/HOT WATER","n":1,"q":0}},{"type":"Feature","geometry":{"type":"Polygon","coordinates":[[[-74.100316,40.566461],[-74.100321,40.569162],[-74.103391,40.57051],[-74.106457,40.569157],[-74.106452,40.566455],[-74.103382,40.565107],[-74.100316,40.566461]]]},"properties":{"t":"HEAT/HOT WATER","n":3,"q":2}},{"type":"Feature","geometry":{"type":"Polygon","coordinates":[[[-74.081939,40.590789],[-74.081942,40.593491],[-74.085013,40.59484],[-74.08808,40.593486],[-74.088077,40.590785],[-74.085006,40.589436],[-74.081939,40.590789]]]},"properties":{"t":"HEAT/HOT WATER","n":1,"q":0}},{"type":"Feature","geometry":{"type":"Polygon","coordinates":[[[-74.183073,40.537992],[-74.183081,40.540693],[-74.186151,40.542039],[-74.189214,40.540683],[-74.189206,40.537982],[-74.186136,40.536636],[-74.183073,40.537992]]]},"properties":{"t":"HEAT/HOT WATER","n":1,"q":0}},{"type":"Feature","geometry":{"type":"Polygon","coordinates":[[[-74.121888,40.61912],[-74.121893,40.621822],[-74.124966,40.62317],[-74.128034,40.621815],[-74.128029,40.619114],[-74.124956,40.617766],[-74.121888,40.61912]]]},"properties":{"t":"HEAT/HOT WATER","n":1,"q":0}},{"type":"Feature","geometry":{"type":"Polygon","coordinates":[[[-74.137265,40.63126],[-74.137271,40.633962],[-74.140345,40.635309],[-74.143413,40.633954],[-74.143407,40.631253],[-74.140333,40.629906],[-74.137265,40.63126]]]},"properties":{"t":"HEAT/HOT WATER","n":6,"q":3}},{"type":"Feature","geometry":{"type":"Polygon","coordinates":[[[-74.219873,40.537927],[-74.219882,40.540629],[-74.222953,40.541974],[-74.226015,40.540617],[-74.226006,40.537915],[-74.222935,40.536571],[-74.219873,40.537927]]]},"properties":{"t":"HEAT/HOT WATER","n":2,"q":1}},{"type":"Feature","geometry":{"type":"Polygon","coordinates":[[[-74.127998,40.602904],[-74.128003,40.605606],[-74.131075,40.606953],[-74.134143,40.605599],[-74.134137,40.602897],[-74.131065,40.60155],[-74.127998,40.602904]]]},"properties":{"t":"HEAT/HOT WATER","n":3,"q":2}},{"type":"Feature","geometry":{"type":"Polygon","coordinates":[[[-74.152499,40.57856],[-74.152505,40.581262],[-74.155577,40.582609],[-74.158643,40.581254],[-74.158636,40.578552],[-74.155565,40.577205],[-74.152499,40.57856]]]},"properties":{"t":"HEAT/HOT WATER","n":1,"q":0}},{"type":"Feature","geometry":{"type":"Polygon","coordinates":[[[-74.192308,40.550134],[-74.192316,40.552835],[-74.195387,40.554181],[-74.19845,40.552825],[-74.198442,40.550123],[-74.195371,40.548778],[-74.192308,40.550134]]]},"properties":{"t":"HEAT/HOT WATER","n":1,"q":0}},{"type":"Feature","geometry":{"type":"Polygon","coordinates":[[[-74.137215,40.606946],[-74.137221,40.609648],[-74.140293,40.610995],[-74.14336,40.60964],[-74.143355,40.606939],[-74.140282,40.605592],[-74.137215,40.606946]]]},"properties":{"t":"HEAT/HOT WATER","n":4,"q":2}},{"type":"Feature","geometry":{"type":"Polygon","coordinates":[[[-74.189229,40.546087],[-74.189237,40.548788],[-74.192308,40.550134],[-74.195371,40.548778],[-74.195363,40.546076],[-74.192293,40.544731],[-74.189229,40.546087]]]},"properties":{"t":"HEAT/HOT WATER","n":2,"q":1}},{"type":"Feature","geometry":{"type":"Polygon","coordinates":[[[-74.170807,40.538011],[-74.170814,40.540712],[-74.173884,40.542058],[-74.176947,40.540703],[-74.17694,40.538001],[-74.17387,40.536655],[-74.170807,40.538011]]]},"properties":{"t":"HEAT/HOT WATER","n":1,"q":0}},{"type":"Feature","geometry":{"type":"Polygon","coordinates":[[[-74.155483,40.542085],[-74.155489,40.544786],[-74.158559,40.546133],[-74.161623,40.544778],[-74.161617,40.542076],[-74.158547,40.54073],[-74.155483,40.542085]]]},"properties":{"t":"HEAT/HOT WATER","n":1,"q":0}},{"type":"Feature","geometry":{"type":"Polygon","coordinates":[[[-74.10954,40.578609],[-74.109545,40.581311],[-74.112616,40.582659],[-74.115682,40.581305],[-74.115677,40.578603],[-74.112606,40.577256],[-74.10954,40.578609]]]},"properties":{"t":"HEAT/HOT WATER","n":1,"q":0}},{"type":"Feature","geometry":{"type":"Polygon","coordinates":[[[-74.238157,40.505472],[-74.238167,40.508173],[-74.241237,40.509518],[-74.244297,40.50816],[-74.244287,40.505459],[-74.241217,40.504114],[-74.238157,40.505472]]]},"properties":{"t":"HEAT/HOT WATER","n":3,"q":2}},{"type":"Feature","geometry":{"type":"Polygon","coordinates":[[[-74.097243,40.562411],[-74.097247,40.565112],[-74.100316,40.566461],[-74.103382,40.565107],[-74.103378,40.562405],[-74.100308,40.561057],[-74.097243,40.562411]]]},"properties":{"t":"HEAT/HOT WATER","n":5,"q":2}},{"type":"Feature","geometry":{"type":"Polygon","coordinates":[[[-74.195316,40.529867],[-74.195324,40.532568],[-74.198394,40.533914],[-74.201457,40.532558],[-74.201449,40.529856],[-74.198378,40.528511],[-74.195316,40.529867]]]},"properties":{"t":"HEAT/HOT WATER","n":2,"q":1}},{"type":"Feature","geometry":{"type":"Polygon","coordinates":[[[-74.103504,40.643453],[-74.103508,40.646154],[-74.106582,40.647502],[-74.109651,40.646148],[-74.109647,40.643447],[-74.106573,40.642099],[-74.103504,40.643453]]]},"properties":{"t":"HEAT/HOT WATER","n":3,"q":2}},{"type":"Feature","geometry":{"type":"Polygon","coordinates":[[[-74.161636,40.550181],[-74.161643,40.552883],[-74.164713,40.554229],[-74.167777,40.552874],[-74.167771,40.550172],[-74.1647,40.548826],[-74.161636,40.550181]]]},"properties":{"t":"HEAT/HOT WATER","n":1,"q":0}},{"type":"Feature","geometry":{"type":"Polygon","coordinates":[[[-74.180017,40.542049],[-74.180025,40.544751],[-74.183095,40.546097],[-74.186159,40.544741],[-74.186151,40.542039],[-74.183081,40.540693],[-74.180017,40.542049]]]},"properties":{"t":"HEAT/HOT WATER","n":3,"q":2}},{"type":"Feature","geometry":{"type":"Polygon","coordinates":[[[-74.078874,40.594844],[-74.078878,40.597545],[-74.081949,40.598894],[-74.085016,40.597541],[-74.085013,40.59484],[-74.081942,40.593491],[-74.078874,40.594844]]]},"properties":{"t":"HEAT/HOT WATER","n":2,"q":1}},{"type":"Feature","geometry":{"type":"Polygon","coordinates":[[[-74.161715,40.5826],[-74.161721,40.585302],[-74.164793,40.586648],[-74.167859,40.585293],[-74.167852,40.582591],[-74.16478,40.581245],[-74.161715,40.5826]]]},"properties":{"t":"HEAT/HOT WATER","n":1,"q":0}},{"type":"Feature","geometry":{"type":"Polygon","coordinates":[[[-74.131075,40.606953],[-74.131081,40.609655],[-74.134153,40.611002],[-74.137221,40.609648],[-74.137215,40.606946],[-74.134143,40.605599],[-74.131075,40.606953]]]},"properties":{"t":"HEAT/HOT WATER","n":2,"q":1}},{"type":"Feature","geometry":{"type":"Polygon","coordinates":[[[-74.216819,40.541985],[-74.216828,40.544687],[-74.219899,40.546032],[-74.222962,40.544675],[-74.222953,40.541974],[-74.219882,40.540629],[-74.216819,40.541985]]]},"properties":{"t":"HEAT/HOT WATER","n":1,"q":0}},{"type":"Feature","geometry":{"type":"Polygon","coordinates":[[[-74.161832,40.631228],[-74.161839,40.63393],[-74.164913,40.635276],[-74.167981,40.633921],[-74.167974,40.631219],[-74.1649,40.629873],[-74.161832,40.631228]]]},"properties":{"t":"HEAT/HOT WATER","n":1,"q":0}},{"type":"Feature","geometry":{"type":"Polygon","coordinates":[[[-74.127951,40.57859],[-74.127956,40.581292],[-74.131028,40.582639],[-74.134094,40.581285],[-74.134088,40.578583],[-74.131017,40.577236],[-74.127951,40.57859]]]},"properties":{"t":"HEAT/HOT WATER","n":1,"q":0}},{"type":"Feature","geometry":{"type":"Polygon","coordinates":[[[-74.155634,40.606923],[-74.15564,40.609624],[-74.158713,40.610971],[-74.16178,40.609616],[-74.161774,40.606914],[-74.1587,40.605568],[-74.155634,40.606923]]]},"properties":{"t":"HEAT/HOT WATER","n":1,"q":0}},{"type":"Feature","geometry":{"type":"Polygon","coordinates":[[[-74.075819,40.607003],[-74.075822,40.609705],[-74.078894,40.611053],[-74.081962,40.6097],[-74.081959,40.606999],[-74.078887,40.60565],[-74.075819,40.607003]]]},"properties":{"t":"HEAT/HOT WATER","n":1,"q":0}},{"type":"Feature","geometry":{"type":"Polygon","coordinates":[[[-74.161734,40.590705],[-74.161741,40.593406],[-74.164813,40.594753],[-74.167879,40.593398],[-74.167872,40.590696],[-74.1648,40.58935],[-74.161734,40.590705]]]},"properties":{"t":"HEAT/HOT WATER","n":1,"q":0}},{"type":"Feature","geometry":{"type":"Polygon","coordinates":[[[-74.155464,40.53398],[-74.15547,40.536682],[-74.15854,40.538028],[-74.161603,40.536673],[-74.161597,40.533972],[-74.158527,40.532625],[-74.155464,40.53398]]]},"properties":{"t":"HEAT/HOT WATER","n":1,"q":0}},{"type":"Feature","geometry":{"type":"Polygon","coordinates":[[[-74.149367,40.550198],[-74.149373,40.552899],[-74.152444,40.554246],[-74.155508,40.552891],[-74.155502,40.55019],[-74.152431,40.548843],[-74.149367,40.550198]]]},"properties":{"t":"HEAT/HOT WATER","n":1,"q":0}},{"type":"Feature","geometry":{"type":"Polygon","coordinates":[[[-74.137282,40.639365],[-74.137287,40.642066],[-74.140362,40.643413],[-74.14343,40.642059],[-74.143424,40.639357],[-74.14035,40.63801],[-74.137282,40.639365]]]},"properties":{"t":"HEAT/HOT WATER","n":6,"q":3}},{"type":"Feature","geometry":{"type":"Polygon","coordinates":[[[-74.103453,40.611034],[-74.103458,40.613735],[-74.10653,40.615083],[-74.109598,40.61373],[-74.109593,40.611028],[-74.106521,40.60968],[-74.103453,40.611034]]]},"properties":{"t":"HEAT/HOT WATER","n":1,"q":0}},{"type":"Feature","geometry":{"type":"Polygon","coordinates":[[[-74.19534,40.537972],[-74.195348,40.540673],[-74.198418,40.542019],[-74.201481,40.540663],[-74.201473,40.537961],[-74.198402,40.536616],[-74.19534,40.537972]]]},"properties":{"t":"HEAT/HOT WATER","n":1,"q":0}},{"type":"Feature","geometry":{"type":"Polygon","coordinates":[[[-74.186151,40.542039],[-74.186159,40.544741],[-74.189229,40.546087],[-74.192293,40.544731],[-74.192285,40.542029],[-74.189214,40.540683],[-74.186151,40.542039]]]},"properties":{"t":"HEAT/HOT WATER","n":1,"q":0}},{"type":"Feature","geometry":{"type":"Polygon","coordinates":[[[-74.235135,40.517635],[-74.235144,40.520337],[-74.238215,40.521681],[-74.241276,40.520324],[-74.241266,40.517622],[-74.238196,40.516278],[-74.235135,40.517635]]]},"properties":{"t":"HEAT/HOT WATER","n":1,"q":0}},{"type":"Feature","geometry":{"type":"Polygon","coordinates":[[[-74.164893,40.627172],[-74.1649,40.629873],[-74.167974,40.631219],[-74.171042,40.629864],[-74.171035,40.627163],[-74.167961,40.625816],[-74.164893,40.627172]]]},"properties":{"t":"HEAT/HOT WATER","n":1,"q":0}},{"type":"Feature","geometry":{"type":"Polygon","coordinates":[[[-74.207631,40.546055],[-74.20764,40.548756],[-74.210711,40.550102],[-74.213774,40.548745],[-74.213765,40.546044],[-74.210694,40.544698],[-74.207631,40.546055]]]},"properties":{"t":"HEAT/HOT WATER","n":1,"q":0}},{"type":"Feature","geometry":{"type":"Polygon","coordinates":[[[-74.207531,40.513636],[-74.207539,40.516337],[-74.210609,40.517683],[-74.21367,40.516326],[-74.213662,40.513625],[-74.210592,40.512279],[-74.207531,40.513636]]]},"properties":{"t":"HEAT/HOT WATER","n":1,"q":0}},{"type":"Feature","geometry":{"type":"Polygon","coordinates":[[[-74.17694,40.538001],[-74.176947,40.540703],[-74.180017,40.542049],[-74.183081,40.540693],[-74.183073,40.537992],[-74.180003,40.536646],[-74.17694,40.538001]]]},"properties":{"t":"HEAT/HOT WATER","n":1,"q":0}},{"type":"Feature","geometry":{"type":"Polygon","coordinates":[[[-74.075856,40.639422],[-74.075859,40.642123],[-74.078932,40.643472],[-74.082002,40.642119],[-74.081998,40.639418],[-74.078925,40.638069],[-74.075856,40.639422]]]},"properties":{"t":"Snow or Ice","n":67,"q":4}},{"type":"Feature","geometry":{"type":"Polygon","coordinates":[[[-74.140208,40.570471],[-74.140214,40.573173],[-74.143285,40.57452],[-74.14635,40.573165],[-74.146345,40.570464],[-74.143274,40.569117],[-74.140208,40.570471]]]},"properties":{"t":"Snow or Ice","n":11,"q":1}},{"type":"Feature","geometry":{"type":"Polygon","coordinates":[[[-74.146345,40.570464],[-74.14635,40.573165],[-74.149422,40.574512],[-74.152487,40.573157],[-74.152481,40.570456],[-74.14941,40.569109],[-74.146345,40.570464]]]},"properties":{"t":"Snow or Ice","n":3,"q":0}},{"type":"Feature","geometry":{"type":"Polygon","coordinates":[[[-74.152499,40.57856],[-74.152505,40.581262],[-74.155577,40.582609],[-74.158643,40.581254],[-74.158636,40.578552],[-74.155565,40.577205],[-74.152499,40.57856]]]},"properties":{"t":"Snow or Ice","n":14,"q":1}},{"type":"Feature","geometry":{"type":"Polygon","coordinates":[[[-74.12792,40.562381],[-74.127925,40.565082],[-74.130996,40.56643],[-74.134061,40.565075],[-74.134056,40.562374],[-74.130985,40.561027],[-74.12792,40.562381]]]},"properties":{"t":"Snow or Ice","n":20,"q":2}},{"type":"Feature","geometry":{"type":"Polygon","coordinates":[[[-74.170869,40.562325],[-74.170876,40.565026],[-74.173947,40.566373],[-74.177011,40.565017],[-74.177004,40.562316],[-74.173933,40.56097],[-74.170869,40.562325]]]},"properties":{"t":"Snow or Ice","n":4,"q":0}},{"type":"Feature","geometry":{"type":"Polygon","coordinates":[[[-74.085013,40.59484],[-74.085016,40.597541],[-74.088087,40.59889],[-74.091155,40.597536],[-74.091151,40.594835],[-74.08808,40.593486],[-74.085013,40.59484]]]},"properties":{"t":"Snow or Ice","n":45,"q":3}},{"type":"Feature","geometry":{"type":"Polygon","coordinates":[[[-74.173926,40.558268],[-74.173933,40.56097],[-74.177004,40.562316],[-74.180068,40.56096],[-74.180061,40.558258],[-74.17699,40.556912],[-74.173926,40.558268]]]},"properties":{"t":"Snow or Ice","n":45,"q":3}},{"type":"Feature","geometry":{"type":"Polygon","coordinates":[[[-74.241237,40.509518],[-74.241247,40.512219],[-74.244317,40.513563],[-74.247377,40.512206],[-74.247367,40.509504],[-74.244297,40.50816],[-74.241237,40.509518]]]},"properties":{"t":"Snow or Ice","n":24,"q":2}},{"type":"Feature","geometry":{"type":"Polygon","coordinates":[[[-74.149367,40.550198],[-74.149373,40.552899],[-74.152444,40.554246],[-74.155508,40.552891],[-74.155502,40.55019],[-74.152431,40.548843],[-74.149367,40.550198]]]},"properties":{"t":"Snow or Ice","n":81,"q":4}},{"type":"Feature","geometry":{"type":"Polygon","coordinates":[[[-74.063547,40.615115],[-74.06355,40.617817],[-74.066622,40.619166],[-74.069691,40.617813],[-74.069688,40.615112],[-74.066616,40.613763],[-74.063547,40.615115]]]},"properties":{"t":"Snow or Ice","n":35,"q":3}},{"type":"Feature","geometry":{"type":"Polygon","coordinates":[[[-74.176983,40.554211],[-74.17699,40.556912],[-74.180061,40.558258],[-74.183125,40.556903],[-74.183118,40.554201],[-74.180047,40.552855],[-74.176983,40.554211]]]},"properties":{"t":"Snow or Ice","n":101,"q":4}},{"type":"Feature","geometry":{"type":"Polygon","coordinates":[[[-74.072762,40.619162],[-74.072765,40.621864],[-74.075837,40.623212],[-74.078906,40.62186],[-74.078903,40.619158],[-74.075831,40.617809],[-74.072762,40.619162]]]},"properties":{"t":"Snow or Ice","n":21,"q":2}},{"type":"Feature","geometry":{"type":"Polygon","coordinates":[[[-74.130964,40.55022],[-74.130969,40.552922],[-74.134039,40.554269],[-74.137104,40.552915],[-74.137099,40.550213],[-74.134029,40.548866],[-74.130964,40.55022]]]},"properties":{"t":"Snow or Ice","n":37,"q":3}},{"type":"Feature","geometry":{"type":"Polygon","coordinates":[[[-74.158559,40.546133],[-74.158566,40.548835],[-74.161636,40.550181],[-74.1647,40.548826],[-74.164693,40.546124],[-74.161623,40.544778],[-74.158559,40.546133]]]},"properties":{"t":"Snow or Ice","n":18,"q":2}},{"type":"Feature","geometry":{"type":"Polygon","coordinates":[[[-74.1218,40.570492],[-74.121804,40.573194],[-74.124875,40.574541],[-74.127941,40.573187],[-74.127936,40.570486],[-74.124865,40.569138],[-74.1218,40.570492]]]},"properties":{"t":"Snow or Ice","n":56,"q":4}},{"type":"Feature","geometry":{"type":"Polygon","coordinates":[[[-74.124921,40.598855],[-74.124926,40.601557],[-74.127998,40.602904],[-74.131065,40.60155],[-74.13106,40.598849],[-74.127988,40.597501],[-74.124921,40.598855]]]},"properties":{"t":"Snow or Ice","n":128,"q":4}},{"type":"Feature","geometry":{"type":"Polygon","coordinates":[[[-74.247367,40.509504],[-74.247377,40.512206],[-74.250448,40.51355],[-74.253508,40.512193],[-74.253498,40.509491],[-74.250428,40.508147],[-74.247367,40.509504]]]},"properties":{"t":"Snow or Ice","n":26,"q":2}},{"type":"Feature","geometry":{"type":"Polygon","coordinates":[[[-74.207657,40.55416],[-74.207665,40.556861],[-74.210737,40.558206],[-74.2138,40.55685],[-74.213791,40.554148],[-74.21072,40.552803],[-74.207657,40.55416]]]},"properties":{"t":"Snow or Ice","n":13,"q":1}},{"type":"Feature","geometry":{"type":"Polygon","coordinates":[[[-74.161695,40.574495],[-74.161702,40.577197],[-74.164773,40.578543],[-74.167838,40.577188],[-74.167832,40.574487],[-74.16476,40.57314],[-74.161695,40.574495]]]},"properties":{"t":"Snow or Ice","n":17,"q":2}},{"type":"Feature","geometry":{"type":"Polygon","coordinates":[[[-74.124951,40.615065],[-74.124956,40.617766],[-74.128029,40.619114],[-74.131097,40.61776],[-74.131091,40.615058],[-74.128019,40.613711],[-74.124951,40.615065]]]},"properties":{"t":"Snow or Ice","n":15,"q":1}},{"type":"Feature","geometry":{"type":"Polygon","coordinates":[[[-74.112575,40.558344],[-74.112579,40.561046],[-74.115649,40.562394],[-74.118715,40.56104],[-74.11871,40.558338],[-74.11564,40.556991],[-74.112575,40.558344]]]},"properties":{"t":"Snow or Ice","n":32,"q":3}},{"type":"Feature","geometry":{"type":"Polygon","coordinates":[[[-74.100329,40.574565],[-74.100333,40.577267],[-74.103403,40.578615],[-74.10647,40.577261],[-74.106465,40.57456],[-74.103395,40.573212],[-74.100329,40.574565]]]},"properties":{"t":"Snow or Ice","n":25,"q":2}},{"type":"Feature","geometry":{"type":"Polygon","coordinates":[[[-74.112588,40.566449],[-74.112593,40.569151],[-74.115663,40.570499],[-74.118729,40.569145],[-74.118724,40.566443],[-74.115654,40.565095],[-74.112588,40.566449]]]},"properties":{"t":"Snow or Ice","n":14,"q":1}},{"type":"Feature","geometry":{"type":"Polygon","coordinates":[[[-74.146291,40.546149],[-74.146297,40.548851],[-74.149367,40.550198],[-74.152431,40.548843],[-74.152425,40.546141],[-74.149355,40.544795],[-74.146291,40.546149]]]},"properties":{"t":"Snow or Ice","n":80,"q":4}},{"type":"Feature","geometry":{"type":"Polygon","coordinates":[[[-74.238186,40.513576],[-74.238196,40.516278],[-74.241266,40.517622],[-74.244327,40.516265],[-74.244317,40.513563],[-74.241247,40.512219],[-74.238186,40.513576]]]},"properties":{"t":"Snow or Ice","n":41,"q":3}},{"type":"Feature","geometry":{"type":"Polygon","coordinates":[[[-74.106543,40.623188],[-74.106547,40.62589],[-74.10962,40.627238],[-74.112689,40.625884],[-74.112684,40.623182],[-74.109611,40.621834],[-74.106543,40.623188]]]},"properties":{"t":"Snow or Ice","n":98,"q":4}},{"type":"Feature","geometry":{"type":"Polygon","coordinates":[[[-74.08812,40.623204],[-74.088123,40.625905],[-74.091196,40.627254],[-74.094264,40.6259],[-74.094261,40.623199],[-74.091188,40.62185],[-74.08812,40.623204]]]},"properties":{"t":"Snow or Ice","n":67,"q":4}},{"type":"Feature","geometry":{"type":"Polygon","coordinates":[[[-74.146416,40.602882],[-74.146422,40.605584],[-74.149494,40.606931],[-74.152561,40.605576],[-74.152555,40.602874],[-74.149482,40.601528],[-74.146416,40.602882]]]},"properties":{"t":"Snow or Ice","n":16,"q":2}},{"type":"Feature","geometry":{"type":"Polygon","coordinates":[[[-74.143233,40.550206],[-74.143239,40.552907],[-74.146309,40.554254],[-74.149373,40.552899],[-74.149367,40.550198],[-74.146297,40.548851],[-74.143233,40.550206]]]},"properties":{"t":"Snow or Ice","n":57,"q":4}},{"type":"Feature","geometry":{"type":"Polygon","coordinates":[[[-74.075847,40.631317],[-74.07585,40.634019],[-74.078922,40.635367],[-74.081992,40.634014],[-74.081988,40.631313],[-74.078916,40.629964],[-74.075847,40.631317]]]},"properties":{"t":"Snow or Ice","n":100,"q":4}},{"type":"Feature","geometry":{"type":"Polygon","coordinates":[[[-74.195292,40.521762],[-74.1953,40.524464],[-74.19837,40.525809],[-74.201432,40.524453],[-74.201424,40.521752],[-74.198354,40.520406],[-74.195292,40.521762]]]},"properties":{"t":"Snow or Ice","n":24,"q":2}},{"type":"Feature","geometry":{"type":"Polygon","coordinates":[[[-74.085023,40.602944],[-74.085027,40.605646],[-74.088098,40.606994],[-74.091166,40.605641],[-74.091162,40.60294],[-74.088091,40.601591],[-74.085023,40.602944]]]},"properties":{"t":"Snow or Ice","n":59,"q":4}},{"type":"Feature","geometry":{"type":"Polygon","coordinates":[[[-74.121873,40.611016],[-74.121878,40.613717],[-74.124951,40.615065],[-74.128019,40.613711],[-74.128013,40.611009],[-74.124941,40.609662],[-74.121873,40.611016]]]},"properties":{"t":"Snow or Ice","n":160,"q":4}},{"type":"Feature","geometry":{"type":"Polygon","coordinates":[[[-74.115762,40.627232],[-74.115766,40.629933],[-74.11884,40.631281],[-74.121908,40.629927],[-74.121903,40.627225],[-74.11883,40.625878],[-74.115762,40.627232]]]},"properties":{"t":"Snow or Ice","n":59,"q":4}},{"type":"Feature","geometry":{"type":"Polygon","coordinates":[[[-74.127936,40.570486],[-74.127941,40.573187],[-74.131012,40.574534],[-74.134077,40.57318],[-74.134072,40.570479],[-74.131001,40.569131],[-74.127936,40.570486]]]},"properties":{"t":"Snow or Ice","n":29,"q":3}},{"type":"Feature","geometry":{"type":"Polygon","coordinates":[[[-74.066614,40.611061],[-74.066616,40.613763],[-74.069688,40.615112],[-74.072756,40.613759],[-74.072754,40.611057],[-74.069682,40.609708],[-74.066614,40.611061]]]},"properties":{"t":"Snow or Ice","n":69,"q":4}},{"type":"Feature","geometry":{"type":"Polygon","coordinates":[[[-74.09729,40.59483],[-74.097294,40.597531],[-74.100365,40.598879],[-74.103433,40.597526],[-74.103428,40.594824],[-74.100357,40.593476],[-74.09729,40.59483]]]},"properties":{"t":"Snow or Ice","n":57,"q":4}},{"type":"Feature","geometry":{"type":"Polygon","coordinates":[[[-74.152407,40.538037],[-74.152413,40.540738],[-74.155483,40.542085],[-74.158547,40.54073],[-74.15854,40.538028],[-74.15547,40.536682],[-74.152407,40.538037]]]},"properties":{"t":"Snow or Ice","n":9,"q":1}},{"type":"Feature","geometry":{"type":"Polygon","coordinates":[[[-74.100402,40.623194],[-74.100406,40.625895],[-74.103479,40.627243],[-74.106547,40.62589],[-74.106543,40.623188],[-74.10347,40.62184],[-74.100402,40.623194]]]},"properties":{"t":"Snow or Ice","n":81,"q":4}},{"type":"Feature","geometry":{"type":"Polygon","coordinates":[[[-74.088109,40.615099],[-74.088112,40.617801],[-74.091185,40.619149],[-74.094253,40.617796],[-74.094249,40.615094],[-74.091177,40.613746],[-74.088109,40.615099]]]},"properties":{"t":"Snow or Ice","n":85,"q":4}},{"type":"Feature","geometry":{"type":"Polygon","coordinates":[[[-74.091162,40.60294],[-74.091166,40.605641],[-74.094238,40.606989],[-74.097306,40.605636],[-74.097302,40.602934],[-74.09423,40.601586],[-74.091162,40.60294]]]},"properties":{"t":"Snow or Ice","n":43,"q":3}},{"type":"Feature","geometry":{"type":"Polygon","coordinates":[[[-74.13106,40.598849],[-74.131065,40.60155],[-74.134137,40.602897],[-74.137204,40.601543],[-74.137198,40.598841],[-74.134126,40.597494],[-74.13106,40.598849]]]},"properties":{"t":"Snow or Ice","n":115,"q":4}},{"type":"Feature","geometry":{"type":"Polygon","coordinates":[[[-74.16775,40.542068],[-74.167757,40.544769],[-74.170827,40.546115],[-74.173891,40.54476],[-74.173884,40.542058],[-74.170814,40.540712],[-74.16775,40.542068]]]},"properties":{"t":"Snow or Ice","n":41,"q":3}},{"type":"Feature","geometry":{"type":"Polygon","coordinates":[[[-74.081968,40.615104],[-74.081972,40.617805],[-74.085044,40.619154],[-74.088112,40.617801],[-74.088109,40.615099],[-74.085037,40.61375],[-74.081968,40.615104]]]},"properties":{"t":"Snow or Ice","n":71,"q":4}},{"type":"Feature","geometry":{"type":"Polygon","coordinates":[[[-74.15261,40.627188],[-74.152617,40.62989],[-74.155691,40.631237],[-74.158758,40.629882],[-74.158752,40.62718],[-74.155678,40.625834],[-74.15261,40.627188]]]},"properties":{"t":"Snow or Ice","n":13,"q":1}},{"type":"Feature","geometry":{"type":"Polygon","coordinates":[[[-74.085044,40.619154],[-74.085047,40.621855],[-74.08812,40.623204],[-74.091188,40.62185],[-74.091185,40.619149],[-74.088112,40.617801],[-74.085044,40.619154]]]},"properties":{"t":"Snow or Ice","n":107,"q":4}},{"type":"Feature","geometry":{"type":"Polygon","coordinates":[[[-74.103466,40.619139],[-74.10347,40.62184],[-74.106543,40.623188],[-74.109611,40.621834],[-74.109607,40.619133],[-74.106534,40.617785],[-74.103466,40.619139]]]},"properties":{"t":"Snow or Ice","n":37,"q":3}},{"type":"Feature","geometry":{"type":"Polygon","coordinates":[[[-74.091185,40.619149],[-74.091188,40.62185],[-74.094261,40.623199],[-74.097329,40.621845],[-74.097325,40.619144],[-74.094253,40.617796],[-74.091185,40.619149]]]},"properties":{"t":"Snow or Ice","n":21,"q":2}},{"type":"Feature","geometry":{"type":"Polygon","coordinates":[[[-74.075828,40.615108],[-74.075831,40.617809],[-74.078903,40.619158],[-74.081972,40.617805],[-74.081968,40.615104],[-74.078897,40.613755],[-74.075828,40.615108]]]},"properties":{"t":"Snow or Ice","n":38,"q":3}},{"type":"Feature","geometry":{"type":"Polygon","coordinates":[[[-74.134137,40.602897],[-74.134143,40.605599],[-74.137215,40.606946],[-74.140282,40.605592],[-74.140276,40.60289],[-74.137204,40.601543],[-74.134137,40.602897]]]},"properties":{"t":"Snow or Ice","n":70,"q":4}},{"type":"Feature","geometry":{"type":"Polygon","coordinates":[[[-74.161774,40.606914],[-74.16178,40.609616],[-74.164853,40.610962],[-74.16792,40.609607],[-74.167913,40.606905],[-74.16484,40.605559],[-74.161774,40.606914]]]},"properties":{"t":"Snow or Ice","n":31,"q":3}},{"type":"Feature","geometry":{"type":"Polygon","coordinates":[[[-74.085034,40.611049],[-74.085037,40.61375],[-74.088109,40.615099],[-74.091177,40.613746],[-74.091173,40.611044],[-74.088102,40.609696],[-74.085034,40.611049]]]},"properties":{"t":"Snow or Ice","n":144,"q":4}},{"type":"Feature","geometry":{"type":"Polygon","coordinates":[[[-74.081998,40.639418],[-74.082002,40.642119],[-74.085075,40.643468],[-74.088145,40.642115],[-74.088141,40.639413],[-74.085068,40.638065],[-74.081998,40.639418]]]},"properties":{"t":"Snow or Ice","n":137,"q":4}},{"type":"Feature","geometry":{"type":"Polygon","coordinates":[[[-74.103428,40.594824],[-74.103433,40.597526],[-74.106504,40.598874],[-74.109571,40.59752],[-74.109567,40.594819],[-74.106495,40.593471],[-74.103428,40.594824]]]},"properties":{"t":"Snow or Ice","n":41,"q":3}},{"type":"Feature","geometry":{"type":"Polygon","coordinates":[[[-74.097302,40.602934],[-74.097306,40.605636],[-74.100377,40.606984],[-74.103445,40.605631],[-74.103441,40.602929],[-74.100369,40.601581],[-74.097302,40.602934]]]},"properties":{"t":"Snow or Ice","n":40,"q":3}},{"type":"Feature","geometry":{"type":"Polygon","coordinates":[[[-74.140276,40.60289],[-74.140282,40.605592],[-74.143355,40.606939],[-74.146422,40.605584],[-74.146416,40.602882],[-74.143343,40.601535],[-74.140276,40.60289]]]},"properties":{"t":"Snow or Ice","n":12,"q":1}},{"type":"Feature","geometry":{"type":"Polygon","coordinates":[[[-74.078932,40.643472],[-74.078935,40.646174],[-74.082008,40.647522],[-74.085078,40.646169],[-74.085075,40.643468],[-74.082002,40.642119],[-74.078932,40.643472]]]},"properties":{"t":"Snow or Ice","n":137,"q":4}},{"type":"Feature","geometry":{"type":"Polygon","coordinates":[[[-74.121859,40.602911],[-74.121864,40.605613],[-74.124936,40.60696],[-74.128003,40.605606],[-74.127998,40.602904],[-74.124926,40.601557],[-74.121859,40.602911]]]},"properties":{"t":"Snow or Ice","n":68,"q":4}},{"type":"Feature","geometry":{"type":"Polygon","coordinates":[[[-74.140157,40.546157],[-74.140163,40.548859],[-74.143233,40.550206],[-74.146297,40.548851],[-74.146291,40.546149],[-74.143221,40.544802],[-74.140157,40.546157]]]},"properties":{"t":"Snow or Ice","n":56,"q":4}},{"type":"Feature","geometry":{"type":"Polygon","coordinates":[[[-74.078894,40.611053],[-74.078897,40.613755],[-74.081968,40.615104],[-74.085037,40.61375],[-74.085034,40.611049],[-74.081962,40.6097],[-74.078894,40.611053]]]},"properties":{"t":"Snow or Ice","n":17,"q":2}},{"type":"Feature","geometry":{"type":"Polygon","coordinates":[[[-74.143407,40.631253],[-74.143413,40.633954],[-74.146487,40.635301],[-74.149555,40.633946],[-74.149549,40.631245],[-74.146475,40.629898],[-74.143407,40.631253]]]},"properties":{"t":"Snow or Ice","n":14,"q":1}},{"type":"Feature","geometry":{"type":"Polygon","coordinates":[[[-74.195363,40.546076],[-74.195371,40.548778],[-74.198442,40.550123],[-74.201506,40.548767],[-74.201497,40.546066],[-74.198426,40.54472],[-74.195363,40.546076]]]},"properties":{"t":"Snow or Ice","n":129,"q":4}},{"type":"Feature","geometry":{"type":"Polygon","coordinates":[[[-74.127905,40.554276],[-74.12791,40.556978],[-74.13098,40.558325],[-74.134045,40.556971],[-74.134039,40.554269],[-74.130969,40.552922],[-74.127905,40.554276]]]},"properties":{"t":"Snow or Ice","n":40,"q":3}},{"type":"Feature","geometry":{"type":"Polygon","coordinates":[[[-74.078922,40.635367],[-74.078925,40.638069],[-74.081998,40.639418],[-74.085068,40.638065],[-74.085064,40.635363],[-74.081992,40.634014],[-74.078922,40.635367]]]},"properties":{"t":"Snow or Ice","n":80,"q":4}},{"type":"Feature","geometry":{"type":"Polygon","coordinates":[[[-74.094238,40.606989],[-74.094242,40.609691],[-74.097313,40.611039],[-74.100381,40.609686],[-74.100377,40.606984],[-74.097306,40.605636],[-74.094238,40.606989]]]},"properties":{"t":"Snow or Ice","n":96,"q":4}},{"type":"Feature","geometry":{"type":"Polygon","coordinates":[[[-74.100365,40.598879],[-74.100369,40.601581],[-74.103441,40.602929],[-74.106508,40.601576],[-74.106504,40.598874],[-74.103433,40.597526],[-74.100365,40.598879]]]},"properties":{"t":"Snow or Ice","n":14,"q":1}},{"type":"Feature","geometry":{"type":"Polygon","coordinates":[[[-74.149349,40.542093],[-74.149355,40.544795],[-74.152425,40.546141],[-74.155489,40.544786],[-74.155483,40.542085],[-74.152413,40.540738],[-74.149349,40.542093]]]},"properties":{"t":"Snow or Ice","n":33,"q":3}},{"type":"Feature","geometry":{"type":"Polygon","coordinates":[[[-74.235106,40.50953],[-74.235116,40.512232],[-74.238186,40.513576],[-74.241247,40.512219],[-74.241237,40.509518],[-74.238167,40.508173],[-74.235106,40.50953]]]},"properties":{"t":"Snow or Ice","n":32,"q":3}},{"type":"Feature","geometry":{"type":"Polygon","coordinates":[[[-74.164873,40.619067],[-74.16488,40.621768],[-74.167954,40.623115],[-74.171021,40.621759],[-74.171014,40.619058],[-74.16794,40.617712],[-74.164873,40.619067]]]},"properties":{"t":"Snow or Ice","n":10,"q":1}},{"type":"Feature","geometry":{"type":"Polygon","coordinates":[[[-74.07278,40.635371],[-74.072783,40.638073],[-74.075856,40.639422],[-74.078925,40.638069],[-74.078922,40.635367],[-74.07585,40.634019],[-74.07278,40.635371]]]},"properties":{"t":"Snow or Ice","n":19,"q":2}},{"type":"Feature","geometry":{"type":"Polygon","coordinates":[[[-74.078903,40.619158],[-74.078906,40.62186],[-74.081978,40.623208],[-74.085047,40.621855],[-74.085044,40.619154],[-74.081972,40.617805],[-74.078903,40.619158]]]},"properties":{"t":"Snow or Ice","n":81,"q":4}},{"type":"Feature","geometry":{"type":"Polygon","coordinates":[[[-74.155521,40.558294],[-74.155527,40.560996],[-74.158598,40.562343],[-74.161662,40.560987],[-74.161656,40.558286],[-74.158585,40.556939],[-74.155521,40.558294]]]},"properties":{"t":"Snow or Ice","n":27,"q":3}},{"type":"Feature","geometry":{"type":"Polygon","coordinates":[[[-74.137148,40.574527],[-74.137154,40.577229],[-74.140225,40.578576],[-74.143291,40.577221],[-74.143285,40.57452],[-74.140214,40.573173],[-74.137148,40.574527]]]},"properties":{"t":"Snow or Ice","n":10,"q":1}},{"type":"Feature","geometry":{"type":"Polygon","coordinates":[[[-74.131091,40.615058],[-74.131097,40.61776],[-74.13417,40.619107],[-74.137237,40.617752],[-74.137232,40.615051],[-74.134159,40.613704],[-74.131091,40.615058]]]},"properties":{"t":"Snow or Ice","n":154,"q":4}},{"type":"Feature","geometry":{"type":"Polygon","coordinates":[[[-74.158771,40.635285],[-74.158778,40.637986],[-74.161852,40.639333],[-74.16492,40.637978],[-74.164913,40.635276],[-74.161839,40.63393],[-74.158771,40.635285]]]},"properties":{"t":"Snow or Ice","n":23,"q":2}},{"type":"Feature","geometry":{"type":"Polygon","coordinates":[[[-74.189229,40.546087],[-74.189237,40.548788],[-74.192308,40.550134],[-74.195371,40.548778],[-74.195363,40.546076],[-74.192293,40.544731],[-74.189229,40.546087]]]},"properties":{"t":"Snow or Ice","n":30,"q":3}},{"type":"Feature","geometry":{"type":"Polygon","coordinates":[[[-74.072754,40.611057],[-74.072756,40.613759],[-74.075828,40.615108],[-74.078897,40.613755],[-74.078894,40.611053],[-74.075822,40.609705],[-74.072754,40.611057]]]},"properties":{"t":"Snow or Ice","n":92,"q":4}},{"type":"Feature","geometry":{"type":"Polygon","coordinates":[[[-74.177004,40.562316],[-74.177011,40.565017],[-74.180083,40.566363],[-74.183147,40.565008],[-74.18314,40.562306],[-74.180068,40.56096],[-74.177004,40.562316]]]},"properties":{"t":"Snow or Ice","n":47,"q":4}},{"type":"Feature","geometry":{"type":"Polygon","coordinates":[[[-74.08813,40.631308],[-74.088134,40.63401],[-74.091207,40.635358],[-74.094276,40.634005],[-74.094272,40.631303],[-74.091199,40.629955],[-74.08813,40.631308]]]},"properties":{"t":"Snow or Ice","n":60,"q":4}},{"type":"Feature","geometry":{"type":"Polygon","coordinates":[[[-74.085003,40.586735],[-74.085006,40.589436],[-74.088077,40.590785],[-74.091144,40.589432],[-74.09114,40.58673],[-74.08807,40.585382],[-74.085003,40.586735]]]},"properties":{"t":"Snow or Ice","n":36,"q":3}},{"type":"Feature","geometry":{"type":"Polygon","coordinates":[[[-74.204453,40.509589],[-74.204461,40.512291],[-74.207531,40.513636],[-74.210592,40.512279],[-74.210584,40.509578],[-74.207514,40.508233],[-74.204453,40.509589]]]},"properties":{"t":"Snow or Ice","n":2,"q":0}},{"type":"Feature","geometry":{"type":"Polygon","coordinates":[[[-74.069679,40.607007],[-74.069682,40.609708],[-74.072754,40.611057],[-74.075822,40.609705],[-74.075819,40.607003],[-74.072748,40.605654],[-74.069679,40.607007]]]},"properties":{"t":"Snow or Ice","n":119,"q":4}},{"type":"Feature","geometry":{"type":"Polygon","coordinates":[[[-74.088098,40.606994],[-74.088102,40.609696],[-74.091173,40.611044],[-74.094242,40.609691],[-74.094238,40.606989],[-74.091166,40.605641],[-74.088098,40.606994]]]},"properties":{"t":"Snow or Ice","n":65,"q":4}},{"type":"Feature","geometry":{"type":"Polygon","coordinates":[[[-74.204502,40.525798],[-74.204511,40.5285],[-74.207581,40.529845],[-74.210643,40.528489],[-74.210635,40.525787],[-74.207564,40.524442],[-74.204502,40.525798]]]},"properties":{"t":"Snow or Ice","n":36,"q":3}},{"type":"Feature","geometry":{"type":"Polygon","coordinates":[[[-74.075819,40.607003],[-74.075822,40.609705],[-74.078894,40.611053],[-74.081962,40.6097],[-74.081959,40.606999],[-74.078887,40.60565],[-74.075819,40.607003]]]},"properties":{"t":"Snow or Ice","n":40,"q":3}},{"type":"Feature","geometry":{"type":"Polygon","coordinates":[[[-74.085064,40.635363],[-74.085068,40.638065],[-74.088141,40.639413],[-74.09121,40.63806],[-74.091207,40.635358],[-74.088134,40.63401],[-74.085064,40.635363]]]},"properties":{"t":"Snow or Ice","n":101,"q":4}},{"type":"Feature","geometry":{"type":"Polygon","coordinates":[[[-74.195387,40.554181],[-74.195395,40.556883],[-74.198467,40.558228],[-74.20153,40.556872],[-74.201522,40.55417],[-74.19845,40.552825],[-74.195387,40.554181]]]},"properties":{"t":"Snow or Ice","n":63,"q":4}},{"type":"Feature","geometry":{"type":"Polygon","coordinates":[[[-74.213765,40.546044],[-74.213774,40.548745],[-74.216846,40.55009],[-74.219908,40.548734],[-74.219899,40.546032],[-74.216828,40.544687],[-74.213765,40.546044]]]},"properties":{"t":"Snow or Ice","n":54,"q":4}},{"type":"Feature","geometry":{"type":"Polygon","coordinates":[[[-74.124936,40.60696],[-74.124941,40.609662],[-74.128013,40.611009],[-74.131081,40.609655],[-74.131075,40.606953],[-74.128003,40.605606],[-74.124936,40.60696]]]},"properties":{"t":"Snow or Ice","n":83,"q":4}},{"type":"Feature","geometry":{"type":"Polygon","coordinates":[[[-74.210686,40.541997],[-74.210694,40.544698],[-74.213765,40.546044],[-74.216828,40.544687],[-74.216819,40.541985],[-74.213748,40.54064],[-74.210686,40.541997]]]},"properties":{"t":"Snow or Ice","n":51,"q":4}},{"type":"Feature","geometry":{"type":"Polygon","coordinates":[[[-74.143355,40.606939],[-74.14336,40.60964],[-74.146433,40.610987],[-74.1495,40.609632],[-74.149494,40.606931],[-74.146422,40.605584],[-74.143355,40.606939]]]},"properties":{"t":"Snow or Ice","n":27,"q":3}},{"type":"Feature","geometry":{"type":"Polygon","coordinates":[[[-74.118739,40.574548],[-74.118743,40.577249],[-74.121814,40.578597],[-74.12488,40.577243],[-74.124875,40.574541],[-74.121804,40.573194],[-74.118739,40.574548]]]},"properties":{"t":"Snow or Ice","n":41,"q":3}},{"type":"Feature","geometry":{"type":"Polygon","coordinates":[[[-74.06354,40.60701],[-74.063542,40.609712],[-74.066614,40.611061],[-74.069682,40.609708],[-74.069679,40.607007],[-74.066608,40.605658],[-74.06354,40.60701]]]},"properties":{"t":"Snow or Ice","n":49,"q":4}},{"type":"Feature","geometry":{"type":"Polygon","coordinates":[[[-74.128013,40.611009],[-74.128019,40.613711],[-74.131091,40.615058],[-74.134159,40.613704],[-74.134153,40.611002],[-74.131081,40.609655],[-74.128013,40.611009]]]},"properties":{"t":"Snow or Ice","n":63,"q":4}},{"type":"Feature","geometry":{"type":"Polygon","coordinates":[[[-74.118811,40.615071],[-74.118815,40.617773],[-74.121888,40.61912],[-74.124956,40.617766],[-74.124951,40.615065],[-74.121878,40.613717],[-74.118811,40.615071]]]},"properties":{"t":"Snow or Ice","n":46,"q":3}},{"type":"Feature","geometry":{"type":"Polygon","coordinates":[[[-74.069671,40.598902],[-74.069674,40.601604],[-74.072745,40.602953],[-74.075813,40.6016],[-74.07581,40.598898],[-74.072739,40.59755],[-74.069671,40.598902]]]},"properties":{"t":"Snow or Ice","n":38,"q":3}},{"type":"Feature","geometry":{"type":"Polygon","coordinates":[[[-74.100304,40.558356],[-74.100308,40.561057],[-74.103378,40.562405],[-74.106444,40.561052],[-74.106439,40.55835],[-74.10337,40.557002],[-74.100304,40.558356]]]},"properties":{"t":"Snow or Ice","n":55,"q":4}},{"type":"Feature","geometry":{"type":"Polygon","coordinates":[[[-74.134121,40.594793],[-74.134126,40.597494],[-74.137198,40.598841],[-74.140265,40.597487],[-74.140259,40.594785],[-74.137187,40.593438],[-74.134121,40.594793]]]},"properties":{"t":"Snow or Ice","n":20,"q":2}},{"type":"Feature","geometry":{"type":"Polygon","coordinates":[[[-74.192308,40.550134],[-74.192316,40.552835],[-74.195387,40.554181],[-74.19845,40.552825],[-74.198442,40.550123],[-74.195371,40.548778],[-74.192308,40.550134]]]},"properties":{"t":"Snow or Ice","n":166,"q":4}},{"type":"Feature","geometry":{"type":"Polygon","coordinates":[[[-74.137198,40.598841],[-74.137204,40.601543],[-74.140276,40.60289],[-74.143343,40.601535],[-74.143337,40.598834],[-74.140265,40.597487],[-74.137198,40.598841]]]},"properties":{"t":"Snow or Ice","n":26,"q":2}},{"type":"Feature","geometry":{"type":"Polygon","coordinates":[[[-74.164833,40.602857],[-74.16484,40.605559],[-74.167913,40.606905],[-74.170979,40.60555],[-74.170973,40.602848],[-74.1679,40.601502],[-74.164833,40.602857]]]},"properties":{"t":"Snow or Ice","n":27,"q":3}},{"type":"Feature","geometry":{"type":"Polygon","coordinates":[[[-74.112657,40.606973],[-74.112661,40.609674],[-74.115733,40.611022],[-74.118801,40.609668],[-74.118796,40.606967],[-74.115724,40.605619],[-74.112657,40.606973]]]},"properties":{"t":"Snow or Ice","n":30,"q":3}},{"type":"Feature","geometry":{"type":"Polygon","coordinates":[[[-74.081959,40.606999],[-74.081962,40.6097],[-74.085034,40.611049],[-74.088102,40.609696],[-74.088098,40.606994],[-74.085027,40.605646],[-74.081959,40.606999]]]},"properties":{"t":"Snow or Ice","n":64,"q":4}},{"type":"Feature","geometry":{"type":"Polygon","coordinates":[[[-74.2014,40.513647],[-74.201408,40.516348],[-74.204478,40.517694],[-74.207539,40.516337],[-74.207531,40.513636],[-74.204461,40.512291],[-74.2014,40.513647]]]},"properties":{"t":"Snow or Ice","n":31,"q":3}},{"type":"Feature","geometry":{"type":"Polygon","coordinates":[[[-74.094226,40.598885],[-74.09423,40.601586],[-74.097302,40.602934],[-74.100369,40.601581],[-74.100365,40.598879],[-74.097294,40.597531],[-74.094226,40.598885]]]},"properties":{"t":"Snow or Ice","n":25,"q":2}},{"type":"Feature","geometry":{"type":"Polygon","coordinates":[[[-74.072789,40.643476],[-74.072792,40.646178],[-74.075865,40.647526],[-74.078935,40.646174],[-74.078932,40.643472],[-74.075859,40.642123],[-74.072789,40.643476]]]},"properties":{"t":"Snow or Ice","n":22,"q":2}},{"type":"Feature","geometry":{"type":"Polygon","coordinates":[[[-74.106504,40.598874],[-74.106508,40.601576],[-74.10958,40.602923],[-74.112648,40.60157],[-74.112643,40.598868],[-74.109571,40.59752],[-74.106504,40.598874]]]},"properties":{"t":"Snow or Ice","n":13,"q":1}},{"type":"Feature","geometry":{"type":"Polygon","coordinates":[[[-74.158636,40.578552],[-74.158643,40.581254],[-74.161715,40.5826],[-74.16478,40.581245],[-74.164773,40.578543],[-74.161702,40.577197],[-74.158636,40.578552]]]},"properties":{"t":"Snow or Ice","n":79,"q":4}},{"type":"Feature","geometry":{"type":"Polygon","coordinates":[[[-74.225924,40.513601],[-74.225933,40.516303],[-74.229003,40.517647],[-74.232064,40.51629],[-74.232055,40.513589],[-74.228985,40.512244],[-74.225924,40.513601]]]},"properties":{"t":"Snow or Ice","n":7,"q":0}},{"type":"Feature","geometry":{"type":"Polygon","coordinates":[[[-74.063532,40.598906],[-74.063535,40.601607],[-74.066605,40.602956],[-74.069674,40.601604],[-74.069671,40.598902],[-74.0666,40.597553],[-74.063532,40.598906]]]},"properties":{"t":"Snow or Ice","n":10,"q":1}},{"type":"Feature","geometry":{"type":"Polygon","coordinates":[[[-74.100353,40.590775],[-74.100357,40.593476],[-74.103428,40.594824],[-74.106495,40.593471],[-74.106491,40.590769],[-74.10342,40.589421],[-74.100353,40.590775]]]},"properties":{"t":"Snow or Ice","n":31,"q":3}},{"type":"Feature","geometry":{"type":"Polygon","coordinates":[[[-74.124845,40.558332],[-74.12485,40.561033],[-74.12792,40.562381],[-74.130985,40.561027],[-74.13098,40.558325],[-74.12791,40.556978],[-74.124845,40.558332]]]},"properties":{"t":"Snow or Ice","n":24,"q":2}},{"type":"Feature","geometry":{"type":"Polygon","coordinates":[[[-74.118825,40.623176],[-74.11883,40.625878],[-74.121903,40.627225],[-74.124971,40.625871],[-74.124966,40.62317],[-74.121893,40.621822],[-74.118825,40.623176]]]},"properties":{"t":"Snow or Ice","n":28,"q":3}},{"type":"Feature","geometry":{"type":"Polygon","coordinates":[[[-74.228975,40.509543],[-74.228985,40.512244],[-74.232055,40.513589],[-74.235116,40.512232],[-74.235106,40.50953],[-74.232036,40.508186],[-74.228975,40.509543]]]},"properties":{"t":"Snow or Ice","n":12,"q":1}},{"type":"Feature","geometry":{"type":"Polygon","coordinates":[[[-74.17694,40.538001],[-74.176947,40.540703],[-74.180017,40.542049],[-74.183081,40.540693],[-74.183073,40.537992],[-74.180003,40.536646],[-74.17694,40.538001]]]},"properties":{"t":"Snow or Ice","n":28,"q":3}},{"type":"Feature","geometry":{"type":"Polygon","coordinates":[[[-74.161793,40.615019],[-74.1618,40.61772],[-74.164873,40.619067],[-74.16794,40.617712],[-74.167933,40.61501],[-74.16486,40.613664],[-74.161793,40.615019]]]},"properties":{"t":"Snow or Ice","n":28,"q":3}},{"type":"Feature","geometry":{"type":"Polygon","coordinates":[[[-74.066605,40.602956],[-74.066608,40.605658],[-74.069679,40.607007],[-74.072748,40.605654],[-74.072745,40.602953],[-74.069674,40.601604],[-74.066605,40.602956]]]},"properties":{"t":"Snow or Ice","n":25,"q":2}},{"type":"Feature","geometry":{"type":"Polygon","coordinates":[[[-74.091173,40.611044],[-74.091177,40.613746],[-74.094249,40.615094],[-74.097317,40.613741],[-74.097313,40.611039],[-74.094242,40.609691],[-74.091173,40.611044]]]},"properties":{"t":"Snow or Ice","n":33,"q":3}},{"type":"Feature","geometry":{"type":"Polygon","coordinates":[[[-74.121888,40.61912],[-74.121893,40.621822],[-74.124966,40.62317],[-74.128034,40.621815],[-74.128029,40.619114],[-74.124956,40.617766],[-74.121888,40.61912]]]},"properties":{"t":"Snow or Ice","n":15,"q":1}},{"type":"Feature","geometry":{"type":"Polygon","coordinates":[[[-74.155653,40.615027],[-74.155659,40.617729],[-74.158733,40.619075],[-74.1618,40.61772],[-74.161793,40.615019],[-74.15872,40.613672],[-74.155653,40.615027]]]},"properties":{"t":"Snow or Ice","n":69,"q":4}},{"type":"Feature","geometry":{"type":"Polygon","coordinates":[[[-74.167995,40.639324],[-74.168001,40.642026],[-74.171076,40.643372],[-74.174144,40.642017],[-74.174137,40.639315],[-74.171063,40.637969],[-74.167995,40.639324]]]},"properties":{"t":"Snow or Ice","n":9,"q":1}},{"type":"Feature","geometry":{"type":"Polygon","coordinates":[[[-74.115733,40.611022],[-74.115738,40.613724],[-74.118811,40.615071],[-74.121878,40.613717],[-74.121873,40.611016],[-74.118801,40.609668],[-74.115733,40.611022]]]},"properties":{"t":"Snow or Ice","n":23,"q":2}},{"type":"Feature","geometry":{"type":"Polygon","coordinates":[[[-74.219766,40.505508],[-74.219775,40.50821],[-74.222845,40.509555],[-74.225906,40.508198],[-74.225896,40.505496],[-74.222827,40.504152],[-74.219766,40.505508]]]},"properties":{"t":"Snow or Ice","n":33,"q":3}},{"type":"Feature","geometry":{"type":"Polygon","coordinates":[[[-74.164713,40.554229],[-74.16472,40.556931],[-74.167791,40.558277],[-74.170855,40.556922],[-74.170848,40.55422],[-74.167777,40.552874],[-74.164713,40.554229]]]},"properties":{"t":"Snow or Ice","n":29,"q":3}},{"type":"Feature","geometry":{"type":"Polygon","coordinates":[[[-74.091151,40.594835],[-74.091155,40.597536],[-74.094226,40.598885],[-74.097294,40.597531],[-74.09729,40.59483],[-74.094219,40.593482],[-74.091151,40.594835]]]},"properties":{"t":"Snow or Ice","n":110,"q":4}},{"type":"Feature","geometry":{"type":"Polygon","coordinates":[[[-74.106569,40.639397],[-74.106573,40.642099],[-74.109647,40.643447],[-74.112716,40.642093],[-74.112711,40.639392],[-74.109638,40.638044],[-74.106569,40.639397]]]},"properties":{"t":"Snow or Ice","n":82,"q":4}},{"type":"Feature","geometry":{"type":"Polygon","coordinates":[[[-74.085075,40.643468],[-74.085078,40.646169],[-74.088152,40.647518],[-74.091221,40.646165],[-74.091218,40.643463],[-74.088145,40.642115],[-74.085075,40.643468]]]},"properties":{"t":"Snow or Ice","n":84,"q":4}},{"type":"Feature","geometry":{"type":"Polygon","coordinates":[[[-74.225951,40.521706],[-74.22596,40.524407],[-74.229031,40.525752],[-74.232092,40.524395],[-74.232083,40.521694],[-74.229012,40.520349],[-74.225951,40.521706]]]},"properties":{"t":"Snow or Ice","n":6,"q":0}},{"type":"Feature","geometry":{"type":"Polygon","coordinates":[[[-74.088087,40.59889],[-74.088091,40.601591],[-74.091162,40.60294],[-74.09423,40.601586],[-74.094226,40.598885],[-74.091155,40.597536],[-74.088087,40.59889]]]},"properties":{"t":"Snow or Ice","n":32,"q":3}},{"type":"Feature","geometry":{"type":"Polygon","coordinates":[[[-74.192215,40.517715],[-74.192223,40.520416],[-74.195292,40.521762],[-74.198354,40.520406],[-74.198346,40.517704],[-74.195277,40.516359],[-74.192215,40.517715]]]},"properties":{"t":"Snow or Ice","n":49,"q":4}},{"type":"Feature","geometry":{"type":"Polygon","coordinates":[[[-74.078913,40.627263],[-74.078916,40.629964],[-74.081988,40.631313],[-74.085058,40.62996],[-74.085054,40.627258],[-74.081982,40.62591],[-74.078913,40.627263]]]},"properties":{"t":"Snow or Ice","n":98,"q":4}},{"type":"Feature","geometry":{"type":"Polygon","coordinates":[[[-74.183029,40.521782],[-74.183036,40.524484],[-74.186106,40.52583],[-74.189168,40.524474],[-74.189161,40.521772],[-74.186091,40.520427],[-74.183029,40.521782]]]},"properties":{"t":"Snow or Ice","n":2,"q":0}},{"type":"Feature","geometry":{"type":"Polygon","coordinates":[[[-74.112711,40.639392],[-74.112716,40.642093],[-74.11579,40.643441],[-74.118859,40.642087],[-74.118854,40.639385],[-74.11578,40.638038],[-74.112711,40.639392]]]},"properties":{"t":"Snow or Ice","n":41,"q":3}},{"type":"Feature","geometry":{"type":"Polygon","coordinates":[[[-74.155634,40.606923],[-74.15564,40.609624],[-74.158713,40.610971],[-74.16178,40.609616],[-74.161774,40.606914],[-74.1587,40.605568],[-74.155634,40.606923]]]},"properties":{"t":"Snow or Ice","n":47,"q":4}},{"type":"Feature","geometry":{"type":"Polygon","coordinates":[[[-74.134072,40.570479],[-74.134077,40.57318],[-74.137148,40.574527],[-74.140214,40.573173],[-74.140208,40.570471],[-74.137137,40.569124],[-74.134072,40.570479]]]},"properties":{"t":"Snow or Ice","n":24,"q":2}},{"type":"Feature","geometry":{"type":"Polygon","coordinates":[[[-74.155672,40.623132],[-74.155678,40.625834],[-74.158752,40.62718],[-74.161819,40.625825],[-74.161813,40.623124],[-74.158739,40.621777],[-74.155672,40.623132]]]},"properties":{"t":"Snow or Ice","n":58,"q":4}},{"type":"Feature","geometry":{"type":"Polygon","coordinates":[[[-74.229003,40.517647],[-74.229012,40.520349],[-74.232083,40.521694],[-74.235144,40.520337],[-74.235135,40.517635],[-74.232064,40.51629],[-74.229003,40.517647]]]},"properties":{"t":"Snow or Ice","n":36,"q":3}},{"type":"Feature","geometry":{"type":"Polygon","coordinates":[[[-74.192261,40.533924],[-74.192269,40.536626],[-74.19534,40.537972],[-74.198402,40.536616],[-74.198394,40.533914],[-74.195324,40.532568],[-74.192261,40.533924]]]},"properties":{"t":"Snow or Ice","n":26,"q":2}},{"type":"Feature","geometry":{"type":"Polygon","coordinates":[[[-74.170848,40.55422],[-74.170855,40.556922],[-74.173926,40.558268],[-74.17699,40.556912],[-74.176983,40.554211],[-74.173912,40.552865],[-74.170848,40.55422]]]},"properties":{"t":"Snow or Ice","n":37,"q":3}},{"type":"Feature","geometry":{"type":"Polygon","coordinates":[[[-74.140327,40.627204],[-74.140333,40.629906],[-74.143407,40.631253],[-74.146475,40.629898],[-74.146469,40.627196],[-74.143395,40.62585],[-74.140327,40.627204]]]},"properties":{"t":"Snow or Ice","n":13,"q":1}},{"type":"Feature","geometry":{"type":"Polygon","coordinates":[[[-74.097266,40.57862],[-74.09727,40.581322],[-74.100341,40.58267],[-74.103407,40.581317],[-74.103403,40.578615],[-74.100333,40.577267],[-74.097266,40.57862]]]},"properties":{"t":"Snow or Ice","n":64,"q":4}},{"type":"Feature","geometry":{"type":"Polygon","coordinates":[[[-74.155596,40.590713],[-74.155602,40.593415],[-74.158675,40.594761],[-74.161741,40.593406],[-74.161734,40.590705],[-74.158662,40.589358],[-74.155596,40.590713]]]},"properties":{"t":"Snow or Ice","n":33,"q":3}},{"type":"Feature","geometry":{"type":"Polygon","coordinates":[[[-74.170807,40.538011],[-74.170814,40.540712],[-74.173884,40.542058],[-74.176947,40.540703],[-74.17694,40.538001],[-74.17387,40.536655],[-74.170807,40.538011]]]},"properties":{"t":"Snow or Ice","n":31,"q":3}},{"type":"Feature","geometry":{"type":"Polygon","coordinates":[[[-74.112602,40.574554],[-74.112606,40.577256],[-74.115677,40.578603],[-74.118743,40.577249],[-74.118739,40.574548],[-74.115668,40.5732],[-74.112602,40.574554]]]},"properties":{"t":"Snow or Ice","n":30,"q":3}},{"type":"Feature","geometry":{"type":"Polygon","coordinates":[[[-74.128029,40.619114],[-74.128034,40.621815],[-74.131107,40.623163],[-74.134175,40.621808],[-74.13417,40.619107],[-74.131097,40.61776],[-74.128029,40.619114]]]},"properties":{"t":"Snow or Ice","n":75,"q":4}},{"type":"Feature","geometry":{"type":"Polygon","coordinates":[[[-74.088141,40.639413],[-74.088145,40.642115],[-74.091218,40.643463],[-74.094287,40.64211],[-74.094284,40.639408],[-74.09121,40.63806],[-74.088141,40.639413]]]},"properties":{"t":"Snow or Ice","n":94,"q":4}},{"type":"Feature","geometry":{"type":"Polygon","coordinates":[[[-74.183051,40.529887],[-74.183058,40.532589],[-74.186129,40.533935],[-74.189191,40.532579],[-74.189184,40.529877],[-74.186113,40.528531],[-74.183051,40.529887]]]},"properties":{"t":"Snow or Ice","n":23,"q":2}},{"type":"Feature","geometry":{"type":"Polygon","coordinates":[[[-74.152518,40.586665],[-74.152524,40.589367],[-74.155596,40.590713],[-74.158662,40.589358],[-74.158656,40.586657],[-74.155584,40.58531],[-74.152518,40.586665]]]},"properties":{"t":"Snow or Ice","n":36,"q":3}},{"type":"Feature","geometry":{"type":"Polygon","coordinates":[[[-74.146451,40.619092],[-74.146457,40.621793],[-74.149531,40.62314],[-74.152598,40.621785],[-74.152592,40.619084],[-74.149518,40.617737],[-74.146451,40.619092]]]},"properties":{"t":"Snow or Ice","n":7,"q":0}},{"type":"Feature","geometry":{"type":"Polygon","coordinates":[[[-74.189161,40.521772],[-74.189168,40.524474],[-74.192238,40.52582],[-74.1953,40.524464],[-74.195292,40.521762],[-74.192223,40.520416],[-74.189161,40.521772]]]},"properties":{"t":"Snow or Ice","n":5,"q":0}},{"type":"Feature","geometry":{"type":"Polygon","coordinates":[[[-74.137132,40.566423],[-74.137137,40.569124],[-74.140208,40.570471],[-74.143274,40.569117],[-74.143268,40.566415],[-74.140197,40.565068],[-74.137132,40.566423]]]},"properties":{"t":"Snow or Ice","n":28,"q":3}},{"type":"Feature","geometry":{"type":"Polygon","coordinates":[[[-74.081949,40.598894],[-74.081952,40.601596],[-74.085023,40.602944],[-74.088091,40.601591],[-74.088087,40.59889],[-74.085016,40.597541],[-74.081949,40.598894]]]},"properties":{"t":"Snow or Ice","n":44,"q":3}},{"type":"Feature","geometry":{"type":"Polygon","coordinates":[[[-74.128045,40.627218],[-74.12805,40.62992],[-74.131123,40.631267],[-74.134191,40.629913],[-74.134186,40.627211],[-74.131113,40.625864],[-74.128045,40.627218]]]},"properties":{"t":"Snow or Ice","n":44,"q":3}},{"type":"Feature","geometry":{"type":"Polygon","coordinates":[[[-74.121918,40.63533],[-74.121923,40.638031],[-74.124997,40.639379],[-74.128065,40.638025],[-74.12806,40.635323],[-74.124986,40.633976],[-74.121918,40.63533]]]},"properties":{"t":"Snow or Ice","n":11,"q":1}},{"type":"Feature","geometry":{"type":"Polygon","coordinates":[[[-74.232111,40.529798],[-74.232121,40.5325],[-74.235192,40.533844],[-74.238253,40.532487],[-74.238244,40.529786],[-74.235173,40.528441],[-74.232111,40.529798]]]},"properties":{"t":"Snow or Ice","n":1,"q":0}},{"type":"Feature","geometry":{"type":"Polygon","coordinates":[[[-74.11871,40.558338],[-74.118715,40.56104],[-74.121785,40.562387],[-74.12485,40.561033],[-74.124845,40.558332],[-74.121775,40.556984],[-74.11871,40.558338]]]},"properties":{"t":"Snow or Ice","n":91,"q":4}},{"type":"Feature","geometry":{"type":"Polygon","coordinates":[[[-74.137248,40.623156],[-74.137254,40.625857],[-74.140327,40.627204],[-74.143395,40.62585],[-74.143389,40.623148],[-74.140316,40.621801],[-74.137248,40.623156]]]},"properties":{"t":"Snow or Ice","n":43,"q":3}},{"type":"Feature","geometry":{"type":"Polygon","coordinates":[[[-74.060474,40.611064],[-74.060476,40.613766],[-74.063547,40.615115],[-74.066616,40.613763],[-74.066614,40.611061],[-74.063542,40.609712],[-74.060474,40.611064]]]},"properties":{"t":"Snow or Ice","n":93,"q":4}},{"type":"Feature","geometry":{"type":"Polygon","coordinates":[[[-74.152573,40.610979],[-74.15258,40.613681],[-74.155653,40.615027],[-74.15872,40.613672],[-74.158713,40.610971],[-74.15564,40.609624],[-74.152573,40.610979]]]},"properties":{"t":"Snow or Ice","n":4,"q":0}},{"type":"Feature","geometry":{"type":"Polygon","coordinates":[[[-74.109593,40.611028],[-74.109598,40.61373],[-74.11267,40.615078],[-74.115738,40.613724],[-74.115733,40.611022],[-74.112661,40.609674],[-74.109593,40.611028]]]},"properties":{"t":"Snow or Ice","n":45,"q":3}},{"type":"Feature","geometry":{"type":"Polygon","coordinates":[[[-74.164813,40.594753],[-74.16482,40.597454],[-74.167893,40.598801],[-74.170959,40.597445],[-74.170952,40.594744],[-74.167879,40.593398],[-74.164813,40.594753]]]},"properties":{"t":"Snow or Ice","n":4,"q":0}},{"type":"Feature","geometry":{"type":"Polygon","coordinates":[[[-74.189252,40.554191],[-74.18926,40.556893],[-74.192331,40.558239],[-74.195395,40.556883],[-74.195387,40.554181],[-74.192316,40.552835],[-74.189252,40.554191]]]},"properties":{"t":"Snow or Ice","n":73,"q":4}},{"type":"Feature","geometry":{"type":"Polygon","coordinates":[[[-74.103453,40.611034],[-74.103458,40.613735],[-74.10653,40.615083],[-74.109598,40.61373],[-74.109593,40.611028],[-74.106521,40.60968],[-74.103453,40.611034]]]},"properties":{"t":"Snow or Ice","n":53,"q":4}},{"type":"Feature","geometry":{"type":"Polygon","coordinates":[[[-74.207631,40.546055],[-74.20764,40.548756],[-74.210711,40.550102],[-74.213774,40.548745],[-74.213765,40.546044],[-74.210694,40.544698],[-74.207631,40.546055]]]},"properties":{"t":"Snow or Ice","n":25,"q":2}},{"type":"Feature","geometry":{"type":"Polygon","coordinates":[[[-74.078874,40.594844],[-74.078878,40.597545],[-74.081949,40.598894],[-74.085016,40.597541],[-74.085013,40.59484],[-74.081942,40.593491],[-74.078874,40.594844]]]},"properties":{"t":"Snow or Ice","n":16,"q":2}},{"type":"Feature","geometry":{"type":"Polygon","coordinates":[[[-74.07581,40.598898],[-74.075813,40.6016],[-74.078884,40.602949],[-74.081952,40.601596],[-74.081949,40.598894],[-74.078878,40.597545],[-74.07581,40.598898]]]},"properties":{"t":"Snow or Ice","n":31,"q":3}},{"type":"Feature","geometry":{"type":"Polygon","coordinates":[[[-74.143216,40.542101],[-74.143221,40.544802],[-74.146291,40.546149],[-74.149355,40.544795],[-74.149349,40.542093],[-74.146279,40.540746],[-74.143216,40.542101]]]},"properties":{"t":"Snow or Ice","n":69,"q":4}},{"type":"Feature","geometry":{"type":"Polygon","coordinates":[[[-74.164673,40.53802],[-74.16468,40.540721],[-74.16775,40.542068],[-74.170814,40.540712],[-74.170807,40.538011],[-74.167737,40.536664],[-74.164673,40.53802]]]},"properties":{"t":"Snow or Ice","n":21,"q":2}},{"type":"Feature","geometry":{"type":"Polygon","coordinates":[[[-74.180017,40.542049],[-74.180025,40.544751],[-74.183095,40.546097],[-74.186159,40.544741],[-74.186151,40.542039],[-74.183081,40.540693],[-74.180017,40.542049]]]},"properties":{"t":"Snow or Ice","n":17,"q":2}},{"type":"Feature","geometry":{"type":"Polygon","coordinates":[[[-74.16771,40.525858],[-74.167716,40.52856],[-74.170786,40.529906],[-74.173849,40.528551],[-74.173842,40.525849],[-74.170772,40.524503],[-74.16771,40.525858]]]},"properties":{"t":"Snow or Ice","n":25,"q":2}},{"type":"Feature","geometry":{"type":"Polygon","coordinates":[[[-74.216714,40.509566],[-74.216723,40.512268],[-74.219793,40.513613],[-74.222854,40.512256],[-74.222845,40.509555],[-74.219775,40.50821],[-74.216714,40.509566]]]},"properties":{"t":"Snow or Ice","n":1,"q":0}},{"type":"Feature","geometry":{"type":"Polygon","coordinates":[[[-74.161597,40.533972],[-74.161603,40.536673],[-74.164673,40.53802],[-74.167737,40.536664],[-74.16773,40.533963],[-74.16466,40.532617],[-74.161597,40.533972]]]},"properties":{"t":"Snow or Ice","n":28,"q":3}},{"type":"Feature","geometry":{"type":"Polygon","coordinates":[[[-74.164853,40.610962],[-74.16486,40.613664],[-74.167933,40.61501],[-74.171,40.613655],[-74.170993,40.610953],[-74.16792,40.609607],[-74.164853,40.610962]]]},"properties":{"t":"Snow or Ice","n":20,"q":2}},{"type":"Feature","geometry":{"type":"Polygon","coordinates":[[[-74.244317,40.513563],[-74.244327,40.516265],[-74.247397,40.517609],[-74.250458,40.516252],[-74.250448,40.51355],[-74.247377,40.512206],[-74.244317,40.513563]]]},"properties":{"t":"Snow or Ice","n":17,"q":2}},{"type":"Feature","geometry":{"type":"Polygon","coordinates":[[[-74.158713,40.610971],[-74.15872,40.613672],[-74.161793,40.615019],[-74.16486,40.613664],[-74.164853,40.610962],[-74.16178,40.609616],[-74.158713,40.610971]]]},"properties":{"t":"Snow or Ice","n":52,"q":4}},{"type":"Feature","geometry":{"type":"Polygon","coordinates":[[[-74.081988,40.631313],[-74.081992,40.634014],[-74.085064,40.635363],[-74.088134,40.63401],[-74.08813,40.631308],[-74.085058,40.62996],[-74.081988,40.631313]]]},"properties":{"t":"Snow or Ice","n":80,"q":4}},{"type":"Feature","geometry":{"type":"Polygon","coordinates":[[[-74.12486,40.566437],[-74.124865,40.569138],[-74.127936,40.570486],[-74.131001,40.569131],[-74.130996,40.56643],[-74.127925,40.565082],[-74.12486,40.566437]]]},"properties":{"t":"Snow or Ice","n":58,"q":4}},{"type":"Feature","geometry":{"type":"Polygon","coordinates":[[[-74.149385,40.558302],[-74.149392,40.561004],[-74.152462,40.562351],[-74.155527,40.560996],[-74.155521,40.558294],[-74.15245,40.556948],[-74.149385,40.558302]]]},"properties":{"t":"Snow or Ice","n":19,"q":2}},{"type":"Feature","geometry":{"type":"Polygon","coordinates":[[[-74.097337,40.627249],[-74.097341,40.62995],[-74.100414,40.631298],[-74.103483,40.629945],[-74.103479,40.627243],[-74.100406,40.625895],[-74.097337,40.627249]]]},"properties":{"t":"Snow or Ice","n":100,"q":4}},{"type":"Feature","geometry":{"type":"Polygon","coordinates":[[[-74.127998,40.602904],[-74.128003,40.605606],[-74.131075,40.606953],[-74.134143,40.605599],[-74.134137,40.602897],[-74.131065,40.60155],[-74.127998,40.602904]]]},"properties":{"t":"Snow or Ice","n":53,"q":4}},{"type":"Feature","geometry":{"type":"Polygon","coordinates":[[[-74.170827,40.546115],[-74.170834,40.548817],[-74.173905,40.550163],[-74.176969,40.548808],[-74.176961,40.546106],[-74.173891,40.54476],[-74.170827,40.546115]]]},"properties":{"t":"Snow or Ice","n":16,"q":2}},{"type":"Feature","geometry":{"type":"Polygon","coordinates":[[[-74.155577,40.582609],[-74.155584,40.58531],[-74.158656,40.586657],[-74.161721,40.585302],[-74.161715,40.5826],[-74.158643,40.581254],[-74.155577,40.582609]]]},"properties":{"t":"Snow or Ice","n":56,"q":4}},{"type":"Feature","geometry":{"type":"Polygon","coordinates":[[[-74.198394,40.533914],[-74.198402,40.536616],[-74.201473,40.537961],[-74.204535,40.536605],[-74.204527,40.533903],[-74.201457,40.532558],[-74.198394,40.533914]]]},"properties":{"t":"Snow or Ice","n":16,"q":2}},{"type":"Feature","geometry":{"type":"Polygon","coordinates":[[[-74.14014,40.538052],[-74.140146,40.540754],[-74.143216,40.542101],[-74.146279,40.540746],[-74.146274,40.538045],[-74.143204,40.536698],[-74.14014,40.538052]]]},"properties":{"t":"Snow or Ice","n":5,"q":0}},{"type":"Feature","geometry":{"type":"Polygon","coordinates":[[[-74.097243,40.562411],[-74.097247,40.565112],[-74.100316,40.566461],[-74.103382,40.565107],[-74.103378,40.562405],[-74.100308,40.561057],[-74.097243,40.562411]]]},"properties":{"t":"Snow or Ice","n":48,"q":4}},{"type":"Feature","geometry":{"type":"Polygon","coordinates":[[[-74.143198,40.533996],[-74.143204,40.536698],[-74.146274,40.538045],[-74.149337,40.53669],[-74.149331,40.533988],[-74.146262,40.532641],[-74.143198,40.533996]]]},"properties":{"t":"Snow or Ice","n":14,"q":1}},{"type":"Feature","geometry":{"type":"Polygon","coordinates":[[[-74.149331,40.533988],[-74.149337,40.53669],[-74.152407,40.538037],[-74.15547,40.536682],[-74.155464,40.53398],[-74.152395,40.532633],[-74.149331,40.533988]]]},"properties":{"t":"Snow or Ice","n":29,"q":3}},{"type":"Feature","geometry":{"type":"Polygon","coordinates":[[[-74.192448,40.598762],[-74.192456,40.601464],[-74.195529,40.602809],[-74.198595,40.601453],[-74.198587,40.598752],[-74.195514,40.597406],[-74.192448,40.598762]]]},"properties":{"t":"Snow or Ice","n":1,"q":0}},{"type":"Feature","geometry":{"type":"Polygon","coordinates":[[[-74.201424,40.521752],[-74.201432,40.524453],[-74.204502,40.525798],[-74.207564,40.524442],[-74.207556,40.521741],[-74.204486,40.520395],[-74.201424,40.521752]]]},"properties":{"t":"Snow or Ice","n":6,"q":0}},{"type":"Feature","geometry":{"type":"Polygon","coordinates":[[[-74.186174,40.550144],[-74.186181,40.552846],[-74.189252,40.554191],[-74.192316,40.552835],[-74.192308,40.550134],[-74.189237,40.548788],[-74.186174,40.550144]]]},"properties":{"t":"Snow or Ice","n":56,"q":4}},{"type":"Feature","geometry":{"type":"Polygon","coordinates":[[[-74.115719,40.602917],[-74.115724,40.605619],[-74.118796,40.606967],[-74.121864,40.605613],[-74.121859,40.602911],[-74.118787,40.601563],[-74.115719,40.602917]]]},"properties":{"t":"Snow or Ice","n":41,"q":3}},{"type":"Feature","geometry":{"type":"Polygon","coordinates":[[[-74.170765,40.521801],[-74.170772,40.524503],[-74.173842,40.525849],[-74.176904,40.524494],[-74.176897,40.521792],[-74.173828,40.520446],[-74.170765,40.521801]]]},"properties":{"t":"Snow or Ice","n":7,"q":0}},{"type":"Feature","geometry":{"type":"Polygon","coordinates":[[[-74.216767,40.525776],[-74.216775,40.528478],[-74.219846,40.529822],[-74.222908,40.528466],[-74.222899,40.525764],[-74.219828,40.524419],[-74.216767,40.525776]]]},"properties":{"t":"Snow or Ice","n":13,"q":1}},{"type":"Feature","geometry":{"type":"Polygon","coordinates":[[[-74.100414,40.631298],[-74.100418,40.634],[-74.103491,40.635348],[-74.10656,40.633994],[-74.106556,40.631293],[-74.103483,40.629945],[-74.100414,40.631298]]]},"properties":{"t":"Snow or Ice","n":86,"q":4}},{"type":"Feature","geometry":{"type":"Polygon","coordinates":[[[-74.094249,40.615094],[-74.094253,40.617796],[-74.097325,40.619144],[-74.100394,40.61779],[-74.10039,40.615089],[-74.097317,40.613741],[-74.094249,40.615094]]]},"properties":{"t":"Snow or Ice","n":80,"q":4}},{"type":"Feature","geometry":{"type":"Polygon","coordinates":[[[-74.183095,40.546097],[-74.183103,40.548798],[-74.186174,40.550144],[-74.189237,40.548788],[-74.189229,40.546087],[-74.186159,40.544741],[-74.183095,40.546097]]]},"properties":{"t":"Snow or Ice","n":26,"q":2}},{"type":"Feature","geometry":{"type":"Polygon","coordinates":[[[-74.143389,40.623148],[-74.143395,40.62585],[-74.146469,40.627196],[-74.149537,40.625842],[-74.149531,40.62314],[-74.146457,40.621793],[-74.143389,40.623148]]]},"properties":{"t":"Snow or Ice","n":20,"q":2}},{"type":"Feature","geometry":{"type":"Polygon","coordinates":[[[-74.060466,40.60296],[-74.060469,40.605661],[-74.06354,40.60701],[-74.066608,40.605658],[-74.066605,40.602956],[-74.063535,40.601607],[-74.060466,40.60296]]]},"properties":{"t":"Snow or Ice","n":16,"q":2}},{"type":"Feature","geometry":{"type":"Polygon","coordinates":[[[-74.106452,40.566455],[-74.106457,40.569157],[-74.109527,40.570505],[-74.112593,40.569151],[-74.112588,40.566449],[-74.109518,40.565101],[-74.106452,40.566455]]]},"properties":{"t":"Snow or Ice","n":13,"q":1}},{"type":"Feature","geometry":{"type":"Polygon","coordinates":[[[-74.081939,40.590789],[-74.081942,40.593491],[-74.085013,40.59484],[-74.08808,40.593486],[-74.088077,40.590785],[-74.085006,40.589436],[-74.081939,40.590789]]]},"properties":{"t":"Snow or Ice","n":19,"q":2}},{"type":"Feature","geometry":{"type":"Polygon","coordinates":[[[-74.131028,40.582639],[-74.131033,40.585341],[-74.134105,40.586688],[-74.137171,40.585334],[-74.137165,40.582632],[-74.134094,40.581285],[-74.131028,40.582639]]]},"properties":{"t":"Snow or Ice","n":1,"q":0}},{"type":"Feature","geometry":{"type":"Polygon","coordinates":[[[-74.244287,40.505459],[-74.244297,40.50816],[-74.247367,40.509504],[-74.250428,40.508147],[-74.250418,40.505445],[-74.247347,40.504101],[-74.244287,40.505459]]]},"properties":{"t":"Snow or Ice","n":12,"q":1}},{"type":"Feature","geometry":{"type":"Polygon","coordinates":[[[-74.118782,40.598862],[-74.118787,40.601563],[-74.121859,40.602911],[-74.124926,40.601557],[-74.124921,40.598855],[-74.121849,40.597508],[-74.118782,40.598862]]]},"properties":{"t":"Snow or Ice","n":60,"q":4}},{"type":"Feature","geometry":{"type":"Polygon","coordinates":[[[-74.11884,40.631281],[-74.118844,40.633982],[-74.121918,40.63533],[-74.124986,40.633976],[-74.124981,40.631274],[-74.121908,40.629927],[-74.11884,40.631281]]]},"properties":{"t":"Snow or Ice","n":58,"q":4}},{"type":"Feature","geometry":{"type":"Polygon","coordinates":[[[-74.219873,40.537927],[-74.219882,40.540629],[-74.222953,40.541974],[-74.226015,40.540617],[-74.226006,40.537915],[-74.222935,40.536571],[-74.219873,40.537927]]]},"properties":{"t":"Snow or Ice","n":23,"q":2}},{"type":"Feature","geometry":{"type":"Polygon","coordinates":[[[-74.097325,40.619144],[-74.097329,40.621845],[-74.100402,40.623194],[-74.10347,40.62184],[-74.103466,40.619139],[-74.100394,40.61779],[-74.097325,40.619144]]]},"properties":{"t":"Snow or Ice","n":66,"q":4}},{"type":"Feature","geometry":{"type":"Polygon","coordinates":[[[-74.088066,40.58268],[-74.08807,40.585382],[-74.09114,40.58673],[-74.094207,40.585377],[-74.094203,40.582675],[-74.091133,40.581327],[-74.088066,40.58268]]]},"properties":{"t":"Snow or Ice","n":24,"q":2}},{"type":"Feature","geometry":{"type":"Polygon","coordinates":[[[-74.112698,40.631287],[-74.112702,40.633988],[-74.115776,40.635336],[-74.118844,40.633982],[-74.11884,40.631281],[-74.115766,40.629933],[-74.112698,40.631287]]]},"properties":{"t":"Snow or Ice","n":61,"q":4}},{"type":"Feature","geometry":{"type":"Polygon","coordinates":[[[-74.066622,40.619166],[-74.066624,40.621867],[-74.069696,40.623216],[-74.072765,40.621864],[-74.072762,40.619162],[-74.069691,40.617813],[-74.066622,40.619166]]]},"properties":{"t":"Snow or Ice","n":3,"q":0}},{"type":"Feature","geometry":{"type":"Polygon","coordinates":[[[-74.158579,40.554238],[-74.158585,40.556939],[-74.161656,40.558286],[-74.16472,40.556931],[-74.164713,40.554229],[-74.161643,40.552883],[-74.158579,40.554238]]]},"properties":{"t":"Snow or Ice","n":56,"q":4}},{"type":"Feature","geometry":{"type":"Polygon","coordinates":[[[-74.0574,40.607014],[-74.057402,40.609715],[-74.060474,40.611064],[-74.063542,40.609712],[-74.06354,40.60701],[-74.060469,40.605661],[-74.0574,40.607014]]]},"properties":{"t":"Snow or Ice","n":31,"q":3}},{"type":"Feature","geometry":{"type":"Polygon","coordinates":[[[-74.164633,40.52181],[-74.16464,40.524512],[-74.16771,40.525858],[-74.170772,40.524503],[-74.170765,40.521801],[-74.167696,40.520455],[-74.164633,40.52181]]]},"properties":{"t":"Snow or Ice","n":6,"q":0}},{"type":"Feature","geometry":{"type":"Polygon","coordinates":[[[-74.072771,40.627267],[-74.072774,40.629968],[-74.075847,40.631317],[-74.078916,40.629964],[-74.078913,40.627263],[-74.07584,40.625914],[-74.072771,40.627267]]]},"properties":{"t":"Snow or Ice","n":9,"q":1}},{"type":"Feature","geometry":{"type":"Polygon","coordinates":[[[-74.189184,40.529877],[-74.189191,40.532579],[-74.192261,40.533924],[-74.195324,40.532568],[-74.195316,40.529867],[-74.192246,40.528521],[-74.189184,40.529877]]]},"properties":{"t":"Snow or Ice","n":33,"q":3}},{"type":"Feature","geometry":{"type":"Polygon","coordinates":[[[-74.164693,40.546124],[-74.1647,40.548826],[-74.167771,40.550172],[-74.170834,40.548817],[-74.170827,40.546115],[-74.167757,40.544769],[-74.164693,40.546124]]]},"properties":{"t":"Snow or Ice","n":22,"q":2}},{"type":"Feature","geometry":{"type":"Polygon","coordinates":[[[-74.152629,40.635293],[-74.152635,40.637995],[-74.15571,40.639341],[-74.158778,40.637986],[-74.158771,40.635285],[-74.155697,40.633938],[-74.152629,40.635293]]]},"properties":{"t":"Snow or Ice","n":12,"q":1}},{"type":"Feature","geometry":{"type":"Polygon","coordinates":[[[-74.097254,40.570516],[-74.097258,40.573217],[-74.100329,40.574565],[-74.103395,40.573212],[-74.103391,40.57051],[-74.100321,40.569162],[-74.097254,40.570516]]]},"properties":{"t":"Snow or Ice","n":27,"q":3}},{"type":"Feature","geometry":{"type":"Polygon","coordinates":[[[-74.21674,40.517671],[-74.216749,40.520373],[-74.219819,40.521718],[-74.222881,40.520361],[-74.222872,40.517659],[-74.219802,40.516315],[-74.21674,40.517671]]]},"properties":{"t":"Snow or Ice","n":2,"q":0}},{"type":"Feature","geometry":{"type":"Polygon","coordinates":[[[-74.140174,40.554262],[-74.14018,40.556963],[-74.14325,40.55831],[-74.146315,40.556956],[-74.146309,40.554254],[-74.143239,40.552907],[-74.140174,40.554262]]]},"properties":{"t":"Snow or Ice","n":12,"q":1}},{"type":"Feature","geometry":{"type":"Polygon","coordinates":[[[-74.207556,40.521741],[-74.207564,40.524442],[-74.210635,40.525787],[-74.213696,40.524431],[-74.213688,40.521729],[-74.210618,40.520384],[-74.207556,40.521741]]]},"properties":{"t":"Snow or Ice","n":11,"q":1}},{"type":"Feature","geometry":{"type":"Polygon","coordinates":[[[-74.091207,40.635358],[-74.09121,40.63806],[-74.094284,40.639408],[-74.097353,40.638055],[-74.097349,40.635353],[-74.094276,40.634005],[-74.091207,40.635358]]]},"properties":{"t":"Snow or Ice","n":32,"q":3}},{"type":"Feature","geometry":{"type":"Polygon","coordinates":[[[-74.124966,40.62317],[-74.124971,40.625871],[-74.128045,40.627218],[-74.131113,40.625864],[-74.131107,40.623163],[-74.128034,40.621815],[-74.124966,40.62317]]]},"properties":{"t":"Snow or Ice","n":54,"q":4}},{"type":"Feature","geometry":{"type":"Polygon","coordinates":[[[-74.198418,40.542019],[-74.198426,40.54472],[-74.201497,40.546066],[-74.20456,40.54471],[-74.204552,40.542008],[-74.201481,40.540663],[-74.198418,40.542019]]]},"properties":{"t":"Snow or Ice","n":16,"q":2}},{"type":"Feature","geometry":{"type":"Polygon","coordinates":[[[-74.152425,40.546141],[-74.152431,40.548843],[-74.155502,40.55019],[-74.158566,40.548835],[-74.158559,40.546133],[-74.155489,40.544786],[-74.152425,40.546141]]]},"properties":{"t":"Snow or Ice","n":39,"q":3}},{"type":"Feature","geometry":{"type":"Polygon","coordinates":[[[-74.189206,40.537982],[-74.189214,40.540683],[-74.192285,40.542029],[-74.195348,40.540673],[-74.19534,40.537972],[-74.192269,40.536626],[-74.189206,40.537982]]]},"properties":{"t":"Snow or Ice","n":13,"q":1}},{"type":"Feature","geometry":{"type":"Polygon","coordinates":[[[-74.146309,40.554254],[-74.146315,40.556956],[-74.149385,40.558302],[-74.15245,40.556948],[-74.152444,40.554246],[-74.149373,40.552899],[-74.146309,40.554254]]]},"properties":{"t":"Snow or Ice","n":42,"q":3}},{"type":"Feature","geometry":{"type":"Polygon","coordinates":[[[-74.103491,40.635348],[-74.103495,40.638049],[-74.106569,40.639397],[-74.109638,40.638044],[-74.109633,40.635342],[-74.10656,40.633994],[-74.103491,40.635348]]]},"properties":{"t":"Snow or Ice","n":22,"q":2}},{"type":"Feature","geometry":{"type":"Polygon","coordinates":[[[-74.100341,40.58267],[-74.100345,40.585372],[-74.103416,40.58672],[-74.106483,40.585366],[-74.106478,40.582665],[-74.103407,40.581317],[-74.100341,40.58267]]]},"properties":{"t":"Snow or Ice","n":44,"q":3}},{"type":"Feature","geometry":{"type":"Polygon","coordinates":[[[-74.10039,40.615089],[-74.100394,40.61779],[-74.103466,40.619139],[-74.106534,40.617785],[-74.10653,40.615083],[-74.103458,40.613735],[-74.10039,40.615089]]]},"properties":{"t":"Snow or Ice","n":84,"q":4}},{"type":"Feature","geometry":{"type":"Polygon","coordinates":[[[-74.121903,40.627225],[-74.121908,40.629927],[-74.124981,40.631274],[-74.12805,40.62992],[-74.128045,40.627218],[-74.124971,40.625871],[-74.121903,40.627225]]]},"properties":{"t":"Snow or Ice","n":50,"q":4}},{"type":"Feature","geometry":{"type":"Polygon","coordinates":[[[-74.146487,40.635301],[-74.146493,40.638003],[-74.149567,40.63935],[-74.152635,40.637995],[-74.152629,40.635293],[-74.149555,40.633946],[-74.146487,40.635301]]]},"properties":{"t":"Snow or Ice","n":24,"q":2}},{"type":"Feature","geometry":{"type":"Polygon","coordinates":[[[-74.173905,40.550163],[-74.173912,40.552865],[-74.176983,40.554211],[-74.180047,40.552855],[-74.180039,40.550154],[-74.176969,40.548808],[-74.173905,40.550163]]]},"properties":{"t":"Snow or Ice","n":16,"q":2}},{"type":"Feature","geometry":{"type":"Polygon","coordinates":[[[-74.134202,40.635316],[-74.134208,40.638018],[-74.137282,40.639365],[-74.14035,40.63801],[-74.140345,40.635309],[-74.137271,40.633962],[-74.134202,40.635316]]]},"properties":{"t":"Snow or Ice","n":59,"q":4}},{"type":"Feature","geometry":{"type":"Polygon","coordinates":[[[-74.088077,40.590785],[-74.08808,40.593486],[-74.091151,40.594835],[-74.094219,40.593482],[-74.094215,40.59078],[-74.091144,40.589432],[-74.088077,40.590785]]]},"properties":{"t":"Snow or Ice","n":34,"q":3}},{"type":"Feature","geometry":{"type":"Polygon","coordinates":[[[-74.091129,40.578625],[-74.091133,40.581327],[-74.094203,40.582675],[-74.09727,40.581322],[-74.097266,40.57862],[-74.094196,40.577272],[-74.091129,40.578625]]]},"properties":{"t":"Snow or Ice","n":42,"q":3}},{"type":"Feature","geometry":{"type":"Polygon","coordinates":[[[-74.063524,40.590801],[-74.063527,40.593503],[-74.066597,40.594852],[-74.069665,40.593499],[-74.069662,40.590797],[-74.066592,40.589449],[-74.063524,40.590801]]]},"properties":{"t":"Snow or Ice","n":63,"q":4}},{"type":"Feature","geometry":{"type":"Polygon","coordinates":[[[-74.158694,40.602866],[-74.1587,40.605568],[-74.161774,40.606914],[-74.16484,40.605559],[-74.164833,40.602857],[-74.16176,40.601511],[-74.158694,40.602866]]]},"properties":{"t":"Snow or Ice","n":25,"q":2}},{"type":"Feature","geometry":{"type":"Polygon","coordinates":[[[-74.094261,40.623199],[-74.094264,40.6259],[-74.097337,40.627249],[-74.100406,40.625895],[-74.100402,40.623194],[-74.097329,40.621845],[-74.094261,40.623199]]]},"properties":{"t":"Snow or Ice","n":10,"q":1}},{"type":"Feature","geometry":{"type":"Polygon","coordinates":[[[-74.10962,40.627238],[-74.109625,40.629939],[-74.112698,40.631287],[-74.115766,40.629933],[-74.115762,40.627232],[-74.112689,40.625884],[-74.10962,40.627238]]]},"properties":{"t":"Snow or Ice","n":97,"q":4}},{"type":"Feature","geometry":{"type":"Polygon","coordinates":[[[-74.137082,40.542108],[-74.137087,40.54481],[-74.140157,40.546157],[-74.143221,40.544802],[-74.143216,40.542101],[-74.140146,40.540754],[-74.137082,40.542108]]]},"properties":{"t":"Snow or Ice","n":10,"q":1}},{"type":"Feature","geometry":{"type":"Polygon","coordinates":[[[-74.232083,40.521694],[-74.232092,40.524395],[-74.235163,40.52574],[-74.238224,40.524383],[-74.238215,40.521681],[-74.235144,40.520337],[-74.232083,40.521694]]]},"properties":{"t":"Snow or Ice","n":1,"q":0}},{"type":"Feature","geometry":{"type":"Polygon","coordinates":[[[-74.069662,40.590797],[-74.069665,40.593499],[-74.072736,40.594848],[-74.075804,40.593495],[-74.075801,40.590794],[-74.07273,40.589445],[-74.069662,40.590797]]]},"properties":{"t":"Snow or Ice","n":39,"q":3}},{"type":"Feature","geometry":{"type":"Polygon","coordinates":[[[-74.161636,40.550181],[-74.161643,40.552883],[-74.164713,40.554229],[-74.167777,40.552874],[-74.167771,40.550172],[-74.1647,40.548826],[-74.161636,40.550181]]]},"properties":{"t":"Snow or Ice","n":20,"q":2}},{"type":"Feature","geometry":{"type":"Polygon","coordinates":[[[-74.164913,40.635276],[-74.16492,40.637978],[-74.167995,40.639324],[-74.171063,40.637969],[-74.171056,40.635267],[-74.167981,40.633921],[-74.164913,40.635276]]]},"properties":{"t":"Snow or Ice","n":30,"q":3}},{"type":"Feature","geometry":{"type":"Polygon","coordinates":[[[-74.134023,40.546164],[-74.134029,40.548866],[-74.137099,40.550213],[-74.140163,40.548859],[-74.140157,40.546157],[-74.137087,40.54481],[-74.134023,40.546164]]]},"properties":{"t":"Snow or Ice","n":36,"q":3}},{"type":"Feature","geometry":{"type":"Polygon","coordinates":[[[-74.109527,40.570505],[-74.109531,40.573206],[-74.112602,40.574554],[-74.115668,40.5732],[-74.115663,40.570499],[-74.112593,40.569151],[-74.109527,40.570505]]]},"properties":{"t":"Snow or Ice","n":15,"q":1}},{"type":"Feature","geometry":{"type":"Polygon","coordinates":[[[-74.158521,40.529924],[-74.158527,40.532625],[-74.161597,40.533972],[-74.16466,40.532617],[-74.164653,40.529915],[-74.161584,40.528568],[-74.158521,40.529924]]]},"properties":{"t":"Snow or Ice","n":28,"q":3}},{"type":"Feature","geometry":{"type":"Polygon","coordinates":[[[-74.109514,40.5624],[-74.109518,40.565101],[-74.112588,40.566449],[-74.115654,40.565095],[-74.115649,40.562394],[-74.112579,40.561046],[-74.109514,40.5624]]]},"properties":{"t":"Snow or Ice","n":15,"q":1}},{"type":"Feature","geometry":{"type":"Polygon","coordinates":[[[-74.118796,40.606967],[-74.118801,40.609668],[-74.121873,40.611016],[-74.124941,40.609662],[-74.124936,40.60696],[-74.121864,40.605613],[-74.118796,40.606967]]]},"properties":{"t":"Snow or Ice","n":22,"q":2}},{"type":"Feature","geometry":{"type":"Polygon","coordinates":[[[-74.235135,40.517635],[-74.235144,40.520337],[-74.238215,40.521681],[-74.241276,40.520324],[-74.241266,40.517622],[-74.238196,40.516278],[-74.235135,40.517635]]]},"properties":{"t":"Snow or Ice","n":8,"q":1}},{"type":"Feature","geometry":{"type":"Polygon","coordinates":[[[-74.14332,40.590729],[-74.143326,40.593431],[-74.146398,40.594778],[-74.149464,40.593423],[-74.149458,40.590721],[-74.146386,40.589375],[-74.14332,40.590729]]]},"properties":{"t":"Snow or Ice","n":18,"q":2}},{"type":"Feature","geometry":{"type":"Polygon","coordinates":[[[-74.235078,40.501426],[-74.235087,40.504127],[-74.238157,40.505472],[-74.241217,40.504114],[-74.241208,40.501413],[-74.238138,40.500068],[-74.235078,40.501426]]]},"properties":{"t":"Snow or Ice","n":9,"q":1}},{"type":"Feature","geometry":{"type":"Polygon","coordinates":[[[-74.152592,40.619084],[-74.152598,40.621785],[-74.155672,40.623132],[-74.158739,40.621777],[-74.158733,40.619075],[-74.155659,40.617729],[-74.152592,40.619084]]]},"properties":{"t":"Snow or Ice","n":31,"q":3}},{"type":"Feature","geometry":{"type":"Polygon","coordinates":[[[-74.161754,40.598809],[-74.16176,40.601511],[-74.164833,40.602857],[-74.1679,40.601502],[-74.167893,40.598801],[-74.16482,40.597454],[-74.161754,40.598809]]]},"properties":{"t":"Snow or Ice","n":5,"q":0}},{"type":"Feature","geometry":{"type":"Polygon","coordinates":[[[-74.109647,40.643447],[-74.109651,40.646148],[-74.112725,40.647496],[-74.115794,40.646142],[-74.11579,40.643441],[-74.112716,40.642093],[-74.109647,40.643447]]]},"properties":{"t":"Snow or Ice","n":18,"q":2}},{"type":"Feature","geometry":{"type":"Polygon","coordinates":[[[-74.094203,40.582675],[-74.094207,40.585377],[-74.097278,40.586725],[-74.100345,40.585372],[-74.100341,40.58267],[-74.09727,40.581322],[-74.094203,40.582675]]]},"properties":{"t":"Snow or Ice","n":21,"q":2}},{"type":"Feature","geometry":{"type":"Polygon","coordinates":[[[-74.097313,40.611039],[-74.097317,40.613741],[-74.10039,40.615089],[-74.103458,40.613735],[-74.103453,40.611034],[-74.100381,40.609686],[-74.097313,40.611039]]]},"properties":{"t":"Snow or Ice","n":67,"q":4}},{"type":"Feature","geometry":{"type":"Polygon","coordinates":[[[-74.149549,40.631245],[-74.149555,40.633946],[-74.152629,40.635293],[-74.155697,40.633938],[-74.155691,40.631237],[-74.152617,40.62989],[-74.149549,40.631245]]]},"properties":{"t":"Snow or Ice","n":7,"q":0}},{"type":"Feature","geometry":{"type":"Polygon","coordinates":[[[-74.081978,40.623208],[-74.081982,40.62591],[-74.085054,40.627258],[-74.088123,40.625905],[-74.08812,40.623204],[-74.085047,40.621855],[-74.081978,40.623208]]]},"properties":{"t":"Snow or Ice","n":46,"q":3}},{"type":"Feature","geometry":{"type":"Polygon","coordinates":[[[-74.179996,40.533944],[-74.180003,40.536646],[-74.183073,40.537992],[-74.186136,40.536636],[-74.186129,40.533935],[-74.183058,40.532589],[-74.179996,40.533944]]]},"properties":{"t":"Snow or Ice","n":13,"q":1}},{"type":"Feature","geometry":{"type":"Polygon","coordinates":[[[-74.149494,40.606931],[-74.1495,40.609632],[-74.152573,40.610979],[-74.15564,40.609624],[-74.155634,40.606923],[-74.152561,40.605576],[-74.149494,40.606931]]]},"properties":{"t":"Snow or Ice","n":9,"q":1}},{"type":"Feature","geometry":{"type":"Polygon","coordinates":[[[-74.10954,40.578609],[-74.109545,40.581311],[-74.112616,40.582659],[-74.115682,40.581305],[-74.115677,40.578603],[-74.112606,40.577256],[-74.10954,40.578609]]]},"properties":{"t":"Snow or Ice","n":16,"q":2}},{"type":"Feature","geometry":{"type":"Polygon","coordinates":[[[-74.186129,40.533935],[-74.186136,40.536636],[-74.189206,40.537982],[-74.192269,40.536626],[-74.192261,40.533924],[-74.189191,40.532579],[-74.186129,40.533935]]]},"properties":{"t":"Snow or Ice","n":8,"q":1}},{"type":"Feature","geometry":{"type":"Polygon","coordinates":[[[-74.19534,40.537972],[-74.195348,40.540673],[-74.198418,40.542019],[-74.201481,40.540663],[-74.201473,40.537961],[-74.198402,40.536616],[-74.19534,40.537972]]]},"properties":{"t":"Snow or Ice","n":34,"q":3}},{"type":"Feature","geometry":{"type":"Polygon","coordinates":[[[-74.121785,40.562387],[-74.12179,40.565089],[-74.12486,40.566437],[-74.127925,40.565082],[-74.12792,40.562381],[-74.12485,40.561033],[-74.121785,40.562387]]]},"properties":{"t":"Snow or Ice","n":27,"q":3}},{"type":"Feature","geometry":{"type":"Polygon","coordinates":[[[-74.158752,40.62718],[-74.158758,40.629882],[-74.161832,40.631228],[-74.1649,40.629873],[-74.164893,40.627172],[-74.161819,40.625825],[-74.158752,40.62718]]]},"properties":{"t":"Snow or Ice","n":19,"q":2}},{"type":"Feature","geometry":{"type":"Polygon","coordinates":[[[-74.118724,40.566443],[-74.118729,40.569145],[-74.1218,40.570492],[-74.124865,40.569138],[-74.12486,40.566437],[-74.12179,40.565089],[-74.118724,40.566443]]]},"properties":{"t":"Snow or Ice","n":24,"q":2}},{"type":"Feature","geometry":{"type":"Polygon","coordinates":[[[-74.084982,40.570525],[-74.084985,40.573227],[-74.088055,40.574575],[-74.091122,40.573222],[-74.091118,40.570521],[-74.088048,40.569172],[-74.084982,40.570525]]]},"properties":{"t":"Snow or Ice","n":6,"q":0}},{"type":"Feature","geometry":{"type":"Polygon","coordinates":[[[-74.130996,40.56643],[-74.131001,40.569131],[-74.134072,40.570479],[-74.137137,40.569124],[-74.137132,40.566423],[-74.134061,40.565075],[-74.130996,40.56643]]]},"properties":{"t":"Snow or Ice","n":19,"q":2}},{"type":"Feature","geometry":{"type":"Polygon","coordinates":[[[-74.146274,40.538045],[-74.146279,40.540746],[-74.149349,40.542093],[-74.152413,40.540738],[-74.152407,40.538037],[-74.149337,40.53669],[-74.146274,40.538045]]]},"properties":{"t":"Snow or Ice","n":47,"q":4}},{"type":"Feature","geometry":{"type":"Polygon","coordinates":[[[-74.161715,40.5826],[-74.161721,40.585302],[-74.164793,40.586648],[-74.167859,40.585293],[-74.167852,40.582591],[-74.16478,40.581245],[-74.161715,40.5826]]]},"properties":{"t":"Snow or Ice","n":7,"q":0}},{"type":"Feature","geometry":{"type":"Polygon","coordinates":[[[-74.146433,40.610987],[-74.146439,40.613689],[-74.149512,40.615035],[-74.15258,40.613681],[-74.152573,40.610979],[-74.1495,40.609632],[-74.146433,40.610987]]]},"properties":{"t":"Snow or Ice","n":25,"q":2}},{"type":"Feature","geometry":{"type":"Polygon","coordinates":[[[-74.149531,40.62314],[-74.149537,40.625842],[-74.15261,40.627188],[-74.155678,40.625834],[-74.155672,40.623132],[-74.152598,40.621785],[-74.149531,40.62314]]]},"properties":{"t":"Snow or Ice","n":19,"q":2}},{"type":"Feature","geometry":{"type":"Polygon","coordinates":[[[-74.13417,40.619107],[-74.134175,40.621808],[-74.137248,40.623156],[-74.140316,40.621801],[-74.14031,40.619099],[-74.137237,40.617752],[-74.13417,40.619107]]]},"properties":{"t":"Snow or Ice","n":34,"q":3}},{"type":"Feature","geometry":{"type":"Polygon","coordinates":[[[-74.106465,40.57456],[-74.10647,40.577261],[-74.10954,40.578609],[-74.112606,40.577256],[-74.112602,40.574554],[-74.109531,40.573206],[-74.106465,40.57456]]]},"properties":{"t":"Snow or Ice","n":5,"q":0}},{"type":"Feature","geometry":{"type":"Polygon","coordinates":[[[-74.158675,40.594761],[-74.158681,40.597463],[-74.161754,40.598809],[-74.16482,40.597454],[-74.164813,40.594753],[-74.161741,40.593406],[-74.158675,40.594761]]]},"properties":{"t":"Snow or Ice","n":22,"q":2}},{"type":"Feature","geometry":{"type":"Polygon","coordinates":[[[-74.106478,40.582665],[-74.106483,40.585366],[-74.109554,40.586714],[-74.11262,40.58536],[-74.112616,40.582659],[-74.109545,40.581311],[-74.106478,40.582665]]]},"properties":{"t":"Snow or Ice","n":7,"q":0}},{"type":"Feature","geometry":{"type":"Polygon","coordinates":[[[-74.161734,40.590705],[-74.161741,40.593406],[-74.164813,40.594753],[-74.167879,40.593398],[-74.167872,40.590696],[-74.1648,40.58935],[-74.161734,40.590705]]]},"properties":{"t":"Snow or Ice","n":22,"q":2}},{"type":"Feature","geometry":{"type":"Polygon","coordinates":[[[-74.192331,40.558239],[-74.192339,40.56094],[-74.195411,40.562286],[-74.198475,40.56093],[-74.198467,40.558228],[-74.195395,40.556883],[-74.192331,40.558239]]]},"properties":{"t":"Snow or Ice","n":10,"q":1}},{"type":"Feature","geometry":{"type":"Polygon","coordinates":[[[-74.161813,40.623124],[-74.161819,40.625825],[-74.164893,40.627172],[-74.167961,40.625816],[-74.167954,40.623115],[-74.16488,40.621768],[-74.161813,40.623124]]]},"properties":{"t":"Snow or Ice","n":17,"q":2}},{"type":"Feature","geometry":{"type":"Polygon","coordinates":[[[-74.167791,40.558277],[-74.167798,40.560979],[-74.170869,40.562325],[-74.173933,40.56097],[-74.173926,40.558268],[-74.170855,40.556922],[-74.167791,40.558277]]]},"properties":{"t":"Snow or Ice","n":22,"q":2}},{"type":"Feature","geometry":{"type":"Polygon","coordinates":[[[-74.219819,40.521718],[-74.219828,40.524419],[-74.222899,40.525764],[-74.22596,40.524407],[-74.225951,40.521706],[-74.222881,40.520361],[-74.219819,40.521718]]]},"properties":{"t":"Snow or Ice","n":14,"q":1}},{"type":"Feature","geometry":{"type":"Polygon","coordinates":[[[-74.066597,40.594852],[-74.0666,40.597553],[-74.069671,40.598902],[-74.072739,40.59755],[-74.072736,40.594848],[-74.069665,40.593499],[-74.066597,40.594852]]]},"properties":{"t":"Snow or Ice","n":70,"q":4}},{"type":"Feature","geometry":{"type":"Polygon","coordinates":[[[-74.155502,40.55019],[-74.155508,40.552891],[-74.158579,40.554238],[-74.161643,40.552883],[-74.161636,40.550181],[-74.158566,40.548835],[-74.155502,40.55019]]]},"properties":{"t":"Snow or Ice","n":24,"q":2}},{"type":"Feature","geometry":{"type":"Polygon","coordinates":[[[-74.103441,40.602929],[-74.103445,40.605631],[-74.106517,40.606979],[-74.109585,40.605625],[-74.10958,40.602923],[-74.106508,40.601576],[-74.103441,40.602929]]]},"properties":{"t":"Snow or Ice","n":7,"q":0}},{"type":"Feature","geometry":{"type":"Polygon","coordinates":[[[-74.180061,40.558258],[-74.180068,40.56096],[-74.18314,40.562306],[-74.186204,40.56095],[-74.186196,40.558249],[-74.183125,40.556903],[-74.180061,40.558258]]]},"properties":{"t":"Snow or Ice","n":14,"q":1}},{"type":"Feature","geometry":{"type":"Polygon","coordinates":[[[-74.078884,40.602949],[-74.078887,40.60565],[-74.081959,40.606999],[-74.085027,40.605646],[-74.085023,40.602944],[-74.081952,40.601596],[-74.078884,40.602949]]]},"properties":{"t":"Snow or Ice","n":14,"q":1}},{"type":"Feature","geometry":{"type":"Polygon","coordinates":[[[-74.216819,40.541985],[-74.216828,40.544687],[-74.219899,40.546032],[-74.222962,40.544675],[-74.222953,40.541974],[-74.219882,40.540629],[-74.216819,40.541985]]]},"properties":{"t":"Snow or Ice","n":23,"q":2}},{"type":"Feature","geometry":{"type":"Polygon","coordinates":[[[-74.222899,40.525764],[-74.222908,40.528466],[-74.225979,40.529811],[-74.22904,40.528454],[-74.229031,40.525752],[-74.22596,40.524407],[-74.222899,40.525764]]]},"properties":{"t":"Snow or Ice","n":2,"q":0}},{"type":"Feature","geometry":{"type":"Polygon","coordinates":[[[-74.131107,40.623163],[-74.131113,40.625864],[-74.134186,40.627211],[-74.137254,40.625857],[-74.137248,40.623156],[-74.134175,40.621808],[-74.131107,40.623163]]]},"properties":{"t":"Snow or Ice","n":46,"q":3}},{"type":"Feature","geometry":{"type":"Polygon","coordinates":[[[-74.155691,40.631237],[-74.155697,40.633938],[-74.158771,40.635285],[-74.161839,40.63393],[-74.161832,40.631228],[-74.158758,40.629882],[-74.155691,40.631237]]]},"properties":{"t":"Snow or Ice","n":32,"q":3}},{"type":"Feature","geometry":{"type":"Polygon","coordinates":[[[-74.127951,40.57859],[-74.127956,40.581292],[-74.131028,40.582639],[-74.134094,40.581285],[-74.134088,40.578583],[-74.131017,40.577236],[-74.127951,40.57859]]]},"properties":{"t":"Snow or Ice","n":12,"q":1}},{"type":"Feature","geometry":{"type":"Polygon","coordinates":[[[-74.134153,40.611002],[-74.134159,40.613704],[-74.137232,40.615051],[-74.140299,40.613696],[-74.140293,40.610995],[-74.137221,40.609648],[-74.134153,40.611002]]]},"properties":{"t":"Snow or Ice","n":80,"q":4}},{"type":"Feature","geometry":{"type":"Polygon","coordinates":[[[-74.137232,40.615051],[-74.137237,40.617752],[-74.14031,40.619099],[-74.143378,40.617745],[-74.143372,40.615043],[-74.140299,40.613696],[-74.137232,40.615051]]]},"properties":{"t":"Snow or Ice","n":65,"q":4}},{"type":"Feature","geometry":{"type":"Polygon","coordinates":[[[-74.137215,40.606946],[-74.137221,40.609648],[-74.140293,40.610995],[-74.14336,40.60964],[-74.143355,40.606939],[-74.140282,40.605592],[-74.137215,40.606946]]]},"properties":{"t":"Snow or Ice","n":33,"q":3}},{"type":"Feature","geometry":{"type":"Polygon","coordinates":[[[-74.084992,40.57863],[-74.084996,40.581332],[-74.088066,40.58268],[-74.091133,40.581327],[-74.091129,40.578625],[-74.088059,40.577277],[-74.084992,40.57863]]]},"properties":{"t":"Snow or Ice","n":14,"q":1}},{"type":"Feature","geometry":{"type":"Polygon","coordinates":[[[-74.152444,40.554246],[-74.15245,40.556948],[-74.155521,40.558294],[-74.158585,40.556939],[-74.158579,40.554238],[-74.155508,40.552891],[-74.152444,40.554246]]]},"properties":{"t":"Snow or Ice","n":27,"q":3}},{"type":"Feature","geometry":{"type":"Polygon","coordinates":[[[-74.186106,40.52583],[-74.186113,40.528531],[-74.189184,40.529877],[-74.192246,40.528521],[-74.192238,40.52582],[-74.189168,40.524474],[-74.186106,40.52583]]]},"properties":{"t":"Snow or Ice","n":14,"q":1}},{"type":"Feature","geometry":{"type":"Polygon","coordinates":[[[-74.216846,40.55009],[-74.216854,40.552792],[-74.219926,40.554137],[-74.222989,40.55278],[-74.22298,40.550078],[-74.219908,40.548734],[-74.216846,40.55009]]]},"properties":{"t":"Snow or Ice","n":2,"q":0}},{"type":"Feature","geometry":{"type":"Polygon","coordinates":[[[-74.164773,40.578543],[-74.16478,40.581245],[-74.167852,40.582591],[-74.170917,40.581236],[-74.17091,40.578534],[-74.167838,40.577188],[-74.164773,40.578543]]]},"properties":{"t":"Snow or Ice","n":2,"q":0}},{"type":"Feature","geometry":{"type":"Polygon","coordinates":[[[-74.164893,40.627172],[-74.1649,40.629873],[-74.167974,40.631219],[-74.171042,40.629864],[-74.171035,40.627163],[-74.167961,40.625816],[-74.164893,40.627172]]]},"properties":{"t":"Snow or Ice","n":17,"q":2}},{"type":"Feature","geometry":{"type":"Polygon","coordinates":[[[-74.235192,40.533844],[-74.235201,40.536546],[-74.238273,40.537891],[-74.241334,40.536533],[-74.241325,40.533832],[-74.238253,40.532487],[-74.235192,40.533844]]]},"properties":{"t":"Snow or Ice","n":4,"q":0}},{"type":"Feature","geometry":{"type":"Polygon","coordinates":[[[-74.232027,40.505484],[-74.232036,40.508186],[-74.235106,40.50953],[-74.238167,40.508173],[-74.238157,40.505472],[-74.235087,40.504127],[-74.232027,40.505484]]]},"properties":{"t":"Snow or Ice","n":7,"q":0}},{"type":"Feature","geometry":{"type":"Polygon","coordinates":[[[-74.210711,40.550102],[-74.21072,40.552803],[-74.213791,40.554148],[-74.216854,40.552792],[-74.216846,40.55009],[-74.213774,40.548745],[-74.210711,40.550102]]]},"properties":{"t":"Snow or Ice","n":26,"q":2}},{"type":"Feature","geometry":{"type":"Polygon","coordinates":[[[-74.11267,40.615078],[-74.112675,40.617779],[-74.115748,40.619127],[-74.118815,40.617773],[-74.118811,40.615071],[-74.115738,40.613724],[-74.11267,40.615078]]]},"properties":{"t":"Snow or Ice","n":16,"q":2}},{"type":"Feature","geometry":{"type":"Polygon","coordinates":[[[-74.186196,40.558249],[-74.186204,40.56095],[-74.189275,40.562296],[-74.192339,40.56094],[-74.192331,40.558239],[-74.18926,40.556893],[-74.186196,40.558249]]]},"properties":{"t":"Snow or Ice","n":2,"q":0}},{"type":"Feature","geometry":{"type":"Polygon","coordinates":[[[-74.097349,40.635353],[-74.097353,40.638055],[-74.100426,40.639403],[-74.103495,40.638049],[-74.103491,40.635348],[-74.100418,40.634],[-74.097349,40.635353]]]},"properties":{"t":"Snow or Ice","n":20,"q":2}},{"type":"Feature","geometry":{"type":"Polygon","coordinates":[[[-74.115663,40.570499],[-74.115668,40.5732],[-74.118739,40.574548],[-74.121804,40.573194],[-74.1218,40.570492],[-74.118729,40.569145],[-74.115663,40.570499]]]},"properties":{"t":"Snow or Ice","n":36,"q":3}},{"type":"Feature","geometry":{"type":"Polygon","coordinates":[[[-74.192285,40.542029],[-74.192293,40.544731],[-74.195363,40.546076],[-74.198426,40.54472],[-74.198418,40.542019],[-74.195348,40.540673],[-74.192285,40.542029]]]},"properties":{"t":"Snow or Ice","n":25,"q":2}},{"type":"Feature","geometry":{"type":"Polygon","coordinates":[[[-74.091118,40.570521],[-74.091122,40.573222],[-74.094192,40.574571],[-74.097258,40.573217],[-74.097254,40.570516],[-74.094184,40.569167],[-74.091118,40.570521]]]},"properties":{"t":"Snow or Ice","n":24,"q":2}},{"type":"Feature","geometry":{"type":"Polygon","coordinates":[[[-74.225896,40.505496],[-74.225906,40.508198],[-74.228975,40.509543],[-74.232036,40.508186],[-74.232027,40.505484],[-74.228957,40.504139],[-74.225896,40.505496]]]},"properties":{"t":"Snow or Ice","n":14,"q":1}},{"type":"Feature","geometry":{"type":"Polygon","coordinates":[[[-74.167771,40.550172],[-74.167777,40.552874],[-74.170848,40.55422],[-74.173912,40.552865],[-74.173905,40.550163],[-74.170834,40.548817],[-74.167771,40.550172]]]},"properties":{"t":"Snow or Ice","n":16,"q":2}},{"type":"Feature","geometry":{"type":"Polygon","coordinates":[[[-74.124981,40.631274],[-74.124986,40.633976],[-74.12806,40.635323],[-74.131129,40.633969],[-74.131123,40.631267],[-74.12805,40.62992],[-74.124981,40.631274]]]},"properties":{"t":"Snow or Ice","n":25,"q":2}},{"type":"Feature","geometry":{"type":"Polygon","coordinates":[[[-74.201473,40.537961],[-74.201481,40.540663],[-74.204552,40.542008],[-74.207615,40.540652],[-74.207606,40.53795],[-74.204535,40.536605],[-74.201473,40.537961]]]},"properties":{"t":"Snow or Ice","n":23,"q":2}},{"type":"Feature","geometry":{"type":"Polygon","coordinates":[[[-74.137115,40.558318],[-74.137121,40.561019],[-74.140191,40.562366],[-74.143256,40.561012],[-74.14325,40.55831],[-74.14018,40.556963],[-74.137115,40.558318]]]},"properties":{"t":"Snow or Ice","n":60,"q":4}},{"type":"Feature","geometry":{"type":"Polygon","coordinates":[[[-74.149512,40.615035],[-74.149518,40.617737],[-74.152592,40.619084],[-74.155659,40.617729],[-74.155653,40.615027],[-74.15258,40.613681],[-74.149512,40.615035]]]},"properties":{"t":"Snow or Ice","n":10,"q":1}},{"type":"Feature","geometry":{"type":"Polygon","coordinates":[[[-74.103504,40.643453],[-74.103508,40.646154],[-74.106582,40.647502],[-74.109651,40.646148],[-74.109647,40.643447],[-74.106573,40.642099],[-74.103504,40.643453]]]},"properties":{"t":"Snow or Ice","n":3,"q":0}},{"type":"Feature","geometry":{"type":"Polygon","coordinates":[[[-74.12489,40.582646],[-74.124895,40.585348],[-74.127967,40.586695],[-74.131033,40.585341],[-74.131028,40.582639],[-74.127956,40.581292],[-74.12489,40.582646]]]},"properties":{"t":"Snow or Ice","n":13,"q":1}},{"type":"Feature","geometry":{"type":"Polygon","coordinates":[[[-74.131123,40.631267],[-74.131129,40.633969],[-74.134202,40.635316],[-74.137271,40.633962],[-74.137265,40.63126],[-74.134191,40.629913],[-74.131123,40.631267]]]},"properties":{"t":"Snow or Ice","n":42,"q":3}},{"type":"Feature","geometry":{"type":"Polygon","coordinates":[[[-74.170993,40.610953],[-74.171,40.613655],[-74.174074,40.615001],[-74.17714,40.613645],[-74.177133,40.610944],[-74.17406,40.609598],[-74.170993,40.610953]]]},"properties":{"t":"Snow or Ice","n":11,"q":1}},{"type":"Feature","geometry":{"type":"Polygon","coordinates":[[[-74.222926,40.533869],[-74.222935,40.536571],[-74.226006,40.537915],[-74.229068,40.536558],[-74.229059,40.533857],[-74.225988,40.532512],[-74.222926,40.533869]]]},"properties":{"t":"Snow or Ice","n":1,"q":0}},{"type":"Feature","geometry":{"type":"Polygon","coordinates":[[[-74.204552,40.542008],[-74.20456,40.54471],[-74.207631,40.546055],[-74.210694,40.544698],[-74.210686,40.541997],[-74.207615,40.540652],[-74.204552,40.542008]]]},"properties":{"t":"Snow or Ice","n":17,"q":2}},{"type":"Feature","geometry":{"type":"Polygon","coordinates":[[[-74.115677,40.578603],[-74.115682,40.581305],[-74.118753,40.582652],[-74.121819,40.581298],[-74.121814,40.578597],[-74.118743,40.577249],[-74.115677,40.578603]]]},"properties":{"t":"Snow or Ice","n":19,"q":2}},{"type":"Feature","geometry":{"type":"Polygon","coordinates":[[[-74.213791,40.554148],[-74.2138,40.55685],[-74.216872,40.558195],[-74.219935,40.556838],[-74.219926,40.554137],[-74.216854,40.552792],[-74.213791,40.554148]]]},"properties":{"t":"Snow or Ice","n":2,"q":0}},{"type":"Feature","geometry":{"type":"Polygon","coordinates":[[[-74.176961,40.546106],[-74.176969,40.548808],[-74.180039,40.550154],[-74.183103,40.548798],[-74.183095,40.546097],[-74.180025,40.544751],[-74.176961,40.546106]]]},"properties":{"t":"Snow or Ice","n":43,"q":3}},{"type":"Feature","geometry":{"type":"Polygon","coordinates":[[[-74.174032,40.598792],[-74.174039,40.601493],[-74.177112,40.602839],[-74.180178,40.601484],[-74.18017,40.598782],[-74.177097,40.597436],[-74.174032,40.598792]]]},"properties":{"t":"Snow or Ice","n":1,"q":0}},{"type":"Feature","geometry":{"type":"Polygon","coordinates":[[[-74.232139,40.537903],[-74.232149,40.540605],[-74.23522,40.541949],[-74.238282,40.540592],[-74.238273,40.537891],[-74.235201,40.536546],[-74.232139,40.537903]]]},"properties":{"t":"Snow or Ice","n":5,"q":0}},{"type":"Feature","geometry":{"type":"Polygon","coordinates":[[[-74.097278,40.586725],[-74.097282,40.589427],[-74.100353,40.590775],[-74.10342,40.589421],[-74.103416,40.58672],[-74.100345,40.585372],[-74.097278,40.586725]]]},"properties":{"t":"Snow or Ice","n":13,"q":1}},{"type":"Feature","geometry":{"type":"Polygon","coordinates":[[[-74.161656,40.558286],[-74.161662,40.560987],[-74.164733,40.562334],[-74.167798,40.560979],[-74.167791,40.558277],[-74.16472,40.556931],[-74.161656,40.558286]]]},"properties":{"t":"Snow or Ice","n":18,"q":2}},{"type":"Feature","geometry":{"type":"Polygon","coordinates":[[[-74.106439,40.55835],[-74.106444,40.561052],[-74.109514,40.5624],[-74.112579,40.561046],[-74.112575,40.558344],[-74.109505,40.556997],[-74.106439,40.55835]]]},"properties":{"t":"Snow or Ice","n":24,"q":2}},{"type":"Feature","geometry":{"type":"Polygon","coordinates":[[[-74.180149,40.590677],[-74.180156,40.593379],[-74.183229,40.594725],[-74.186294,40.593369],[-74.186287,40.590668],[-74.183214,40.589322],[-74.180149,40.590677]]]},"properties":{"t":"Snow or Ice","n":19,"q":2}},{"type":"Feature","geometry":{"type":"Polygon","coordinates":[[[-74.103378,40.562405],[-74.103382,40.565107],[-74.106452,40.566455],[-74.109518,40.565101],[-74.109514,40.5624],[-74.106444,40.561052],[-74.103378,40.562405]]]},"properties":{"t":"Snow or Ice","n":17,"q":2}},{"type":"Feature","geometry":{"type":"Polygon","coordinates":[[[-74.137099,40.550213],[-74.137104,40.552915],[-74.140174,40.554262],[-74.143239,40.552907],[-74.143233,40.550206],[-74.140163,40.548859],[-74.137099,40.550213]]]},"properties":{"t":"Snow or Ice","n":24,"q":2}},{"type":"Feature","geometry":{"type":"Polygon","coordinates":[[[-74.10958,40.602923],[-74.109585,40.605625],[-74.112657,40.606973],[-74.115724,40.605619],[-74.115719,40.602917],[-74.112648,40.60157],[-74.10958,40.602923]]]},"properties":{"t":"Snow or Ice","n":6,"q":0}},{"type":"Feature","geometry":{"type":"Polygon","coordinates":[[[-74.106491,40.590769],[-74.106495,40.593471],[-74.109567,40.594819],[-74.112634,40.593465],[-74.112629,40.590763],[-74.109558,40.589416],[-74.106491,40.590769]]]},"properties":{"t":"Snow or Ice","n":3,"q":0}},{"type":"Feature","geometry":{"type":"Polygon","coordinates":[[[-74.161617,40.542076],[-74.161623,40.544778],[-74.164693,40.546124],[-74.167757,40.544769],[-74.16775,40.542068],[-74.16468,40.540721],[-74.161617,40.542076]]]},"properties":{"t":"Snow or Ice","n":27,"q":3}},{"type":"Feature","geometry":{"type":"Polygon","coordinates":[[[-74.21066,40.533892],[-74.210669,40.536594],[-74.21374,40.537939],[-74.216802,40.536582],[-74.216793,40.533881],[-74.213722,40.532536],[-74.21066,40.533892]]]},"properties":{"t":"Snow or Ice","n":16,"q":2}},{"type":"Feature","geometry":{"type":"Polygon","coordinates":[[[-74.247337,40.5014],[-74.247347,40.504101],[-74.250418,40.505445],[-74.253478,40.504088],[-74.253467,40.501386],[-74.250397,40.500042],[-74.247337,40.5014]]]},"properties":{"t":"Snow or Ice","n":20,"q":2}},{"type":"Feature","geometry":{"type":"Polygon","coordinates":[[[-74.094272,40.631303],[-74.094276,40.634005],[-74.097349,40.635353],[-74.100418,40.634],[-74.100414,40.631298],[-74.097341,40.62995],[-74.094272,40.631303]]]},"properties":{"t":"Snow or Ice","n":82,"q":4}},{"type":"Feature","geometry":{"type":"Polygon","coordinates":[[[-74.134039,40.554269],[-74.134045,40.556971],[-74.137115,40.558318],[-74.14018,40.556963],[-74.140174,40.554262],[-74.137104,40.552915],[-74.134039,40.554269]]]},"properties":{"t":"Snow or Ice","n":26,"q":2}},{"type":"Feature","geometry":{"type":"Polygon","coordinates":[[[-74.100316,40.566461],[-74.100321,40.569162],[-74.103391,40.57051],[-74.106457,40.569157],[-74.106452,40.566455],[-74.103382,40.565107],[-74.100316,40.566461]]]},"properties":{"t":"Snow or Ice","n":14,"q":1}},{"type":"Feature","geometry":{"type":"Polygon","coordinates":[[[-74.100377,40.606984],[-74.100381,40.609686],[-74.103453,40.611034],[-74.106521,40.60968],[-74.106517,40.606979],[-74.103445,40.605631],[-74.100377,40.606984]]]},"properties":{"t":"Snow or Ice","n":14,"q":1}},{"type":"Feature","geometry":{"type":"Polygon","coordinates":[[[-74.140293,40.610995],[-74.140299,40.613696],[-74.143372,40.615043],[-74.146439,40.613689],[-74.146433,40.610987],[-74.14336,40.60964],[-74.140293,40.610995]]]},"properties":{"t":"Snow or Ice","n":11,"q":1}},{"type":"Feature","geometry":{"type":"Polygon","coordinates":[[[-74.14944,40.582617],[-74.149446,40.585318],[-74.152518,40.586665],[-74.155584,40.58531],[-74.155577,40.582609],[-74.152505,40.581262],[-74.14944,40.582617]]]},"properties":{"t":"Snow or Ice","n":43,"q":3}},{"type":"Feature","geometry":{"type":"Polygon","coordinates":[[[-74.121844,40.594806],[-74.121849,40.597508],[-74.124921,40.598855],[-74.127988,40.597501],[-74.127982,40.5948],[-74.124911,40.593452],[-74.121844,40.594806]]]},"properties":{"t":"Snow or Ice","n":10,"q":1}},{"type":"Feature","geometry":{"type":"Polygon","coordinates":[[[-74.137282,40.639365],[-74.137287,40.642066],[-74.140362,40.643413],[-74.14343,40.642059],[-74.143424,40.639357],[-74.14035,40.63801],[-74.137282,40.639365]]]},"properties":{"t":"Snow or Ice","n":8,"q":1}},{"type":"Feature","geometry":{"type":"Polygon","coordinates":[[[-74.115776,40.635336],[-74.11578,40.638038],[-74.118854,40.639385],[-74.121923,40.638031],[-74.121918,40.63533],[-74.118844,40.633982],[-74.115776,40.635336]]]},"properties":{"t":"Snow or Ice","n":29,"q":3}},{"type":"Feature","geometry":{"type":"Polygon","coordinates":[[[-74.140191,40.562366],[-74.140197,40.565068],[-74.143268,40.566415],[-74.146333,40.56506],[-74.146327,40.562359],[-74.143256,40.561012],[-74.140191,40.562366]]]},"properties":{"t":"Snow or Ice","n":31,"q":3}},{"type":"Feature","geometry":{"type":"Polygon","coordinates":[[[-74.069713,40.639426],[-74.069716,40.642127],[-74.072789,40.643476],[-74.075859,40.642123],[-74.075856,40.639422],[-74.072783,40.638073],[-74.069713,40.639426]]]},"properties":{"t":"Snow or Ice","n":13,"q":1}},{"type":"Feature","geometry":{"type":"Polygon","coordinates":[[[-74.106556,40.631293],[-74.10656,40.633994],[-74.109633,40.635342],[-74.112702,40.633988],[-74.112698,40.631287],[-74.109625,40.629939],[-74.106556,40.631293]]]},"properties":{"t":"Snow or Ice","n":56,"q":4}},{"type":"Feature","geometry":{"type":"Polygon","coordinates":[[[-74.143372,40.615043],[-74.143378,40.617745],[-74.146451,40.619092],[-74.149518,40.617737],[-74.149512,40.615035],[-74.146439,40.613689],[-74.143372,40.615043]]]},"properties":{"t":"Snow or Ice","n":25,"q":2}},{"type":"Feature","geometry":{"type":"Polygon","coordinates":[[[-74.072736,40.594848],[-74.072739,40.59755],[-74.07581,40.598898],[-74.078878,40.597545],[-74.078874,40.594844],[-74.075804,40.593495],[-74.072736,40.594848]]]},"properties":{"t":"Snow or Ice","n":38,"q":3}},{"type":"Feature","geometry":{"type":"Polygon","coordinates":[[[-74.21374,40.537939],[-74.213748,40.54064],[-74.216819,40.541985],[-74.219882,40.540629],[-74.219873,40.537927],[-74.216802,40.536582],[-74.21374,40.537939]]]},"properties":{"t":"Snow or Ice","n":46,"q":3}},{"type":"Feature","geometry":{"type":"Polygon","coordinates":[[[-74.072745,40.602953],[-74.072748,40.605654],[-74.075819,40.607003],[-74.078887,40.60565],[-74.078884,40.602949],[-74.075813,40.6016],[-74.072745,40.602953]]]},"properties":{"t":"Snow or Ice","n":22,"q":2}},{"type":"Feature","geometry":{"type":"Polygon","coordinates":[[[-74.12806,40.635323],[-74.128065,40.638025],[-74.131139,40.639372],[-74.134208,40.638018],[-74.134202,40.635316],[-74.131129,40.633969],[-74.12806,40.635323]]]},"properties":{"t":"Snow or Ice","n":42,"q":3}},{"type":"Feature","geometry":{"type":"Polygon","coordinates":[[[-74.127982,40.5948],[-74.127988,40.597501],[-74.13106,40.598849],[-74.134126,40.597494],[-74.134121,40.594793],[-74.131049,40.593445],[-74.127982,40.5948]]]},"properties":{"t":"Snow or Ice","n":2,"q":0}},{"type":"Feature","geometry":{"type":"Polygon","coordinates":[[[-74.09114,40.58673],[-74.091144,40.589432],[-74.094215,40.59078],[-74.097282,40.589427],[-74.097278,40.586725],[-74.094207,40.585377],[-74.09114,40.58673]]]},"properties":{"t":"Snow or Ice","n":28,"q":3}},{"type":"Feature","geometry":{"type":"Polygon","coordinates":[[[-74.094181,40.566466],[-74.094184,40.569167],[-74.097254,40.570516],[-74.100321,40.569162],[-74.100316,40.566461],[-74.097247,40.565112],[-74.094181,40.566466]]]},"properties":{"t":"Snow or Ice","n":4,"q":0}},{"type":"Feature","geometry":{"type":"Polygon","coordinates":[[[-74.238157,40.505472],[-74.238167,40.508173],[-74.241237,40.509518],[-74.244297,40.50816],[-74.244287,40.505459],[-74.241217,40.504114],[-74.238157,40.505472]]]},"properties":{"t":"Snow or Ice","n":14,"q":1}},{"type":"Feature","geometry":{"type":"Polygon","coordinates":[[[-74.124875,40.574541],[-74.12488,40.577243],[-74.127951,40.57859],[-74.131017,40.577236],[-74.131012,40.574534],[-74.127941,40.573187],[-74.124875,40.574541]]]},"properties":{"t":"Snow or Ice","n":24,"q":2}},{"type":"Feature","geometry":{"type":"Polygon","coordinates":[[[-74.198322,40.5096],[-74.19833,40.512301],[-74.2014,40.513647],[-74.204461,40.512291],[-74.204453,40.509589],[-74.201383,40.508244],[-74.198322,40.5096]]]},"properties":{"t":"Snow or Ice","n":2,"q":0}},{"type":"Feature","geometry":{"type":"Polygon","coordinates":[[[-74.146327,40.562359],[-74.146333,40.56506],[-74.149404,40.566407],[-74.152468,40.565052],[-74.152462,40.562351],[-74.149392,40.561004],[-74.146327,40.562359]]]},"properties":{"t":"Snow or Ice","n":30,"q":3}},{"type":"Feature","geometry":{"type":"Polygon","coordinates":[[[-74.250418,40.505445],[-74.250428,40.508147],[-74.253498,40.509491],[-74.256558,40.508134],[-74.256548,40.505432],[-74.253478,40.504088],[-74.250418,40.505445]]]},"properties":{"t":"Snow or Ice","n":11,"q":1}},{"type":"Feature","geometry":{"type":"Polygon","coordinates":[[[-74.103479,40.627243],[-74.103483,40.629945],[-74.106556,40.631293],[-74.109625,40.629939],[-74.10962,40.627238],[-74.106547,40.62589],[-74.103479,40.627243]]]},"properties":{"t":"Snow or Ice","n":78,"q":4}},{"type":"Feature","geometry":{"type":"Polygon","coordinates":[[[-74.078855,40.578634],[-74.078858,40.581336],[-74.081929,40.582685],[-74.084996,40.581332],[-74.084992,40.57863],[-74.081922,40.577282],[-74.078855,40.578634]]]},"properties":{"t":"Snow or Ice","n":8,"q":1}},{"type":"Feature","geometry":{"type":"Polygon","coordinates":[[[-74.207606,40.53795],[-74.207615,40.540652],[-74.210686,40.541997],[-74.213748,40.54064],[-74.21374,40.537939],[-74.210669,40.536594],[-74.207606,40.53795]]]},"properties":{"t":"Snow or Ice","n":14,"q":1}},{"type":"Feature","geometry":{"type":"Polygon","coordinates":[[[-74.143268,40.566415],[-74.143274,40.569117],[-74.146345,40.570464],[-74.14941,40.569109],[-74.149404,40.566407],[-74.146333,40.56506],[-74.143268,40.566415]]]},"properties":{"t":"Snow or Ice","n":1,"q":0}},{"type":"Feature","geometry":{"type":"Polygon","coordinates":[[[-74.146469,40.627196],[-74.146475,40.629898],[-74.149549,40.631245],[-74.152617,40.62989],[-74.15261,40.627188],[-74.149537,40.625842],[-74.146469,40.627196]]]},"properties":{"t":"Snow or Ice","n":43,"q":3}},{"type":"Feature","geometry":{"type":"Polygon","coordinates":[[[-74.219899,40.546032],[-74.219908,40.548734],[-74.22298,40.550078],[-74.226043,40.548722],[-74.226033,40.54602],[-74.222962,40.544675],[-74.219899,40.546032]]]},"properties":{"t":"Snow or Ice","n":3,"q":0}},{"type":"Feature","geometry":{"type":"Polygon","coordinates":[[[-74.183118,40.554201],[-74.183125,40.556903],[-74.186196,40.558249],[-74.18926,40.556893],[-74.189252,40.554191],[-74.186181,40.552846],[-74.183118,40.554201]]]},"properties":{"t":"Snow or Ice","n":15,"q":1}},{"type":"Feature","geometry":{"type":"Polygon","coordinates":[[[-74.066589,40.586747],[-74.066592,40.589449],[-74.069662,40.590797],[-74.07273,40.589445],[-74.072727,40.586743],[-74.069657,40.585394],[-74.066589,40.586747]]]},"properties":{"t":"Snow or Ice","n":11,"q":1}},{"type":"Feature","geometry":{"type":"Polygon","coordinates":[[[-74.158733,40.619075],[-74.158739,40.621777],[-74.161813,40.623124],[-74.16488,40.621768],[-74.164873,40.619067],[-74.1618,40.61772],[-74.158733,40.619075]]]},"properties":{"t":"Snow or Ice","n":49,"q":4}},{"type":"Feature","geometry":{"type":"Polygon","coordinates":[[[-74.118854,40.639385],[-74.118859,40.642087],[-74.121933,40.643435],[-74.125002,40.64208],[-74.124997,40.639379],[-74.121923,40.638031],[-74.118854,40.639385]]]},"properties":{"t":"Snow or Ice","n":19,"q":2}},{"type":"Feature","geometry":{"type":"Polygon","coordinates":[[[-74.155464,40.53398],[-74.15547,40.536682],[-74.15854,40.538028],[-74.161603,40.536673],[-74.161597,40.533972],[-74.158527,40.532625],[-74.155464,40.53398]]]},"properties":{"t":"Snow or Ice","n":23,"q":2}},{"type":"Feature","geometry":{"type":"Polygon","coordinates":[[[-74.137265,40.63126],[-74.137271,40.633962],[-74.140345,40.635309],[-74.143413,40.633954],[-74.143407,40.631253],[-74.140333,40.629906],[-74.137265,40.63126]]]},"properties":{"t":"Snow or Ice","n":35,"q":3}},{"type":"Feature","geometry":{"type":"Polygon","coordinates":[[[-74.094192,40.574571],[-74.094196,40.577272],[-74.097266,40.57862],[-74.100333,40.577267],[-74.100329,40.574565],[-74.097258,40.573217],[-74.094192,40.574571]]]},"properties":{"t":"Snow or Ice","n":30,"q":3}},{"type":"Feature","geometry":{"type":"Polygon","coordinates":[[[-74.222845,40.509555],[-74.222854,40.512256],[-74.225924,40.513601],[-74.228985,40.512244],[-74.228975,40.509543],[-74.225906,40.508198],[-74.222845,40.509555]]]},"properties":{"t":"Snow or Ice","n":15,"q":1}},{"type":"Feature","geometry":{"type":"Polygon","coordinates":[[[-74.134056,40.562374],[-74.134061,40.565075],[-74.137132,40.566423],[-74.140197,40.565068],[-74.140191,40.562366],[-74.137121,40.561019],[-74.134056,40.562374]]]},"properties":{"t":"Snow or Ice","n":53,"q":4}},{"type":"Feature","geometry":{"type":"Polygon","coordinates":[[[-74.155483,40.542085],[-74.155489,40.544786],[-74.158559,40.546133],[-74.161623,40.544778],[-74.161617,40.542076],[-74.158547,40.54073],[-74.155483,40.542085]]]},"properties":{"t":"Snow or Ice","n":19,"q":2}},{"type":"Feature","geometry":{"type":"Polygon","coordinates":[[[-74.155445,40.525875],[-74.155451,40.528577],[-74.158521,40.529924],[-74.161584,40.528568],[-74.161577,40.525867],[-74.158508,40.52452],[-74.155445,40.525875]]]},"properties":{"t":"Snow or Ice","n":10,"q":1}},{"type":"Feature","geometry":{"type":"Polygon","coordinates":[[[-74.183073,40.537992],[-74.183081,40.540693],[-74.186151,40.542039],[-74.189214,40.540683],[-74.189206,40.537982],[-74.186136,40.536636],[-74.183073,40.537992]]]},"properties":{"t":"Snow or Ice","n":8,"q":1}},{"type":"Feature","geometry":{"type":"Polygon","coordinates":[[[-74.183207,40.58662],[-74.183214,40.589322],[-74.186287,40.590668],[-74.189352,40.589312],[-74.189344,40.58661],[-74.186272,40.585264],[-74.183207,40.58662]]]},"properties":{"t":"Snow or Ice","n":18,"q":2}},{"type":"Feature","geometry":{"type":"Polygon","coordinates":[[[-74.16773,40.533963],[-74.167737,40.536664],[-74.170807,40.538011],[-74.17387,40.536655],[-74.173863,40.533954],[-74.170793,40.532608],[-74.16773,40.533963]]]},"properties":{"t":"Snow or Ice","n":19,"q":2}},{"type":"Feature","geometry":{"type":"Polygon","coordinates":[[[-74.204527,40.533903],[-74.204535,40.536605],[-74.207606,40.53795],[-74.210669,40.536594],[-74.21066,40.533892],[-74.207589,40.532547],[-74.204527,40.533903]]]},"properties":{"t":"Snow or Ice","n":8,"q":1}},{"type":"Feature","geometry":{"type":"Polygon","coordinates":[[[-74.060459,40.594855],[-74.060461,40.597557],[-74.063532,40.598906],[-74.0666,40.597553],[-74.066597,40.594852],[-74.063527,40.593503],[-74.060459,40.594855]]]},"properties":{"t":"Snow or Ice","n":34,"q":3}},{"type":"Feature","geometry":{"type":"Polygon","coordinates":[[[-74.075837,40.623212],[-74.07584,40.625914],[-74.078913,40.627263],[-74.081982,40.62591],[-74.081978,40.623208],[-74.078906,40.62186],[-74.075837,40.623212]]]},"properties":{"t":"Snow or Ice","n":14,"q":1}},{"type":"Feature","geometry":{"type":"Polygon","coordinates":[[[-74.173884,40.542058],[-74.173891,40.54476],[-74.176961,40.546106],[-74.180025,40.544751],[-74.180017,40.542049],[-74.176947,40.540703],[-74.173884,40.542058]]]},"properties":{"t":"Snow or Ice","n":11,"q":1}},{"type":"Feature","geometry":{"type":"Polygon","coordinates":[[[-74.14325,40.55831],[-74.143256,40.561012],[-74.146327,40.562359],[-74.149392,40.561004],[-74.149385,40.558302],[-74.146315,40.556956],[-74.14325,40.55831]]]},"properties":{"t":"Snow or Ice","n":54,"q":4}},{"type":"Feature","geometry":{"type":"Polygon","coordinates":[[[-74.103391,40.57051],[-74.103395,40.573212],[-74.106465,40.57456],[-74.109531,40.573206],[-74.109527,40.570505],[-74.106457,40.569157],[-74.103391,40.57051]]]},"properties":{"t":"Snow or Ice","n":12,"q":1}},{"type":"Feature","geometry":{"type":"Polygon","coordinates":[[[-74.094284,40.639408],[-74.094287,40.64211],[-74.097361,40.643458],[-74.10043,40.642105],[-74.100426,40.639403],[-74.097353,40.638055],[-74.094284,40.639408]]]},"properties":{"t":"Snow or Ice","n":31,"q":3}},{"type":"Feature","geometry":{"type":"Polygon","coordinates":[[[-74.140345,40.635309],[-74.14035,40.63801],[-74.143424,40.639357],[-74.146493,40.638003],[-74.146487,40.635301],[-74.143413,40.633954],[-74.140345,40.635309]]]},"properties":{"t":"Snow or Ice","n":20,"q":2}},{"type":"Feature","geometry":{"type":"Polygon","coordinates":[[[-74.131075,40.606953],[-74.131081,40.609655],[-74.134153,40.611002],[-74.137221,40.609648],[-74.137215,40.606946],[-74.134143,40.605599],[-74.131075,40.606953]]]},"properties":{"t":"Snow or Ice","n":20,"q":2}},{"type":"Feature","geometry":{"type":"Polygon","coordinates":[[[-74.131139,40.639372],[-74.131144,40.642074],[-74.134219,40.643421],[-74.137287,40.642066],[-74.137282,40.639365],[-74.134208,40.638018],[-74.131139,40.639372]]]},"properties":{"t":"Snow or Ice","n":54,"q":4}},{"type":"Feature","geometry":{"type":"Polygon","coordinates":[[[-74.149404,40.566407],[-74.14941,40.569109],[-74.152481,40.570456],[-74.155546,40.569101],[-74.155539,40.566399],[-74.152468,40.565052],[-74.149404,40.566407]]]},"properties":{"t":"Snow or Ice","n":8,"q":1}},{"type":"Feature","geometry":{"type":"Polygon","coordinates":[[[-74.14031,40.619099],[-74.140316,40.621801],[-74.143389,40.623148],[-74.146457,40.621793],[-74.146451,40.619092],[-74.143378,40.617745],[-74.14031,40.619099]]]},"properties":{"t":"Snow or Ice","n":30,"q":3}},{"type":"Feature","geometry":{"type":"Polygon","coordinates":[[[-74.140259,40.594785],[-74.140265,40.597487],[-74.143337,40.598834],[-74.146404,40.597479],[-74.146398,40.594778],[-74.143326,40.593431],[-74.140259,40.594785]]]},"properties":{"t":"Snow or Ice","n":39,"q":3}},{"type":"Feature","geometry":{"type":"Polygon","coordinates":[[[-74.112684,40.623182],[-74.112689,40.625884],[-74.115762,40.627232],[-74.11883,40.625878],[-74.118825,40.623176],[-74.115752,40.621828],[-74.112684,40.623182]]]},"properties":{"t":"Snow or Ice","n":39,"q":3}},{"type":"Feature","geometry":{"type":"Polygon","coordinates":[[[-74.161832,40.631228],[-74.161839,40.63393],[-74.164913,40.635276],[-74.167981,40.633921],[-74.167974,40.631219],[-74.1649,40.629873],[-74.161832,40.631228]]]},"properties":{"t":"Snow or Ice","n":7,"q":0}},{"type":"Feature","geometry":{"type":"Polygon","coordinates":[[[-74.152462,40.562351],[-74.152468,40.565052],[-74.155539,40.566399],[-74.158604,40.565044],[-74.158598,40.562343],[-74.155527,40.560996],[-74.152462,40.562351]]]},"properties":{"t":"Snow or Ice","n":9,"q":1}},{"type":"Feature","geometry":{"type":"Polygon","coordinates":[[[-74.112643,40.598868],[-74.112648,40.60157],[-74.115719,40.602917],[-74.118787,40.601563],[-74.118782,40.598862],[-74.11571,40.597514],[-74.112643,40.598868]]]},"properties":{"t":"Snow or Ice","n":11,"q":1}},{"type":"Feature","geometry":{"type":"Polygon","coordinates":[[[-74.18314,40.562306],[-74.183147,40.565008],[-74.186219,40.566353],[-74.189283,40.564998],[-74.189275,40.562296],[-74.186204,40.56095],[-74.18314,40.562306]]]},"properties":{"t":"Snow or Ice","n":10,"q":1}},{"type":"Feature","geometry":{"type":"Polygon","coordinates":[[[-74.072727,40.586743],[-74.07273,40.589445],[-74.075801,40.590794],[-74.078868,40.589441],[-74.078865,40.586739],[-74.075794,40.58539],[-74.072727,40.586743]]]},"properties":{"t":"Snow or Ice","n":10,"q":1}},{"type":"Feature","geometry":{"type":"Polygon","coordinates":[[[-74.183273,40.610934],[-74.183281,40.613636],[-74.186355,40.614982],[-74.189421,40.613626],[-74.189413,40.610924],[-74.186339,40.609579],[-74.183273,40.610934]]]},"properties":{"t":"Snow or Ice","n":2,"q":0}},{"type":"Feature","geometry":{"type":"Polygon","coordinates":[[[-74.241208,40.501413],[-74.241217,40.504114],[-74.244287,40.505459],[-74.247347,40.504101],[-74.247337,40.5014],[-74.244268,40.500056],[-74.241208,40.501413]]]},"properties":{"t":"Snow or Ice","n":10,"q":1}},{"type":"Feature","geometry":{"type":"Polygon","coordinates":[[[-74.134088,40.578583],[-74.134094,40.581285],[-74.137165,40.582632],[-74.140231,40.581277],[-74.140225,40.578576],[-74.137154,40.577229],[-74.134088,40.578583]]]},"properties":{"t":"Snow or Ice","n":9,"q":1}},{"type":"Feature","geometry":{"type":"Polygon","coordinates":[[[-74.088055,40.574575],[-74.088059,40.577277],[-74.091129,40.578625],[-74.094196,40.577272],[-74.094192,40.574571],[-74.091122,40.573222],[-74.088055,40.574575]]]},"properties":{"t":"Snow or Ice","n":15,"q":1}},{"type":"Feature","geometry":{"type":"Polygon","coordinates":[[[-74.180039,40.550154],[-74.180047,40.552855],[-74.183118,40.554201],[-74.186181,40.552846],[-74.186174,40.550144],[-74.183103,40.548798],[-74.180039,40.550154]]]},"properties":{"t":"Snow or Ice","n":29,"q":3}},{"type":"Feature","geometry":{"type":"Polygon","coordinates":[[[-74.14638,40.586673],[-74.146386,40.589375],[-74.149458,40.590721],[-74.152524,40.589367],[-74.152518,40.586665],[-74.149446,40.585318],[-74.14638,40.586673]]]},"properties":{"t":"Snow or Ice","n":66,"q":4}},{"type":"Feature","geometry":{"type":"Polygon","coordinates":[[[-74.112561,40.55024],[-74.112566,40.552941],[-74.115635,40.554289],[-74.1187,40.552935],[-74.118695,40.550234],[-74.115626,40.548886],[-74.112561,40.55024]]]},"properties":{"t":"Snow or Ice","n":4,"q":0}},{"type":"Feature","geometry":{"type":"Polygon","coordinates":[[[-74.1095,40.554295],[-74.109505,40.556997],[-74.112575,40.558344],[-74.11564,40.556991],[-74.115635,40.554289],[-74.112566,40.552941],[-74.1095,40.554295]]]},"properties":{"t":"Snow or Ice","n":8,"q":1}},{"type":"Feature","geometry":{"type":"Polygon","coordinates":[[[-74.109633,40.635342],[-74.109638,40.638044],[-74.112711,40.639392],[-74.11578,40.638038],[-74.115776,40.635336],[-74.112702,40.633988],[-74.109633,40.635342]]]},"properties":{"t":"Snow or Ice","n":29,"q":3}},{"type":"Feature","geometry":{"type":"Polygon","coordinates":[[[-74.137182,40.590737],[-74.137187,40.593438],[-74.140259,40.594785],[-74.143326,40.593431],[-74.14332,40.590729],[-74.140248,40.589382],[-74.137182,40.590737]]]},"properties":{"t":"Snow or Ice","n":4,"q":0}},{"type":"Feature","geometry":{"type":"Polygon","coordinates":[[[-74.232055,40.513589],[-74.232064,40.51629],[-74.235135,40.517635],[-74.238196,40.516278],[-74.238186,40.513576],[-74.235116,40.512232],[-74.232055,40.513589]]]},"properties":{"t":"Snow or Ice","n":11,"q":1}},{"type":"Feature","geometry":{"type":"Polygon","coordinates":[[[-74.216793,40.533881],[-74.216802,40.536582],[-74.219873,40.537927],[-74.222935,40.536571],[-74.222926,40.533869],[-74.219855,40.532524],[-74.216793,40.533881]]]},"properties":{"t":"Snow or Ice","n":14,"q":1}},{"type":"Feature","geometry":{"type":"Polygon","coordinates":[[[-74.13098,40.558325],[-74.130985,40.561027],[-74.134056,40.562374],[-74.137121,40.561019],[-74.137115,40.558318],[-74.134045,40.556971],[-74.13098,40.558325]]]},"properties":{"t":"Snow or Ice","n":22,"q":2}},{"type":"Feature","geometry":{"type":"Polygon","coordinates":[[[-74.131012,40.574534],[-74.131017,40.577236],[-74.134088,40.578583],[-74.137154,40.577229],[-74.137148,40.574527],[-74.134077,40.57318],[-74.131012,40.574534]]]},"properties":{"t":"Snow or Ice","n":37,"q":3}},{"type":"Feature","geometry":{"type":"Polygon","coordinates":[[[-74.134186,40.627211],[-74.134191,40.629913],[-74.137265,40.63126],[-74.140333,40.629906],[-74.140327,40.627204],[-74.137254,40.625857],[-74.134186,40.627211]]]},"properties":{"t":"Snow or Ice","n":28,"q":3}},{"type":"Feature","geometry":{"type":"Polygon","coordinates":[[[-74.213688,40.521729],[-74.213696,40.524431],[-74.216767,40.525776],[-74.219828,40.524419],[-74.219819,40.521718],[-74.216749,40.520373],[-74.213688,40.521729]]]},"properties":{"t":"Snow or Ice","n":30,"q":3}},{"type":"Feature","geometry":{"type":"Polygon","coordinates":[[[-74.091218,40.643463],[-74.091221,40.646165],[-74.094295,40.647513],[-74.097365,40.646159],[-74.097361,40.643458],[-74.094287,40.64211],[-74.091218,40.643463]]]},"properties":{"t":"Snow or Ice","n":22,"q":2}},{"type":"Feature","geometry":{"type":"Polygon","coordinates":[[[-74.152388,40.529932],[-74.152395,40.532633],[-74.155464,40.53398],[-74.158527,40.532625],[-74.158521,40.529924],[-74.155451,40.528577],[-74.152388,40.529932]]]},"properties":{"t":"Snow or Ice","n":10,"q":1}},{"type":"Feature","geometry":{"type":"Polygon","coordinates":[[[-74.069688,40.615112],[-74.069691,40.617813],[-74.072762,40.619162],[-74.075831,40.617809],[-74.075828,40.615108],[-74.072756,40.613759],[-74.069688,40.615112]]]},"properties":{"t":"Snow or Ice","n":36,"q":3}},{"type":"Feature","geometry":{"type":"Polygon","coordinates":[[[-74.195316,40.529867],[-74.195324,40.532568],[-74.198394,40.533914],[-74.201457,40.532558],[-74.201449,40.529856],[-74.198378,40.528511],[-74.195316,40.529867]]]},"properties":{"t":"Snow or Ice","n":20,"q":2}},{"type":"Feature","geometry":{"type":"Polygon","coordinates":[[[-74.164653,40.529915],[-74.16466,40.532617],[-74.16773,40.533963],[-74.170793,40.532608],[-74.170786,40.529906],[-74.167716,40.52856],[-74.164653,40.529915]]]},"properties":{"t":"Snow or Ice","n":65,"q":4}},{"type":"Feature","geometry":{"type":"Polygon","coordinates":[[[-74.146256,40.52994],[-74.146262,40.532641],[-74.149331,40.533988],[-74.152395,40.532633],[-74.152388,40.529932],[-74.149319,40.528585],[-74.146256,40.52994]]]},"properties":{"t":"Snow or Ice","n":3,"q":0}},{"type":"Feature","geometry":{"type":"Polygon","coordinates":[[[-74.210635,40.525787],[-74.210643,40.528489],[-74.213714,40.529834],[-74.216775,40.528478],[-74.216767,40.525776],[-74.213696,40.524431],[-74.210635,40.525787]]]},"properties":{"t":"Snow or Ice","n":10,"q":1}},{"type":"Feature","geometry":{"type":"Polygon","coordinates":[[[-74.161852,40.639333],[-74.161859,40.642034],[-74.164933,40.643381],[-74.168001,40.642026],[-74.167995,40.639324],[-74.16492,40.637978],[-74.161852,40.639333]]]},"properties":{"t":"Snow or Ice","n":7,"q":0}},{"type":"Feature","geometry":{"type":"Polygon","coordinates":[[[-74.057393,40.598909],[-74.057395,40.601611],[-74.060466,40.60296],[-74.063535,40.601607],[-74.063532,40.598906],[-74.060461,40.597557],[-74.057393,40.598909]]]},"properties":{"t":"Snow or Ice","n":10,"q":1}},{"type":"Feature","geometry":{"type":"Polygon","coordinates":[[[-74.158656,40.586657],[-74.158662,40.589358],[-74.161734,40.590705],[-74.1648,40.58935],[-74.164793,40.586648],[-74.161721,40.585302],[-74.158656,40.586657]]]},"properties":{"t":"Snow or Ice","n":46,"q":3}},{"type":"Feature","geometry":{"type":"Polygon","coordinates":[[[-74.075865,40.647526],[-74.075868,40.650228],[-74.078941,40.651577],[-74.082012,40.650224],[-74.082008,40.647522],[-74.078935,40.646174],[-74.075865,40.647526]]]},"properties":{"t":"Snow or Ice","n":3,"q":0}},{"type":"Feature","geometry":{"type":"Polygon","coordinates":[[[-74.173842,40.525849],[-74.173849,40.528551],[-74.176918,40.529897],[-74.179981,40.528541],[-74.179974,40.52584],[-74.176904,40.524494],[-74.173842,40.525849]]]},"properties":{"t":"Snow or Ice","n":23,"q":2}},{"type":"Feature","geometry":{"type":"Polygon","coordinates":[[[-74.179974,40.52584],[-74.179981,40.528541],[-74.183051,40.529887],[-74.186113,40.528531],[-74.186106,40.52583],[-74.183036,40.524484],[-74.179974,40.52584]]]},"properties":{"t":"Snow or Ice","n":7,"q":0}},{"type":"Feature","geometry":{"type":"Polygon","coordinates":[[[-74.103403,40.578615],[-74.103407,40.581317],[-74.106478,40.582665],[-74.109545,40.581311],[-74.10954,40.578609],[-74.10647,40.577261],[-74.103403,40.578615]]]},"properties":{"t":"Snow or Ice","n":15,"q":1}},{"type":"Feature","geometry":{"type":"Polygon","coordinates":[[[-74.19837,40.525809],[-74.198378,40.528511],[-74.201449,40.529856],[-74.204511,40.5285],[-74.204502,40.525798],[-74.201432,40.524453],[-74.19837,40.525809]]]},"properties":{"t":"Snow or Ice","n":13,"q":1}},{"type":"Feature","geometry":{"type":"Polygon","coordinates":[[[-74.201449,40.529856],[-74.201457,40.532558],[-74.204527,40.533903],[-74.207589,40.532547],[-74.207581,40.529845],[-74.204511,40.5285],[-74.201449,40.529856]]]},"properties":{"t":"Snow or Ice","n":5,"q":0}},{"type":"Feature","geometry":{"type":"Polygon","coordinates":[[[-74.198442,40.550123],[-74.19845,40.552825],[-74.201522,40.55417],[-74.204585,40.552814],[-74.204577,40.550113],[-74.201506,40.548767],[-74.198442,40.550123]]]},"properties":{"t":"Snow or Ice","n":29,"q":3}},{"type":"Feature","geometry":{"type":"Polygon","coordinates":[[[-74.100426,40.639403],[-74.10043,40.642105],[-74.103504,40.643453],[-74.106573,40.642099],[-74.106569,40.639397],[-74.103495,40.638049],[-74.100426,40.639403]]]},"properties":{"t":"Snow or Ice","n":4,"q":0}},{"type":"Feature","geometry":{"type":"Polygon","coordinates":[[[-74.213714,40.529834],[-74.213722,40.532536],[-74.216793,40.533881],[-74.219855,40.532524],[-74.219846,40.529822],[-74.216775,40.528478],[-74.213714,40.529834]]]},"properties":{"t":"Snow or Ice","n":8,"q":1}},{"type":"Feature","geometry":{"type":"Polygon","coordinates":[[[-74.189344,40.58661],[-74.189352,40.589312],[-74.192425,40.590657],[-74.19549,40.589302],[-74.195482,40.5866],[-74.192409,40.585254],[-74.189344,40.58661]]]},"properties":{"t":"Snow or Ice","n":7,"q":0}},{"type":"Feature","geometry":{"type":"Polygon","coordinates":[[[-74.075801,40.590794],[-74.075804,40.593495],[-74.078874,40.594844],[-74.081942,40.593491],[-74.081939,40.590789],[-74.078868,40.589441],[-74.075801,40.590794]]]},"properties":{"t":"Snow or Ice","n":43,"q":3}},{"type":"Feature","geometry":{"type":"Polygon","coordinates":[[[-74.115649,40.562394],[-74.115654,40.565095],[-74.118724,40.566443],[-74.12179,40.565089],[-74.121785,40.562387],[-74.118715,40.56104],[-74.115649,40.562394]]]},"properties":{"t":"Snow or Ice","n":62,"q":4}},{"type":"Feature","geometry":{"type":"Polygon","coordinates":[[[-74.186151,40.542039],[-74.186159,40.544741],[-74.189229,40.546087],[-74.192293,40.544731],[-74.192285,40.542029],[-74.189214,40.540683],[-74.186151,40.542039]]]},"properties":{"t":"Snow or Ice","n":8,"q":1}},{"type":"Feature","geometry":{"type":"Polygon","coordinates":[[[-74.204478,40.517694],[-74.204486,40.520395],[-74.207556,40.521741],[-74.210618,40.520384],[-74.210609,40.517683],[-74.207539,40.516337],[-74.204478,40.517694]]]},"properties":{"t":"Snow or Ice","n":26,"q":2}},{"type":"Feature","geometry":{"type":"Polygon","coordinates":[[[-74.152536,40.59477],[-74.152542,40.597471],[-74.155615,40.598818],[-74.158681,40.597463],[-74.158675,40.594761],[-74.155602,40.593415],[-74.152536,40.59477]]]},"properties":{"t":"Snow or Ice","n":12,"q":1}},{"type":"Feature","geometry":{"type":"Polygon","coordinates":[[[-74.186287,40.590668],[-74.186294,40.593369],[-74.189367,40.594715],[-74.192433,40.593359],[-74.192425,40.590657],[-74.189352,40.589312],[-74.186287,40.590668]]]},"properties":{"t":"Snow or Ice","n":22,"q":2}},{"type":"Feature","geometry":{"type":"Polygon","coordinates":[[[-74.177176,40.627153],[-74.177183,40.629855],[-74.180258,40.631201],[-74.183325,40.629845],[-74.183318,40.627144],[-74.180243,40.625798],[-74.177176,40.627153]]]},"properties":{"t":"Snow or Ice","n":3,"q":0}},{"type":"Feature","geometry":{"type":"Polygon","coordinates":[[[-74.219846,40.529822],[-74.219855,40.532524],[-74.222926,40.533869],[-74.225988,40.532512],[-74.225979,40.529811],[-74.222908,40.528466],[-74.219846,40.529822]]]},"properties":{"t":"Snow or Ice","n":16,"q":2}},{"type":"Feature","geometry":{"type":"Polygon","coordinates":[[[-74.082008,40.647522],[-74.082012,40.650224],[-74.085085,40.651572],[-74.088155,40.650219],[-74.088152,40.647518],[-74.085078,40.646169],[-74.082008,40.647522]]]},"properties":{"t":"Snow or Ice","n":10,"q":1}},{"type":"Feature","geometry":{"type":"Polygon","coordinates":[[[-74.097361,40.643458],[-74.097365,40.646159],[-74.100438,40.647508],[-74.103508,40.646154],[-74.103504,40.643453],[-74.10043,40.642105],[-74.097361,40.643458]]]},"properties":{"t":"Snow or Ice","n":1,"q":0}},{"type":"Feature","geometry":{"type":"Polygon","coordinates":[[[-74.167913,40.606905],[-74.16792,40.609607],[-74.170993,40.610953],[-74.17406,40.609598],[-74.174053,40.606896],[-74.170979,40.60555],[-74.167913,40.606905]]]},"properties":{"t":"Snow or Ice","n":8,"q":1}},{"type":"Feature","geometry":{"type":"Polygon","coordinates":[[[-74.155558,40.574504],[-74.155565,40.577205],[-74.158636,40.578552],[-74.161702,40.577197],[-74.161695,40.574495],[-74.158623,40.573149],[-74.155558,40.574504]]]},"properties":{"t":"Snow or Ice","n":3,"q":0}},{"type":"Feature","geometry":{"type":"Polygon","coordinates":[[[-74.085054,40.627258],[-74.085058,40.62996],[-74.08813,40.631308],[-74.091199,40.629955],[-74.091196,40.627254],[-74.088123,40.625905],[-74.085054,40.627258]]]},"properties":{"t":"Snow or Ice","n":25,"q":2}},{"type":"Feature","geometry":{"type":"Polygon","coordinates":[[[-74.081929,40.582685],[-74.081932,40.585386],[-74.085003,40.586735],[-74.08807,40.585382],[-74.088066,40.58268],[-74.084996,40.581332],[-74.081929,40.582685]]]},"properties":{"t":"Snow or Ice","n":7,"q":0}},{"type":"Feature","geometry":{"type":"Polygon","coordinates":[[[-74.176918,40.529897],[-74.176926,40.532598],[-74.179996,40.533944],[-74.183058,40.532589],[-74.183051,40.529887],[-74.179981,40.528541],[-74.176918,40.529897]]]},"properties":{"t":"Snow or Ice","n":1,"q":0}},{"type":"Feature","geometry":{"type":"Polygon","coordinates":[[[-74.088045,40.566471],[-74.088048,40.569172],[-74.091118,40.570521],[-74.094184,40.569167],[-74.094181,40.566466],[-74.091111,40.565117],[-74.088045,40.566471]]]},"properties":{"t":"Snow or Ice","n":9,"q":1}},{"type":"Feature","geometry":{"type":"Polygon","coordinates":[[[-74.081919,40.57458],[-74.081922,40.577282],[-74.084992,40.57863],[-74.088059,40.577277],[-74.088055,40.574575],[-74.084985,40.573227],[-74.081919,40.57458]]]},"properties":{"t":"Snow or Ice","n":3,"q":0}},{"type":"Feature","geometry":{"type":"Polygon","coordinates":[[[-74.15854,40.538028],[-74.158547,40.54073],[-74.161617,40.542076],[-74.16468,40.540721],[-74.164673,40.53802],[-74.161603,40.536673],[-74.15854,40.538028]]]},"properties":{"t":"Snow or Ice","n":13,"q":1}},{"type":"Feature","geometry":{"type":"Polygon","coordinates":[[[-74.198346,40.517704],[-74.198354,40.520406],[-74.201424,40.521752],[-74.204486,40.520395],[-74.204478,40.517694],[-74.201408,40.516348],[-74.198346,40.517704]]]},"properties":{"t":"Snow or Ice","n":9,"q":1}},{"type":"Feature","geometry":{"type":"Polygon","coordinates":[[[-74.143302,40.582624],[-74.143308,40.585326],[-74.14638,40.586673],[-74.149446,40.585318],[-74.14944,40.582617],[-74.146368,40.58127],[-74.143302,40.582624]]]},"properties":{"t":"Snow or Ice","n":4,"q":0}},{"type":"Feature","geometry":{"type":"Polygon","coordinates":[[[-74.10653,40.615083],[-74.106534,40.617785],[-74.109607,40.619133],[-74.112675,40.617779],[-74.11267,40.615078],[-74.109598,40.61373],[-74.10653,40.615083]]]},"properties":{"t":"Snow or Ice","n":5,"q":0}},{"type":"Feature","geometry":{"type":"Polygon","coordinates":[[[-74.201522,40.55417],[-74.20153,40.556872],[-74.204602,40.558217],[-74.207665,40.556861],[-74.207657,40.55416],[-74.204585,40.552814],[-74.201522,40.55417]]]},"properties":{"t":"Snow or Ice","n":4,"q":0}},{"type":"Feature","geometry":{"type":"Polygon","coordinates":[[[-74.121814,40.578597],[-74.121819,40.581298],[-74.12489,40.582646],[-74.127956,40.581292],[-74.127951,40.57859],[-74.12488,40.577243],[-74.121814,40.578597]]]},"properties":{"t":"Snow or Ice","n":25,"q":2}},{"type":"Feature","geometry":{"type":"Polygon","coordinates":[[[-74.158598,40.562343],[-74.158604,40.565044],[-74.161675,40.566391],[-74.16474,40.565035],[-74.164733,40.562334],[-74.161662,40.560987],[-74.158598,40.562343]]]},"properties":{"t":"Snow or Ice","n":4,"q":0}},{"type":"Feature","geometry":{"type":"Polygon","coordinates":[[[-74.149458,40.590721],[-74.149464,40.593423],[-74.152536,40.59477],[-74.155602,40.593415],[-74.155596,40.590713],[-74.152524,40.589367],[-74.149458,40.590721]]]},"properties":{"t":"Snow or Ice","n":36,"q":3}},{"type":"Feature","geometry":{"type":"Polygon","coordinates":[[[-74.140242,40.586681],[-74.140248,40.589382],[-74.14332,40.590729],[-74.146386,40.589375],[-74.14638,40.586673],[-74.143308,40.585326],[-74.140242,40.586681]]]},"properties":{"t":"Snow or Ice","n":9,"q":1}},{"type":"Feature","geometry":{"type":"Polygon","coordinates":[[[-74.189275,40.562296],[-74.189283,40.564998],[-74.192355,40.566343],[-74.195419,40.564987],[-74.195411,40.562286],[-74.192339,40.56094],[-74.189275,40.562296]]]},"properties":{"t":"Snow or Ice","n":6,"q":0}},{"type":"Feature","geometry":{"type":"Polygon","coordinates":[[[-74.173863,40.533954],[-74.17387,40.536655],[-74.17694,40.538001],[-74.180003,40.536646],[-74.179996,40.533944],[-74.176926,40.532598],[-74.173863,40.533954]]]},"properties":{"t":"Snow or Ice","n":14,"q":1}},{"type":"Feature","geometry":{"type":"Polygon","coordinates":[[[-74.103416,40.58672],[-74.10342,40.589421],[-74.106491,40.590769],[-74.109558,40.589416],[-74.109554,40.586714],[-74.106483,40.585366],[-74.103416,40.58672]]]},"properties":{"t":"Snow or Ice","n":9,"q":1}},{"type":"Feature","geometry":{"type":"Polygon","coordinates":[[[-74.109554,40.586714],[-74.109558,40.589416],[-74.112629,40.590763],[-74.115696,40.58941],[-74.115691,40.586708],[-74.11262,40.58536],[-74.109554,40.586714]]]},"properties":{"t":"Snow or Ice","n":5,"q":0}},{"type":"Feature","geometry":{"type":"Polygon","coordinates":[[[-74.195269,40.513657],[-74.195277,40.516359],[-74.198346,40.517704],[-74.201408,40.516348],[-74.2014,40.513647],[-74.19833,40.512301],[-74.195269,40.513657]]]},"properties":{"t":"Snow or Ice","n":6,"q":0}},{"type":"Feature","geometry":{"type":"Polygon","coordinates":[[[-74.195482,40.5866],[-74.19549,40.589302],[-74.198563,40.590647],[-74.201628,40.589291],[-74.20162,40.586589],[-74.198547,40.585244],[-74.195482,40.5866]]]},"properties":{"t":"Snow or Ice","n":1,"q":0}},{"type":"Feature","geometry":{"type":"Polygon","coordinates":[[[-74.183229,40.594725],[-74.183236,40.597426],[-74.186309,40.598772],[-74.189375,40.597416],[-74.189367,40.594715],[-74.186294,40.593369],[-74.183229,40.594725]]]},"properties":{"t":"Snow or Ice","n":3,"q":0}},{"type":"Feature","geometry":{"type":"Polygon","coordinates":[[[-74.069696,40.623216],[-74.069699,40.625918],[-74.072771,40.627267],[-74.07584,40.625914],[-74.075837,40.623212],[-74.072765,40.621864],[-74.069696,40.623216]]]},"properties":{"t":"Snow or Ice","n":3,"q":0}},{"type":"Feature","geometry":{"type":"Polygon","coordinates":[[[-74.177112,40.602839],[-74.177119,40.605541],[-74.180192,40.606887],[-74.183258,40.605531],[-74.183251,40.60283],[-74.180178,40.601484],[-74.177112,40.602839]]]},"properties":{"t":"Snow or Ice","n":1,"q":0}},{"type":"Feature","geometry":{"type":"Polygon","coordinates":[[[-74.192401,40.582553],[-74.192409,40.585254],[-74.195482,40.5866],[-74.198547,40.585244],[-74.198539,40.582542],[-74.195466,40.581197],[-74.192401,40.582553]]]},"properties":{"t":"Snow or Ice","n":1,"q":0}},{"type":"Feature","geometry":{"type":"Polygon","coordinates":[[[-74.229031,40.525752],[-74.22904,40.528454],[-74.232111,40.529798],[-74.235173,40.528441],[-74.235163,40.52574],[-74.232092,40.524395],[-74.229031,40.525752]]]},"properties":{"t":"Snow or Ice","n":4,"q":0}},{"type":"Feature","geometry":{"type":"Polygon","coordinates":[[[-74.164793,40.586648],[-74.1648,40.58935],[-74.167872,40.590696],[-74.170938,40.589341],[-74.170931,40.586639],[-74.167859,40.585293],[-74.164793,40.586648]]]},"properties":{"t":"Snow or Ice","n":2,"q":0}},{"type":"Feature","geometry":{"type":"Polygon","coordinates":[[[-74.109607,40.619133],[-74.109611,40.621834],[-74.112684,40.623182],[-74.115752,40.621828],[-74.115748,40.619127],[-74.112675,40.617779],[-74.109607,40.619133]]]},"properties":{"t":"Snow or Ice","n":3,"q":0}},{"type":"Feature","geometry":{"type":"Polygon","coordinates":[[[-74.152555,40.602874],[-74.152561,40.605576],[-74.155634,40.606923],[-74.1587,40.605568],[-74.158694,40.602866],[-74.155621,40.60152],[-74.152555,40.602874]]]},"properties":{"t":"Snow or Ice","n":1,"q":0}},{"type":"Feature","geometry":{"type":"Polygon","coordinates":[[[-74.180083,40.566363],[-74.18009,40.569065],[-74.183162,40.570411],[-74.186226,40.569055],[-74.186219,40.566353],[-74.183147,40.565008],[-74.180083,40.566363]]]},"properties":{"t":"Snow or Ice","n":2,"q":0}},{"type":"Feature","geometry":{"type":"Polygon","coordinates":[[[-74.094215,40.59078],[-74.094219,40.593482],[-74.09729,40.59483],[-74.100357,40.593476],[-74.100353,40.590775],[-74.097282,40.589427],[-74.094215,40.59078]]]},"properties":{"t":"Snow or Ice","n":25,"q":2}},{"type":"Feature","geometry":{"type":"Polygon","coordinates":[[[-74.171035,40.627163],[-74.171042,40.629864],[-74.174116,40.63121],[-74.177183,40.629855],[-74.177176,40.627153],[-74.174102,40.625807],[-74.171035,40.627163]]]},"properties":{"t":"Snow or Ice","n":1,"q":0}},{"type":"Feature","geometry":{"type":"Polygon","coordinates":[[[-74.229087,40.541962],[-74.229096,40.544663],[-74.232167,40.546008],[-74.23523,40.544651],[-74.23522,40.541949],[-74.232149,40.540605],[-74.229087,40.541962]]]},"properties":{"t":"Snow or Ice","n":1,"q":0}},{"type":"Feature","geometry":{"type":"Polygon","coordinates":[[[-74.207581,40.529845],[-74.207589,40.532547],[-74.21066,40.533892],[-74.213722,40.532536],[-74.213714,40.529834],[-74.210643,40.528489],[-74.207581,40.529845]]]},"properties":{"t":"Snow or Ice","n":2,"q":0}},{"type":"Feature","geometry":{"type":"Polygon","coordinates":[[[-74.131044,40.590744],[-74.131049,40.593445],[-74.134121,40.594793],[-74.137187,40.593438],[-74.137182,40.590737],[-74.13411,40.58939],[-74.131044,40.590744]]]},"properties":{"t":"Snow or Ice","n":2,"q":0}},{"type":"Feature","geometry":{"type":"Polygon","coordinates":[[[-74.225979,40.529811],[-74.225988,40.532512],[-74.229059,40.533857],[-74.232121,40.5325],[-74.232111,40.529798],[-74.22904,40.528454],[-74.225979,40.529811]]]},"properties":{"t":"Snow or Ice","n":2,"q":0}},{"type":"Feature","geometry":{"type":"Polygon","coordinates":[[[-74.210609,40.517683],[-74.210618,40.520384],[-74.213688,40.521729],[-74.216749,40.520373],[-74.21674,40.517671],[-74.21367,40.516326],[-74.210609,40.517683]]]},"properties":{"t":"Snow or Ice","n":2,"q":0}},{"type":"Feature","geometry":{"type":"Polygon","coordinates":[[[-74.057386,40.590804],[-74.057388,40.593506],[-74.060459,40.594855],[-74.063527,40.593503],[-74.063524,40.590801],[-74.060454,40.589452],[-74.057386,40.590804]]]},"properties":{"t":"Snow or Ice","n":2,"q":0}},{"type":"Feature","geometry":{"type":"Polygon","coordinates":[[[-74.18017,40.598782],[-74.180178,40.601484],[-74.183251,40.60283],[-74.186317,40.601474],[-74.186309,40.598772],[-74.183236,40.597426],[-74.18017,40.598782]]]},"properties":{"t":"Snow or Ice","n":2,"q":0}},{"type":"Feature","geometry":{"type":"Polygon","coordinates":[[[-74.115748,40.619127],[-74.115752,40.621828],[-74.118825,40.623176],[-74.121893,40.621822],[-74.121888,40.61912],[-74.118815,40.617773],[-74.115748,40.619127]]]},"properties":{"t":"Snow or Ice","n":8,"q":1}},{"type":"Feature","geometry":{"type":"Polygon","coordinates":[[[-74.238128,40.497367],[-74.238138,40.500068],[-74.241208,40.501413],[-74.244268,40.500056],[-74.244258,40.497354],[-74.241188,40.49601],[-74.238128,40.497367]]]},"properties":{"t":"Snow or Ice","n":13,"q":1}},{"type":"Feature","geometry":{"type":"Polygon","coordinates":[[[-74.179952,40.517735],[-74.179959,40.520436],[-74.183029,40.521782],[-74.186091,40.520427],[-74.186083,40.517725],[-74.183014,40.516379],[-74.179952,40.517735]]]},"properties":{"t":"Snow or Ice","n":1,"q":0}},{"type":"Feature","geometry":{"type":"Polygon","coordinates":[[[-74.204577,40.550113],[-74.204585,40.552814],[-74.207657,40.55416],[-74.21072,40.552803],[-74.210711,40.550102],[-74.20764,40.548756],[-74.204577,40.550113]]]},"properties":{"t":"Snow or Ice","n":2,"q":0}},{"type":"Feature","geometry":{"type":"Polygon","coordinates":[[[-74.161577,40.525867],[-74.161584,40.528568],[-74.164653,40.529915],[-74.167716,40.52856],[-74.16771,40.525858],[-74.16464,40.524512],[-74.161577,40.525867]]]},"properties":{"t":"Snow or Ice","n":6,"q":0}},{"type":"Feature","geometry":{"type":"Polygon","coordinates":[[[-74.115635,40.554289],[-74.11564,40.556991],[-74.11871,40.558338],[-74.121775,40.556984],[-74.12177,40.554283],[-74.1187,40.552935],[-74.115635,40.554289]]]},"properties":{"t":"Snow or Ice","n":9,"q":1}},{"type":"Feature","geometry":{"type":"Polygon","coordinates":[[[-74.12177,40.554283],[-74.121775,40.556984],[-74.124845,40.558332],[-74.12791,40.556978],[-74.127905,40.554276],[-74.124835,40.552929],[-74.12177,40.554283]]]},"properties":{"t":"Snow or Ice","n":8,"q":1}},{"type":"Feature","geometry":{"type":"Polygon","coordinates":[[[-74.226006,40.537915],[-74.226015,40.540617],[-74.229087,40.541962],[-74.232149,40.540605],[-74.232139,40.537903],[-74.229068,40.536558],[-74.226006,40.537915]]]},"properties":{"t":"Snow or Ice","n":2,"q":0}},{"type":"Feature","geometry":{"type":"Polygon","coordinates":[[[-74.115705,40.594813],[-74.11571,40.597514],[-74.118782,40.598862],[-74.121849,40.597508],[-74.121844,40.594806],[-74.118772,40.593459],[-74.115705,40.594813]]]},"properties":{"t":"Snow or Ice","n":1,"q":0}},{"type":"Feature","geometry":{"type":"Polygon","coordinates":[[[-74.109567,40.594819],[-74.109571,40.59752],[-74.112643,40.598868],[-74.11571,40.597514],[-74.115705,40.594813],[-74.112634,40.593465],[-74.109567,40.594819]]]},"properties":{"t":"Snow or Ice","n":1,"q":0}},{"type":"Feature","geometry":{"type":"Polygon","coordinates":[[[-74.189138,40.513668],[-74.189145,40.516369],[-74.192215,40.517715],[-74.195277,40.516359],[-74.195269,40.513657],[-74.192199,40.512312],[-74.189138,40.513668]]]},"properties":{"t":"Snow or Ice","n":3,"q":0}},{"type":"Feature","geometry":{"type":"Polygon","coordinates":[[[-74.176897,40.521792],[-74.176904,40.524494],[-74.179974,40.52584],[-74.183036,40.524484],[-74.183029,40.521782],[-74.179959,40.520436],[-74.176897,40.521792]]]},"properties":{"t":"Snow or Ice","n":1,"q":0}},{"type":"Feature","geometry":{"type":"Polygon","coordinates":[[[-74.170786,40.529906],[-74.170793,40.532608],[-74.173863,40.533954],[-74.176926,40.532598],[-74.176918,40.529897],[-74.173849,40.528551],[-74.170786,40.529906]]]},"properties":{"t":"Snow or Ice","n":1,"q":0}},{"type":"Feature","geometry":{"type":"Polygon","coordinates":[[[-74.124997,40.639379],[-74.125002,40.64208],[-74.128076,40.643428],[-74.131144,40.642074],[-74.131139,40.639372],[-74.128065,40.638025],[-74.124997,40.639379]]]},"properties":{"t":"Snow or Ice","n":1,"q":0}},{"type":"Feature","geometry":{"type":"Polygon","coordinates":[[[-74.170973,40.602848],[-74.170979,40.60555],[-74.174053,40.606896],[-74.177119,40.605541],[-74.177112,40.602839],[-74.174039,40.601493],[-74.170973,40.602848]]]},"properties":{"t":"Snow or Ice","n":2,"q":0}},{"type":"Feature","geometry":{"type":"Polygon","coordinates":[[[-74.238273,40.537891],[-74.238282,40.540592],[-74.241354,40.541936],[-74.244416,40.540579],[-74.244406,40.537878],[-74.241334,40.536533],[-74.238273,40.537891]]]},"properties":{"t":"Snow or Ice","n":1,"q":0}},{"type":"Feature","geometry":{"type":"Polygon","coordinates":[[[-74.186083,40.517725],[-74.186091,40.520427],[-74.189161,40.521772],[-74.192223,40.520416],[-74.192215,40.517715],[-74.189145,40.516369],[-74.186083,40.517725]]]},"properties":{"t":"Snow or Ice","n":1,"q":0}},{"type":"Feature","geometry":{"type":"Polygon","coordinates":[[[-74.167852,40.582591],[-74.167859,40.585293],[-74.170931,40.586639],[-74.173996,40.585284],[-74.173989,40.582582],[-74.170917,40.581236],[-74.167852,40.582591]]]},"properties":{"t":"Snow or Ice","n":1,"q":0}},{"type":"Feature","geometry":{"type":"Polygon","coordinates":[[[-74.192192,40.50961],[-74.192199,40.512312],[-74.195269,40.513657],[-74.19833,40.512301],[-74.198322,40.5096],[-74.195253,40.508254],[-74.192192,40.50961]]]},"properties":{"t":"Snow or Ice","n":1,"q":0}},{"type":"Feature","geometry":{"type":"Polygon","coordinates":[[[-74.207531,40.513636],[-74.207539,40.516337],[-74.210609,40.517683],[-74.21367,40.516326],[-74.213662,40.513625],[-74.210592,40.512279],[-74.207531,40.513636]]]},"properties":{"t":"Snow or Ice","n":1,"q":0}},{"type":"Feature","geometry":{"type":"Polygon","coordinates":[[[-74.143285,40.57452],[-74.143291,40.577221],[-74.146362,40.578568],[-74.149428,40.577214],[-74.149422,40.574512],[-74.14635,40.573165],[-74.143285,40.57452]]]},"properties":{"t":"Snow or Ice","n":1,"q":0}},{"type":"Feature","geometry":{"type":"Polygon","coordinates":[[[-74.072718,40.578638],[-74.072721,40.58134],[-74.075791,40.582689],[-74.078858,40.581336],[-74.078855,40.578634],[-74.075785,40.577286],[-74.072718,40.578638]]]},"properties":{"t":"Snow or Ice","n":1,"q":0}},{"type":"Feature","geometry":{"type":"Polygon","coordinates":[[[-74.066646,40.64348],[-74.066649,40.646181],[-74.069722,40.64753],[-74.072792,40.646178],[-74.072789,40.643476],[-74.069716,40.642127],[-74.066646,40.64348]]]},"properties":{"t":"Snow or Ice","n":1,"q":0}},{"type":"Feature","geometry":{"type":"Polygon","coordinates":[[[-74.183251,40.60283],[-74.183258,40.605531],[-74.186332,40.606877],[-74.189398,40.605521],[-74.18939,40.60282],[-74.186317,40.601474],[-74.183251,40.60283]]]},"properties":{"t":"Snow or Ice","n":1,"q":0}}]}